id,date,submit,sec,period_start,period_end,filer
S100SKCP,2024-01-04,2024-01-04 14:15,36910,2022-10-01,2023-09-30,株式会社デジタルプラス
S100SMF4,2024-01-15,2024-01-15 10:16,47070,2022-10-21,2023-10-20,株式会社キタック
S100SNT6,2024-01-23,2024-01-23 16:00,44410,2022-11-01,2023-10-31,トビラシステムズ株式会社
S100SNVK,2024-01-23,2024-01-23 16:40,32480,2022-11-01,2023-10-31,株式会社アールエイジ
S100SO1Y,2024-01-25,2024-01-25 11:04,96780,2022-11-01,2023-10-31,株式会社カナモト
S100SNSM,2024-01-25,2024-01-25 11:04,18730,2022-11-01,2023-10-31,株式会社日本ハウスホールディングス
S100SO3Q,2024-01-25,2024-01-25 11:08,18400,2022-11-01,2023-10-31,株式会社土屋ホールディングス
S100SO0Z,2024-01-25,2024-01-25 13:16,52180,2022-11-01,2023-10-31,株式会社オハラ
S100SOA7,2024-01-25,2024-01-25 14:43,78560,2022-11-01,2023-10-31,萩原工業株式会社
S100SOC8,2024-01-25,2024-01-25 16:34,48800,2022-11-01,2023-10-31,セルソース株式会社
S100SO9R,2024-01-26,2024-01-26 09:00,46270,2022-11-01,2023-10-31,ナトコ株式会社
S100SO77,2024-01-26,2024-01-26 11:35,72650,2022-11-01,2023-10-31,エイケン工業株式会社
S100SOHR,2024-01-26,2024-01-26 12:55,34910,2022-11-01,2023-10-31,株式会社ＧＡ　ｔｅｃｈｎｏｌｏｇｉｅｓ
S100SNY2,2024-01-26,2024-01-26 14:15,76400,2022-11-01,2023-10-31,株式会社トップカルチャー
S100SOIS,2024-01-26,2024-01-26 15:00,92510,2022-11-01,2023-10-31,株式会社ＡＢ＆Ｃｏｍｐａｎｙ
S100SOD9,2024-01-26,2024-01-26 15:00,34800,2022-11-01,2023-10-31,株式会社ジェイ・エス・ビー
S100SO25,2024-01-26,2024-01-26 15:01,96030,2022-11-01,2023-10-31,株式会社エイチ・アイ・エス
S100SOH5,2024-01-26,2024-01-26 15:17,92540,2023-04-01,2023-10-31,株式会社ラバブルマーケティンググループ
S100SNUG,2024-01-26,2024-01-26 15:30,51340,2022-11-01,2023-10-31,株式会社ＰＯＰＥＲ
S100SOG0,2024-01-26,2024-01-26 15:30,23450,2022-11-01,2023-10-31,株式会社クシム
S100SNVV,2024-01-26,2024-01-26 16:00,46660,2022-11-01,2023-10-31,パーク二四株式会社（定款上の商号　パーク２４株式会社）
S100SOM0,2024-01-26,2024-01-26 16:17,43780,2022-11-01,2023-10-31,株式会社ＣＩＮＣ
S100SOLV,2024-01-26,2024-01-26 16:19,73780,2022-11-01,2023-10-31,株式会社アシロ
S100SNSO,2024-01-29,2024-01-29 09:28,49960,2022-11-01,2023-10-31,クミアイ化学工業株式会社
S100SOLY,2024-01-29,2024-01-29 09:39,78310,2022-11-01,2023-10-31,株式会社ウイルコホールディングス
S100SOKL,2024-01-29,2024-01-29 10:30,78040,2022-11-01,2023-10-31,株式会社ビーアンドピー
S100SOJW,2024-01-29,2024-01-29 11:09,60490,2022-11-01,2023-10-31,株式会社イトクロ
S100SOJB,2024-01-29,2024-01-29 11:12,26950,2022-11-01,2023-10-31,くら寿司株式会社
S100SOQ6,2024-01-29,2024-01-29 11:12,98240,2022-11-01,2023-10-31,泉州電業株式会社
S100SOKR,2024-01-29,2024-01-29 12:20,34190,2022-11-01,2023-10-31,アートグリーン株式会社
S100SORN,2024-01-29,2024-01-29 13:40,71310,2022-11-01,2023-10-31,のむら産業株式会社
S100SLCW,2024-01-29,2024-01-29 14:37,72790,2022-11-01,2023-10-31,株式会社ハイレックスコーポレーション
S100SOS0,2024-01-29,2024-01-29 15:00,51320,2022-11-01,2023-10-31,株式会社ｐｌｕｓｚｅｒｏ
S100SO5Z,2024-01-29,2024-01-29 15:40,37330,2022-11-01,2023-10-31,株式会社ソフトウェア・サービス
S100SOSM,2024-01-29,2024-01-29 16:06,95650,2022-11-01,2023-10-31,ウェルプレイド・ライゼスト株式会社
S100SOUS,2024-01-29,2024-01-29 16:43,89170,2022-11-01,2023-10-31,ファースト住建株式会社
S100SOV0,2024-01-29,2024-01-29 17:11,39760,2022-11-01,2023-10-31,株式会社シャノン
S100SOGV,2024-01-30,2024-01-30 09:06,79830,2022-11-01,2023-10-31,株式会社ミロク
S100SOB1,2024-01-30,2024-01-30 14:02,92360,2022-11-01,2023-10-31,ジャパンＭ＆Ａソリューション株式会社
S100SP0P,2024-01-30,2024-01-30 14:16,88940,2022-11-01,2023-10-31,株式会社ＲＥＶＯＬＵＴＩＯＮ
S100SOGH,2024-01-30,2024-01-30 15:00,21980,2022-11-01,2023-10-31,アイ・ケイ・ケイホールディングス株式会社
S100SOLW,2024-01-30,2024-01-30 15:00,91630,2022-11-01,2023-10-31,株式会社ナレルグループ
S100SOP9,2024-01-30,2024-01-30 15:01,34750,2022-11-01,2023-10-31,株式会社グッドコムアセット
S100SORP,2024-01-30,2024-01-30 15:02,31950,2022-11-01,2023-10-31,株式会社ジェネレーションパス
S100SON8,2024-01-30,2024-01-30 15:06,38040,2022-11-01,2023-10-31,株式会社システム　ディ
S100SOQ1,2024-01-30,2024-01-30 15:18,80790,2022-11-01,2023-10-31,正栄食品工業株式会社
S100SP1J,2024-01-30,2024-01-30 15:23,63090,2022-11-01,2023-10-31,巴工業株式会社
S100SOJG,2024-01-30,2024-01-30 15:27,23150,2022-11-01,2023-10-31,株式会社ＣＡＩＣＡ　ＤＩＧＩＴＡＬ
S100SP21,2024-01-30,2024-01-30 15:49,92370,2022-11-01,2023-10-31,株式会社笑美面
S100SP1B,2024-01-30,2024-01-30 15:58,23750,2022-11-01,2023-10-31,ギグワークス株式会社
S100SP3G,2024-01-30,2024-01-30 16:31,23730,2022-11-01,2023-10-31,株式会社ケア２１
S100SP3N,2024-01-30,2024-01-30 16:33,55850,2022-11-01,2023-10-31,エコナビスタ株式会社
S100SOXC,2024-01-31,2024-01-31 09:04,23010,2022-11-01,2023-10-31,株式会社学情
S100SOW4,2024-01-31,2024-01-31 09:37,78270,2022-11-01,2023-10-31,株式会社オービス
S100SP4V,2024-01-31,2024-01-31 09:45,31210,2023-04-01,2023-10-31,マーチャント・バンカーズ株式会社
S100SOOA,2024-01-31,2024-01-31 10:41,76050,2022-11-01,2023-10-31,株式会社　フジ・コーポレーション
S100SP7P,2024-01-31,2024-01-31 10:58,70330,2022-11-01,2023-10-31,株式会社マネジメントソリューションズ
S100SP3E,2024-01-31,2024-01-31 12:00,80770,2022-11-01,2023-10-31,トルク株式会社
S100SP77,2024-01-31,2024-01-31 14:47,13830,2022-11-01,2023-10-31,ベルグアース株式会社
S100SNXV,2024-01-31,2024-01-31 15:01,70340,2022-11-01,2023-10-31,株式会社プロレド・パートナーズ
S100SP8Q,2024-01-31,2024-01-31 15:02,92790,2022-11-01,2023-10-31,株式会社ギフトホールディングス
S100SOST,2024-01-31,2024-01-31 15:18,51360,2022-11-01,2023-10-31,ｔｒｉｐｌａ株式会社
S100SOPG,2024-01-31,2024-01-31 15:20,39740,2022-11-01,2023-10-31,ＳＣＡＴ株式会社
S100SOO5,2024-01-31,2024-01-31 15:30,94250,2022-11-01,2023-10-31,日本テレホン株式会社
S100SP8X,2024-01-31,2024-01-31 15:43,30380,2022-11-01,2023-10-31,株式会社神戸物産
S100SPDF,2024-01-31,2024-01-31 16:10,36530,2022-11-01,2023-10-31,株式会社モルフォ
S100SP1S,2024-01-31,2024-01-31 16:16,26670,2022-10-01,2023-09-30,株式会社イメージワン
S100SWMF,2024-02-16,2024-02-16 14:30,61360,2022-12-01,2023-11-30,オーエスジー株式会社
S100SVA5,2024-02-19,2024-02-19 09:15,79650,2022-11-21,2023-11-20,象印マホービン株式会社
S100SX1Q,2024-02-19,2024-02-19 10:20,27340,2022-12-01,2023-11-30,株式会社サーラコーポレーション
S100SX17,2024-02-19,2024-02-19 13:22,98720,2022-11-21,2023-11-20,北恵株式会社
S100SXN6,2024-02-21,2024-02-21 15:02,32670,2022-12-01,2023-11-30,株式会社フィル・カンパニー
S100SXSD,2024-02-22,2024-02-22 12:04,97200,2022-12-01,2023-11-30,株式会社ホテル、ニューグランド
S100SXB2,2024-02-22,2024-02-22 12:08,32010,2022-12-01,2023-11-30,日本毛織株式会社
S100SXVU,2024-02-22,2024-02-22 14:20,28300,2022-12-01,2023-11-30,アヲハタ株式会社
S100SXZJ,2024-02-22,2024-02-22 15:05,49920,2022-12-01,2023-11-30,北興化学工業株式会社
S100SXY6,2024-02-22,2024-02-22 15:08,31860,2022-12-01,2023-11-30,株式会社ネクステージ
S100SXGS,2024-02-22,2024-02-22 15:17,43610,2022-12-01,2023-11-30,川口化学工業株式会社
S100SXXC,2024-02-22,2024-02-22 15:36,66640,2022-12-01,2023-11-30,株式会社オプトエレクトロニクス
S100SY5L,2024-02-22,2024-02-22 16:37,46160,2022-12-01,2023-11-30,川上塗料株式会社
S100SY4C,2024-02-26,2024-02-26 09:00,93690,2022-12-01,2023-11-30,株式会社キユーソー流通システム
S100SXUQ,2024-02-26,2024-02-26 11:22,29750,2022-12-01,2023-11-30,スター・マイカ・ホールディングス株式会社
S100SY5X,2024-02-26,2024-02-26 15:02,39070,2022-12-01,2023-11-30,シリコンスタジオ株式会社
S100SY1F,2024-02-26,2024-02-26 15:06,52430,2022-12-01,2023-11-30,ｎｏｔｅ株式会社
S100SYAM,2024-02-26,2024-02-26 15:15,73600,2022-12-01,2023-11-30,株式会社オンデック
S100SY65,2024-02-26,2024-02-26 15:30,70740,2022-12-01,2023-11-30,株式会社トゥエンティーフォーセブン
S100SXGY,2024-02-26,2024-02-26 15:31,60760,2022-12-01,2023-11-30,株式会社アメイズ
S100SYKT,2024-02-27,2024-02-27 12:00,40160,2022-12-01,2023-11-30,ＭＩＴホールディングス株式会社
S100SY25,2024-02-27,2024-02-27 13:08,78790,2022-12-01,2023-11-30,株式会社ノダ
S100SY28,2024-02-27,2024-02-27 14:00,64740,2022-12-01,2023-11-30,株式会社不二越
S100SYLH,2024-02-27,2024-02-27 15:00,55270,2022-12-01,2023-11-30,株式会社ｐｒｏｐｅｒｔｙ　ｔｅｃｈｎｏｌｏｇｉｅｓ
S100SYO3,2024-02-27,2024-02-27 15:01,65580,2022-12-01,2023-11-30,クックビズ株式会社
S100SXYN,2024-02-27,2024-02-27 15:02,59420,2022-12-01,2023-11-30,日本フイルコン株式会社
S100SYOE,2024-02-27,2024-02-27 15:05,35470,2022-12-01,2023-11-30,株式会社串カツ田中ホールディングス
S100SY96,2024-02-27,2024-02-27 15:19,33770,2022-12-01,2023-11-30,株式会社バイク王＆カンパニー
S100SYOA,2024-02-27,2024-02-27 16:45,95580,2022-12-01,2023-11-30,ジャパニアス株式会社
S100SY79,2024-02-28,2024-02-28 09:04,72270,2022-12-01,2023-11-30,アスカ株式会社
S100SYCM,2024-02-28,2024-02-28 09:09,49950,2022-12-01,2023-11-30,サンケイ化学株式会社
S100SYRV,2024-02-28,2024-02-28 09:12,31390,2022-12-01,2023-11-30,株式会社ラクト・ジャパン
S100SYT6,2024-02-28,2024-02-28 09:26,24930,2022-12-01,2023-11-30,イーサポートリンク株式会社
S100SYM7,2024-02-28,2024-02-28 09:35,62170,2022-12-01,2023-11-30,津田駒工業株式会社
S100SYTN,2024-02-28,2024-02-28 10:55,79970,2022-12-01,2023-11-30,株式会社くろがね工作所
S100SYVT,2024-02-28,2024-02-28 11:12,41970,2022-12-01,2023-11-30,株式会社アスマーク
S100SYK1,2024-02-28,2024-02-28 11:41,99720,2022-12-01,2023-11-30,アルテック株式会社
S100SYHH,2024-02-28,2024-02-28 11:52,93130,2022-12-01,2023-11-30,丸八倉庫株式会社
S100SYTB,2024-02-28,2024-02-28 13:02,32440,2022-12-01,2023-11-30,サムティ株式会社
S100SYOB,2024-02-28,2024-02-28 13:17,75010,2022-12-01,2023-11-30,株式会社ティムコ
S100SYEO,2024-02-28,2024-02-28 15:00,39940,2022-12-01,2023-11-30,株式会社マネーフォワード
S100SYR6,2024-02-28,2024-02-28 15:00,97170,2022-12-01,2023-11-30,株式会社ジャステック
S100SYXE,2024-02-28,2024-02-28 15:00,73880,2022-12-01,2023-11-30,株式会社ＦＰパートナー
S100SYHG,2024-02-28,2024-02-28 15:00,89230,2022-12-01,2023-11-30,トーセイ株式会社
S100SKO2,2024-02-28,2024-02-28 15:01,96470,2022-12-01,2023-11-30,株式会社協和コンサルタンツ
S100SYZH,2024-02-28,2024-02-28 15:09,32660,2022-12-01,2023-11-30,株式会社ファンドクリエーショングループ
S100SZ0L,2024-02-28,2024-02-28 15:42,92500,2022-12-01,2023-11-30,株式会社ＧＲＣＳ
S100SZ1T,2024-02-28,2024-02-28 15:51,30890,2022-12-01,2023-11-30,テクノアルファ株式会社
S100SZ1K,2024-02-28,2024-02-28 15:53,46730,2022-12-01,2023-11-30,川崎地質株式会社
S100SYKE,2024-02-28,2024-02-28 16:01,66340,2022-12-01,2023-11-30,株式会社ネクスグループ
S100SYTP,2024-02-28,2024-02-28 16:30,53410,2022-12-01,2023-11-30,ＡＳＡＨＩ　ＥＩＴＯホールディングス株式会社
S100SYSN,2024-02-28,2024-02-28 16:30,52460,2022-12-01,2023-11-30,株式会社ＥＬＥＭＥＮＴＳ
S100SYIG,2024-02-28,2024-02-28 16:32,34540,2022-12-01,2023-11-30,ファーストブラザーズ株式会社
S100SZ1N,2024-02-28,2024-02-28 16:33,80950,2022-12-01,2023-11-30,アステナホールディングス株式会社
S100SZ0P,2024-02-28,2024-02-28 16:45,70830,2022-12-01,2023-11-30,ＡＨＣグループ株式会社
S100SS7Q,2024-02-29,2024-02-29 09:29,41870,2022-12-01,2023-11-30,大阪有機化学工業株式会社
S100SYRH,2024-02-29,2024-02-29 09:51,24710,2022-12-01,2023-11-30,株式会社エスプール
S100SZ6G,2024-02-29,2024-02-29 10:26,64920,2022-12-01,2023-11-30,岡野バルブ製造株式会社
S100SYBO,2024-02-29,2024-02-29 12:44,28090,2022-12-01,2023-11-30,キユーピー株式会社
S100SZ7X,2024-02-29,2024-02-29 12:59,68660,2023-01-01,2023-12-31,日置電機株式会社
S100SZ2R,2024-02-29,2024-02-29 13:13,98370,2022-12-01,2023-11-30,モリト株式会社
S100SZ8N,2024-02-29,2024-02-29 13:21,43940,2022-12-01,2023-11-30,株式会社エクスモーション
S100SZAF,2024-02-29,2024-02-29 14:15,52500,2022-12-01,2023-11-30,プライム・ストラテジー株式会社
S100SZ69,2024-02-29,2024-02-29 15:00,40550,2022-12-01,2023-11-30,ティアンドエス株式会社
S100SZBP,2024-02-29,2024-02-29 15:27,138A0,2022-12-01,2023-11-30,光フードサービス株式会社
S100SXZG,2024-02-29,2024-02-29 15:30,42500,2022-12-01,2023-11-30,株式会社フロンティア
S100SZDA,2024-02-29,2024-02-29 16:20,92150,2022-12-01,2023-11-30,株式会社ＣａＳｙ
S100SZWZ,2024-03-05,2024-03-05 16:19,79440,2023-01-01,2023-12-31,ローランド株式会社
S100T0O1,2024-03-08,2024-03-08 13:02,28110,2023-01-01,2023-12-31,カゴメ株式会社
S100T0Z8,2024-03-11,2024-03-11 11:18,24080,2022-12-21,2023-12-20,株式会社ＫＧ情報
S100T1DP,2024-03-12,2024-03-12 15:30,41510,2023-01-01,2023-12-31,協和キリン株式会社
S100T1DX,2024-03-14,2024-03-14 13:05,22680,2023-01-01,2023-12-31,Ｂ－Ｒ　サーティワン　アイスクリーム株式会社
S100T1ZT,2024-03-15,2024-03-15 13:12,66630,2022-12-21,2023-12-20,太洋テクノレックス株式会社
S100T209,2024-03-15,2024-03-15 15:00,130A0,2023-01-01,2023-12-31,株式会社Ｖｅｒｉｔａｓ　Ｉｎ　Ｓｉｌｉｃｏ
S100T22C,2024-03-15,2024-03-15 15:00,66970,2023-01-01,2023-12-31,テックポイント・インク（Ｔｅｃｈｐｏｉｎｔ，Ｉｎｃ．）
S100T2JV,2024-03-18,2024-03-18 10:48,74220,2022-12-21,2023-12-20,東邦レマック株式会社
S100T2J2,2024-03-18,2024-03-18 10:48,64810,2023-01-01,2023-12-31,ＴＨＫ株式会社
S100T2LX,2024-03-19,2024-03-19 11:37,36950,2023-01-01,2023-12-31,ＧＭＯリサーチ株式会社
S100T2UU,2024-03-19,2024-03-19 11:56,61800,2023-01-01,2023-12-31,ＧＭＯメディア株式会社
S100T2QS,2024-03-19,2024-03-19 14:07,68580,2023-01-01,2023-12-31,株式会社小野測器
S100T2ID,2024-03-19,2024-03-19 15:06,30030,2023-01-01,2023-12-31,ヒューリック株式会社
S100T22A,2024-03-19,2024-03-19 15:18,37760,2023-01-01,2023-12-31,株式会社ブロードバンドタワー
S100T2XQ,2024-03-19,2024-03-19 16:26,60260,2023-01-01,2023-12-31,ＧＭＯ　ＴＥＣＨ株式会社
S100T2WW,2024-03-21,2024-03-21 09:00,68170,2023-01-01,2023-12-31,スミダコーポレーション株式会社
S100T341,2024-03-21,2024-03-21 11:04,30470,2023-01-01,2023-12-31,株式会社ＴＲＵＣＫ－ＯＮＥ
S100T2YG,2024-03-21,2024-03-21 12:01,36330,2023-01-01,2023-12-31,ＧＭＯペパボ株式会社
S100T31D,2024-03-21,2024-03-21 12:12,37880,2023-01-01,2023-12-31,ＧＭＯグローバルサイン・ホールディングス株式会社
S100T2Y5,2024-03-21,2024-03-21 12:15,70360,2023-01-01,2023-12-31,株式会社イーエムネットジャパン
S100T31E,2024-03-21,2024-03-21 15:05,29310,2023-01-01,2023-12-31,株式会社ユーグレナ
S100T02W,2024-03-21,2024-03-21 15:19,49710,2023-01-01,2023-12-31,メック株式会社
S100T32B,2024-03-22,2024-03-22 09:37,72720,2023-01-01,2023-12-31,ヤマハ発動機株式会社
S100T3HF,2024-03-22,2024-03-22 10:25,47840,2023-01-01,2023-12-31,ＧＭＯアドパートナーズ株式会社
S100T3B3,2024-03-22,2024-03-22 11:55,94410,2023-01-01,2023-12-31,株式会社ベルパーク
S100T2YU,2024-03-22,2024-03-22 12:17,47720,2023-01-01,2023-12-31,株式会社ストリームメディアコーポレーション
S100T32T,2024-03-22,2024-03-22 12:53,69380,2023-01-01,2023-12-31,双信電機株式会社
S100T39Y,2024-03-22,2024-03-22 13:02,89960,2023-01-01,2023-12-31,株式会社ハウスフリーダム
S100T30E,2024-03-22,2024-03-22 13:12,79150,2023-01-01,2023-12-31,ＮＩＳＳＨＡ株式会社
S100T2V0,2024-03-22,2024-03-22 13:32,22110,2023-01-01,2023-12-31,株式会社不二家
S100T3F6,2024-03-22,2024-03-22 13:45,62350,2023-01-01,2023-12-31,株式会社オプトラン
S100T3HC,2024-03-22,2024-03-22 13:49,70370,2023-01-01,2023-12-31,株式会社テノ．ホールディングス
S100T3AF,2024-03-22,2024-03-22 14:08,48120,2023-01-01,2023-12-31,株式会社電通総研
S100T3N6,2024-03-22,2024-03-22 14:44,77440,2023-01-01,2023-12-31,ノーリツ鋼機株式会社
S100T3LP,2024-03-22,2024-03-22 15:00,61710,2023-01-01,2023-12-31,株式会社土木管理総合試験所
S100T22Q,2024-03-22,2024-03-22 15:02,25330,2023-01-01,2023-12-31,オエノンホールディングス株式会社
S100T30Y,2024-03-22,2024-03-22 15:02,42210,2023-01-01,2023-12-31,大倉工業株式会社
S100T32K,2024-03-22,2024-03-22 15:07,63260,2023-01-01,2023-12-31,株式会社　クボタ
S100T3PI,2024-03-22,2024-03-22 15:13,45970,2023-01-01,2023-12-31,ソレイジア・ファーマ株式会社
S100T2ZS,2024-03-22,2024-03-22 15:26,44520,2023-01-01,2023-12-31,花王株式会社
S100T37L,2024-03-22,2024-03-22 15:30,21950,2023-01-01,2023-12-31,アミタホールディングス株式会社
S100T3ND,2024-03-22,2024-03-22 15:35,62650,2023-01-01,2023-12-31,コンバム株式会社
S100T326,2024-03-22,2024-03-22 15:43,71770,2023-01-01,2023-12-31,ＧＭＯフィナンシャルホールディングス株式会社
S100T3FG,2024-03-22,2024-03-22 15:44,45820,2023-01-01,2023-12-31,シンバイオ製薬株式会社
S100T3PZ,2024-03-22,2024-03-22 16:00,39040,2023-01-01,2023-12-31,株式会社カヤック
S100T3QS,2024-03-22,2024-03-22 16:00,29140,2023-01-01,2023-12-31,日本たばこ産業株式会社
S100T3BV,2024-03-22,2024-03-22 16:25,76850,2023-01-01,2023-12-31,株式会社ＢｕｙＳｅｌｌ　Ｔｅｃｈｎｏｌｏｇｉｅｓ
S100T3H4,2024-03-22,2024-03-22 16:59,94490,2023-01-01,2023-12-31,ＧＭＯインターネットグループ株式会社
S100T3E1,2024-03-25,2024-03-25 09:00,32520,2023-01-01,2023-12-31,地主株式会社
S100T3S4,2024-03-25,2024-03-25 09:12,79360,2023-01-01,2023-12-31,株式会社アシックス
S100T3QL,2024-03-25,2024-03-25 09:35,62950,2023-01-01,2023-12-31,富士変速機株式会社
S100T2WC,2024-03-25,2024-03-25 10:07,48480,2023-01-01,2023-12-31,株式会社フルキャストホールディングス
S100T3XH,2024-03-25,2024-03-25 10:32,78330,2023-01-01,2023-12-31,株式会社アイフィスジャパン
S100T3VY,2024-03-25,2024-03-25 10:34,58190,2023-01-01,2023-12-31,カナレ電気株式会社
S100T3JV,2024-03-25,2024-03-25 11:06,24910,2023-01-01,2023-12-31,バリューコマース株式会社
S100T3MR,2024-03-25,2024-03-25 11:25,49850,2023-01-01,2023-12-31,アース製薬株式会社
S100T3UB,2024-03-25,2024-03-25 11:31,76250,2023-01-01,2023-12-31,株式会社グローバルダイニング
S100T34I,2024-03-25,2024-03-25 11:37,73470,2023-01-01,2023-12-31,株式会社マーキュリアホールディングス
S100T3YZ,2024-03-25,2024-03-25 11:53,68560,2023-01-01,2023-12-31,株式会社堀場製作所
S100T3OG,2024-03-25,2024-03-25 13:00,93840,2023-01-01,2023-12-31,内外トランスライン株式会社
S100T3XJ,2024-03-25,2024-03-25 14:28,60990,2023-01-01,2023-12-31,株式会社エラン
S100T3PR,2024-03-25,2024-03-25 14:45,97570,2023-01-01,2023-12-31,株式会社船井総研ホールディングス
S100T3LL,2024-03-25,2024-03-25 15:00,36880,2023-01-01,2023-12-31,株式会社ＣＡＲＴＡ　ＨＯＬＤＩＮＧＳ
S100T3TQ,2024-03-25,2024-03-25 15:00,34820,2023-01-01,2023-12-31,ロードスターキャピタル株式会社
S100T434,2024-03-25,2024-03-25 15:00,47770,2023-04-01,2023-12-31,株式会社ガーラ
S100T3Q4,2024-03-25,2024-03-25 15:01,44820,2023-01-01,2023-12-31,株式会社ウィルズ
S100T3CT,2024-03-25,2024-03-25 15:03,34520,2023-01-01,2023-12-31,株式会社ビーロット
S100T3YO,2024-03-25,2024-03-25 15:03,39090,2023-01-01,2023-12-31,株式会社ショーケース
S100T43I,2024-03-25,2024-03-25 15:13,39120,2023-01-01,2023-12-31,株式会社モバイルファクトリー
S100T3ZH,2024-03-25,2024-03-25 15:34,60710,2023-01-01,2023-12-31,株式会社ＩＢＪ
S100T3UY,2024-03-25,2024-03-25 15:45,66120,2023-01-01,2023-12-31,バルミューダ株式会社
S100T45U,2024-03-25,2024-03-25 15:55,24290,2023-01-01,2023-12-31,株式会社ワールドホールディングス
S100T45Y,2024-03-25,2024-03-25 16:00,73540,2023-01-01,2023-12-31,株式会社ダイレクトマーケティングミックス
S100T43Y,2024-03-25,2024-03-25 16:03,39830,2023-01-01,2023-12-31,株式会社オロ
S100T3SK,2024-03-25,2024-03-25 16:04,65400,2023-01-01,2023-12-31,株式会社船場
S100T3NJ,2024-03-25,2024-03-25 16:11,82020,2023-01-01,2023-12-31,ラオックスホールディングス株式会社
S100STL6,2024-03-25,2024-03-25 16:17,64640,2023-01-01,2023-12-31,株式会社ツバキ・ナカシマ
S100T42F,2024-03-25,2024-03-25 16:56,44280,2023-01-01,2023-12-31,株式会社シノプス
S100T430,2024-03-25,2024-03-25 17:08,40130,2023-01-01,2023-12-31,勤次郎株式会社
S100T4AL,2024-03-26,2024-03-26 09:30,17180,2023-01-01,2023-12-31,美樹工業株式会社
S100T4CN,2024-03-26,2024-03-26 11:55,21690,2023-01-01,2023-12-31,ＣＤＳ株式会社
S100T3SY,2024-03-26,2024-03-26 13:03,24870,2023-01-01,2023-12-31,株式会社ＣＤＧ
S100T48N,2024-03-26,2024-03-26 13:05,39400,2023-01-01,2023-12-31,株式会社ノムラシステムコーポレーション
S100T455,2024-03-26,2024-03-26 13:06,46420,2023-01-01,2023-12-31,オリジナル設計株式会社
S100T4G4,2024-03-26,2024-03-26 13:09,50150,2023-01-01,2023-12-31,ビーピー・カストロール株式会社
S100T39Z,2024-03-26,2024-03-26 13:10,43560,2023-01-01,2023-12-31,応用技術株式会社
S100T3U6,2024-03-26,2024-03-26 13:12,36230,2023-01-01,2023-12-31,ビリングシステム株式会社
S100T4A8,2024-03-26,2024-03-26 13:14,46340,2023-01-01,2023-12-31,ａｒｔｉｅｎｃｅ株式会社
S100T3XF,2024-03-26,2024-03-26 13:19,41890,2023-01-01,2023-12-31,ＫＨネオケム株式会社
S100T3YH,2024-03-26,2024-03-26 13:26,40120,2023-01-01,2023-12-31,株式会社アクシス
S100T4B4,2024-03-26,2024-03-26 13:28,23110,2023-01-01,2023-12-31,株式会社エプコ
S100T3WJ,2024-03-26,2024-03-26 13:31,85940,2023-01-01,2023-12-31,中道リース株式会社
S100T4IM,2024-03-26,2024-03-26 13:37,51260,2023-01-01,2023-12-31,ポーターズ株式会社
S100T3YK,2024-03-26,2024-03-26 13:42,85080,2023-01-01,2023-12-31,Ｊトラスト株式会社
S100T32U,2024-03-26,2024-03-26 13:46,26930,2023-01-01,2023-12-31,ＹＫＴ株式会社
S100T4C2,2024-03-26,2024-03-26 14:07,63280,2023-01-01,2023-12-31,荏原実業株式会社
S100T45B,2024-03-26,2024-03-26 14:13,39010,2023-01-01,2023-12-31,マークラインズ株式会社
S100T4CI,2024-03-26,2024-03-26 14:30,64400,2023-01-01,2023-12-31,ＪＵＫＩ株式会社
S100T4LL,2024-03-26,2024-03-26 14:46,40040,2023-01-01,2023-12-31,株式会社レゾナック・ホールディングス
S100T3ON,2024-03-26,2024-03-26 15:00,94190,2023-01-01,2023-12-31,株式会社ワイヤレスゲート
S100T4LH,2024-03-26,2024-03-26 15:01,42480,2023-01-01,2023-12-31,竹本容器株式会社
S100T4BT,2024-03-26,2024-03-26 15:06,42510,2023-01-01,2023-12-31,恵和株式会社
S100T41V,2024-03-26,2024-03-26 15:20,51080,2023-01-01,2023-12-31,株式会社ブリヂストン
S100T41R,2024-03-26,2024-03-26 15:21,50280,2023-04-01,2023-12-31,セカンドサイトアナリティカ株式会社
S100T4ME,2024-03-26,2024-03-26 15:21,73420,2023-01-01,2023-12-31,ウェルスナビ株式会社
S100T45G,2024-03-26,2024-03-26 15:29,49110,2023-01-01,2023-12-31,株式会社資生堂
S100T4FK,2024-03-26,2024-03-26 15:30,29700,2023-01-01,2023-12-31,株式会社グッドライフカンパニー
S100T4NW,2024-03-26,2024-03-26 15:43,97550,2023-01-01,2023-12-31,応用地質株式会社
S100T4P2,2024-03-26,2024-03-26 16:03,41920,2023-01-01,2023-12-31,スパイダープラス株式会社
S100T4IP,2024-03-26,2024-03-26 16:05,78410,2023-01-01,2023-12-31,株式会社遠藤製作所
S100T4QF,2024-03-26,2024-03-26 16:23,49790,2023-01-01,2023-12-31,ＯＡＴアグリオ株式会社
S100T4N7,2024-03-26,2024-03-26 16:42,30640,2023-01-01,2023-12-31,株式会社ＭｏｎｏｔａＲＯ
S100T3TM,2024-03-26,2024-03-26 16:43,30910,2023-01-01,2023-12-31,株式会社ブロンコビリー
S100T4L7,2024-03-26,2024-03-26 16:44,45830,2023-01-01,2023-12-31,株式会社カイオム・バイオサイエンス
S100T4NE,2024-03-26,2024-03-26 16:54,49350,2023-01-01,2023-12-31,株式会社リベルタ
S100T4CH,2024-03-26,2024-03-26 17:00,44800,2023-01-01,2023-12-31,株式会社メドレー
S100T4SK,2024-03-27,2024-03-27 09:07,47460,2023-01-01,2023-12-31,株式会社東計電算
S100T44E,2024-03-27,2024-03-27 09:25,22060,2023-01-01,2023-12-31,江崎グリコ株式会社
S100T4JJ,2024-03-27,2024-03-27 09:29,40600,2023-01-01,2023-12-31,ｒａｋｕｍｏ株式会社
S100T3YA,2024-03-27,2024-03-27 09:31,57040,2023-01-01,2023-12-31,株式会社ＪＭＣ
S100T41U,2024-03-27,2024-03-27 09:51,18970,2023-01-01,2023-12-31,金下建設株式会社
S100T4LC,2024-03-27,2024-03-27 10:00,39640,2023-01-01,2023-12-31,株式会社オークネット
S100T4X7,2024-03-27,2024-03-27 10:00,46410,2023-01-01,2023-12-31,株式会社アルプス技研
S100T4JC,2024-03-27,2024-03-27 10:27,71150,2023-01-01,2023-12-31,株式会社アルファパーチェス
S100T4ON,2024-03-27,2024-03-27 10:36,40720,2023-01-01,2023-12-31,株式会社電算システムホールディングス
S100T4WM,2024-03-27,2024-03-27 10:40,16630,2023-01-01,2023-12-31,Ｋ＆Ｏエナジーグループ株式会社
S100T3PK,2024-03-27,2024-03-27 10:51,81650,2023-01-01,2023-12-31,株式会社千趣会
S100T4LI,2024-03-27,2024-03-27 10:52,77400,2023-01-01,2023-12-31,株式会社タムロン
S100T4ZB,2024-03-27,2024-03-27 10:57,70610,2023-01-01,2023-12-31,日本ホスピスホールディングス株式会社
S100T2Q7,2024-03-27,2024-03-27 10:58,45720,2023-01-01,2023-12-31,カルナバイオサイエンス株式会社
S100T518,2024-03-27,2024-03-27 11:38,47120,2023-01-01,2023-12-31,株式会社ＫｅｙＨｏｌｄｅｒ
S100T50O,2024-03-27,2024-03-27 12:05,31380,2023-01-01,2023-12-31,株式会社富士山マガジンサービス
S100T3GY,2024-03-27,2024-03-27 12:13,24610,2023-01-01,2023-12-31,株式会社ファンコミュニケーションズ
S100T4HC,2024-03-27,2024-03-27 12:32,62690,2023-01-01,2023-12-31,三井海洋開発株式会社
S100T4LA,2024-03-27,2024-03-27 12:37,88040,2023-01-01,2023-12-31,東京建物株式会社
S100T4TG,2024-03-27,2024-03-27 12:53,72280,2023-01-01,2023-12-31,株式会社デイトナ
S100T3QA,2024-03-27,2024-03-27 12:55,51840,2023-01-01,2023-12-31,株式会社ニチリン
S100T40Z,2024-03-27,2024-03-27 12:57,58510,2023-01-01,2023-12-31,リョービ株式会社
S100T4UO,2024-03-27,2024-03-27 13:00,32990,2023-01-01,2023-12-31,株式会社ムゲンエステート
S100T4RJ,2024-03-27,2024-03-27 13:04,16050,2023-01-01,2023-12-31,株式会社ＩＮＰＥＸ
S100T41Z,2024-03-27,2024-03-27 13:20,95390,2023-01-01,2023-12-31,京葉瓦斯株式会社
S100T53U,2024-03-27,2024-03-27 13:21,33860,2023-01-01,2023-12-31,コスモ・バイオ株式会社
S100T3TP,2024-03-27,2024-03-27 13:22,67690,2023-01-01,2023-12-31,ザインエレクトロニクス株式会社
S100T41H,2024-03-27,2024-03-27 13:22,97220,2023-01-01,2023-12-31,藤田観光株式会社
S100T4MW,2024-03-27,2024-03-27 13:27,47680,2023-01-01,2023-12-31,株式会社　大塚商会
S100T4UL,2024-03-27,2024-03-27 13:29,44040,2023-01-01,2023-12-31,ミヨシ油脂株式会社
S100T4F2,2024-03-27,2024-03-27 13:32,51050,2023-01-01,2023-12-31,ＴＯＹＯ　ＴＩＲＥ株式会社
S100T54O,2024-03-27,2024-03-27 13:33,70800,2023-01-01,2023-12-31,株式会社スポーツフィールド
S100T4KD,2024-03-27,2024-03-27 13:40,46330,2023-01-01,2023-12-31,サカタインクス株式会社
S100T54H,2024-03-27,2024-03-27 13:42,18990,2023-01-01,2023-12-31,株式会社福田組
S100T54S,2024-03-27,2024-03-27 13:44,97310,2023-01-01,2023-12-31,株式会社白洋舍
S100T4MC,2024-03-27,2024-03-27 13:48,69140,2023-01-01,2023-12-31,オプテックスグループ株式会社
S100T55Z,2024-03-27,2024-03-27 14:08,35400,2023-01-01,2023-12-31,株式会社歯愛メディカル
S100T53R,2024-03-27,2024-03-27 14:11,80600,2023-01-01,2023-12-31,キヤノンマーケティングジャパン株式会社
S100T4LQ,2024-03-27,2024-03-27 14:27,27020,2023-01-01,2023-12-31,日本マクドナルドホールディングス株式会社
S100T3UG,2024-03-27,2024-03-27 14:30,36730,2023-01-01,2023-12-31,株式会社ブロードリーフ
S100T4V7,2024-03-27,2024-03-27 14:36,36640,2023-01-01,2023-12-31,株式会社モブキャストホールディングス
S100T4QK,2024-03-27,2024-03-27 14:38,48830,2023-01-01,2023-12-31,株式会社モダリス
S100SWCD,2024-03-27,2024-03-27 14:47,42350,2023-01-01,2023-12-31,ウルトラファブリックス・ホールディングス株式会社
S100T57V,2024-03-27,2024-03-27 14:58,27520,2023-01-01,2023-12-31,株式会社フジオフードグループ本社
S100T4RE,2024-03-27,2024-03-27 14:59,76130,2023-01-01,2023-12-31,シークス株式会社
S100T4YP,2024-03-27,2024-03-27 15:00,33500,2023-01-01,2023-12-31,株式会社メタプラネット
S100T4W3,2024-03-27,2024-03-27 15:00,64650,2023-01-01,2023-12-31,ホシザキ株式会社
S100T4R0,2024-03-27,2024-03-27 15:00,97490,2023-01-01,2023-12-31,富士ソフト株式会社
S100T3X0,2024-03-27,2024-03-27 15:00,40580,2023-01-01,2023-12-31,トヨクモ株式会社
S100T4WS,2024-03-27,2024-03-27 15:00,79720,2023-01-01,2023-12-31,株式会社イトーキ
S100T4PN,2024-03-27,2024-03-27 15:00,69290,2023-01-01,2023-12-31,日本セラミック株式会社
S100T3N2,2024-03-27,2024-03-27 15:00,96220,2023-01-01,2023-12-31,株式会社スペース
S100T4G7,2024-03-27,2024-03-27 15:00,25020,2023-01-01,2023-12-31,アサヒグループホールディングス株式会社
S100T54K,2024-03-27,2024-03-27 15:00,29320,2023-01-01,2023-12-31,株式会社ＳＴＩフードホールディングス
S100T4V8,2024-03-27,2024-03-27 15:00,29820,2023-01-01,2023-12-31,株式会社ＡＤワークスグループ
S100T57E,2024-03-27,2024-03-27 15:01,44770,2023-01-01,2023-12-31,ＢＡＳＥ株式会社
S100T53A,2024-03-27,2024-03-27 15:01,23840,2023-01-01,2023-12-31,ＳＢＳホールディングス株式会社
S100T4H9,2024-03-27,2024-03-27 15:01,45760,2023-01-01,2023-12-31,株式会社デ・ウエスタン・セラピテクス研究所
S100T507,2024-03-27,2024-03-27 15:02,62760,2023-01-01,2023-12-31,シリウスビジョン株式会社
S100T537,2024-03-27,2024-03-27 15:02,71720,2023-01-01,2023-12-31,株式会社ジャパンインベストメントアドバイザー
S100T4TS,2024-03-27,2024-03-27 15:03,68530,2023-01-01,2023-12-31,株式会社共和電業
S100T4WG,2024-03-27,2024-03-27 15:04,69150,2023-01-01,2023-12-31,千代田インテグレ株式会社
S100T4T2,2024-03-27,2024-03-27 15:05,44490,2023-01-01,2023-12-31,株式会社ギフティ
S100T4U9,2024-03-27,2024-03-27 15:08,70380,2023-01-01,2023-12-31,フロンティア・マネジメント株式会社
S100T3H8,2024-03-27,2024-03-27 15:08,40250,2023-01-01,2023-12-31,多木化学株式会社
S100T4CW,2024-03-27,2024-03-27 15:08,45510,2023-01-01,2023-12-31,鳥居薬品株式会社
S100T52C,2024-03-27,2024-03-27 15:09,49330,2023-01-01,2023-12-31,株式会社Ｉ－ｎｅ
S100T58B,2024-03-27,2024-03-27 15:10,73140,2023-01-01,2023-12-31,株式会社小田原機器
S100T559,2024-03-27,2024-03-27 15:13,21240,2023-01-01,2023-12-31,株式会社ジェイエイシーリクルートメント
S100T4Q1,2024-03-27,2024-03-27 15:13,24890,2023-01-01,2023-12-31,株式会社アドウェイズ
S100T46T,2024-03-27,2024-03-27 15:14,43920,2023-01-01,2023-12-31,ＦＩＧ株式会社
S100T58T,2024-03-27,2024-03-27 15:17,21500,2023-01-01,2023-12-31,株式会社ケアネット
S100T4Q7,2024-03-27,2024-03-27 15:22,73530,2023-01-01,2023-12-31,ＫＩＹＯラーニング株式会社
S100T5A8,2024-03-27,2024-03-27 15:24,25970,2023-01-01,2023-12-31,株式会社ユニカフェ
S100T544,2024-03-27,2024-03-27 15:30,32770,2023-01-01,2023-12-31,株式会社サンセイランディック
S100T4T7,2024-03-27,2024-03-27 15:30,48110,2023-01-01,2023-12-31,株式会社ドリーム・アーツ
S100T4PO,2024-03-27,2024-03-27 15:30,41710,2023-01-01,2023-12-31,株式会社グローバルインフォメーション
S100T4SV,2024-03-27,2024-03-27 15:32,66530,2023-01-01,2023-12-31,株式会社正興電機製作所
S100T4WQ,2024-03-27,2024-03-27 15:32,45790,2023-01-01,2023-12-31,ラクオリア創薬株式会社
S100T4EU,2024-03-27,2024-03-27 15:33,93860,2023-01-01,2023-12-31,日本コンセプト株式会社
S100T4E7,2024-03-27,2024-03-27 15:33,64110,2023-01-01,2023-12-31,中野冷機株式会社
S100T51K,2024-03-27,2024-03-27 15:38,42550,2023-01-01,2023-12-31,ＴＨＥＣＯＯ株式会社
S100T45L,2024-03-27,2024-03-27 15:43,39980,2023-01-01,2023-12-31,株式会社すららネット
S100T4GY,2024-03-27,2024-03-27 15:51,32760,2023-01-01,2023-12-31,株式会社ＪＰＭＣ
S100T5BD,2024-03-27,2024-03-27 15:52,34050,2023-01-01,2023-12-31,株式会社クラレ
S100T5CH,2024-03-27,2024-03-27 15:53,58420,2023-01-01,2023-12-31,インテグラル株式会社
S100T4RD,2024-03-27,2024-03-27 16:00,62680,2023-01-01,2023-12-31,ナブテスコ株式会社
S100T3WO,2024-03-27,2024-03-27 16:00,66330,2023-01-01,2023-12-31,株式会社Ｃ＆Ｇシステムズ
S100T5C5,2024-03-27,2024-03-27 16:00,70430,2023-01-01,2023-12-31,アルー株式会社
S100T53Q,2024-03-27,2024-03-27 16:05,44150,2023-01-01,2023-12-31,株式会社ブロードエンタープライズ
S100T4IC,2024-03-27,2024-03-27 16:07,39020,2023-01-01,2023-12-31,メディカル・データ・ビジョン株式会社
S100T4ZY,2024-03-27,2024-03-27 16:07,92460,2023-01-01,2023-12-31,株式会社プロジェクトカンパニー
S100T54I,2024-03-27,2024-03-27 16:13,78490,2023-01-01,2023-12-31,スターツ出版株式会社
S100T55F,2024-03-27,2024-03-27 16:15,48920,2023-01-01,2023-12-31,株式会社サイフューズ
S100T57C,2024-03-27,2024-03-27 16:19,36960,2023-01-01,2023-12-31,株式会社セレス
S100T4S1,2024-03-27,2024-03-27 16:20,58710,2023-01-01,2023-12-31,ＳＯＬＩＺＥ株式会社
S100T5DN,2024-03-27,2024-03-27 16:30,44930,2023-01-01,2023-12-31,株式会社サイバーセキュリティクラウド
S100T5E1,2024-03-27,2024-03-27 16:31,45650,2023-01-01,2023-12-31,そーせいグループ株式会社
S100T4OZ,2024-03-27,2024-03-27 16:32,97020,2023-01-01,2023-12-31,株式会社アイ・エス・ビー
S100T5DV,2024-03-27,2024-03-27 16:32,58360,2023-01-01,2023-12-31,株式会社エージェント・インシュアランス・グループ
S100T5DM,2024-03-27,2024-03-27 16:38,24360,2023-01-01,2023-12-31,共同ピーアール株式会社
S100T59Y,2024-03-27,2024-03-27 16:40,70440,2023-01-01,2023-12-31,株式会社ピアラ
S100T4NM,2024-03-27,2024-03-27 16:56,95630,2023-01-01,2023-12-31,Ａｔｌａｓ　Ｔｅｃｈｎｏｌｏｇｉｅｓ株式会社
S100T5DL,2024-03-27,2024-03-27 16:59,78140,2023-01-01,2023-12-31,株式会社日本創発グループ
S100T5BG,2024-03-27,2024-03-27 17:04,70820,2023-01-01,2023-12-31,株式会社ジモティー
S100T4PL,2024-03-27,2024-03-27 17:12,39680,2023-01-01,2023-12-31,セグエグループ株式会社
S100T5GY,2024-03-27,2024-03-27 17:13,62320,2023-01-01,2023-12-31,株式会社ＡＣＳＬ
S100T5HG,2024-03-27,2024-03-27 17:14,25790,2023-01-01,2023-12-31,コカ・コーラボトラーズジャパンホールディングス株式会社
S100T3EB,2024-03-28,2024-03-28 09:09,63950,2023-01-01,2023-12-31,株式会社タダノ
S100T5O0,2024-03-28,2024-03-28 09:10,44630,2023-01-01,2023-12-31,日華化学株式会社
S100T4IR,2024-03-28,2024-03-28 09:26,81790,2023-01-01,2023-12-31,ロイヤルホールディングス株式会社
S100T2RI,2024-03-28,2024-03-28 09:56,77390,2023-01-01,2023-12-31,キヤノン電子株式会社
S100T555,2024-03-28,2024-03-28 10:01,35660,2023-01-01,2023-12-31,ユニフォームネクスト株式会社
S100T5J9,2024-03-28,2024-03-28 10:10,73090,2023-01-01,2023-12-31,株式会社シマノ
S100T4DO,2024-03-28,2024-03-28 10:23,52570,2023-01-01,2023-12-31,ノバシステム株式会社
S100T5JC,2024-03-28,2024-03-28 10:33,91730,2023-01-01,2023-12-31,東海汽船株式会社
S100T42I,2024-03-28,2024-03-28 10:46,41070,2023-01-01,2023-12-31,伊勢化学工業株式会社
S100T4ZM,2024-03-28,2024-03-28 10:57,39480,2023-01-01,2023-12-31,光ビジネスフォーム株式会社
S100T5FS,2024-03-28,2024-03-28 11:00,36590,2023-01-01,2023-12-31,株式会社ネクソン
S100T5KL,2024-03-28,2024-03-28 11:00,47220,2023-01-01,2023-12-31,フューチャー株式会社
S100T5J2,2024-03-28,2024-03-28 11:02,36490,2023-01-01,2023-12-31,株式会社ファインデックス
S100T5F1,2024-03-28,2024-03-28 11:03,89140,2023-01-01,2023-12-31,エリアリンク株式会社
S100T5B6,2024-03-28,2024-03-28 11:11,59970,2023-01-01,2023-12-31,協立エアテック株式会社
S100T5HZ,2024-03-28,2024-03-28 11:11,52420,2023-01-01,2023-12-31,株式会社アイズ
S100T4S3,2024-03-28,2024-03-28 11:23,43510,2023-01-01,2023-12-31,株式会社山田債権回収管理総合事務所
S100T500,2024-03-28,2024-03-28 11:47,33550,2023-01-01,2023-12-31,クリヤマホールディングス株式会社
S100T5HU,2024-03-28,2024-03-28 11:52,95430,2023-01-01,2023-12-31,静岡ガス株式会社
S100T5T1,2024-03-28,2024-03-28 11:58,29860,2023-01-01,2023-12-31,株式会社ＬＡホールディングス
S100T5T5,2024-03-28,2024-03-28 11:58,51870,2023-01-01,2023-12-31,クリエートメディック株式会社
S100T5R8,2024-03-28,2024-03-28 12:32,49550,2023-01-01,2023-12-31,アグロ　カネショウ株式会社
S100T5UH,2024-03-28,2024-03-28 12:35,31960,2023-01-01,2023-12-31,株式会社ホットランド
S100T3W0,2024-03-28,2024-03-28 12:47,67230,2023-01-01,2023-12-31,ルネサスエレクトロニクス株式会社
S100T525,2024-03-28,2024-03-28 12:48,73590,2023-01-01,2023-12-31,株式会社東京通信グループ
S100T4KO,2024-03-28,2024-03-28 12:54,70930,2023-01-01,2023-12-31,アディッシュ株式会社
S100T4HI,2024-03-28,2024-03-28 12:55,96560,2023-01-01,2023-12-31,グリーンランドリゾート株式会社
S100T1CR,2024-03-28,2024-03-28 13:00,30400,2023-01-01,2023-12-31,株式会社ソリトンシステムズ
S100T538,2024-03-28,2024-03-28 13:01,49190,2023-01-01,2023-12-31,株式会社ミルボン
S100T59D,2024-03-28,2024-03-28 13:05,24180,2023-01-01,2023-12-31,株式会社ツカダ・グローバルホールディング
S100T5ID,2024-03-28,2024-03-28 13:05,53020,2023-01-01,2023-12-31,日本カーボン株式会社
S100T4R4,2024-03-28,2024-03-28 13:13,97680,2023-01-01,2023-12-31,いであ株式会社
S100T5IZ,2024-03-28,2024-03-28 13:22,37190,2023-01-01,2023-12-31,株式会社ジェクシード
S100T57D,2024-03-28,2024-03-28 13:26,23250,2023-01-01,2023-12-31,株式会社ＮＪＳ
S100T4Z1,2024-03-28,2024-03-28 13:31,78460,2023-01-01,2023-12-31,株式会社パイロットコーポレーション
S100T5NY,2024-03-28,2024-03-28 13:31,30010,2023-01-01,2023-12-31,片倉工業株式会社
S100T5AK,2024-03-28,2024-03-28 13:31,91470,2023-01-01,2023-12-31,ＮＩＰＰＯＮ　ＥＸＰＲＥＳＳホールディングス株式会社
S100T5FA,2024-03-28,2024-03-28 13:32,53950,2023-01-01,2023-12-31,理研コランダム株式会社
S100T41B,2024-03-28,2024-03-28 13:32,55420,2023-01-01,2023-12-31,新報国マテリアル株式会社
S100T4JV,2024-03-28,2024-03-28 13:33,20090,2023-01-01,2023-12-31,鳥越製粉株式会社
S100T58Q,2024-03-28,2024-03-28 13:34,79760,2023-01-01,2023-12-31,三菱鉛筆株式会社
S100T5VS,2024-03-28,2024-03-28 13:35,60630,2023-01-01,2023-12-31,日本エマージェンシーアシスタンス株式会社
S100T5TC,2024-03-28,2024-03-28 13:41,61430,2023-01-01,2023-12-31,株式会社ソディック
S100T3GA,2024-03-28,2024-03-28 13:44,22120,2023-01-01,2023-12-31,山崎製パン株式会社
S100T5WD,2024-03-28,2024-03-28 13:48,79860,2023-01-01,2023-12-31,日本アイ・エス・ケイ株式会社
S100T5WH,2024-03-28,2024-03-28 13:49,55880,2023-01-01,2023-12-31,ファーストアカウンティング株式会社
S100T5VE,2024-03-28,2024-03-28 13:51,24920,2023-01-01,2023-12-31,株式会社インフォマート
S100T5WK,2024-03-28,2024-03-28 14:00,59570,2023-01-01,2023-12-31,日東精工株式会社
S100T5GZ,2024-03-28,2024-03-28 14:00,80290,2023-01-01,2023-12-31,株式会社ルックホールディングス
S100T59J,2024-03-28,2024-03-28 14:03,52010,2023-01-01,2023-12-31,ＡＧＣ株式会社
S100T4PS,2024-03-28,2024-03-28 14:03,33020,2023-01-01,2023-12-31,帝国繊維株式会社
S100T4UC,2024-03-28,2024-03-28 14:06,43240,2023-01-01,2023-12-31,株式会社電通グループ
S100T5MG,2024-03-28,2024-03-28 14:14,58160,2023-01-01,2023-12-31,オーナンバ株式会社
S100T5XZ,2024-03-28,2024-03-28 14:21,47040,2023-01-01,2023-12-31,トレンドマイクロ株式会社
S100T5YE,2024-03-28,2024-03-28 14:23,79920,2023-01-01,2023-12-31,セーラー万年筆株式会社
S100T5L0,2024-03-28,2024-03-28 14:26,53370,2023-01-01,2023-12-31,ダントーホールディングス株式会社
S100T5PU,2024-03-28,2024-03-28 14:35,65370,2023-01-01,2023-12-31,ＷＡＳＨハウス株式会社
S100T5RS,2024-03-28,2024-03-28 14:36,40450,2023-01-01,2023-12-31,東亞合成株式会社
S100T5QK,2024-03-28,2024-03-28 14:36,61640,2023-01-01,2023-12-31,株式会社太陽工機
S100T51G,2024-03-28,2024-03-28 14:45,27000,2023-01-01,2023-12-31,木徳神糧株式会社
S100T4SE,2024-03-28,2024-03-28 14:45,50380,2023-01-01,2023-12-31,株式会社ｅＷｅＬＬ
S100T4YK,2024-03-28,2024-03-28 14:48,22660,2023-01-01,2023-12-31,六甲バター株式会社
S100T53D,2024-03-28,2024-03-28 14:48,65460,2023-01-01,2023-12-31,フルテック株式会社
S100T4EA,2024-03-28,2024-03-28 14:51,44860,2023-01-01,2023-12-31,ユナイトアンドグロウ株式会社
S100T4WU,2024-03-28,2024-03-28 15:00,40990,2023-01-01,2023-12-31,四国化成ホールディングス株式会社
S100T5ZW,2024-03-28,2024-03-28 15:00,66350,2023-01-01,2023-12-31,株式会社大日光・エンジニアリング
S100T60D,2024-03-28,2024-03-28 15:00,56180,2023-01-01,2023-12-31,ナイル株式会社
S100T5W9,2024-03-28,2024-03-28 15:00,66400,2023-01-01,2023-12-31,Ｉ‐ＰＥＸ株式会社
S100T5U8,2024-03-28,2024-03-28 15:00,55890,2023-01-01,2023-12-31,株式会社オートサーバー
S100T4X3,2024-03-28,2024-03-28 15:00,47550,2023-01-01,2023-12-31,楽天グループ株式会社
S100T51T,2024-03-28,2024-03-28 15:00,30540,2023-01-01,2023-12-31,株式会社ハイパー
S100T1XZ,2024-03-28,2024-03-28 15:00,76750,2023-01-01,2023-12-31,セントラルフォレストグループ株式会社
S100T51H,2024-03-28,2024-03-28 15:00,48960,2023-01-01,2023-12-31,株式会社ケイファーマ
S100T5JO,2024-03-28,2024-03-28 15:00,93450,2023-01-01,2023-12-31,ビズメイツ株式会社
S100T5DX,2024-03-28,2024-03-28 15:00,71120,2023-01-01,2023-12-31,株式会社キューブ
S100T58N,2024-03-28,2024-03-28 15:00,77510,2023-01-01,2023-12-31,キヤノン株式会社
S100T5GC,2024-03-28,2024-03-28 15:01,47660,2023-01-01,2023-12-31,株式会社ピーエイ
S100T4LM,2024-03-28,2024-03-28 15:01,79630,2023-01-01,2023-12-31,興研株式会社
S100T3KX,2024-03-28,2024-03-28 15:01,49670,2023-01-01,2023-12-31,小林製薬株式会社
S100T542,2024-03-28,2024-03-28 15:01,39810,2023-01-01,2023-12-31,株式会社ビーグリー
S100T5LN,2024-03-28,2024-03-28 15:02,47250,2023-01-01,2023-12-31,株式会社ＣＡＣ　Ｈｏｌｄｉｎｇｓ
S100T5D4,2024-03-28,2024-03-28 15:02,59430,2023-01-01,2023-12-31,株式会社ノーリツ
S100T4PW,2024-03-28,2024-03-28 15:03,66270,2023-01-01,2023-12-31,株式会社テラプローブ
S100T4XQ,2024-03-28,2024-03-28 15:04,77760,2023-01-01,2023-12-31,株式会社セルシード
S100T4L3,2024-03-28,2024-03-28 15:05,42640,2023-01-01,2023-12-31,株式会社セキュア
S100T51Q,2024-03-28,2024-03-28 15:06,66940,2023-01-01,2023-12-31,株式会社ズーム
S100T5UD,2024-03-28,2024-03-28 15:08,42930,2022-10-01,2023-12-31,株式会社セプテーニ・ホールディングス
S100T4U2,2024-03-28,2024-03-28 15:11,23300,2023-01-01,2023-12-31,株式会社フォーサイド
S100T4YU,2024-03-28,2024-03-28 15:11,39440,2023-01-01,2023-12-31,古林紙工株式会社
S100T5KO,2024-03-28,2024-03-28 15:12,91640,2023-01-01,2023-12-31,株式会社トライト
S100T5I0,2024-03-28,2024-03-28 15:12,14490,2023-01-01,2023-12-31,株式会社ＦＵＪＩジャパン
S100T5XA,2024-03-28,2024-03-28 15:12,30530,2023-01-01,2023-12-31,株式会社ペッパーフードサービス
S100T5HO,2024-03-28,2024-03-28 15:13,46310,2023-01-01,2023-12-31,ＤＩＣ株式会社
S100T4MO,2024-03-28,2024-03-28 15:14,25030,2023-01-01,2023-12-31,キリンホールディングス株式会社
S100T621,2024-03-28,2024-03-28 15:15,48810,2023-01-01,2023-12-31,株式会社ファンペップ
S100T5FU,2024-03-28,2024-03-28 15:17,50100,2023-01-01,2023-12-31,日本精蝋株式会社
S100T62P,2024-03-28,2024-03-28 15:18,25870,2023-01-01,2023-12-31,サントリー食品インターナショナル株式会社
S100T3O2,2024-03-28,2024-03-28 15:19,49270,2023-01-01,2023-12-31,株式会社ポーラ・オルビスホールディングス
S100T62O,2024-03-28,2024-03-28 15:19,45930,2023-01-01,2023-12-31,株式会社ヘリオス
S100T609,2024-03-28,2024-03-28 15:21,37650,2023-01-01,2023-12-31,ガンホー・オンライン・エンターテイメント株式会社
S100T50N,2024-03-28,2024-03-28 15:22,61490,2023-01-01,2023-12-31,株式会社小田原エンジニアリング
S100T4ZN,2024-03-28,2024-03-28 15:24,49220,2023-01-01,2023-12-31,株式会社コーセー
S100T511,2024-03-28,2024-03-28 15:26,45740,2023-01-01,2023-12-31,大幸薬品株式会社
S100T58C,2024-03-28,2024-03-28 15:30,64000,2023-01-01,2023-12-31,不二精機株式会社
S100T5C6,2024-03-28,2024-03-28 15:30,44760,2023-01-01,2023-12-31,ＡＩ　ＣＲＯＳＳ株式会社
S100T5WP,2024-03-28,2024-03-28 15:30,81130,2023-01-01,2023-12-31,ユニ・チャーム株式会社
S100T5DO,2024-03-28,2024-03-28 15:31,41780,2023-01-01,2023-12-31,株式会社Ｓｈａｒｉｎｇ　Ｉｎｎｏｖａｔｉｏｎｓ
S100T5K0,2024-03-28,2024-03-28 15:31,42580,2023-01-01,2023-12-31,株式会社網屋
S100T638,2024-03-28,2024-03-28 15:31,62910,2023-01-01,2023-12-31,日本エアーテック株式会社
S100T5FC,2024-03-28,2024-03-28 15:32,43770,2023-01-01,2023-12-31,株式会社ワンキャリア
S100T635,2024-03-28,2024-03-28 15:33,89290,2023-01-01,2023-12-31,株式会社青山財産ネットワークス
S100T56Z,2024-03-28,2024-03-28 15:33,51010,2023-01-01,2023-12-31,横浜ゴム株式会社
S100T56V,2024-03-28,2024-03-28 15:36,62660,2023-01-01,2023-12-31,タツモ株式会社
S100T60E,2024-03-28,2024-03-28 15:36,50390,2023-01-01,2023-12-31,株式会社キットアライブ
S100T4PX,2024-03-28,2024-03-28 15:37,63020,2023-01-01,2023-12-31,住友重機械工業株式会社
S100T5IT,2024-03-28,2024-03-28 15:38,64440,2023-01-01,2023-12-31,サンデン株式会社
S100T61M,2024-03-28,2024-03-28 15:38,45870,2023-01-01,2023-12-31,ペプチドリーム株式会社
S100T5K7,2024-03-28,2024-03-28 15:40,44480,2023-01-01,2023-12-31,Ｃｈａｔｗｏｒｋ株式会社
S100T4V4,2024-03-28,2024-03-28 15:41,33190,2023-01-01,2023-12-31,株式会社ゴルフダイジェスト・オンライン
S100T5JJ,2024-03-28,2024-03-28 15:41,36830,2023-01-01,2023-12-31,株式会社サイバーリンクス
S100T63P,2024-03-28,2024-03-28 15:42,55630,2023-01-01,2023-12-31,新日本電工株式会社
S100T631,2024-03-28,2024-03-28 15:49,62280,2023-01-01,2023-12-31,株式会社ジェイ・イー・ティ
S100T5H8,2024-03-28,2024-03-28 15:49,45190,2023-01-01,2023-12-31,中外製薬株式会社
S100T5CJ,2024-03-28,2024-03-28 15:49,14390,2023-01-01,2023-12-31,株式会社安江工務店
S100T48K,2024-03-28,2024-03-28 15:55,62780,2023-01-01,2023-12-31,ユニオンツール株式会社
S100T5VO,2024-03-28,2024-03-28 15:55,64980,2023-01-01,2023-12-31,株式会社キッツ
S100T4JE,2024-03-28,2024-03-28 15:55,32410,2023-01-01,2023-12-31,株式会社ウィル
S100T5T0,2024-03-28,2024-03-28 15:56,77180,2023-01-01,2023-12-31,スター精密株式会社
S100T5IE,2024-03-28,2024-03-28 16:00,59590,2023-01-01,2023-12-31,岡部株式会社
S100T58M,2024-03-28,2024-03-28 16:00,39610,2023-01-01,2023-12-31,シルバーエッグ・テクノロジー株式会社
S100T62Z,2024-03-28,2024-03-28 16:00,31050,2023-01-01,2023-12-31,日清紡ホールディングス株式会社
S100T5NA,2024-03-28,2024-03-28 16:00,79890,2023-01-01,2023-12-31,立川ブラインド工業株式会社
S100T5PD,2024-03-28,2024-03-28 16:00,56990,2023-01-01,2023-12-31,株式会社イボキン
S100T5UE,2024-03-28,2024-03-28 16:01,43710,2023-01-01,2023-12-31,株式会社コアコンセプト・テクノロジー
S100T5KA,2024-03-28,2024-03-28 16:01,65610,2023-01-01,2023-12-31,株式会社ＨＡＮＡＴＯＵＲ　ＪＡＰＡＮ
S100T65G,2024-03-28,2024-03-28 16:03,52550,2023-01-01,2023-12-31,株式会社モンスターラボホールディングス
S100T5E9,2024-03-28,2024-03-28 16:05,34160,2023-01-01,2023-12-31,ピクスタ株式会社
S100T5X6,2024-03-28,2024-03-28 16:09,93990,2023-01-01,2023-12-31,ビート・ホールディングス・リミテッド　（貝德控股有限公司、Ｂｅａｔ　Ｈｏｌｄｉｎｇｓ　Ｌｉｍｉｔｅｄ）
S100T65I,2024-03-28,2024-03-28 16:11,48200,2023-01-01,2023-12-31,株式会社イーエムシステムズ（商号　株式会社ＥＭシステムズ）
S100T667,2024-03-28,2024-03-28 16:15,60810,2023-01-01,2023-12-31,アライドアーキテクツ株式会社
S100T5XW,2024-03-28,2024-03-28 16:16,72440,2023-01-01,2023-12-31,市光工業株式会社
S100T5K9,2024-03-28,2024-03-28 16:20,39500,2023-01-01,2023-12-31,ザ・パック株式会社
S100T5DY,2024-03-28,2024-03-28 16:22,41860,2023-01-01,2023-12-31,東京応化工業株式会社
S100T5SN,2024-03-28,2024-03-28 16:25,22150,2023-01-01,2023-12-31,第一屋製パン株式会社
S100T4Y1,2024-03-28,2024-03-28 16:30,56160,2023-01-01,2023-12-31,株式会社雨風太陽
S100T61O,2024-03-28,2024-03-28 16:30,21600,2023-01-01,2023-12-31,株式会社ジーエヌアイグループ
S100T5KD,2024-03-28,2024-03-28 16:30,38070,2023-01-01,2023-12-31,株式会社フィスコ
S100T66H,2024-03-28,2024-03-28 16:31,96720,2023-01-01,2023-12-31,東京都競馬株式会社
S100T67K,2024-03-28,2024-03-28 16:35,40740,2023-01-01,2023-12-31,株式会社ラキール
S100T5NM,2024-03-28,2024-03-28 16:38,42450,2023-01-01,2023-12-31,株式会社ダイキアクシス
S100T54Q,2024-03-28,2024-03-28 16:38,21700,2023-01-01,2023-12-31,株式会社リンクアンドモチベーション
S100T0TC,2024-03-28,2024-03-28 16:39,35560,2022-10-01,2023-09-30,リネットジャパングループ株式会社
S100T67T,2024-03-28,2024-03-28 16:39,65730,2023-01-01,2023-12-31,アジャイルメディア・ネットワーク株式会社
S100T62M,2024-03-28,2024-03-28 16:42,70480,2023-01-01,2023-12-31,ベルトラ株式会社
S100T58G,2024-03-28,2024-03-28 16:46,46120,2023-01-01,2023-12-31,日本ペイントホールディングス株式会社
S100T4Z9,2024-03-28,2024-03-28 16:46,19110,2023-01-01,2023-12-31,住友林業株式会社
S100T408,2024-03-28,2024-03-28 16:48,79570,2023-01-01,2023-12-31,フジコピアン株式会社
S100T66W,2024-03-28,2024-03-28 16:53,91600,2023-01-01,2023-12-31,株式会社ノバレーゼ
S100T66J,2024-03-28,2024-03-28 16:58,61410,2023-01-01,2023-12-31,ＤＭＧ森精機株式会社
S100T67G,2024-03-28,2024-03-28 17:00,34860,2023-01-01,2023-12-31,株式会社グローバル・リンク・マネジメント
S100T61I,2024-03-28,2024-03-28 17:00,53010,2023-01-01,2023-12-31,東海カーボン株式会社
S100T65X,2024-03-28,2024-03-28 17:10,44870,2023-01-01,2023-12-31,株式会社スペースマーケット
S100T69R,2024-03-28,2024-03-28 17:12,63610,2023-01-01,2023-12-31,株式会社荏原製作所
S100T4N2,2024-03-29,2024-03-29 09:03,69770,2023-01-01,2023-12-31,株式会社日本抵抗器製作所
S100T5R7,2024-03-29,2024-03-29 09:04,77160,2023-01-01,2023-12-31,株式会社ナカニシ
S100T65A,2024-03-29,2024-03-29 09:05,68710,2023-01-01,2023-12-31,株式会社日本マイクロニクス
S100T3XS,2024-03-29,2024-03-29 09:07,49120,2023-01-01,2023-12-31,ライオン株式会社
S100T64D,2024-03-29,2024-03-29 09:16,34450,2023-01-01,2023-12-31,株式会社ＲＳ　Ｔｅｃｈｎｏｌｏｇｉｅｓ
S100T68I,2024-03-29,2024-03-29 09:18,62230,2023-01-01,2023-12-31,株式会社　西部技研
S100T66Z,2024-03-29,2024-03-29 09:18,52140,2023-01-01,2023-12-31,日本電気硝子株式会社
S100T6E9,2024-03-29,2024-03-29 09:21,64250,2023-01-01,2023-12-31,株式会社ユニバーサルエンターテインメント
S100T65H,2024-03-29,2024-03-29 09:21,45880,2023-01-01,2023-12-31,オンコリスバイオファーマ株式会社
S100T5ZK,2024-03-29,2024-03-29 09:22,59500,2023-01-01,2023-12-31,日本パワーファスニング株式会社
S100T58F,2024-03-29,2024-03-29 09:23,76090,2023-01-01,2023-12-31,ダイトロン株式会社
S100T57Y,2024-03-29,2024-03-29 09:31,22160,2023-01-01,2023-12-31,カンロ株式会社
S100T51C,2024-03-29,2024-03-29 09:33,94160,2023-01-01,2023-12-31,株式会社ビジョン
S100T6F4,2024-03-29,2024-03-29 09:36,45630,2023-01-01,2023-12-31,アンジェス株式会社
S100T5ZM,2024-03-29,2024-03-29 09:40,14290,2023-01-01,2023-12-31,株式会社日本アクア
S100T6DA,2024-03-29,2024-03-29 09:50,59460,2023-01-01,2023-12-31,株式会社長府製作所
S100T3ZC,2024-03-29,2024-03-29 09:54,25730,2023-01-01,2023-12-31,北海道コカ・コーラボトリング株式会社
S100T4JZ,2024-03-29,2024-03-29 09:56,45950,2023-01-01,2023-12-31,株式会社ミズホメディー
S100T66V,2024-03-29,2024-03-29 09:57,98270,2023-01-01,2023-12-31,リリカラ株式会社
S100T5ZQ,2024-03-29,2024-03-29 09:58,32610,2023-01-01,2023-12-31,株式会社グランディーズ
S100T4WH,2024-03-29,2024-03-29 10:00,98300,2023-01-01,2023-12-31,トラスコ中山株式会社
S100T6B7,2024-03-29,2024-03-29 10:02,75310,2023-01-01,2023-12-31,清和中央ホールディングス株式会社
S100T4C8,2024-03-29,2024-03-29 10:05,60540,2023-01-01,2023-12-31,株式会社リブセンス
S100T672,2024-03-29,2024-03-29 10:08,62500,2023-01-01,2023-12-31,株式会社やまびこ
S100T6FJ,2024-03-29,2024-03-29 10:11,80400,2023-01-01,2023-12-31,株式会社東京ソワール
S100T4D4,2024-03-29,2024-03-29 10:17,32040,2023-01-01,2023-12-31,株式会社トーア紡コーポレーション
S100T6GQ,2024-03-29,2024-03-29 10:17,36630,2023-01-01,2023-12-31,株式会社セルシス
S100T5CY,2024-03-29,2024-03-29 10:22,79560,2023-01-01,2023-12-31,ピジョン株式会社
S100T43Q,2024-03-29,2024-03-29 10:30,19940,2023-01-01,2023-12-31,高橋カーテンウォール工業株式会社
S100T6GP,2024-03-29,2024-03-29 10:34,52160,2023-01-01,2023-12-31,株式会社倉元製作所
S100T60H,2024-03-29,2024-03-29 10:37,91450,2023-01-01,2023-12-31,株式会社ビーイングホールディングス
S100T6BG,2024-03-29,2024-03-29 10:37,37750,2023-01-01,2023-12-31,株式会社ガイアックス
S100T6AP,2024-03-29,2024-03-29 10:40,63760,2023-01-01,2023-12-31,日機装株式会社
S100T4WB,2024-03-29,2024-03-29 10:44,68700,2023-01-01,2023-12-31,日本フェンオール株式会社
S100T676,2024-03-29,2024-03-29 10:47,51100,2023-01-01,2023-12-31,住友ゴム工業株式会社
S100T1ZF,2024-03-29,2024-03-29 10:51,64970,2023-01-01,2023-12-31,株式会社ハマイ
S100T6I5,2024-03-29,2024-03-29 10:57,67480,2023-01-01,2023-12-31,星和電機株式会社
S100T6IA,2024-03-29,2024-03-29 11:05,55970,2023-01-01,2023-12-31,ブルーイノベーション株式会社
S100T6IG,2024-03-29,2024-03-29 11:06,36670,2023-01-01,2023-12-31,株式会社ｅｎｉｓｈ
S100T3CC,2024-03-29,2024-03-29 11:06,148A0,2023-01-01,2023-12-31,株式会社ハッチ・ワーク
S100T4HK,2024-03-29,2024-03-29 11:06,74250,2023-01-01,2023-12-31,初穂商事株式会社
S100T6I1,2024-03-29,2024-03-29 11:07,77930,2023-05-01,2023-12-31,株式会社イメージ・マジック
S100T6A8,2024-03-29,2024-03-29 11:08,44500,2023-01-01,2023-12-31,株式会社パワーソリューションズ
S100T6IT,2024-03-29,2024-03-29 11:17,59650,2023-01-01,2023-12-31,株式会社フジマック
S100T6IU,2024-03-29,2024-03-29 11:17,24990,2023-01-01,2023-12-31,日本和装ホールディングス株式会社
S100T6IX,2024-03-29,2024-03-29 11:32,53100,2023-01-01,2023-12-31,東洋炭素株式会社
S100T660,2024-03-29,2024-03-29 11:37,36710,2023-01-01,2023-12-31,ソフトマックス株式会社
S100T6JR,2024-03-29,2024-03-29 11:42,146A0,2023-01-01,2023-12-31,コロンビア・ワークス株式会社
S100T6JW,2024-03-29,2024-03-29 11:45,58670,2023-01-01,2023-12-31,株式会社エスネットワークス
S100T6KE,2024-03-29,2024-03-29 11:47,78160,2023-01-01,2023-12-31,株式会社スノーピーク
S100T4MY,2024-03-29,2024-03-29 11:49,42840,2023-01-01,2023-12-31,株式会社　ソルクシーズ
S100T6C9,2024-03-29,2024-03-29 11:51,77820,2023-01-01,2023-12-31,株式会社シンシア
S100T3DM,2024-03-29,2024-03-29 11:59,97040,2023-01-01,2023-12-31,株式会社アゴーラホスピタリティーグループ
S100T6G1,2024-03-29,2024-03-29 12:00,60340,2023-01-01,2023-12-31,ＭＲＴ株式会社
S100T5Y0,2024-03-29,2024-03-29 12:08,70390,2023-01-01,2023-12-31,ブリッジインターナショナル株式会社
S100T47Q,2024-03-29,2024-03-29 12:18,21930,2023-01-01,2023-12-31,クックパッド株式会社
S100T4XV,2024-03-29,2024-03-29 12:30,43720,2023-01-01,2023-12-31,ユミルリンク株式会社
S100T57K,2024-03-29,2024-03-29 12:37,37270,2023-01-01,2023-12-31,株式会社アプリックス
S100T68H,2024-03-29,2024-03-29 13:00,58910,2023-01-01,2023-12-31,株式会社魁力屋
S100T61U,2024-03-29,2024-03-29 13:05,64590,2023-01-01,2023-12-31,大和冷機工業株式会社
S100T6L7,2024-03-29,2024-03-29 13:05,37440,2023-01-01,2023-12-31,サイオス株式会社
S100T5WI,2024-03-29,2024-03-29 13:11,25010,2023-01-01,2023-12-31,サッポロホールディングス株式会社
S100T6MR,2024-03-29,2024-03-29 13:14,44810,2023-01-01,2023-12-31,ベース株式会社
S100T6CG,2024-03-29,2024-03-29 13:14,61770,2023-01-01,2023-12-31,ＡｐｐＢａｎｋ株式会社
S100T6CY,2024-03-29,2024-03-29 13:16,96210,2023-01-01,2023-12-31,株式会社建設技術研究所
S100T6CK,2024-03-29,2024-03-29 13:18,68350,2023-01-01,2023-12-31,アライドテレシスホールディングス株式会社
S100T6GS,2024-03-29,2024-03-29 13:31,73620,2023-01-01,2023-12-31,株式会社Ｔ．Ｓ．Ｉ
S100T6MT,2024-03-29,2024-03-29 13:36,43740,2023-01-01,2023-12-31,株式会社ＲＯＢＯＴ　ＰＡＹＭＥＮＴ
S100T6HF,2024-03-29,2024-03-29 13:44,92600,2023-01-01,2023-12-31,西本Ｗｉｓｍｅｔｔａｃホールディングス株式会社
S100T2OT,2024-03-29,2024-03-29 13:50,41700,2023-01-01,2023-12-31,株式会社Ｋａｉｚｅｎ　Ｐｌａｔｆｏｒｍ
S100T5YK,2024-03-29,2024-03-29 13:56,92140,2023-01-01,2023-12-31,Ｒｅｃｏｖｅｒｙ　Ｉｎｔｅｒｎａｔｉｏｎａｌ株式会社
S100T6LY,2024-03-29,2024-03-29 13:58,58680,2023-01-01,2023-12-31,株式会社ロココ
S100T450,2024-03-29,2024-03-29 14:00,39130,2023-01-01,2023-12-31,株式会社ｓＭｅｄｉｏ
S100T6PH,2024-03-29,2024-03-29 14:11,92180,2023-01-01,2023-12-31,株式会社メンタルヘルステクノロジーズ
S100T6PI,2024-03-29,2024-03-29 14:16,48930,2023-01-01,2023-12-31,ノイルイミューン・バイオテック株式会社
S100T6PP,2024-03-29,2024-03-29 14:18,155A0,2023-01-01,2023-12-31,株式会社情報戦略テクノロジー
S100T4CT,2024-03-29,2024-03-29 14:21,56190,2023-01-01,2023-12-31,マーソ株式会社
S100T6CV,2024-03-29,2024-03-29 14:27,42860,2023-01-01,2023-12-31,株式会社ＣＬホールディングス
S100T6PN,2024-03-29,2024-03-29 14:28,39970,2023-01-01,2023-12-31,株式会社トレードワークス
S100T600,2024-03-29,2024-03-29 14:31,52400,2023-01-01,2023-12-31,ｍｏｎｏＡＩ　ｔｅｃｈｎｏｌｏｇｙ株式会社
S100T6PL,2024-03-29,2024-03-29 14:32,31970,2023-01-01,2023-12-31,株式会社すかいらーくホールディングス
S100T4J1,2024-03-29,2024-03-29 14:39,17240,2023-01-01,2023-12-31,シンクレイヤ株式会社
S100T50D,2024-03-29,2024-03-29 14:39,39470,2023-01-01,2023-12-31,ダイナパック株式会社
S100T5ZH,2024-03-29,2024-03-29 14:44,37580,2023-01-01,2023-12-31,株式会社アエリア
S100T4BK,2024-03-29,2024-03-29 14:45,95610,2023-01-01,2023-12-31,株式会社グラッドキューブ
S100T6RK,2024-03-29,2024-03-29 14:47,41680,2023-01-01,2023-12-31,株式会社ヤプリ
S100T47J,2024-03-29,2024-03-29 14:50,65240,2023-01-01,2023-12-31,湖北工業株式会社
S100T6SG,2024-03-29,2024-03-29 14:58,92710,2023-01-01,2023-12-31,株式会社和心
S100T6K0,2024-03-29,2024-03-29 15:00,43750,2023-01-01,2023-12-31,セーフィー株式会社
S100T6RN,2024-03-29,2024-03-29 15:00,34490,2023-01-01,2023-12-31,株式会社テクノフレックス
S100T6AR,2024-03-29,2024-03-29 15:00,50350,2023-01-01,2023-12-31,ＨＯＵＳＥＩ株式会社
S100T5W2,2024-03-29,2024-03-29 15:00,21730,2023-04-01,2023-12-31,株式会社博展
S100T5RW,2024-03-29,2024-03-29 15:00,47760,2023-01-01,2023-12-31,サイボウズ株式会社
S100T6L2,2024-03-29,2024-03-29 15:00,92130,2023-01-01,2023-12-31,株式会社セイファート
S100T6MP,2024-03-29,2024-03-29 15:00,14350,2023-01-01,2023-12-31,株式会社Ｒｏｂｏｔ　Ｈｏｍｅ
S100T6BT,2024-03-29,2024-03-29 15:00,39110,2023-01-01,2023-12-31,株式会社Ａｉｍｉｎｇ
S100T6FV,2024-03-29,2024-03-29 15:00,27880,2023-01-01,2023-12-31,アップルインターナショナル株式会社
S100T6CT,2024-03-29,2024-03-29 15:00,73580,2023-01-01,2023-12-31,株式会社ポピンズ
S100T6BK,2024-03-29,2024-03-29 15:00,42610,2023-01-01,2023-12-31,アジアクエスト株式会社
S100T5TG,2024-03-29,2024-03-29 15:00,44200,2023-01-01,2023-12-31,イーソル株式会社
S100T65M,2024-03-29,2024-03-29 15:00,50700,2023-01-01,2023-12-31,株式会社ドラフト
S100T2NK,2024-03-29,2024-03-29 15:01,39280,2023-01-01,2023-12-31,株式会社マイネット
S100T640,2024-03-29,2024-03-29 15:01,55900,2023-01-01,2023-12-31,株式会社ネットスターズ
S100T6RZ,2024-03-29,2024-03-29 15:01,55910,2023-01-01,2023-12-31,株式会社ＡＶＩＬＥＮ
S100T41C,2024-03-29,2024-03-29 15:01,34360,2023-01-01,2023-12-31,株式会社ＳＵＭＣＯ
S100T6MG,2024-03-29,2024-03-29 15:02,34740,2023-01-01,2023-12-31,Ｇ－ＦＡＣＴＯＲＹ株式会社
S100T6K2,2024-03-29,2024-03-29 15:02,40530,2023-01-01,2023-12-31,株式会社Ｓｕｎ　Ａｓｔｅｒｉｓｋ
S100T657,2024-03-29,2024-03-29 15:03,79840,2023-01-01,2023-12-31,コクヨ株式会社
S100T551,2024-03-29,2024-03-29 15:07,56100,2023-01-01,2023-12-31,大和重工株式会社
S100T6SM,2024-03-29,2024-03-29 15:08,89460,2023-01-01,2023-12-31,株式会社ＡＳＩＡＮ　ＳＴＡＲ
S100T6BL,2024-03-29,2024-03-29 15:08,45860,2023-01-01,2023-12-31,株式会社メドレックス
S100T5KX,2024-03-29,2024-03-29 15:10,39140,2023-01-01,2023-12-31,ＪＩＧ－ＳＡＷ株式会社
S100T6LT,2024-03-29,2024-03-29 15:13,37770,2023-01-01,2023-12-31,株式会社ＦＨＴホールディングス
S100T5RQ,2024-03-29,2024-03-29 15:13,36800,2023-01-01,2023-12-31,株式会社ホットリンク
S100T6MQ,2024-03-29,2024-03-29 15:14,70810,2023-01-01,2023-12-31,コーユーレンティア株式会社
S100T6T5,2024-03-29,2024-03-29 15:14,67210,2023-01-01,2023-12-31,ウインテスト株式会社
S100T6L3,2024-03-29,2024-03-29 15:17,51390,2023-01-01,2023-12-31,オープンワーク株式会社
S100T63Y,2024-03-29,2024-03-29 15:18,60780,2023-01-01,2023-12-31,株式会社バリューＨＲ
S100T647,2024-03-29,2024-03-29 15:21,43950,2023-01-01,2023-12-31,株式会社アクリート
S100T6GJ,2024-03-29,2024-03-29 15:22,65920,2023-01-01,2023-12-31,マブチモーター株式会社
S100T6DI,2024-03-29,2024-03-29 15:25,44380,2023-01-01,2023-12-31,株式会社Ｗｅｌｂｙ
S100T6TC,2024-03-29,2024-03-29 15:26,93380,2023-01-01,2023-12-31,株式会社ＩＮＦＯＲＩＣＨ
S100T6CJ,2024-03-29,2024-03-29 15:28,67890,2023-01-01,2023-12-31,ローランド　ディー．ジー．株式会社
S100T4XW,2024-03-29,2024-03-29 15:29,63100,2023-01-01,2023-12-31,井関農機株式会社
S100T5GW,2024-03-29,2024-03-29 15:30,40190,2023-01-01,2023-12-31,株式会社スタメン
S100T68K,2024-03-29,2024-03-29 15:30,145A0,2023-01-01,2023-12-31,株式会社Ｌ　ｉｓ　Ｂ
S100T627,2024-03-29,2024-03-29 15:30,60290,2023-01-01,2023-12-31,アトラグループ株式会社
S100T5WJ,2024-03-29,2024-03-29 15:30,92450,2023-01-01,2023-12-31,株式会社リベロ
S100T6P3,2024-03-29,2024-03-29 15:30,76760,2022-10-01,2023-09-30,株式会社グッドスピード
S100T6GG,2024-03-29,2024-03-29 15:30,93390,2023-01-01,2023-12-31,株式会社コーチ・エィ
S100T6Q9,2024-03-29,2024-03-29 15:31,36810,2023-01-01,2023-12-31,株式会社ブイキューブ
S100T6I9,2024-03-29,2024-03-29 15:34,48400,2023-01-01,2023-12-31,株式会社トライアイズ
S100T6MC,2024-03-29,2024-03-29 15:37,40200,2023-01-01,2023-12-31,ビートレンド株式会社
S100T69O,2024-03-29,2024-03-29 15:37,27430,2023-01-01,2023-12-31,ピクセルカンパニーズ株式会社
S100T69Y,2024-03-29,2024-03-29 15:40,40110,2023-01-01,2023-12-31,株式会社ヘッドウォータース
S100T6UP,2024-03-29,2024-03-29 15:45,99730,2023-01-01,2023-12-31,株式会社小僧寿し
S100T6VA,2024-03-29,2024-03-29 15:50,41660,2023-01-01,2023-12-31,かっこ株式会社
S100T6T8,2024-03-29,2024-03-29 15:53,45960,2023-01-01,2023-12-31,窪田製薬ホールディングス株式会社
S100T6V8,2024-03-29,2024-03-29 15:55,92110,2023-01-01,2023-12-31,株式会社エフ・コード
S100T6VE,2024-03-29,2024-03-29 15:58,40560,2023-01-01,2023-12-31,ニューラルグループ株式会社
S100T68Q,2024-03-29,2024-03-29 16:00,36560,2023-01-01,2023-12-31,ＫＬａｂ株式会社
S100T5W8,2024-03-29,2024-03-29 16:00,23890,2023-01-01,2023-12-31,株式会社デジタルホールディングス
S100T6JQ,2024-03-29,2024-03-29 16:05,27210,2023-01-01,2023-12-31,株式会社ジェイホールディングス
S100T6KZ,2024-03-29,2024-03-29 16:06,65330,2023-01-01,2023-12-31,株式会社Ｏｒｃｈｅｓｔｒａ　Ｈｏｌｄｉｎｇｓ
S100T6MU,2024-03-29,2024-03-29 16:07,93370,2023-01-01,2023-12-31,株式会社トリドリ
S100T6VU,2024-03-29,2024-03-29 16:07,45780,2023-01-01,2023-12-31,大塚ホールディングス株式会社
S100T6SY,2024-03-29,2024-03-29 16:09,149A0,2023-01-01,2023-12-31,株式会社シンカ
S100T6QY,2024-03-29,2024-03-29 16:10,73630,2023-01-01,2023-12-31,株式会社ベビーカレンダー
S100T51R,2024-03-29,2024-03-29 16:30,93430,2023-01-01,2023-12-31,株式会社アイビス
S100T693,2024-03-29,2024-03-29 16:33,41800,2023-01-01,2023-12-31,Ａｐｐｉｅｒ　Ｇｒｏｕｐ株式会社
S100T6WL,2024-03-29,2024-03-29 16:33,95220,2023-01-01,2023-12-31,リニューアブル・ジャパン株式会社
S100T6WH,2024-03-29,2024-03-29 17:00,50270,2023-01-01,2023-12-31,ＡｎｙＭｉｎｄ　Ｇｒｏｕｐ株式会社
S100T6QG,2024-03-29,2024-03-29 17:10,71280,2023-01-01,2023-12-31,フルサト・マルカホールディングス株式会社
S100T6WM,2024-03-29,2024-03-29 17:11,153A0,2023-01-01,2023-12-31,株式会社カウリス
S100T6OJ,2024-03-29,2024-03-29 17:12,24270,2023-01-01,2023-12-31,株式会社アウトソーシング
S100T722,2024-04-01,2024-04-01 11:28,43790,2023-01-01,2023-12-31,株式会社Ｐｈｏｔｏｓｙｎｔｈ
S100T6VC,2024-04-01,2024-04-01 13:14,65600,2023-01-01,2023-12-31,株式会社エル・ティー・エス
S100T9S0,2024-04-15,2024-04-15 13:31,78650,2023-01-21,2024-01-20,ピープル株式会社
S100TA5Q,2024-04-17,2024-04-17 09:03,25900,2023-01-21,2024-01-20,ダイドーグループホールディングス株式会社
S100TA7H,2024-04-17,2024-04-17 09:06,75900,2023-01-21,2024-01-20,株式会社タカショー
S100TAHL,2024-04-19,2024-04-19 15:02,34150,2023-02-01,2024-01-31,株式会社ＴＯＫＹＯ　ＢＡＳＥ
S100TAPP,2024-04-22,2024-04-22 10:49,69660,2023-02-01,2024-01-31,株式会社三井ハイテック
S100TB45,2024-04-22,2024-04-22 15:01,61840,2023-02-01,2024-01-31,株式会社鎌倉新書
S100TBCQ,2024-04-23,2024-04-23 14:16,96920,2023-02-01,2024-01-31,株式会社シーイーシー
S100TB92,2024-04-23,2024-04-23 15:41,43800,2023-02-01,2024-01-31,株式会社Ｍマート
S100TBFW,2024-04-24,2024-04-24 09:17,78780,2023-02-01,2024-01-31,株式会社光・彩
S100TBFK,2024-04-24,2024-04-24 09:18,63360,2023-02-01,2024-01-31,株式会社石井表記
S100TB95,2024-04-24,2024-04-24 12:00,81420,2023-02-01,2024-01-31,株式会社トーホー
S100TBJE,2024-04-24,2024-04-24 13:20,17580,2023-02-01,2024-01-31,太洋基礎工業株式会社
S100TBLH,2024-04-24,2024-04-24 15:10,45920,2023-02-01,2024-01-31,サンバイオ株式会社
S100TBJD,2024-04-24,2024-04-24 16:51,66960,2023-02-01,2024-01-31,株式会社トラース・オン・プロダクト
S100TBCP,2024-04-25,2024-04-25 09:30,66540,2023-02-01,2024-01-31,不二電機工業株式会社
S100TBR3,2024-04-25,2024-04-25 12:20,96320,2023-02-01,2024-01-31,スバル興業株式会社
S100TBJ1,2024-04-25,2024-04-25 14:57,21630,2023-02-01,2024-01-31,株式会社アルトナー
S100TBJL,2024-04-25,2024-04-25 15:00,36650,2023-02-01,2024-01-31,株式会社エニグモ
S100TBGK,2024-04-25,2024-04-25 15:09,41740,2023-02-01,2024-01-31,株式会社アピリッツ
S100TAX0,2024-04-25,2024-04-25 15:26,97430,2023-02-01,2024-01-31,株式会社丹青社
S100TBHQ,2024-04-25,2024-04-25 15:30,50750,2023-02-01,2024-01-31,アップコン株式会社
S100TBJJ,2024-04-25,2024-04-25 15:33,42870,2023-02-01,2024-01-31,株式会社ジャストプランニング
S100TBIV,2024-04-25,2024-04-25 15:51,30700,2023-02-01,2024-01-31,株式会社アマガサ
S100TBTR,2024-04-25,2024-04-25 16:27,48130,2023-02-01,2024-01-31,株式会社ＡＣＣＥＳＳ
S100TATM,2024-04-26,2024-04-26 09:01,43690,2023-02-01,2024-01-31,株式会社　トリケミカル研究所
S100TAWB,2024-04-26,2024-04-26 09:08,19280,2023-02-01,2024-01-31,積水ハウス株式会社
S100TBUT,2024-04-26,2024-04-26 09:09,32460,2023-02-01,2024-01-31,株式会社コーセーアールイー
S100TAIH,2024-04-26,2024-04-26 09:12,96360,2023-02-01,2024-01-31,株式会社きんえい
S100TAG0,2024-04-26,2024-04-26 09:15,70640,2023-02-01,2024-01-31,株式会社ハウテレビジョン
S100TBUX,2024-04-26,2024-04-26 09:21,66190,2023-01-01,2024-01-31,ダブル・スコープ株式会社
S100TBUW,2024-04-26,2024-04-26 09:30,22170,2023-02-01,2024-01-31,モロゾフ株式会社
S100TBE1,2024-04-26,2024-04-26 09:45,39550,2023-02-01,2024-01-31,株式会社イムラ
S100TBVH,2024-04-26,2024-04-26 10:00,30710,2023-02-01,2024-01-31,株式会社ストリーム
S100TBVM,2024-04-26,2024-04-26 10:36,43340,2023-02-01,2024-01-31,株式会社ユークス
S100TBZG,2024-04-26,2024-04-26 11:18,50310,2023-02-01,2024-01-31,モイ株式会社
S100TC01,2024-04-26,2024-04-26 11:32,36570,2023-02-01,2024-01-31,ポールトゥウィンホールディングス株式会社
S100TBU8,2024-04-26,2024-04-26 13:44,68980,2023-02-01,2024-01-31,トミタ電機株式会社
S100TBSK,2024-04-26,2024-04-26 14:00,80130,2023-02-01,2024-01-31,株式会社ナイガイ
S100TC0E,2024-04-26,2024-04-26 14:48,14330,2023-02-01,2024-01-31,ベステラ株式会社
S100TC1S,2024-04-26,2024-04-26 15:00,42670,2023-02-01,2024-01-31,株式会社ライトワークス
S100TBW0,2024-04-26,2024-04-26 15:00,58880,2023-02-01,2024-01-31,ＤＡＩＷＡ　ＣＹＣＬＥ株式会社
S100TBRS,2024-04-26,2024-04-26 15:00,52480,2023-02-01,2024-01-31,株式会社テクノロジーズ
S100TBH1,2024-04-26,2024-04-26 15:00,39210,2023-02-01,2024-01-31,株式会社ネオジャパン
S100TC1Y,2024-04-26,2024-04-26 15:03,31590,2023-02-01,2024-01-31,丸善ＣＨＩホールディングス株式会社
S100TC0J,2024-04-26,2024-04-26 15:08,31690,2023-02-01,2024-01-31,株式会社ミサワ
S100TC3W,2024-04-26,2024-04-26 15:21,29970,2023-02-01,2024-01-31,株式会社ストレージ王
S100TC3U,2024-04-26,2024-04-26 15:25,70730,2023-02-01,2024-01-31,株式会社ジェイック
S100TBU3,2024-04-26,2024-04-26 15:30,29830,2023-02-01,2024-01-31,株式会社アールプランナー
S100TC50,2024-04-26,2024-04-26 15:52,91660,2023-02-01,2024-01-31,株式会社ＧＥＮＤＡ
S100TC57,2024-04-26,2024-04-26 16:13,35650,2023-02-01,2024-01-31,アセンテック株式会社
S100TC5M,2024-04-26,2024-04-26 16:22,42380,2023-02-01,2024-01-31,ミライアル株式会社
S100TC6B,2024-04-26,2024-04-26 17:08,27760,2023-02-01,2024-01-31,新都ホールディングス株式会社
S100TBUZ,2024-04-26,2024-04-26 17:11,41750,2023-02-01,2024-01-31,株式会社ｃｏｌｙ
S100TC1X,2024-04-30,2024-04-30 09:30,76740,2023-02-01,2024-01-31,株式会社ＮＡＴＴＹ　ＳＷＡＮＫＹホールディングス
S100TC6Z,2024-04-30,2024-04-30 09:37,67570,2023-02-01,2024-01-31,株式会社ＯＳＧコーポレーション
S100TC67,2024-04-30,2024-04-30 10:45,33200,2023-02-01,2024-01-31,クロスプラス株式会社
S100TBYC,2024-04-30,2024-04-30 11:26,168A0,2023-02-01,2024-01-31,株式会社イタミアート
S100TC85,2024-04-30,2024-04-30 11:41,76780,2023-04-01,2024-01-31,株式会社あさくま
S100TCBQ,2024-04-30,2024-04-30 12:53,39310,2023-02-01,2024-01-31,株式会社バリューゴルフ
S100TCBK,2024-04-30,2024-04-30 13:36,33990,2023-02-01,2024-01-31,株式会社丸千代山岡家
S100TCDN,2024-04-30,2024-04-30 15:00,58890,2023-02-01,2024-01-31,Ｊａｐａｎ　Ｅｙｅｗｅａｒ　Ｈｏｌｄｉｎｇｓ株式会社
S100TCDI,2024-04-30,2024-04-30 15:00,71960,2023-02-01,2024-01-31,株式会社Ｃａｓａ
S100TBRQ,2024-04-30,2024-04-30 15:05,76140,2023-02-01,2024-01-31,株式会社オーエムツーネットワーク
S100TCF7,2024-04-30,2024-04-30 15:48,76830,2023-02-01,2024-01-31,株式会社ダブルエー
S100TCGB,2024-04-30,2024-04-30 16:56,30570,2023-02-01,2024-01-31,株式会社ゼットン
S100TCYC,2024-05-13,2024-05-13 09:33,33330,2023-02-21,2024-02-20,株式会社あさひ
S100TF9K,2024-05-15,2024-05-15 13:33,75450,2023-02-21,2024-02-20,株式会社西松屋チェーン
S100TEV9,2024-05-15,2024-05-15 14:10,82170,2023-02-21,2024-02-20,株式会社オークワ
S100TG3H,2024-05-16,2024-05-16 09:47,99760,2023-02-21,2024-02-20,株式会社　セキチュー
S100TG6Z,2024-05-17,2024-05-17 09:05,27780,2023-02-21,2024-02-20,パレモ・ホールディングス株式会社
S100TGC6,2024-05-17,2024-05-17 09:06,82780,2023-03-01,2024-02-29,株式会社フジ
S100TGDM,2024-05-17,2024-05-17 09:10,82760,2023-02-21,2024-02-20,株式会社　平和堂
S100TGHZ,2024-05-17,2024-05-17 15:27,62790,2023-02-21,2024-02-20,株式会社瑞光
S100TGOR,2024-05-20,2024-05-20 12:05,74500,2023-03-01,2024-02-29,株式会社サンデー
S100TGLZ,2024-05-20,2024-05-20 13:25,82270,2023-02-21,2024-02-20,株式会社しまむら
S100TGUF,2024-05-21,2024-05-21 12:47,76240,2023-03-01,2024-02-29,株式会社ＮａＩＴＯ
S100TGZR,2024-05-22,2024-05-22 11:01,76490,2023-03-01,2024-02-29,スギホールディングス株式会社
S100TH19,2024-05-22,2024-05-22 11:22,67340,2023-03-01,2024-02-29,株式会社ニューテック
S100TGO1,2024-05-22,2024-05-22 11:46,82000,2023-03-01,2024-02-29,株式会社リンガーハット
S100TH6B,2024-05-22,2024-05-22 12:05,43430,2023-03-01,2024-02-29,株式会社イオンファンタジー
S100TH3U,2024-05-22,2024-05-22 12:55,26510,2023-03-01,2024-02-29,株式会社ローソン
S100TH85,2024-05-22,2024-05-22 15:22,39350,2023-03-01,2024-02-29,株式会社エディア
S100TH6K,2024-05-23,2024-05-23 09:00,75200,2023-03-01,2024-02-29,株式会社エコス
S100TH9M,2024-05-23,2024-05-23 09:03,17120,2023-03-01,2024-02-29,株式会社ダイセキ環境ソリューション
S100TGWE,2024-05-23,2024-05-23 09:23,75120,2023-03-01,2024-02-29,イオン北海道株式会社
S100TGMY,2024-05-23,2024-05-23 10:46,93810,2023-03-01,2024-02-29,株式会社エーアイテイー
S100TH4W,2024-05-23,2024-05-23 11:46,74270,2023-03-01,2024-02-29,エコートレーディング株式会社
S100TGVB,2024-05-23,2024-05-23 12:49,76790,2023-03-01,2024-02-29,株式会社薬王堂ホールディングス
S100TH34,2024-05-23,2024-05-23 12:59,82330,2023-03-01,2024-02-29,株式会社髙島屋
S100TH8O,2024-05-23,2024-05-23 13:06,82030,2023-03-01,2024-02-29,株式会社ミスターマックス・ホールディングス
S100THFJ,2024-05-23,2024-05-23 13:35,26680,2023-03-01,2024-02-29,タビオ株式会社
S100THFF,2024-05-23,2024-05-23 13:39,99740,2023-03-01,2024-02-29,株式会社ベルク
S100THC5,2024-05-23,2024-05-23 15:03,97160,2023-03-01,2024-02-29,株式会社乃村工藝社
S100THBU,2024-05-23,2024-05-23 15:06,76030,2023-03-01,2024-02-29,株式会社マックハウス
S100THDZ,2024-05-23,2024-05-23 15:42,68140,2023-03-01,2024-02-29,古野電気株式会社
S100THB9,2024-05-23,2024-05-23 15:50,74850,2023-03-01,2024-02-29,岡谷鋼機株式会社
S100TH4Z,2024-05-23,2024-05-23 16:00,96020,2023-03-01,2024-02-29,東宝株式会社
S100THHZ,2024-05-23,2024-05-23 16:31,26860,2023-03-01,2024-02-29,株式会社ジーフット
S100THGP,2024-05-23,2024-05-23 16:47,44130,2023-03-01,2024-02-29,株式会社ボードルア
S100THFR,2024-05-23,2024-05-23 16:50,33530,2023-03-01,2024-02-29,株式会社メディカル一光グループ
S100TGV5,2024-05-24,2024-05-24 09:00,97930,2023-03-01,2024-02-29,株式会社ダイセキ
S100TGSN,2024-05-24,2024-05-24 09:01,30650,2023-03-01,2024-02-29,株式会社ライフフーズ
S100THFI,2024-05-24,2024-05-24 09:06,32800,2023-03-01,2024-02-29,株式会社エストラスト
S100TH99,2024-05-24,2024-05-24 09:14,81940,2023-03-01,2024-02-29,株式会社ライフコーポレーション
S100THBO,2024-05-24,2024-05-24 09:14,81980,2023-03-01,2024-02-29,マックスバリュ東海株式会社
S100TH9O,2024-05-24,2024-05-24 09:16,79750,2023-03-01,2024-02-29,株式会社リヒトラブ
S100THM8,2024-05-24,2024-05-24 09:50,89050,2023-03-01,2024-02-29,イオンモール株式会社
S100THNN,2024-05-24,2024-05-24 10:33,27890,2023-03-01,2024-02-29,株式会社カルラ
S100THAR,2024-05-24,2024-05-24 10:34,26850,2023-03-01,2024-02-29,株式会社アダストリア
S100THKX,2024-05-24,2024-05-24 10:36,27420,2023-03-01,2024-02-29,株式会社ハローズ
S100THN6,2024-05-24,2024-05-24 10:44,89180,2023-03-01,2024-02-29,株式会社ランド
S100THNX,2024-05-24,2024-05-24 10:50,82440,2023-03-01,2024-02-29,株式会社近鉄百貨店
S100THMG,2024-05-24,2024-05-24 11:00,81670,2023-03-01,2024-02-29,株式会社リテールパートナーズ
S100THIF,2024-05-24,2024-05-24 11:06,81810,2023-03-01,2024-02-29,株式会社東天紅
S100THKV,2024-05-24,2024-05-24 11:28,82370,2023-03-01,2024-02-29,株式会社松屋
S100THID,2024-05-24,2024-05-24 12:00,14180,2023-03-01,2024-02-29,インターライフホールディングス株式会社
S100THBA,2024-05-24,2024-05-24 12:20,29180,2023-03-01,2024-02-29,わらべや日洋ホールディングス株式会社
S100THIB,2024-05-24,2024-05-24 12:29,82600,2023-03-01,2024-02-29,株式会社井筒屋
S100THMN,2024-05-24,2024-05-24 12:57,98460,2023-03-01,2024-02-29,株式会社天満屋ストア
S100THIP,2024-05-24,2024-05-24 13:13,27470,2023-03-01,2024-02-29,北雄ラッキー株式会社
S100THK4,2024-05-24,2024-05-24 13:17,76110,2023-03-01,2024-02-29,株式会社ハイデイ日高
S100THHL,2024-05-24,2024-05-24 13:49,23790,2023-03-01,2024-02-29,ディップ株式会社
S100TH4K,2024-05-24,2024-05-24 14:32,64690,2023-03-01,2024-02-29,株式会社　放電精密加工研究所
S100THD7,2024-05-24,2024-05-24 15:00,80160,2023-03-01,2024-02-29,株式会社オンワードホールディングス
S100TH9V,2024-05-24,2024-05-24 15:00,61830,2023-03-01,2024-02-29,株式会社ベルシステム２４ホールディングス
S100THQW,2024-05-24,2024-05-24 15:01,40170,2023-03-01,2024-02-29,株式会社クリーマ
S100THRU,2024-05-24,2024-05-24 15:02,36780,2023-03-01,2024-02-29,株式会社メディアドゥ
S100THH4,2024-05-24,2024-05-24 15:02,36080,2023-03-01,2024-02-29,株式会社ＴＳＩホールディングス
S100THOW,2024-05-24,2024-05-24 15:03,30830,2023-03-01,2024-02-29,株式会社シーズメン
S100THB0,2024-05-24,2024-05-24 15:08,31980,2023-03-01,2024-02-29,ＳＦＰホールディングス株式会社
S100THNM,2024-05-24,2024-05-24 15:10,45300,2023-03-01,2024-02-29,久光製薬株式会社
S100THIN,2024-05-24,2024-05-24 15:21,60860,2023-03-01,2024-02-29,シンメンテホールディングス株式会社
S100THSL,2024-05-24,2024-05-24 16:02,26830,2023-03-01,2024-02-29,株式会社魚喜
S100THJ2,2024-05-24,2024-05-24 16:18,81850,2023-03-01,2024-02-29,株式会社チヨダ
S100THPW,2024-05-24,2024-05-24 16:54,26980,2023-03-01,2024-02-29,株式会社キャンドゥ
S100THK7,2024-05-27,2024-05-27 09:03,92750,2023-03-01,2024-02-29,株式会社ナルミヤ・インターナショナル
S100THI8,2024-05-27,2024-05-27 09:10,59930,2023-03-01,2024-02-29,知多鋼業株式会社
S100THVJ,2024-05-27,2024-05-27 09:12,28820,2023-03-01,2024-02-29,株式会社イートアンドホールディングス
S100THP3,2024-05-27,2024-05-27 09:38,32220,2023-03-01,2024-02-29,ユナイテッド・スーパーマーケット・ホールディングス株式会社
S100THVW,2024-05-27,2024-05-27 09:59,98760,2023-03-01,2024-02-29,株式会社コックス
S100TH5Y,2024-05-27,2024-05-27 10:15,98350,2023-03-01,2024-02-29,株式会社ジュンテンドー
S100THYE,2024-05-27,2024-05-27 10:28,26690,2023-03-01,2024-02-29,カネ美食品株式会社
S100THV6,2024-05-27,2024-05-27 10:54,26530,2023-03-01,2024-02-29,イオン九州株式会社
S100THVQ,2024-05-27,2024-05-27 11:17,23540,2023-03-01,2024-02-29,株式会社ＹＥ　ＤＩＧＩＴＡＬ
S100THPY,2024-05-27,2024-05-27 11:39,22920,2023-03-01,2024-02-29,エスフーズ株式会社
S100THJI,2024-05-27,2024-05-27 13:53,81250,2023-03-01,2024-02-29,株式会社ワキタ
S100TI0Q,2024-05-27,2024-05-27 14:09,97780,2023-03-01,2024-02-29,株式会社昴
S100THVY,2024-05-27,2024-05-27 15:05,23370,2023-03-01,2024-02-29,いちご株式会社
S100THZN,2024-05-27,2024-05-27 15:12,68970,2023-03-01,2024-02-29,株式会社ツインバード
S100TI2A,2024-05-27,2024-05-27 15:32,85700,2023-03-01,2024-02-29,イオンフィナンシャルサービス株式会社
S100TI2Y,2024-05-27,2024-05-27 15:46,99460,2023-03-01,2024-02-29,ミニストップ株式会社
S100TI48,2024-05-27,2024-05-27 17:14,78940,2023-03-01,2024-02-29,丸東産業株式会社
S100THU8,2024-05-28,2024-05-28 09:58,30940,2023-03-01,2024-02-29,株式会社スーパーバリュー
S100TH64,2024-05-28,2024-05-28 11:46,36120,2023-04-01,2024-02-29,株式会社ワールド
S100THRE,2024-05-28,2024-05-28 13:04,52710,2023-03-01,2024-02-29,株式会社トーヨーアサノ
S100THY0,2024-05-28,2024-05-28 13:09,62240,2023-03-01,2024-02-29,株式会社ＪＲＣ
S100TI3C,2024-05-28,2024-05-28 14:20,23000,2023-03-01,2024-02-29,株式会社きょくとう
S100TICB,2024-05-28,2024-05-28 14:24,99930,2023-03-01,2024-02-29,株式会社ヤマザワ
S100T8C7,2024-05-28,2024-05-28 15:28,31810,2023-03-01,2024-02-29,株式会社買取王国
S100THY6,2024-05-28,2024-05-28 15:37,99480,2023-03-01,2024-02-29,株式会社アークス
S100TIEM,2024-05-28,2024-05-28 16:25,65720,2023-03-01,2024-02-29,ＲＰＡホールディングス株式会社
S100TI53,2024-05-28,2024-05-28 16:46,82890,2023-03-01,2024-02-29,株式会社Ｏｌｙｍｐｉｃグループ
S100THUF,2024-05-28,2024-05-28 17:12,35500,2023-03-01,2024-02-29,株式会社スタジオアタオ
S100TI8T,2024-05-29,2024-05-29 09:05,23050,2023-03-01,2024-02-29,株式会社スタジオアリス
S100THZK,2024-05-29,2024-05-29 09:41,23410,2023-03-01,2024-02-29,株式会社アルバイトタイムス
S100TIEN,2024-05-29,2024-05-29 10:00,98610,2023-03-01,2024-02-29,株式会社吉野家ホールディングス
S100TIFV,2024-05-29,2024-05-29 10:03,75990,2023-03-01,2024-02-29,株式会社ＩＤＯＭ
S100TIC5,2024-05-29,2024-05-29 10:04,39770,2023-03-01,2024-02-29,フュージョン株式会社
S100TIJL,2024-05-29,2024-05-29 10:23,48910,2023-03-01,2024-02-29,㈱ティムス
S100TIJV,2024-05-29,2024-05-29 10:38,26590,2023-03-01,2024-02-29,株式会社サンエー
S100TIGP,2024-05-29,2024-05-29 11:00,47140,2023-03-01,2024-02-29,株式会社　リソー教育
S100TIIX,2024-05-29,2024-05-29 12:05,33820,2023-03-01,2024-02-29,株式会社セブン＆アイ・ホールディングス
S100TIHK,2024-05-29,2024-05-29 12:19,82470,2023-03-01,2024-02-29,株式会社大和
S100TINN,2024-05-29,2024-05-29 14:29,32230,2023-03-01,2024-02-29,株式会社エスエルディー
S100THAJ,2024-05-29,2024-05-29 14:30,32600,2023-03-01,2024-02-29,株式会社エスポア
S100TIPV,2024-05-29,2024-05-29 14:56,26870,2023-03-01,2024-02-29,株式会社シー・ヴイ・エス・ベイエリア
S100TIDG,2024-05-29,2024-05-29 15:00,44940,2023-03-01,2024-02-29,バリオセキュア株式会社
S100TICV,2024-05-29,2024-05-29 15:00,39220,2023-03-01,2024-02-29,株式会社ＰＲ　ＴＩＭＥＳ
S100TIDJ,2024-05-29,2024-05-29 15:00,44340,2023-03-01,2024-02-29,株式会社サーバーワークス
S100TIM5,2024-05-29,2024-05-29 15:00,30860,2023-03-01,2024-02-29,Ｊ．フロント　リテイリング株式会社
S100TI4B,2024-05-29,2024-05-29 15:05,65320,2023-03-01,2024-02-29,株式会社ベイカレント・コンサルティング
S100TI0Y,2024-05-29,2024-05-29 15:06,30930,2023-03-01,2024-02-29,株式会社トレジャー・ファクトリー
S100TIQ3,2024-05-29,2024-05-29 15:21,38260,2023-03-01,2024-02-29,株式会社システムインテグレータ
S100TI82,2024-05-29,2024-05-29 15:30,29300,2023-03-01,2024-02-29,株式会社北の達人コーポレーション
S100TIRG,2024-05-29,2024-05-29 15:35,35430,2023-03-01,2024-02-29,株式会社コメダホールディングス
S100TIE9,2024-05-29,2024-05-29 15:38,93880,2023-03-01,2024-02-29,株式会社パパネッツ
S100TIR2,2024-05-29,2024-05-29 15:46,78070,2023-03-01,2024-02-29,株式会社幸和製作所
S100TIMV,2024-05-29,2024-05-29 15:51,96010,2023-03-01,2024-02-29,松竹株式会社
S100TIPX,2024-05-29,2024-05-29 16:08,28720,2023-03-01,2024-02-29,株式会社セイヒョー
S100TIFB,2024-05-29,2024-05-29 16:14,30870,2023-03-01,2024-02-29,株式会社ドトール・日レスホールディングス
S100THOT,2024-05-29,2024-05-29 16:27,31410,2023-03-01,2024-02-29,ウエルシアホールディングス株式会社
S100TIGC,2024-05-29,2024-05-29 16:28,78290,2023-03-01,2024-02-29,株式会社サマンサタバサジャパンリミテッド
S100TISJ,2024-05-29,2024-05-29 16:29,64320,2023-03-01,2024-02-29,株式会社竹内製作所
S100TITA,2024-05-29,2024-05-29 16:50,27980,2023-03-01,2024-02-29,株式会社ワイズテーブルコーポレーション
S100TH41,2024-05-29,2024-05-29 17:00,135A0,2023-03-01,2024-02-29,株式会社ＶＲＡＩＮ　Ｓｏｌｕｔｉｏｎ
S100TITV,2024-05-30,2024-05-30 09:26,89310,2023-03-01,2024-02-29,和田興産株式会社
S100TG6G,2024-05-30,2024-05-30 09:55,82670,2023-03-01,2024-02-29,イオン株式会社
S100TI8V,2024-05-30,2024-05-30 09:58,92530,2023-03-01,2024-02-29,スローガン株式会社
S100TITJ,2024-05-30,2024-05-30 10:16,76300,2023-03-01,2024-02-29,株式会社壱番屋
S100TI4N,2024-05-30,2024-05-30 10:44,30300,2023-03-01,2024-02-29,株式会社ハブ
S100TFVA,2024-05-30,2024-05-30 10:57,33840,2023-03-01,2024-02-29,株式会社アークコア
S100TIXZ,2024-05-30,2024-05-30 11:17,27260,2023-03-01,2024-02-29,株式会社パルグループホールディングス
S100TIZD,2024-05-30,2024-05-30 11:20,43170,2023-03-01,2024-02-29,株式会社レイ
S100TIG3,2024-05-30,2024-05-30 11:26,26700,2023-03-01,2024-02-29,株式会社エービーシー・マート
S100TIZT,2024-05-30,2024-05-30 11:31,29360,2023-03-01,2024-02-29,ベースフード株式会社
S100TIS7,2024-05-30,2024-05-30 11:35,30800,2023-03-01,2024-02-29,株式会社ジェーソン
S100TJ0D,2024-05-30,2024-05-30 11:35,49200,2023-03-01,2024-02-29,株式会社日本色材工業研究所
S100TJ0G,2024-05-30,2024-05-30 11:41,65060,2023-03-01,2024-02-29,株式会社安川電機
S100TJ1T,2024-05-30,2024-05-30 12:48,47450,2023-03-01,2024-02-29,株式会社東京個別指導学院
S100TJ2B,2024-05-30,2024-05-30 13:03,76890,2023-03-01,2024-02-29,株式会社コパ・コーポレーション
S100TIS0,2024-05-30,2024-05-30 13:07,35460,2023-03-01,2024-02-29,アレンザホールディングス株式会社
S100TJ0L,2024-05-30,2024-05-30 13:14,61420,2023-03-01,2024-02-29,富士精工株式会社
S100TIC8,2024-05-30,2024-05-30 13:30,76010,2023-03-01,2024-02-29,株式会社ポプラ
S100TJ2X,2024-05-30,2024-05-30 13:44,78110,2023-03-01,2024-02-29,中本パックス株式会社
S100TIO3,2024-05-30,2024-05-30 13:49,46450,2023-03-01,2024-02-29,株式会社市進ホールディングス
S100TJ3C,2024-05-30,2024-05-30 13:50,36270,2023-03-01,2024-02-29,テクミラホールディングス株式会社
S100TIZ5,2024-05-30,2024-05-30 14:10,81430,2023-03-01,2024-02-29,株式会社ラピーヌ
S100TIZM,2024-05-30,2024-05-30 14:26,33960,2023-03-01,2024-02-29,株式会社フェリシモ
S100TFVY,2024-05-30,2024-05-30 14:53,33870,2023-03-01,2024-02-29,株式会社クリエイト・レストランツ・ホールディングス
S100TIPS,2024-05-30,2024-05-30 15:00,42700,2023-03-01,2024-02-29,株式会社ＢｅｅＸ
S100TIWU,2024-05-30,2024-05-30 15:00,31920,2023-03-01,2024-02-29,株式会社白鳩
S100TITL,2024-05-30,2024-05-30 15:01,50250,2023-03-01,2024-02-29,株式会社マーキュリーリアルテックイノベーター
S100TI5X,2024-05-30,2024-05-30 15:03,29350,2023-03-01,2024-02-29,株式会社ピックルスホールディングス
S100TIQA,2024-05-30,2024-05-30 15:08,93260,2023-03-01,2024-02-29,株式会社関通
S100TJ10,2024-05-30,2024-05-30 15:12,61820,2023-03-01,2024-02-29,株式会社メタリアル
S100TJ5K,2024-05-30,2024-05-30 15:30,34900,2023-03-01,2024-02-29,株式会社アズ企画設計
S100TIWV,2024-05-30,2024-05-30 15:30,70490,2023-03-01,2024-02-29,株式会社識学
S100TJ42,2024-05-30,2024-05-30 15:30,21860,2023-03-01,2024-02-29,ソーバル株式会社
S100TIY8,2024-05-30,2024-05-30 15:33,60930,2023-03-01,2024-02-29,株式会社エスクロー・エージェント・ジャパン
S100TIUZ,2024-05-30,2024-05-30 15:46,47630,2023-03-01,2024-02-29,株式会社クリーク・アンド・リバー社
S100TIWW,2024-05-30,2024-05-30 15:46,59820,2023-03-01,2024-02-29,株式会社マルゼン
S100TIVP,2024-05-30,2024-05-30 15:49,65780,2023-03-01,2024-02-29,株式会社コレック
S100TJ40,2024-05-30,2024-05-30 16:00,30730,2023-03-01,2024-02-29,株式会社ＤＤグループ
S100TIUC,2024-05-30,2024-05-30 16:00,44290,2023-03-01,2024-02-29,リックソフト株式会社
S100TJ6Z,2024-05-30,2024-05-30 16:01,35620,2023-03-01,2024-02-29,株式会社Ｎｏ．１
S100TJ4N,2024-05-30,2024-05-30 16:04,65210,2023-03-01,2024-02-29,株式会社オキサイド
S100TISC,2024-05-30,2024-05-30 16:08,50180,2023-03-01,2024-02-29,株式会社ＭＯＲＥＳＣＯ
S100TIGL,2024-05-30,2024-05-30 16:12,65550,2023-03-01,2024-02-29,株式会社ＭＳ＆Ｃｏｎｓｕｌｔｉｎｇ
S100TJ5L,2024-05-30,2024-05-30 16:37,39670,2023-03-01,2024-02-29,株式会社エルテス
S100TIVQ,2024-05-30,2024-05-30 16:39,65430,2023-03-01,2024-02-29,株式会社日宣
S100TIHQ,2024-05-30,2024-05-30 16:46,23380,2023-03-01,2024-02-29,クオンタムソリューションズ株式会社
S100TJ92,2024-05-30,2024-05-30 16:52,58170,2023-03-01,2024-02-29,ＪＭＡＣＳ株式会社
S100TJ94,2024-05-30,2024-05-30 17:00,81660,2023-03-01,2024-02-29,株式会社タカキュー
S100TJ5Q,2024-05-31,2024-05-31 09:06,70770,2023-03-01,2024-02-29,株式会社ＡＬｉＮＫインターネット
S100TJ6A,2024-05-31,2024-05-31 09:06,30500,2023-03-01,2024-02-29,ＤＣＭホールディングス株式会社
S100TII6,2024-05-31,2024-05-31 09:19,78470,2023-03-01,2024-02-29,株式会社グラファイトデザイン
S100TJCG,2024-05-31,2024-05-31 09:23,44320,2023-03-01,2024-02-29,ウイングアーク１ｓｔ株式会社
S100TJCI,2024-05-31,2024-05-31 09:28,63230,2023-03-01,2024-02-29,ローツェ株式会社
S100TJ8O,2024-05-31,2024-05-31 09:53,30630,2023-03-01,2024-02-29,株式会社ジェイグループホールディングス
S100TJDA,2024-05-31,2024-05-31 09:56,76080,2023-03-01,2024-02-29,株式会社エスケイジャパン
S100TIGG,2024-05-31,2024-05-31 10:22,99030,2023-03-01,2024-02-29,株式会社カンセキ
S100TJD7,2024-05-31,2024-05-31 11:26,50780,2023-03-01,2024-02-29,株式会社セレコーポレーション
S100TJFJ,2024-05-31,2024-05-31 11:36,73570,2023-03-01,2024-02-29,株式会社ジオコード
S100TJGS,2024-05-31,2024-05-31 12:17,31770,2023-03-01,2024-02-29,株式会社ありがとうサービス
S100TJGO,2024-05-31,2024-05-31 12:56,97400,2023-03-01,2024-02-29,セントラル警備保障株式会社
S100TJ6R,2024-05-31,2024-05-31 13:09,97870,2023-03-01,2024-02-29,イオンディライト株式会社
S100TIB8,2024-05-31,2024-05-31 13:09,39960,2023-03-01,2024-02-29,サインポスト株式会社
S100TJ4O,2024-05-31,2024-05-31 13:28,99820,2023-03-01,2024-02-29,タキヒヨー株式会社
S100TJHP,2024-05-31,2024-05-31 13:47,98420,2023-03-01,2024-02-29,アークランズ株式会社
S100TJHT,2024-05-31,2024-05-31 13:55,92380,2023-03-01,2024-02-29,バリュークリエーション株式会社
S100TJHX,2024-05-31,2024-05-31 14:01,80110,2023-03-01,2024-02-29,株式会社三陽商会
S100TILF,2024-05-31,2024-05-31 14:03,96610,2023-03-01,2024-02-29,株式会社歌舞伎座
S100TJGQ,2024-05-31,2024-05-31 14:19,76100,2023-03-01,2024-02-29,株式会社テイツー
S100THLJ,2024-05-31,2024-05-31 14:30,75150,2023-03-01,2024-02-29,株式会社マルヨシセンター
S100TJA9,2024-05-31,2024-05-31 14:30,61730,2023-03-01,2024-02-29,株式会社アクアライン
S100TIOO,2024-05-31,2024-05-31 15:00,80050,2023-04-01,2024-03-31,株式会社スクロール
S100TJAS,2024-05-31,2024-05-31 15:00,60580,2023-03-01,2024-02-29,株式会社ベクトル
S100TJAZ,2024-05-31,2024-05-31 15:00,39150,2023-03-01,2024-02-29,株式会社テラスカイ
S100TJJ4,2024-05-31,2024-05-31 15:02,80080,2023-03-01,2024-02-29,株式会社ヨンドシーホールディングス
S100TJB3,2024-05-31,2024-05-31 15:06,35580,2023-03-01,2024-02-29,ジェイドグループ株式会社
S100TJ4L,2024-05-31,2024-05-31 15:07,35480,2023-03-01,2024-02-29,株式会社バロックジャパンリミテッド
S100TH60,2024-05-31,2024-05-31 15:18,59000,2023-03-01,2024-02-29,株式会社ダイケン
S100TJG3,2024-05-31,2024-05-31 15:19,34790,2023-03-01,2024-02-29,株式会社ティーケーピー
S100TJH4,2024-05-31,2024-05-31 15:27,91680,2023-03-01,2024-02-29,株式会社ライズ・コンサルティング・グループ
S100TJJL,2024-05-31,2024-05-31 15:30,41730,2023-03-01,2024-02-29,株式会社ＷＡＣＵＬ
S100TJK1,2024-05-31,2024-05-31 15:34,75160,2023-03-01,2024-02-29,コーナン商事株式会社
S100TJA4,2024-05-31,2024-05-31 15:36,35570,2023-03-01,2024-02-29,ユナイテッド＆コレクティブ株式会社
S100TJK6,2024-05-31,2024-05-31 15:36,75440,2023-03-01,2024-02-29,株式会社スリーエフ
S100TJK8,2024-05-31,2024-05-31 15:48,28840,2023-03-01,2024-02-29,株式会社ヨシムラ・フード・ホールディングス
S100TIRP,2024-05-31,2024-05-31 15:57,79080,2023-04-01,2024-03-31,株式会社きもと
S100TJI1,2024-05-31,2024-05-31 16:39,44900,2023-03-01,2024-02-29,株式会社ビザスク
S100TIX3,2024-05-31,2024-05-31 16:43,77190,2023-03-01,2024-02-29,株式会社東京衡機
S100TJL9,2024-05-31,2024-05-31 16:51,63120,2023-03-01,2024-02-29,フロイント産業株式会社
S100TJIP,2024-06-07,2024-06-07 10:12,92570,2023-01-01,2023-12-31,ＹＣＰホールディングス（グローバル）リミテッド
S100TKA9,2024-06-07,2024-06-07 13:40,59900,2023-03-16,2024-03-15,株式会社スーパーツール
S100TKZF,2024-06-10,2024-06-10 16:46,48750,2023-01-01,2023-12-31,メディシノバ・インク
S100TKQK,2024-06-11,2024-06-11 10:05,83660,2023-04-01,2024-03-31,株式会社滋賀銀行
S100TLCL,2024-06-12,2024-06-12 09:55,86970,2023-04-01,2024-03-31,株式会社日本取引所グループ
S100TLBC,2024-06-12,2024-06-12 10:43,82850,2023-04-01,2024-03-31,三谷産業株式会社
S100TLQX,2024-06-13,2024-06-13 10:00,26640,2023-03-16,2024-03-15,株式会社カワチ薬品
S100TLCC,2024-06-13,2024-06-13 10:24,81900,2023-03-21,2024-03-20,株式会社ヤマナカ
S100TLRE,2024-06-13,2024-06-13 12:57,49290,2023-03-21,2024-03-20,株式会社アジュバンホールディングス
S100TLOP,2024-06-13,2024-06-13 13:15,99500,2023-03-21,2024-03-20,株式会社ハチバン
S100TLTQ,2024-06-13,2024-06-13 13:43,69950,2023-04-01,2024-03-31,株式会社東海理化電機製作所
S100TLRO,2024-06-13,2024-06-13 14:41,81140,2023-04-01,2024-03-31,株式会社デサント
S100TLJA,2024-06-13,2024-06-13 15:03,94360,2023-04-01,2024-03-31,沖縄セルラー電話株式会社
S100TLR0,2024-06-13,2024-06-13 16:10,87950,2023-04-01,2024-03-31,株式会社Ｔ＆Ｄホールディングス
S100TLL3,2024-06-13,2024-06-13 16:30,40620,2023-04-01,2024-03-31,イビデン株式会社
S100TLSA,2024-06-13,2024-06-13 16:44,42620,2023-04-01,2024-03-31,ニフティライフスタイル株式会社
S100TM6Q,2024-06-14,2024-06-14 09:06,90640,2023-04-01,2024-03-31,ヤマトホールディングス株式会社
S100TLFA,2024-06-14,2024-06-14 09:43,78570,2023-04-01,2024-03-31,セキ株式会社
S100TM5Y,2024-06-14,2024-06-14 10:10,96860,2023-04-01,2024-03-31,東洋テック株式会社
S100TLHX,2024-06-14,2024-06-14 14:14,97260,2023-04-01,2024-03-31,ＫＮＴ－ＣＴホールディングス株式会社
S100TLK2,2024-06-14,2024-06-14 15:00,30920,2023-04-01,2024-03-31,株式会社ＺＯＺＯ
S100TLV5,2024-06-14,2024-06-14 15:07,43450,2023-04-01,2024-03-31,株式会社シーティーエス
S100TM93,2024-06-14,2024-06-14 15:07,45230,2023-04-01,2024-03-31,エーザイ株式会社
S100TM9D,2024-06-14,2024-06-14 15:17,90460,2023-04-01,2024-03-31,神戸電鉄株式会社
S100TLSR,2024-06-14,2024-06-14 15:29,72830,2023-04-01,2024-03-31,愛三工業株式会社
S100TMIB,2024-06-14,2024-06-14 17:05,96120,2023-01-01,2023-12-31,株式会社ラックランド
S100TMG7,2024-06-17,2024-06-17 09:00,79310,2023-03-21,2024-03-20,未来工業株式会社
S100TMO7,2024-06-17,2024-06-17 09:16,90400,2023-03-21,2024-03-20,大宝運輸株式会社
S100TLFZ,2024-06-17,2024-06-17 09:31,58310,2023-04-01,2024-03-31,株式会社しずおかフィナンシャルグループ
S100TMOR,2024-06-17,2024-06-17 09:56,90390,2023-04-01,2024-03-31,株式会社サカイ引越センター
S100TMC4,2024-06-17,2024-06-17 10:37,90420,2023-04-01,2024-03-31,阪急阪神ホールディングス株式会社
S100TMF4,2024-06-17,2024-06-17 11:01,17380,2023-04-01,2024-03-31,株式会社ニットー
S100TMPX,2024-06-17,2024-06-17 11:35,72500,2023-04-01,2024-03-31,太平洋工業株式会社
S100TMEU,2024-06-17,2024-06-17 12:00,46260,2023-04-01,2024-03-31,太陽ホールディングス株式会社
S100TMSD,2024-06-17,2024-06-17 12:17,43730,2023-04-01,2024-03-31,シンプレクス・ホールディングス株式会社
S100TML5,2024-06-17,2024-06-17 13:30,66520,2023-04-01,2024-03-31,ＩＤＥＣ株式会社
S100TMQY,2024-06-17,2024-06-17 14:16,63450,2023-04-01,2024-03-31,株式会社アイチコーポレーション
S100TMKR,2024-06-17,2024-06-17 15:00,47260,2023-04-01,2024-03-31,ＳＢテクノロジー株式会社
S100TM1W,2024-06-17,2024-06-17 15:01,68610,2023-03-21,2024-03-20,株式会社キーエンス
S100TM4A,2024-06-17,2024-06-17 15:05,46890,2023-04-01,2024-03-31,ＬＩＮＥヤフー株式会社
S100TLVV,2024-06-17,2024-06-17 15:11,45680,2023-04-01,2024-03-31,第一三共株式会社
S100TMA8,2024-06-17,2024-06-17 15:15,90290,2023-04-01,2024-03-31,株式会社ヒガシトゥエンティワン
S100TMN5,2024-06-17,2024-06-17 15:16,72820,2023-04-01,2024-03-31,豊田合成株式会社
S100TMXI,2024-06-17,2024-06-17 15:30,44980,2023-04-01,2024-03-31,サイバートラスト株式会社
S100TMKM,2024-06-17,2024-06-17 15:30,86280,2023-04-01,2024-03-31,松井証券株式会社
S100TMNK,2024-06-17,2024-06-17 15:47,71800,2023-04-01,2024-03-31,株式会社九州フィナンシャルグループ
S100TMCR,2024-06-17,2024-06-17 15:53,43100,2023-04-01,2024-03-31,株式会社ドリームインキュベータ
S100TN0Z,2024-06-18,2024-06-18 10:10,81310,2023-04-01,2024-03-31,株式会社ミツウロコグループホールディングス
S100TLVE,2024-06-18,2024-06-18 10:45,63010,2023-04-01,2024-03-31,株式会社小松製作所
S100TN26,2024-06-18,2024-06-18 10:55,73810,2023-04-01,2024-03-31,株式会社北國フィナンシャルホールディングス
S100TMUS,2024-06-18,2024-06-18 10:58,96190,2023-04-01,2024-03-31,株式会社イチネンホールディングス
S100TMZV,2024-06-18,2024-06-18 11:57,71640,2023-04-01,2024-03-31,全国保証株式会社
S100TMDS,2024-06-18,2024-06-18 13:00,84100,2023-04-01,2024-03-31,株式会社セブン銀行
S100TNA4,2024-06-18,2024-06-18 13:06,42490,2023-04-01,2024-03-31,森六ホールディングス株式会社
S100TMXO,2024-06-18,2024-06-18 13:08,75060,2023-04-01,2024-03-31,株式会社　ハウス　オブ　ローゼ
S100TMWM,2024-06-18,2024-06-18 13:08,59060,2023-03-21,2024-03-20,エムケー精工株式会社
S100TN44,2024-06-18,2024-06-18 13:10,49510,2023-04-01,2024-03-31,エステー株式会社
S100TMSF,2024-06-18,2024-06-18 13:10,52040,2023-03-21,2024-03-20,石塚硝子株式会社
S100TN3C,2024-06-18,2024-06-18 14:40,96630,2023-04-01,2024-03-31,株式会社ナガワ
S100TN4O,2024-06-18,2024-06-18 14:40,96400,2023-04-01,2024-03-31,株式会社セゾンテクノロジー
S100TNC9,2024-06-18,2024-06-18 14:47,59300,2023-04-01,2024-03-31,文化シヤッター株式会社
S100TN37,2024-06-18,2024-06-18 14:50,90370,2023-04-01,2024-03-31,株式会社ハマキョウレックス
S100TMUB,2024-06-18,2024-06-18 14:57,27680,2023-04-01,2024-03-31,双日株式会社
S100TK6J,2024-06-18,2024-06-18 15:02,71630,2023-04-01,2024-03-31,住信ＳＢＩネット銀行株式会社
S100TM39,2024-06-18,2024-06-18 15:10,80350,2023-04-01,2024-03-31,東京エレクトロン株式会社
S100TNEF,2024-06-18,2024-06-18 15:24,34840,2023-04-01,2024-03-31,株式会社テンポイノベーション
S100TMSZ,2024-06-18,2024-06-18 15:30,70470,2023-04-01,2024-03-31,ポート株式会社
S100TMAD,2024-06-18,2024-06-18 15:31,31780,2023-04-01,2024-03-31,チムニー株式会社
S100TN0N,2024-06-18,2024-06-18 15:33,68410,2023-04-01,2024-03-31,横河電機株式会社
S100TNEL,2024-06-18,2024-06-18 15:53,98780,2023-03-21,2024-03-20,株式会社　セキド
S100TMOP,2024-06-18,2024-06-18 15:53,49560,2023-04-01,2024-03-31,コニシ株式会社
S100TMYO,2024-06-18,2024-06-18 16:02,22200,2023-04-01,2024-03-31,亀田製菓株式会社
S100TNBX,2024-06-18,2024-06-18 16:37,71570,2023-04-01,2024-03-31,ライフネット生命保険株式会社
S100TNEG,2024-06-19,2024-06-19 09:20,58320,2023-04-01,2024-03-31,株式会社ちゅうぎんフィナンシャルグループ
S100TK3T,2024-06-19,2024-06-19 09:25,80140,2023-04-01,2024-03-31,蝶理株式会社
S100TNEU,2024-06-19,2024-06-19 09:26,72680,2023-04-01,2024-03-31,株式会社タツミ
S100TNDT,2024-06-19,2024-06-19 09:31,46790,2023-04-01,2024-03-31,株式会社　田　谷
S100TN6I,2024-06-19,2024-06-19 09:41,98850,2023-04-01,2024-03-31,株式会社　シャルレ
S100TN1U,2024-06-19,2024-06-19 10:00,90580,2023-04-01,2024-03-31,トランコム株式会社
S100TNGG,2024-06-19,2024-06-19 10:02,71860,2023-04-01,2024-03-31,株式会社コンコルディア・フィナンシャルグループ
S100TMPA,2024-06-19,2024-06-19 10:05,45440,2023-04-01,2024-03-31,Ｈ．Ｕ．グループホールディングス株式会社
S100TN18,2024-06-19,2024-06-19 10:13,17260,2023-04-01,2024-03-31,株式会社ビーアールホールディングス
S100TNCN,2024-06-19,2024-06-19 10:26,33520,2023-04-01,2024-03-31,株式会社バッファロー
S100TN9M,2024-06-19,2024-06-19 11:17,65160,2023-04-01,2024-03-31,山洋電気株式会社
S100TNRH,2024-06-19,2024-06-19 11:46,19670,2023-03-21,2024-03-20,株式会社ヤマト
S100TNM1,2024-06-19,2024-06-19 12:24,91010,2023-04-01,2024-03-31,日本郵船株式会社
S100TM8G,2024-06-19,2024-06-19 12:37,23710,2023-04-01,2024-03-31,株式会社カカクコム
S100TN6N,2024-06-19,2024-06-19 12:39,62940,2023-04-01,2024-03-31,オカダアイヨン株式会社
S100TNJH,2024-06-19,2024-06-19 12:55,61010,2023-04-01,2024-03-31,株式会社ツガミ
S100TN5P,2024-06-19,2024-06-19 13:04,56090,2023-04-01,2024-03-31,日本鋳造株式会社
S100TNCY,2024-06-19,2024-06-19 13:05,85950,2023-04-01,2024-03-31,ジャフコ　グループ株式会社
S100TNF4,2024-06-19,2024-06-19 13:10,80930,2023-04-01,2024-03-31,極東貿易株式会社
S100TMQQ,2024-06-19,2024-06-19 13:14,49600,2023-04-01,2024-03-31,ケミプロ化成株式会社
S100TNTY,2024-06-19,2024-06-19 13:16,33710,2023-04-01,2024-03-31,株式会社ソフトクリエイトホールディングス
S100TND7,2024-06-19,2024-06-19 13:32,80310,2023-04-01,2024-03-31,三井物産株式会社
S100TNUK,2024-06-19,2024-06-19 13:48,84110,2023-04-01,2024-03-31,株式会社みずほフィナンシャルグループ
S100TMZW,2024-06-19,2024-06-19 13:55,60350,2023-04-01,2024-03-31,株式会社アイ・アールジャパンホールディングス
S100TNI0,2024-06-19,2024-06-19 14:04,98890,2023-04-01,2024-03-31,ＪＢＣＣホールディングス株式会社
S100TN9Q,2024-06-19,2024-06-19 14:04,65900,2023-04-01,2024-03-31,芝浦メカトロニクス株式会社
S100TNKE,2024-06-19,2024-06-19 14:11,79710,2023-04-01,2024-03-31,東リ株式会社
S100TNEQ,2024-06-19,2024-06-19 14:12,81330,2023-04-01,2024-03-31,伊藤忠エネクス株式会社
S100TNWB,2024-06-19,2024-06-19 14:14,28830,2023-04-01,2024-03-31,株式会社大冷
S100TNOB,2024-06-19,2024-06-19 14:21,80650,2023-04-01,2024-03-31,佐藤商事株式会社
S100TNTZ,2024-06-19,2024-06-19 14:24,63490,2023-04-01,2024-03-31,株式会社小森コーポレーション
S100TNE0,2024-06-19,2024-06-19 14:36,72670,2023-04-01,2024-03-31,本田技研工業株式会社
S100TNLE,2024-06-19,2024-06-19 14:37,87130,2023-04-01,2024-03-31,フィデアホールディングス株式会社
S100TMYQ,2024-06-19,2024-06-19 14:41,49020,2023-04-01,2024-03-31,コニカミノルタ株式会社
S100TNIH,2024-06-19,2024-06-19 14:44,61610,2023-03-21,2024-03-20,株式会社エスティック
S100TNDE,2024-06-19,2024-06-19 14:45,77740,2023-04-01,2024-03-31,株式会社ジャパン・ティッシュエンジニアリング
S100TN6Q,2024-06-19,2024-06-19 14:55,54060,2023-04-01,2024-03-31,株式会社　神戸製鋼所
S100TNGJ,2024-06-19,2024-06-19 15:00,92010,2023-04-01,2024-03-31,日本航空株式会社
S100TMV2,2024-06-19,2024-06-19 15:00,90450,2023-04-01,2024-03-31,京阪ホールディングス株式会社
S100TNS5,2024-06-19,2024-06-19 15:02,21810,2023-04-01,2024-03-31,パーソルホールディングス株式会社
S100TNIA,2024-06-19,2024-06-19 15:04,75750,2023-04-01,2024-03-31,日本ライフライン株式会社
S100TNDP,2024-06-19,2024-06-19 15:09,58570,2023-04-01,2024-03-31,ＡＲＥホールディングス株式会社
S100TMLR,2024-06-19,2024-06-19 15:10,96250,2023-04-01,2024-03-31,株式会社セレスポ
S100TME8,2024-06-19,2024-06-19 15:18,81300,2023-04-01,2024-03-31,株式会社サンゲツ
S100TNH2,2024-06-19,2024-06-19 15:24,83610,2023-04-01,2024-03-31,株式会社　大垣共立銀行
S100TNKA,2024-06-19,2024-06-19 15:29,96910,2023-04-01,2024-03-31,株式会社両毛システムズ
S100TNJC,2024-06-19,2024-06-19 15:30,48330,2023-04-01,2024-03-31,株式会社Ｓｕｃｃｅｓｓ　Ｈｏｌｄｅｒｓ
S100TNGQ,2024-06-19,2024-06-19 15:32,44160,2023-04-01,2024-03-31,株式会社Ｔｒｕｅ　Ｄａｔａ
S100TNYS,2024-06-19,2024-06-19 15:37,24680,2023-04-01,2024-03-31,株式会社フュートレック
S100TNGX,2024-06-19,2024-06-19 15:42,65940,2023-04-01,2024-03-31,ニデック株式会社
S100TNM4,2024-06-19,2024-06-19 15:47,68070,2023-04-01,2024-03-31,日本航空電子工業株式会社
S100TNK2,2024-06-19,2024-06-19 15:59,19690,2023-04-01,2024-03-31,高砂熱学工業株式会社
S100TO0C,2024-06-19,2024-06-19 16:06,62010,2023-04-01,2024-03-31,株式会社豊田自動織機
S100TMH6,2024-06-19,2024-06-19 16:14,96130,2023-04-01,2024-03-31,株式会社ＮＴＴデータグループ
S100TNTL,2024-06-19,2024-06-19 16:21,82530,2023-04-01,2024-03-31,株式会社クレディセゾン
S100TNHQ,2024-06-19,2024-06-19 16:41,78710,2023-04-01,2024-03-31,フクビ化学工業株式会社
S100TO87,2024-06-20,2024-06-20 09:00,19640,2023-04-01,2024-03-31,中外炉工業株式会社
S100TN0I,2024-06-20,2024-06-20 09:03,88600,2023-04-01,2024-03-31,フジ住宅株式会社
S100TN9T,2024-06-20,2024-06-20 09:03,40910,2023-04-01,2024-03-31,日本酸素ホールディングス株式会社
S100TMV9,2024-06-20,2024-06-20 09:06,38410,2023-04-01,2024-03-31,株式会社ジーダット
S100TNZR,2024-06-20,2024-06-20 09:07,99140,2023-03-21,2024-03-20,株式会社　植松商会
S100TN8T,2024-06-20,2024-06-20 09:13,63220,2023-04-01,2024-03-31,株式会社タクミナ
S100TO5A,2024-06-20,2024-06-20 09:37,40820,2023-04-01,2024-03-31,第一稀元素化学工業株式会社
S100TM0V,2024-06-20,2024-06-20 09:38,30360,2023-04-01,2024-03-31,アルコニックス株式会社
S100TNW0,2024-06-20,2024-06-20 09:42,72960,2023-04-01,2024-03-31,株式会社エフ・シー・シー
S100TOCL,2024-06-20,2024-06-20 09:48,59330,2023-03-21,2024-03-20,アルインコ株式会社
S100TO5V,2024-06-20,2024-06-20 09:52,43810,2023-04-01,2024-03-31,ビープラッツ株式会社
S100TMRF,2024-06-20,2024-06-20 09:55,17620,2023-04-01,2024-03-31,株式会社髙松コンストラクショングループ
S100TNQ1,2024-06-20,2024-06-20 10:00,80880,2023-04-01,2024-03-31,岩谷産業株式会社
S100TO0V,2024-06-20,2024-06-20 10:18,40630,2023-04-01,2024-03-31,信越化学工業株式会社
S100TO0S,2024-06-20,2024-06-20 10:21,64020,2023-04-01,2024-03-31,兼松エンジニアリング株式会社
S100TNYX,2024-06-20,2024-06-20 10:22,14510,2023-04-01,2024-03-31,株式会社ＫＨＣ
S100TO3M,2024-06-20,2024-06-20 10:37,23270,2023-04-01,2024-03-31,日鉄ソリューションズ株式会社
S100TO0E,2024-06-20,2024-06-20 10:41,31160,2023-04-01,2024-03-31,トヨタ紡織株式会社
S100TLP1,2024-06-20,2024-06-20 10:52,22670,2023-04-01,2024-03-31,株式会社ヤクルト本社
S100TNFM,2024-06-20,2024-06-20 11:02,87140,2023-04-01,2024-03-31,株式会社池田泉州ホールディングス
S100TN7A,2024-06-20,2024-06-20 11:08,49970,2023-04-01,2024-03-31,日本農薬株式会社
S100TO2B,2024-06-20,2024-06-20 11:10,94080,2023-04-01,2024-03-31,株式会社ＢＳＮメディアホールディングス
S100TOGI,2024-06-20,2024-06-20 11:11,27600,2023-04-01,2024-03-31,東京エレクトロンデバイス株式会社
S100TNLU,2024-06-20,2024-06-20 11:11,83640,2023-04-01,2024-03-31,株式会社清水銀行
S100TNNM,2024-06-20,2024-06-20 11:17,36480,2023-04-01,2024-03-31,ＡＧＳ株式会社
S100TO1I,2024-06-20,2024-06-20 11:29,72120,2023-04-01,2024-03-31,株式会社エフテック
S100TNO4,2024-06-20,2024-06-20 11:31,98880,2023-04-01,2024-03-31,株式会社ＵＥＸ
S100TO5L,2024-06-20,2024-06-20 12:02,43880,2023-04-01,2024-03-31,株式会社エーアイ
S100TNTM,2024-06-20,2024-06-20 12:54,79950,2023-04-01,2024-03-31,株式会社バルカー
S100TNUI,2024-06-20,2024-06-20 13:03,54460,2023-04-01,2024-03-31,北越メタル株式会社
S100TOMK,2024-06-20,2024-06-20 13:06,39690,2023-04-01,2024-03-31,株式会社エイトレッド
S100TLQW,2024-06-20,2024-06-20 13:16,69020,2023-04-01,2024-03-31,株式会社デンソー
S100TNVS,2024-06-20,2024-06-20 13:17,99940,2023-04-01,2024-03-31,株式会社やまや
S100TNW7,2024-06-20,2024-06-20 13:20,27820,2023-04-01,2024-03-31,株式会社セリア
S100TO9K,2024-06-20,2024-06-20 13:29,39520,2023-04-01,2024-03-31,中央紙器工業株式会社
S100TNQ7,2024-06-20,2024-06-20 13:30,74860,2023-04-01,2024-03-31,サンリン株式会社
S100TO8V,2024-06-20,2024-06-20 13:31,97630,2023-04-01,2024-03-31,丸紅建材リース株式会社
S100TNRX,2024-06-20,2024-06-20 13:32,32320,2023-04-01,2024-03-31,三重交通グループホールディングス株式会社
S100TN9I,2024-06-20,2024-06-20 13:40,73800,2023-04-01,2024-03-31,株式会社十六フィナンシャルグループ
S100TNQ2,2024-06-20,2024-06-20 13:42,31100,2023-04-01,2024-03-31,日東紡績株式会社
S100TNNU,2024-06-20,2024-06-20 13:47,90200,2023-04-01,2024-03-31,東日本旅客鉄道株式会社
S100TO95,2024-06-20,2024-06-20 13:49,40610,2023-04-01,2024-03-31,デンカ株式会社
S100TOOM,2024-06-20,2024-06-20 13:52,78640,2023-04-01,2024-03-31,株式会社フジシールインターナショナル
S100TO9E,2024-06-20,2024-06-20 13:52,72700,2023-04-01,2024-03-31,株式会社ＳＵＢＡＲＵ
S100TO6E,2024-06-20,2024-06-20 14:00,49680,2023-04-01,2024-03-31,荒川化学工業株式会社
S100TNMJ,2024-06-20,2024-06-20 14:01,72590,2023-04-01,2024-03-31,株式会社アイシン
S100TMMJ,2024-06-20,2024-06-20 14:10,79660,2023-04-01,2024-03-31,リンテック株式会社
S100TOP5,2024-06-20,2024-06-20 14:18,24350,2023-04-01,2024-03-31,株式会社シダー
S100TOK0,2024-06-20,2024-06-20 14:18,59360,2023-04-01,2024-03-31,東洋シヤッター株式会社
S100TNOW,2024-06-20,2024-06-20 14:30,42040,2023-04-01,2024-03-31,積水化学工業株式会社
S100TNVB,2024-06-20,2024-06-20 14:32,79270,2023-04-01,2024-03-31,ムトー精工株式会社
S100TOCF,2024-06-20,2024-06-20 14:33,48820,2023-04-01,2024-03-31,株式会社ペルセウスプロテオミクス
S100TN87,2024-06-20,2024-06-20 14:36,75040,2023-04-01,2024-03-31,株式会社高速
S100TOFS,2024-06-20,2024-06-20 14:36,90100,2023-04-01,2024-03-31,富士急行株式会社
S100TMQW,2024-06-20,2024-06-20 14:45,38500,2023-04-01,2024-03-31,株式会社エヌ・ティ・ティ・データ・イントラマート
S100TOAL,2024-06-20,2024-06-20 14:45,93470,2023-04-01,2024-03-31,日本管財ホールディングス株式会社
S100TOJQ,2024-06-20,2024-06-20 15:00,57270,2023-04-01,2024-03-31,東邦チタニウム株式会社
S100TNUJ,2024-06-20,2024-06-20 15:00,77750,2023-04-01,2024-03-31,大研医器株式会社
S100TOPM,2024-06-20,2024-06-20 15:00,50210,2023-04-01,2024-03-31,コスモエネルギーホールディングス株式会社
S100TO15,2024-06-20,2024-06-20 15:00,61780,2023-04-01,2024-03-31,日本郵政株式会社
S100TOB2,2024-06-20,2024-06-20 15:00,71810,2023-04-01,2024-03-31,株式会社かんぽ生命保険
S100TN7R,2024-06-20,2024-06-20 15:00,94330,2023-04-01,2024-03-31,ＫＤＤＩ株式会社
S100TN8H,2024-06-20,2024-06-20 15:00,71820,2023-04-01,2024-03-31,株式会社ゆうちょ銀行
S100TORP,2024-06-20,2024-06-20 15:01,47650,2023-04-01,2024-03-31,ＳＢＩグローバルアセットマネジメント株式会社
S100TO9S,2024-06-20,2024-06-20 15:01,97190,2023-04-01,2024-03-31,ＳＣＳＫ株式会社
S100TO4W,2024-06-20,2024-06-20 15:01,99190,2023-04-01,2024-03-31,株式会社関西フードマーケット
S100TNI8,2024-06-20,2024-06-20 15:02,29190,2023-04-01,2024-03-31,株式会社　マルタイ
S100TO7O,2024-06-20,2024-06-20 15:03,39080,2023-04-01,2024-03-31,株式会社コラボス
S100TOES,2024-06-20,2024-06-20 15:04,67770,2023-04-01,2024-03-31,ｓａｎｔｅｃ　Ｈｏｌｄｉｎｇｓ株式会社
S100TNYU,2024-06-20,2024-06-20 15:04,41140,2023-04-01,2024-03-31,株式会社日本触媒
S100TKC6,2024-06-20,2024-06-20 15:05,98820,2023-04-01,2024-03-31,株式会社イエローハット
S100TOPT,2024-06-20,2024-06-20 15:06,35930,2023-04-01,2024-03-31,株式会社ホギメディカル
S100TOS4,2024-06-20,2024-06-20 15:08,90210,2023-04-01,2024-03-31,西日本旅客鉄道株式会社
S100TNRD,2024-06-20,2024-06-20 15:14,99910,2023-04-01,2024-03-31,ジェコス株式会社
S100TNIO,2024-06-20,2024-06-20 15:30,95190,2023-04-01,2024-03-31,株式会社レノバ
S100TOJX,2024-06-20,2024-06-20 15:30,24970,2023-04-01,2024-03-31,ユナイテッド株式会社
S100TORL,2024-06-20,2024-06-20 15:30,61810,2023-04-01,2024-03-31,タメニー株式会社
S100TNZ4,2024-06-20,2024-06-20 15:30,77330,2023-04-01,2024-03-31,オリンパス株式会社
S100TO4H,2024-06-20,2024-06-20 15:31,90550,2023-04-01,2024-03-31,株式会社アルプス物流
S100TO1E,2024-06-20,2024-06-20 15:36,71610,2023-04-01,2024-03-31,株式会社じもとホールディングス
S100TOC0,2024-06-20,2024-06-20 15:38,43440,2023-04-01,2024-03-31,ソースネクスト株式会社
S100TOUT,2024-06-20,2024-06-20 15:48,79880,2023-04-01,2024-03-31,株式会社ニフコ
S100TN7J,2024-06-20,2024-06-20 15:54,21070,2023-04-01,2024-03-31,東洋精糖株式会社
S100TNHY,2024-06-20,2024-06-20 15:56,72800,2023-04-01,2024-03-31,株式会社ミツバ
S100TOEB,2024-06-20,2024-06-20 16:00,79170,2023-04-01,2024-03-31,藤森工業株式会社
S100TO7B,2024-06-20,2024-06-20 16:00,34220,2023-04-01,2024-03-31,株式会社　Ｊ－ＭＡＸ
S100TOTA,2024-06-20,2024-06-20 16:02,77410,2023-04-01,2024-03-31,ＨＯＹＡ株式会社
S100TNGN,2024-06-20,2024-06-20 16:06,27670,2023-04-01,2024-03-31,円谷フィールズホールディングス株式会社
S100TOWO,2024-06-20,2024-06-20 16:15,51620,2023-04-01,2024-03-31,株式会社朝日ラバー
S100TNPZ,2024-06-20,2024-06-20 16:19,45030,2023-04-01,2024-03-31,アステラス製薬株式会社
S100TOWR,2024-06-20,2024-06-20 16:20,39360,2023-04-01,2024-03-31,株式会社グローバルウェイ
S100TO9T,2024-06-20,2024-06-20 16:29,59380,2023-04-01,2024-03-31,株式会社ＬＩＸＩＬ
S100TO5C,2024-06-20,2024-06-20 16:31,83340,2023-04-01,2024-03-31,株式会社　群馬銀行
S100TO4E,2024-06-20,2024-06-20 16:36,34010,2023-04-01,2024-03-31,帝人株式会社
S100TO81,2024-06-20,2024-06-20 16:36,27050,2023-04-01,2024-03-31,株式会社大戸屋ホールディングス
S100TOJD,2024-06-20,2024-06-20 16:39,36790,2023-04-01,2024-03-31,株式会社じげん
S100TO96,2024-06-20,2024-06-20 16:56,25880,2023-04-01,2024-03-31,株式会社プレミアムウォーターホールディングス
S100TNG7,2024-06-21,2024-06-21 09:00,26920,2023-04-01,2024-03-31,伊藤忠食品株式会社
S100TMQ7,2024-06-21,2024-06-21 09:02,45280,2023-04-01,2024-03-31,小野薬品工業株式会社
S100TOIF,2024-06-21,2024-06-21 09:03,43500,2023-04-01,2024-03-31,株式会社　メディカルシステムネットワーク
S100TIWL,2024-06-21,2024-06-21 09:04,82550,2023-04-01,2024-03-31,アクシアル　リテイリング株式会社
S100TN9C,2024-06-21,2024-06-21 09:06,75950,2023-04-01,2024-03-31,株式会社アルゴグラフィックス
S100TOMO,2024-06-21,2024-06-21 09:15,59690,2023-04-01,2024-03-31,株式会社ロブテックス
S100TOTX,2024-06-21,2024-06-21 09:15,83920,2023-04-01,2024-03-31,株式会社大分銀行
S100TOVA,2024-06-21,2024-06-21 09:15,47610,2023-04-01,2024-03-31,株式会社さくらケーシーエス
S100TNJQ,2024-06-21,2024-06-21 09:21,97230,2023-04-01,2024-03-31,株式会社京都ホテル
S100TNQE,2024-06-21,2024-06-21 09:33,65180,2023-04-01,2024-03-31,三相電機株式会社
S100TORM,2024-06-21,2024-06-21 09:34,49570,2023-04-01,2024-03-31,ヤスハラケミカル株式会社
S100TN8B,2024-06-21,2024-06-21 09:41,83680,2023-04-01,2024-03-31,株式会社　百五銀行
S100TPA3,2024-06-21,2024-06-21 09:42,53440,2023-04-01,2024-03-31,株式会社ＭＡＲＵＷＡ
S100TNJU,2024-06-21,2024-06-21 09:43,75520,2023-04-01,2024-03-31,株式会社ハピネット
S100TOF9,2024-06-21,2024-06-21 09:48,78370,2023-04-01,2024-03-31,株式会社アールシーコア
S100TOH5,2024-06-21,2024-06-21 09:59,59490,2023-04-01,2024-03-31,ユニプレス株式会社
S100TOVV,2024-06-21,2024-06-21 09:59,93680,2023-04-01,2024-03-31,キムラユニティー株式会社
S100TOKZ,2024-06-21,2024-06-21 10:00,65570,2023-04-01,2024-03-31,ＡＩＡＩグループ株式会社
S100TPAC,2024-06-21,2024-06-21 10:02,45560,2023-04-01,2024-03-31,株式会社カイノス
S100TPC2,2024-06-21,2024-06-21 10:05,62490,2023-04-01,2024-03-31,株式会社ゲームカード・ジョイコホールディングス
S100TOIN,2024-06-21,2024-06-21 10:06,41200,2023-04-01,2024-03-31,スガイ化学工業株式会社
S100TOIE,2024-06-21,2024-06-21 10:10,94130,2023-04-01,2024-03-31,株式会社テレビ東京ホールディングス
S100TN4M,2024-06-21,2024-06-21 10:24,83090,2023-04-01,2024-03-31,三井住友トラスト・ホールディングス株式会社
S100TPAP,2024-06-21,2024-06-21 10:25,77520,2023-04-01,2024-03-31,株式会社リコー
S100TOIC,2024-06-21,2024-06-21 10:30,97440,2023-04-01,2024-03-31,株式会社メイテックグループホールディングス
S100TOL8,2024-06-21,2024-06-21 10:35,35530,2023-04-01,2024-03-31,共和レザー株式会社
S100TOSN,2024-06-21,2024-06-21 10:43,98430,2023-04-01,2024-03-31,株式会社ニトリホールディングス
S100TOS7,2024-06-21,2024-06-21 10:46,59920,2023-04-01,2024-03-31,中央発條株式会社
S100TONX,2024-06-21,2024-06-21 10:48,68060,2023-04-01,2024-03-31,ヒロセ電機株式会社
S100TMEK,2024-06-21,2024-06-21 10:48,38910,2023-04-01,2024-03-31,ニッポン高度紙工業株式会社
S100TPF0,2024-06-21,2024-06-21 10:53,44140,2023-04-01,2024-03-31,株式会社フレクト
S100TNIY,2024-06-21,2024-06-21 10:58,38480,2023-04-01,2024-03-31,株式会社データ・アプリケーション
S100TL7V,2024-06-21,2024-06-21 11:02,18010,2023-04-01,2024-03-31,大成建設株式会社
S100TP2P,2024-06-21,2024-06-21 11:06,87070,2023-04-01,2024-03-31,岩井コスモホールディングス株式会社
S100TPFY,2024-06-21,2024-06-21 11:09,48390,2023-04-01,2024-03-31,株式会社ＷＯＷＯＷ
S100TOV2,2024-06-21,2024-06-21 11:19,69610,2023-04-01,2024-03-31,株式会社エンプラス
S100TPGD,2024-06-21,2024-06-21 11:24,45070,2023-04-01,2024-03-31,塩野義製薬株式会社
S100TO04,2024-06-21,2024-06-21 11:28,71840,2023-04-01,2024-03-31,株式会社　富山第一銀行
S100TOWB,2024-06-21,2024-06-21 11:35,83810,2023-04-01,2024-03-31,株式会社山陰合同銀行
S100TP4M,2024-06-21,2024-06-21 11:35,87150,2023-04-01,2024-03-31,アニコム　ホールディングス株式会社
S100TOXY,2024-06-21,2024-06-21 11:38,35690,2023-04-01,2024-03-31,セーレン株式会社
S100TOU9,2024-06-21,2024-06-21 11:38,72290,2023-04-01,2024-03-31,株式会社ユタカ技研
S100TPG6,2024-06-21,2024-06-21 11:43,67300,2023-04-01,2024-03-31,株式会社アクセル
S100TNB8,2024-06-21,2024-06-21 11:45,15180,2023-04-01,2024-03-31,三井松島ホールディングス株式会社
S100TOAF,2024-06-21,2024-06-21 11:45,18530,2023-04-01,2024-03-31,株式会社　森組
S100TONB,2024-06-21,2024-06-21 11:46,85630,2023-04-01,2024-03-31,株式会社大東銀行
S100TO56,2024-06-21,2024-06-21 12:10,20600,2023-04-01,2024-03-31,フィード・ワン株式会社
S100TPJF,2024-06-21,2024-06-21 12:11,79500,2023-04-01,2024-03-31,日本デコラックス株式会社
S100TPJ2,2024-06-21,2024-06-21 12:24,26660,2023-04-01,2024-03-31,株式会社　オートウェーブ
S100TMJN,2024-06-21,2024-06-21 12:29,68750,2023-04-01,2024-03-31,株式会社メガチップス
S100TOFV,2024-06-21,2024-06-21 12:32,73890,2023-04-01,2024-03-31,株式会社あいちフィナンシャルグループ
S100TOUL,2024-06-21,2024-06-21 12:34,36350,2023-04-01,2024-03-31,株式会社コーエーテクモホールディングス
S100TO17,2024-06-21,2024-06-21 12:36,85720,2023-04-01,2024-03-31,アコム株式会社
S100TOM7,2024-06-21,2024-06-21 12:37,69010,2023-04-01,2024-03-31,澤藤電機株式会社
S100TPJW,2024-06-21,2024-06-21 12:43,79400,2023-04-01,2024-03-31,ウェーブロックホールディングス株式会社
S100TP5L,2024-06-21,2024-06-21 12:43,44100,2023-04-01,2024-03-31,ハリマ化成グループ株式会社
S100TPJY,2024-06-21,2024-06-21 12:49,38000,2023-04-01,2024-03-31,株式会社ユニリタ
S100TOS3,2024-06-21,2024-06-21 12:53,19760,2023-04-01,2024-03-31,明星工業株式会社
S100TPIG,2024-06-21,2024-06-21 12:54,64550,2023-04-01,2024-03-31,株式会社モリタホールディングス
S100TPKV,2024-06-21,2024-06-21 12:59,70900,2023-04-01,2024-03-31,株式会社リグア
S100TOCB,2024-06-21,2024-06-21 13:04,69180,2023-04-01,2024-03-31,株式会社アバールデータ
S100TOSK,2024-06-21,2024-06-21 13:05,72360,2023-04-01,2024-03-31,株式会社ティラド
S100TP57,2024-06-21,2024-06-21 13:07,56950,2023-04-01,2024-03-31,パウダーテック株式会社
S100TP9X,2024-06-21,2024-06-21 13:08,96970,2023-04-01,2024-03-31,株式会社カプコン
S100TN6U,2024-06-21,2024-06-21 13:09,75380,2023-04-01,2024-03-31,株式会社大水
S100TNY6,2024-06-21,2024-06-21 13:10,46190,2023-04-01,2024-03-31,日本特殊塗料株式会社
S100TPKZ,2024-06-21,2024-06-21 13:11,66550,2023-04-01,2024-03-31,東洋電機株式会社
S100TPLB,2024-06-21,2024-06-21 13:12,71300,2023-04-01,2024-03-31,ヤマエグループホールディングス株式会社
S100TO2P,2024-06-21,2024-06-21 13:13,40420,2023-04-01,2024-03-31,東ソー株式会社
S100TOHH,2024-06-21,2024-06-21 13:16,94120,2023-04-01,2024-03-31,株式会社スカパーＪＳＡＴホールディングス
S100TPHI,2024-06-21,2024-06-21 13:19,56320,2023-04-01,2024-03-31,三菱製鋼株式会社
S100TNO9,2024-06-21,2024-06-21 13:20,72990,2023-04-01,2024-03-31,フジオーゼックス株式会社
S100TPDS,2024-06-21,2024-06-21 13:22,99320,2023-04-01,2024-03-31,杉本商事株式会社
S100TOFY,2024-06-21,2024-06-21 13:26,97820,2023-04-01,2024-03-31,株式会社ディーエムエス
S100TOJC,2024-06-21,2024-06-21 13:26,44010,2023-04-01,2024-03-31,株式会社ＡＤＥＫＡ
S100TOHC,2024-06-21,2024-06-21 13:27,64930,2023-04-01,2024-03-31,株式会社ＮＩＴＴＡＮ
S100TOW1,2024-06-21,2024-06-21 13:27,54760,2023-04-01,2024-03-31,日本高周波鋼業株式会社
S100TOW7,2024-06-21,2024-06-21 13:28,97090,2023-04-01,2024-03-31,ＮＣＳ＆Ａ株式会社
S100TN3G,2024-06-21,2024-06-21 13:30,68340,2023-04-01,2024-03-31,株式会社　精工技研
S100TNRU,2024-06-21,2024-06-21 13:31,29020,2023-04-01,2024-03-31,太陽化学株式会社
S100TPDE,2024-06-21,2024-06-21 13:37,46710,2023-04-01,2024-03-31,株式会社ファルコホールディングス
S100TOY8,2024-06-21,2024-06-21 13:38,33750,2023-04-01,2024-03-31,株式会社ＺＯＡ
S100TP46,2024-06-21,2024-06-21 13:42,67370,2023-04-01,2024-03-31,ＥＩＺＯ株式会社
S100TO14,2024-06-21,2024-06-21 13:42,80150,2023-04-01,2024-03-31,豊田通商株式会社
S100TNIF,2024-06-21,2024-06-21 13:43,77710,2023-04-01,2024-03-31,日本精密株式会社
S100TP0H,2024-06-21,2024-06-21 13:44,68690,2023-04-01,2024-03-31,シスメックス株式会社
S100TO74,2024-06-21,2024-06-21 13:45,55410,2023-04-01,2024-03-31,大平洋金属株式会社
S100TOHI,2024-06-21,2024-06-21 13:49,64070,2023-04-01,2024-03-31,ＣＫＤ株式会社
S100TP4J,2024-06-21,2024-06-21 13:51,67420,2023-04-01,2024-03-31,株式会社京三製作所
S100TPBC,2024-06-21,2024-06-21 13:52,81030,2023-04-01,2024-03-31,明和産業株式会社
S100TMUC,2024-06-21,2024-06-21 13:53,90010,2023-04-01,2024-03-31,東武鉄道株式会社
S100TP0C,2024-06-21,2024-06-21 13:56,21300,2023-04-01,2024-03-31,株式会社メンバーズ
S100TOTW,2024-06-21,2024-06-21 14:00,80530,2023-04-01,2024-03-31,住友商事株式会社
S100TONQ,2024-06-21,2024-06-21 14:01,51910,2023-04-01,2024-03-31,住友理工株式会社
S100TPK7,2024-06-21,2024-06-21 14:02,62090,2023-04-01,2024-03-31,リケンＮＰＲ株式会社
S100TOXG,2024-06-21,2024-06-21 14:03,93050,2023-04-01,2024-03-31,株式会社ヤマタネ
S100TPLD,2024-06-21,2024-06-21 14:03,23420,2023-04-01,2024-03-31,株式会社トランスジェニック
S100TN85,2024-06-21,2024-06-21 14:05,42290,2023-04-01,2024-03-31,群栄化学工業株式会社
S100TOHR,2024-06-21,2024-06-21 14:06,42080,2023-04-01,2024-03-31,ＵＢＥ株式会社
S100TNPJ,2024-06-21,2024-06-21 14:06,90440,2023-04-01,2024-03-31,南海電気鉄道株式会社
S100TPD4,2024-06-21,2024-06-21 14:07,23350,2023-04-01,2024-03-31,株式会社キューブシステム
S100TPNV,2024-06-21,2024-06-21 14:16,80230,2023-04-01,2024-03-31,大興電子通信株式会社
S100TMYK,2024-06-21,2024-06-21 14:16,91070,2023-04-01,2024-03-31,川崎汽船株式会社
S100TOWK,2024-06-21,2024-06-21 14:16,90240,2023-04-01,2024-03-31,株式会社西武ホールディングス
S100TEEH,2024-06-21,2024-06-21 14:16,36340,2023-04-01,2024-03-31,株式会社ソケッツ
S100TP5O,2024-06-21,2024-06-21 14:18,43180,2023-04-01,2024-03-31,株式会社クイック
S100TNTN,2024-06-21,2024-06-21 14:22,80910,2023-04-01,2024-03-31,ニチモウ株式会社
S100TNPG,2024-06-21,2024-06-21 14:22,86300,2023-04-01,2024-03-31,ＳＯＭＰＯホールディングス株式会社
S100TPEH,2024-06-21,2024-06-21 14:26,99620,2023-04-01,2024-03-31,株式会社　ミスミグループ本社
S100TOMT,2024-06-21,2024-06-21 14:31,77690,2023-04-01,2024-03-31,リズム株式会社
S100TP60,2024-06-21,2024-06-21 14:35,80020,2023-04-01,2024-03-31,丸紅株式会社
S100TP4L,2024-06-21,2024-06-21 14:37,30240,2023-04-01,2024-03-31,クリエイト株式会社
S100TOL7,2024-06-21,2024-06-21 14:38,61030,2023-04-01,2024-03-31,オークマ株式会社
S100TP14,2024-06-21,2024-06-21 14:40,80010,2023-04-01,2024-03-31,伊藤忠商事株式会社
S100TNEK,2024-06-21,2024-06-21 14:45,18500,2023-04-01,2024-03-31,南海辰村建設株式会社
S100TO1U,2024-06-21,2024-06-21 14:47,53840,2023-04-01,2024-03-31,株式会社フジミインコーポレーテッド
S100TOOW,2024-06-21,2024-06-21 14:50,67620,2023-04-01,2024-03-31,ＴＤＫ株式会社
S100TNQQ,2024-06-21,2024-06-21 14:50,82830,2023-04-01,2024-03-31,株式会社ＰＡＬＴＡＣ
S100TPP9,2024-06-21,2024-06-21 14:56,36820,2023-04-01,2024-03-31,エンカレッジ・テクノロジ株式会社
S100TPRM,2024-06-21,2024-06-21 14:57,82180,2023-04-01,2024-03-31,株式会社コメリ
S100TOZP,2024-06-21,2024-06-21 14:57,87660,2023-04-01,2024-03-31,東京海上ホールディングス株式会社
S100TL6G,2024-06-21,2024-06-21 14:59,80580,2023-04-01,2024-03-31,三菱商事株式会社
S100TP1E,2024-06-21,2024-06-21 15:00,96290,2023-04-01,2024-03-31,ピー・シー・エー株式会社
S100TPQI,2024-06-21,2024-06-21 15:00,94320,2023-04-01,2024-03-31,日本電信電話株式会社
S100TOVP,2024-06-21,2024-06-21 15:00,41250,2023-04-01,2024-03-31,三和油化工業株式会社
S100TOW4,2024-06-21,2024-06-21 15:00,18710,2023-04-01,2024-03-31,株式会社ピーエス三菱
S100TPIW,2024-06-21,2024-06-21 15:00,21750,2023-04-01,2024-03-31,株式会社エス・エム・エス
S100TOEF,2024-06-21,2024-06-21 15:00,67070,2023-04-01,2024-03-31,サンケン電気株式会社
S100TP4K,2024-06-21,2024-06-21 15:00,94340,2023-04-01,2024-03-31,ソフトバンク株式会社
S100TOW6,2024-06-21,2024-06-21 15:00,82750,2023-04-01,2024-03-31,株式会社フォーバル
S100TPMM,2024-06-21,2024-06-21 15:00,76700,2023-04-01,2024-03-31,オーウエル株式会社
S100TN5F,2024-06-21,2024-06-21 15:00,91420,2023-04-01,2024-03-31,九州旅客鉄道株式会社
S100TOAW,2024-06-21,2024-06-21 15:00,54010,2023-04-01,2024-03-31,日本製鉄株式会社
S100TP0W,2024-06-21,2024-06-21 15:00,55760,2023-04-01,2024-03-31,株式会社オービーシステム
S100TNM6,2024-06-21,2024-06-21 15:00,60980,2023-04-01,2024-03-31,株式会社リクルートホールディングス
S100TP8T,2024-06-21,2024-06-21 15:01,58090,2023-04-01,2024-03-31,タツタ電線株式会社
S100TNUM,2024-06-21,2024-06-21 15:01,74720,2023-04-01,2024-03-31,株式会社鳥羽洋行
S100TP9W,2024-06-21,2024-06-21 15:03,98160,2023-04-01,2024-03-31,株式会社　ストライダーズ
S100TOYL,2024-06-21,2024-06-21 15:04,66450,2023-04-01,2024-03-31,オムロン株式会社
S100TOYX,2024-06-21,2024-06-21 15:05,94450,2023-04-01,2024-03-31,株式会社フォーバルテレコム
S100TOFF,2024-06-21,2024-06-21 15:05,66590,2023-04-01,2024-03-31,株式会社メディアリンクス
S100TNI7,2024-06-21,2024-06-21 15:06,90220,2023-04-01,2024-03-31,東海旅客鉄道株式会社
S100TP10,2024-06-21,2024-06-21 15:07,66580,2023-04-01,2024-03-31,シライ電子工業株式会社
S100TP39,2024-06-21,2024-06-21 15:09,19610,2023-04-01,2024-03-31,三機工業株式会社
S100TNEC,2024-06-21,2024-06-21 15:09,92320,2023-04-01,2024-03-31,株式会社パスコ
S100TOEN,2024-06-21,2024-06-21 15:10,42200,2023-04-01,2024-03-31,リケンテクノス株式会社
S100TP5S,2024-06-21,2024-06-21 15:12,65010,2023-04-01,2024-03-31,株式会社日立製作所
S100TOTJ,2024-06-21,2024-06-21 15:12,33930,2023-04-01,2024-03-31,スターティアホールディングス株式会社
S100TONZ,2024-06-21,2024-06-21 15:13,32310,2023-04-01,2024-03-31,野村不動産ホールディングス株式会社
S100TO97,2024-06-21,2024-06-21 15:15,41770,2023-04-01,2024-03-31,株式会社ｉ－ｐｌｕｇ
S100TPGU,2024-06-21,2024-06-21 15:15,61350,2023-04-01,2024-03-31,株式会社　牧野フライス製作所
S100TNYL,2024-06-21,2024-06-21 15:20,97010,2023-04-01,2024-03-31,株式会社東京會舘
S100TOZD,2024-06-21,2024-06-21 15:20,25940,2023-04-01,2024-03-31,キーコーヒー株式会社
S100TPU9,2024-06-21,2024-06-21 15:21,75610,2023-04-01,2024-03-31,株式会社ハークスレイ
S100TP3N,2024-06-21,2024-06-21 15:21,99840,2023-04-01,2024-03-31,ソフトバンクグループ株式会社
S100TPKY,2024-06-21,2024-06-21 15:23,83160,2023-04-01,2024-03-31,株式会社三井住友フィナンシャルグループ
S100TNH4,2024-06-21,2024-06-21 15:24,73130,2023-04-01,2024-03-31,テイ・エス　テック株式会社
S100TOMZ,2024-06-21,2024-06-21 15:25,68100,2023-04-01,2024-03-31,マクセル株式会社
S100TOWU,2024-06-21,2024-06-21 15:27,17750,2023-04-01,2024-03-31,富士古河Ｅ＆Ｃ株式会社
S100TPEP,2024-06-21,2024-06-21 15:28,72200,2023-04-01,2024-03-31,武蔵精密工業株式会社
S100TMMW,2024-06-21,2024-06-21 15:28,40050,2023-04-01,2024-03-31,住友化学株式会社
S100TP5I,2024-06-21,2024-06-21 15:32,45940,2023-04-01,2024-03-31,ブライトパス・バイオ株式会社
S100TPRR,2024-06-21,2024-06-21 15:33,70180,2023-04-01,2024-03-31,内海造船株式会社
S100TPIT,2024-06-21,2024-06-21 15:33,18840,2023-04-01,2024-03-31,日本道路株式会社
S100TORS,2024-06-21,2024-06-21 15:34,83440,2023-04-01,2024-03-31,株式会社山形銀行
S100TPPB,2024-06-21,2024-06-21 15:34,59010,2023-04-01,2024-03-31,東洋製罐グループホールディングス株式会社
S100TPVI,2024-06-21,2024-06-21 15:38,37380,2023-04-01,2024-03-31,株式会社ティーガイア
S100TNR8,2024-06-21,2024-06-21 15:39,78200,2023-04-01,2024-03-31,ニホンフラッシュ株式会社
S100TP63,2024-06-21,2024-06-21 15:41,48190,2023-04-01,2024-03-31,株式会社デジタルガレージ
S100TOK3,2024-06-21,2024-06-21 15:42,47430,2023-04-01,2024-03-31,株式会社アイティフォー
S100TPNJ,2024-06-21,2024-06-21 15:43,13790,2023-04-01,2024-03-31,ホクト株式会社
S100TNII,2024-06-21,2024-06-21 15:47,19500,2023-04-01,2024-03-31,日本電設工業株式会社
S100TNWD,2024-06-21,2024-06-21 15:50,18980,2023-04-01,2024-03-31,世紀東急工業株式会社
S100TPS3,2024-06-21,2024-06-21 15:54,19520,2023-04-01,2024-03-31,新日本空調株式会社
S100TMU5,2024-06-21,2024-06-21 15:56,67410,2023-04-01,2024-03-31,日本信号株式会社
S100TPWU,2024-06-21,2024-06-21 15:56,76470,2023-04-01,2024-03-31,株式会社音通
S100TPNE,2024-06-21,2024-06-21 15:58,80220,2023-04-01,2024-03-31,美津濃株式会社
S100TPBU,2024-06-21,2024-06-21 16:00,84620,2023-04-01,2024-03-31,フューチャーベンチャーキャピタル株式会社
S100TNR1,2024-06-21,2024-06-21 16:00,42460,2023-04-01,2024-03-31,ダイキョーニシカワ株式会社
S100TNUD,2024-06-21,2024-06-21 16:00,30880,2023-04-01,2024-03-31,株式会社マツキヨココカラ＆カンパニー
S100TOSV,2024-06-21,2024-06-21 16:00,18140,2023-04-01,2024-03-31,大末建設株式会社
S100TPHT,2024-06-21,2024-06-21 16:00,64700,2023-04-01,2024-03-31,大豊工業株式会社
S100TOCW,2024-06-21,2024-06-21 16:01,63780,2023-04-01,2024-03-31,木村化工機株式会社
S100TOGO,2024-06-21,2024-06-21 16:02,69880,2023-04-01,2024-03-31,日東電工株式会社
S100TOQC,2024-06-21,2024-06-21 16:05,60270,2023-04-01,2024-03-31,弁護士ドットコム株式会社
S100TPSP,2024-06-21,2024-06-21 16:11,69460,2023-04-01,2024-03-31,日本アビオニクス株式会社
S100TP3R,2024-06-21,2024-06-21 16:12,78440,2023-04-01,2024-03-31,株式会社マーベラス
S100TPQJ,2024-06-21,2024-06-21 16:14,23170,2023-04-01,2024-03-31,株式会社システナ
S100TNLG,2024-06-21,2024-06-21 16:19,61460,2023-04-01,2024-03-31,株式会社ディスコ
S100TPY6,2024-06-21,2024-06-21 16:20,72110,2023-04-01,2024-03-31,三菱自動車工業株式会社
S100TPYF,2024-06-21,2024-06-21 16:22,72310,2023-04-01,2024-03-31,トピー工業株式会社
S100TPY7,2024-06-21,2024-06-21 16:22,71980,2023-04-01,2024-03-31,ＳＢＩアルヒ株式会社
S100TPDQ,2024-06-21,2024-06-21 16:30,35260,2023-04-01,2024-03-31,芦森工業株式会社
S100TOON,2024-06-21,2024-06-21 16:37,67030,2023-04-01,2024-03-31,沖電気工業株式会社
S100TNQS,2024-06-21,2024-06-21 16:46,68030,2023-04-01,2024-03-31,ティアック株式会社
S100TPOI,2024-06-21,2024-06-21 16:48,66320,2023-04-01,2024-03-31,株式会社ＪＶＣケンウッド
S100TNFD,2024-06-21,2024-06-21 17:00,67010,2023-04-01,2024-03-31,日本電気株式会社
S100TPW9,2024-06-21,2024-06-21 17:02,37630,2023-04-01,2024-03-31,株式会社プロシップ
S100TPNR,2024-06-24,2024-06-24 09:00,46580,2023-04-01,2024-03-31,日本空調サービス株式会社
S100TNPR,2024-06-24,2024-06-24 09:00,71750,2023-04-01,2024-03-31,今村証券株式会社
S100TODJ,2024-06-24,2024-06-24 09:00,44710,2023-04-01,2024-03-31,三洋化成工業株式会社
S100TQA4,2024-06-24,2024-06-24 09:01,75550,2023-04-01,2024-03-31,株式会社大田花き
S100TQ70,2024-06-24,2024-06-24 09:01,47050,2023-04-01,2024-03-31,株式会社クリップコーポレーション
S100TOZR,2024-06-24,2024-06-24 09:02,49170,2023-04-01,2024-03-31,株式会社マンダム
S100TPR6,2024-06-24,2024-06-24 09:02,90570,2023-04-01,2024-03-31,遠州トラック株式会社
S100TNW8,2024-06-24,2024-06-24 09:03,81500,2023-04-01,2024-03-31,三信電気株式会社
S100TO3E,2024-06-24,2024-06-24 09:03,63060,2023-04-01,2024-03-31,日工株式会社
S100TPBA,2024-06-24,2024-06-24 09:06,86130,2023-04-01,2024-03-31,丸三証券株式会社
S100TQ24,2024-06-24,2024-06-24 09:07,61570,2023-04-01,2024-03-31,日進工具株式会社
S100TPQ5,2024-06-24,2024-06-24 09:09,47520,2023-04-01,2024-03-31,株式会社　昭和システムエンジニアリング
S100TP8C,2024-06-24,2024-06-24 09:11,95340,2023-04-01,2024-03-31,北海道瓦斯株式会社
S100TPY1,2024-06-24,2024-06-24 09:11,39460,2023-04-01,2024-03-31,株式会社トーモク
S100TPRN,2024-06-24,2024-06-24 09:12,78970,2023-04-01,2024-03-31,ホクシン株式会社
S100TPBX,2024-06-24,2024-06-24 09:12,97900,2023-04-01,2024-03-31,福井コンピュータホールディングス株式会社
S100TL7G,2024-06-24,2024-06-24 09:14,53670,2023-04-01,2024-03-31,株式会社ニッカトー
S100TOZK,2024-06-24,2024-06-24 09:16,96980,2023-04-01,2024-03-31,株式会社クレオ
S100TNNZ,2024-06-24,2024-06-24 09:17,53430,2023-04-01,2024-03-31,ニッコー株式会社
S100TPYI,2024-06-24,2024-06-24 09:20,74770,2023-04-01,2024-03-31,ムラキ株式会社
S100TPRU,2024-06-24,2024-06-24 09:26,22260,2023-04-01,2024-03-31,株式会社湖池屋
S100TPB7,2024-06-24,2024-06-24 09:27,99080,2023-04-01,2024-03-31,日本電計株式会社
S100TOE4,2024-06-24,2024-06-24 09:27,77230,2023-04-01,2024-03-31,愛知時計電機株式会社
S100TPHN,2024-06-24,2024-06-24 09:33,64570,2023-04-01,2024-03-31,グローリー株式会社
S100TOQ2,2024-06-24,2024-06-24 09:36,29370,2023-04-01,2024-03-31,株式会社サンクゼール
S100TPU5,2024-06-24,2024-06-24 09:39,90520,2023-04-01,2024-03-31,山陽電気鉄道株式会社
S100TPEV,2024-06-24,2024-06-24 09:39,24110,2023-04-01,2024-03-31,ゲンダイエージェンシー株式会社
S100TOZJ,2024-06-24,2024-06-24 09:40,98280,2023-04-01,2024-03-31,元気寿司株式会社
S100TN0P,2024-06-24,2024-06-24 09:46,72130,2023-04-01,2024-03-31,レシップホールディングス株式会社
S100TQEZ,2024-06-24,2024-06-24 09:52,74750,2023-04-01,2024-03-31,アルビス株式会社
S100TPCH,2024-06-24,2024-06-24 09:53,73220,2023-04-01,2024-03-31,株式会社三十三フィナンシャルグループ
S100TLT3,2024-06-24,2024-06-24 09:57,80180,2023-04-01,2024-03-31,三共生興株式会社
S100TQ2N,2024-06-24,2024-06-24 09:59,64450,2023-04-01,2024-03-31,株式会社ジャノメ
S100TQ0P,2024-06-24,2024-06-24 10:00,38950,2023-04-01,2024-03-31,ハビックス株式会社
S100TNLS,2024-06-24,2024-06-24 10:00,82090,2023-04-01,2024-03-31,株式会社フレンドリー
S100TOM9,2024-06-24,2024-06-24 10:00,97990,2023-04-01,2024-03-31,旭情報サービス株式会社
S100TO8A,2024-06-24,2024-06-24 10:00,83080,2023-04-01,2024-03-31,株式会社　りそなホールディングス
S100TPGT,2024-06-24,2024-06-24 10:01,80980,2023-04-01,2024-03-31,稲畑産業株式会社
S100TPIM,2024-06-24,2024-06-24 10:03,17980,2023-04-01,2024-03-31,株式会社守谷商会
S100TPG9,2024-06-24,2024-06-24 10:03,90410,2023-04-01,2024-03-31,近鉄グループホールディングス株式会社
S100TND3,2024-06-24,2024-06-24 10:03,49230,2023-04-01,2024-03-31,コタ株式会社
S100TP8F,2024-06-24,2024-06-24 10:03,26740,2023-04-01,2024-03-31,株式会社ハードオフコーポレーション
S100TOPV,2024-06-24,2024-06-24 10:07,64840,2023-04-01,2024-03-31,株式会社ＫＶＫ
S100TPBB,2024-06-24,2024-06-24 10:11,78230,2023-04-01,2024-03-31,株式会社アートネイチャー
S100TPF1,2024-06-24,2024-06-24 10:12,49250,2023-04-01,2024-03-31,株式会社ハーバー研究所
S100TQ5S,2024-06-24,2024-06-24 10:14,47090,2023-04-01,2024-03-31,株式会社ＩＤホールディングス
S100TPRX,2024-06-24,2024-06-24 10:14,96580,2023-04-01,2024-03-31,株式会社ビジネスブレイン太田昭和
S100TQ5K,2024-06-24,2024-06-24 10:18,90750,2023-04-01,2024-03-31,福山通運株式会社
S100TOWT,2024-06-24,2024-06-24 10:19,94780,2023-04-01,2024-03-31,ＳＥホールディングス・アンド・インキュベーションズ株式会社
S100TQFL,2024-06-24,2024-06-24 10:21,38440,2023-04-01,2024-03-31,コムチュア株式会社
S100TPVN,2024-06-24,2024-06-24 10:23,42020,2023-04-01,2024-03-31,株式会社ダイセル
S100TNR2,2024-06-24,2024-06-24 10:24,45390,2023-04-01,2024-03-31,日本ケミファ株式会社
S100TNRI,2024-06-24,2024-06-24 10:25,63170,2023-04-01,2024-03-31,株式会社北川鉄工所
S100TQGI,2024-06-24,2024-06-24 10:26,35800,2023-04-01,2024-03-31,小松マテーレ株式会社
S100TQ3M,2024-06-24,2024-06-24 10:38,45310,2023-04-01,2024-03-31,有機合成薬品工業株式会社
S100TP31,2024-06-24,2024-06-24 10:40,57020,2023-04-01,2024-03-31,株式会社大紀アルミニウム工業所
S100TQJ9,2024-06-24,2024-06-24 10:41,96840,2023-04-01,2024-03-31,株式会社スクウェア・エニックス・ホールディングス
S100TQHR,2024-06-24,2024-06-24 10:43,72180,2023-04-01,2024-03-31,田中精密工業株式会社
S100TPXQ,2024-06-24,2024-06-24 10:43,53860,2023-04-01,2024-03-31,株式会社鶴弥
S100TPP2,2024-06-24,2024-06-24 10:43,99020,2023-04-01,2024-03-31,株式会社日伝
S100TQ6W,2024-06-24,2024-06-24 10:50,74140,2023-04-01,2024-03-31,小野建株式会社
S100TQ65,2024-06-24,2024-06-24 10:55,42990,2023-04-01,2024-03-31,株式会社ハイマックス
S100TODG,2024-06-24,2024-06-24 11:05,46800,2023-04-01,2024-03-31,株式会社ラウンドワン
S100TPL5,2024-06-24,2024-06-24 11:05,71830,2023-04-01,2024-03-31,あんしん保証株式会社
S100TQ6G,2024-06-24,2024-06-24 11:08,43370,2023-04-01,2024-03-31,ぴあ株式会社
S100TOV4,2024-06-24,2024-06-24 11:08,49210,2023-04-01,2024-03-31,株式会社ファンケル
S100TPG5,2024-06-24,2024-06-24 11:10,93080,2023-04-01,2024-03-31,乾汽船株式会社
S100TQHA,2024-06-24,2024-06-24 11:12,65440,2023-04-01,2024-03-31,ジャパンエレベーターサービスホールディングス株式会社
S100TQ0F,2024-06-24,2024-06-24 11:12,68590,2023-04-01,2024-03-31,エスペック株式会社
S100TQJO,2024-06-24,2024-06-24 11:20,18480,2023-04-01,2024-03-31,株式会社富士ピー・エス
S100TQEJ,2024-06-24,2024-06-24 11:31,46740,2023-04-01,2024-03-31,株式会社クレスコ
S100TQIZ,2024-06-24,2024-06-24 11:36,88030,2023-04-01,2024-03-31,平和不動産株式会社
S100TPMK,2024-06-24,2024-06-24 11:38,64050,2023-04-01,2024-03-31,鈴茂器工株式会社
S100TO92,2024-06-24,2024-06-24 11:40,63390,2023-04-01,2024-03-31,新東工業株式会社
S100TQKF,2024-06-24,2024-06-24 11:42,71160,2023-04-01,2024-03-31,ダイワ通信株式会社
S100TPY9,2024-06-24,2024-06-24 11:44,52790,2023-04-01,2024-03-31,日本興業株式会社
S100TQ8N,2024-06-24,2024-06-24 11:52,77350,2023-04-01,2024-03-31,株式会社ＳＣＲＥＥＮホールディングス
S100TPNT,2024-06-24,2024-06-24 11:52,23320,2023-04-01,2024-03-31,株式会社クエスト
S100TPWS,2024-06-24,2024-06-24 11:56,97390,2023-04-01,2024-03-31,ＮＳＷ株式会社
S100TQO4,2024-06-24,2024-06-24 12:00,68990,2023-04-01,2024-03-31,ＡＳＴＩ株式会社
S100TQC3,2024-06-24,2024-06-24 12:01,77290,2023-04-01,2024-03-31,株式会社東京精密
S100SYCH,2024-06-24,2024-06-24 12:02,42950,2023-04-01,2024-03-31,株式会社フェイス
S100TO12,2024-06-24,2024-06-24 12:22,22090,2023-04-01,2024-03-31,井村屋グループ株式会社
S100TPUZ,2024-06-24,2024-06-24 12:47,43680,2023-04-01,2024-03-31,扶桑化学工業株式会社
S100TP35,2024-06-24,2024-06-24 12:58,94740,2023-04-01,2024-03-31,株式会社ゼンリン
S100TPZ8,2024-06-24,2024-06-24 13:05,70590,2023-04-01,2024-03-31,株式会社コプロ・ホールディングス
S100TQH8,2024-06-24,2024-06-24 13:05,65840,2023-04-01,2024-03-31,三櫻工業株式会社
S100TQ2Q,2024-06-24,2024-06-24 13:08,18130,2023-04-01,2024-03-31,株式会社不動テトラ
S100TP0D,2024-06-24,2024-06-24 13:10,99890,2023-04-01,2024-03-31,株式会社サンドラッグ
S100TQR4,2024-06-24,2024-06-24 13:17,75240,2023-04-01,2024-03-31,マルシェ株式会社
S100TQ59,2024-06-24,2024-06-24 13:18,46440,2023-04-01,2024-03-31,イマジニア株式会社
S100TPHV,2024-06-24,2024-06-24 13:19,83590,2023-04-01,2024-03-31,株式会社八十二銀行
S100TLJ2,2024-06-24,2024-06-24 13:23,66380,2023-04-01,2024-03-31,株式会社ミマキエンジニアリング
S100TPU8,2024-06-24,2024-06-24 13:29,38020,2023-04-01,2024-03-31,株式会社エコミック
S100TQTF,2024-06-24,2024-06-24 13:38,52170,2023-04-01,2024-03-31,テクノクオーツ株式会社
S100TN6J,2024-06-24,2024-06-24 13:38,34770,2023-04-01,2024-03-31,フォーライフ株式会社
S100TP8D,2024-06-24,2024-06-24 13:40,73260,2023-04-01,2024-03-31,ＳＢＩインシュアランスグループ株式会社
S100TQRO,2024-06-24,2024-06-24 13:41,43330,2023-04-01,2024-03-31,株式会社東邦システムサイエンス
S100TOKC,2024-06-24,2024-06-24 13:41,19730,2023-04-01,2024-03-31,ＮＥＣネッツエスアイ株式会社
S100TPW2,2024-06-24,2024-06-24 13:44,80120,2023-04-01,2024-03-31,長瀬産業株式会社
S100TQUZ,2024-06-24,2024-06-24 13:54,43070,2023-04-01,2024-03-31,株式会社野村総合研究所
S100T8BV,2024-06-24,2024-06-24 14:00,64580,2023-04-01,2024-03-31,新晃工業株式会社
S100TPII,2024-06-24,2024-06-24 14:00,77220,2023-04-01,2024-03-31,国際計測器株式会社
S100TQUI,2024-06-24,2024-06-24 14:13,38530,2023-04-01,2024-03-31,アステリア株式会社
S100TP15,2024-06-24,2024-06-24 14:14,44910,2023-04-01,2024-03-31,コンピューターマネージメント株式会社
S100TQW5,2024-06-24,2024-06-24 14:18,87320,2023-04-01,2024-03-31,株式会社マネーパートナーズグループ
S100TQ5P,2024-06-24,2024-06-24 14:22,78320,2023-04-01,2024-03-31,株式会社バンダイナムコホールディングス
S100TQ3X,2024-06-24,2024-06-24 14:40,25990,2023-04-01,2024-03-31,ジャパンフーズ株式会社
S100TQD5,2024-06-24,2024-06-24 14:41,67550,2023-04-01,2024-03-31,株式会社富士通ゼネラル
S100TQUQ,2024-06-24,2024-06-24 14:46,28150,2023-04-01,2024-03-31,アリアケジャパン株式会社
S100TQ49,2024-06-24,2024-06-24 14:47,91270,2023-04-01,2024-03-31,玉井商船株式会社
S100TR24,2024-06-24,2024-06-24 14:54,93410,2023-04-01,2024-03-31,株式会社ＧＥＮＯＶＡ
S100TQOH,2024-06-24,2024-06-24 15:00,75220,2023-04-01,2024-03-31,ワタミ株式会社
S100TPFN,2024-06-24,2024-06-24 15:00,37960,2023-04-01,2024-03-31,株式会社いい生活
S100TR0M,2024-06-24,2024-06-24 15:00,75230,2023-04-01,2024-03-31,アールビバン株式会社
S100TQ5C,2024-06-24,2024-06-24 15:00,67020,2023-04-01,2024-03-31,富士通株式会社
S100TPTV,2024-06-24,2024-06-24 15:00,42280,2023-04-01,2024-03-31,積水化成品工業株式会社
S100TQ5T,2024-06-24,2024-06-24 15:00,41930,2023-04-01,2024-03-31,株式会社ファブリカホールディングス
S100TPX2,2024-06-24,2024-06-24 15:00,32750,2023-04-01,2024-03-31,ハウスコム株式会社
S100TOYI,2024-06-24,2024-06-24 15:00,56310,2023-04-01,2024-03-31,株式会社日本製鋼所
S100TPYU,2024-06-24,2024-06-24 15:01,62870,2023-04-01,2024-03-31,サトーホールディングス株式会社
S100TPJP,2024-06-24,2024-06-24 15:01,60890,2023-04-01,2024-03-31,株式会社ウィルグループ
S100TNZD,2024-06-24,2024-06-24 15:01,77310,2023-04-01,2024-03-31,株式会社ニコン
S100TR16,2024-06-24,2024-06-24 15:01,67400,2023-04-01,2024-03-31,株式会社ジャパンディスプレイ
S100TQGV,2024-06-24,2024-06-24 15:02,44420,2023-04-01,2024-03-31,バルテス・ホールディングス株式会社
S100TQ2K,2024-06-24,2024-06-24 15:03,71910,2023-04-01,2024-03-31,株式会社イントラスト
S100TQQ7,2024-06-24,2024-06-24 15:04,87050,2023-04-01,2024-03-31,日産証券グループ株式会社
S100TQXN,2024-06-24,2024-06-24 15:04,27950,2023-04-01,2024-03-31,日本プリメックス株式会社
S100TPAL,2024-06-24,2024-06-24 15:04,41130,2023-04-01,2024-03-31,田岡化学工業株式会社
S100TQDT,2024-06-24,2024-06-24 15:08,86010,2023-04-01,2024-03-31,株式会社大和証券グループ本社
S100TQRC,2024-06-24,2024-06-24 15:08,75540,2023-04-01,2024-03-31,株式会社幸楽苑ホールディングス
S100TQS5,2024-06-24,2024-06-24 15:08,38470,2023-04-01,2024-03-31,パシフィックシステム株式会社
S100TPLS,2024-06-24,2024-06-24 15:09,53310,2023-04-01,2024-03-31,株式会社ノリタケカンパニーリミテド
S100TR3D,2024-06-24,2024-06-24 15:10,90490,2023-04-01,2024-03-31,京福電気鉄道株式会社
S100TQ7B,2024-06-24,2024-06-24 15:13,32380,2023-04-01,2024-03-31,セントラル総合開発株式会社
S100TPUL,2024-06-24,2024-06-24 15:17,69270,2023-04-01,2024-03-31,ヘリオス　テクノ　ホールディング株式会社
S100TQ8O,2024-06-24,2024-06-24 15:17,24320,2023-04-01,2024-03-31,株式会社ディー・エヌ・エー
S100TR4F,2024-06-24,2024-06-24 15:18,94280,2023-04-01,2024-03-31,株式会社クロップス
S100TPPL,2024-06-24,2024-06-24 15:20,58010,2023-04-01,2024-03-31,古河電気工業株式会社
S100TQ4B,2024-06-24,2024-06-24 15:21,83620,2023-04-01,2024-03-31,株式会社福井銀行
S100TOM8,2024-06-24,2024-06-24 15:22,27540,2023-04-01,2024-03-31,株式会社東葛ホールディングス
S100TR50,2024-06-24,2024-06-24 15:26,70890,2023-04-01,2024-03-31,フォースタートアップス株式会社
S100TR45,2024-06-24,2024-06-24 15:27,86980,2023-04-01,2024-03-31,マネックスグループ株式会社
S100TQ0E,2024-06-24,2024-06-24 15:29,41120,2023-04-01,2024-03-31,保土谷化学工業株式会社
S100TQJJ,2024-06-24,2024-06-24 15:30,31730,2023-04-01,2024-03-31,株式会社Ｃｏｍｉｎｉｘ
S100TQLO,2024-06-24,2024-06-24 15:31,77790,2023-04-01,2024-03-31,ＣＹＢＥＲＤＹＮＥ株式会社
S100TQ4T,2024-06-24,2024-06-24 15:32,90250,2023-04-01,2024-03-31,鴻池運輸株式会社
S100TR1R,2024-06-24,2024-06-24 15:33,43010,2023-04-01,2024-03-31,株式会社アミューズ
S100TPG1,2024-06-24,2024-06-24 15:33,62310,2023-04-01,2024-03-31,木村工機株式会社
S100TQN5,2024-06-24,2024-06-24 15:34,39230,2023-04-01,2024-03-31,株式会社ラクス
S100TQ4F,2024-06-24,2024-06-24 15:36,63830,2023-04-01,2024-03-31,株式会社ダイフク
S100TR3E,2024-06-24,2024-06-24 15:39,19660,2023-04-01,2024-03-31,株式会社　高田工業所
S100TR65,2024-06-24,2024-06-24 15:40,68940,2023-04-01,2024-03-31,パルステック工業株式会社
S100TPAM,2024-06-24,2024-06-24 15:41,87250,2023-04-01,2024-03-31,ＭＳ＆ＡＤインシュアランスグループホールディングス株式会社
S100TQJP,2024-06-24,2024-06-24 15:42,83770,2023-04-01,2024-03-31,株式会社ほくほくフィナンシャルグループ
S100TQDH,2024-06-24,2024-06-24 15:42,72410,2023-04-01,2024-03-31,フタバ産業株式会社
S100TQZN,2024-06-24,2024-06-24 15:44,36860,2023-04-01,2024-03-31,株式会社ディー・エル・イー
S100TQG0,2024-06-24,2024-06-24 15:47,72140,2023-04-01,2024-03-31,ＧＭＢ株式会社
S100TQ0U,2024-06-24,2024-06-24 15:47,45690,2023-04-01,2024-03-31,杏林製薬株式会社
S100TR14,2024-06-24,2024-06-24 15:48,37390,2023-04-01,2024-03-31,コムシード株式会社
S100TPWF,2024-06-24,2024-06-24 15:55,61040,2023-04-01,2024-03-31,芝浦機械株式会社
S100TPZI,2024-06-24,2024-06-24 15:57,61660,2023-04-01,2024-03-31,株式会社中村超硬
S100TR85,2024-06-24,2024-06-24 16:00,43490,2023-04-01,2024-03-31,株式会社テスク
S100TMSA,2024-06-24,2024-06-24 16:00,32840,2023-04-01,2024-03-31,株式会社フージャースホールディングス
S100TN3A,2024-06-24,2024-06-24 16:00,60730,2023-04-01,2024-03-31,株式会社アサンテ
S100TQ1S,2024-06-24,2024-06-24 16:00,71730,2023-04-01,2024-03-31,株式会社東京きらぼしフィナンシャルグループ
S100TR46,2024-06-24,2024-06-24 16:03,42160,2023-04-01,2024-03-31,旭有機材株式会社
S100TR1D,2024-06-24,2024-06-24 16:08,63240,2023-04-01,2024-03-31,株式会社ハーモニック・ドライブ・システムズ
S100TR3U,2024-06-24,2024-06-24 16:21,82520,2023-04-01,2024-03-31,株式会社　丸井グループ
S100TR9A,2024-06-24,2024-06-24 16:21,32020,2023-04-01,2024-03-31,ダイトウボウ株式会社
S100TQMK,2024-06-24,2024-06-24 16:24,21460,2023-04-01,2024-03-31,ＵＴグループ株式会社
S100TPKP,2024-06-24,2024-06-24 16:25,85220,2023-04-01,2024-03-31,株式会社　名古屋銀行
S100TR4X,2024-06-24,2024-06-24 16:26,78600,2023-04-01,2024-03-31,エイベックス株式会社
S100TRAE,2024-06-24,2024-06-24 16:35,19290,2023-04-01,2024-03-31,日特建設株式会社
S100TQIA,2024-06-24,2024-06-24 16:47,72780,2023-04-01,2024-03-31,株式会社エクセディ
S100TQWZ,2024-06-24,2024-06-24 16:56,87390,2023-04-01,2024-03-31,スパークス・グループ株式会社
S100TQ8K,2024-06-24,2024-06-24 16:59,84390,2023-04-01,2024-03-31,東京センチュリー株式会社
S100TQRE,2024-06-24,2024-06-24 17:00,34650,2023-04-01,2024-03-31,ケイアイスター不動産株式会社
S100TQEX,2024-06-24,2024-06-24 17:00,26130,2023-04-01,2024-03-31,株式会社Ｊ－オイルミルズ
S100TREU,2024-06-24,2024-06-24 17:09,51330,2023-04-01,2024-03-31,株式会社テリロジーホールディングス
S100TQOZ,2024-06-25,2024-06-25 09:02,37780,2023-04-01,2024-03-31,さくらインターネット株式会社
S100TPOV,2024-06-25,2024-06-25 09:16,150A0,2023-04-01,2024-03-31,株式会社ＪＳＨ
S100TQZG,2024-06-25,2024-06-25 09:17,47330,2023-04-01,2024-03-31,株式会社オービックビジネスコンサルタント
S100TQWU,2024-06-25,2024-06-25 09:25,99550,2023-04-01,2024-03-31,株式会社ヨンキュウ
S100TRNM,2024-06-25,2024-06-25 09:30,57420,2023-04-01,2024-03-31,エヌアイシ・オートテック株式会社
S100TQR2,2024-06-25,2024-06-25 09:33,74800,2023-04-01,2024-03-31,スズデン株式会社
S100TR2D,2024-06-25,2024-06-25 09:46,22910,2023-04-01,2024-03-31,福留ハム株式会社
S100TQPG,2024-06-25,2024-06-25 09:48,61510,2023-04-01,2024-03-31,日東工器株式会社
S100TQJ1,2024-06-25,2024-06-25 09:56,87500,2023-04-01,2024-03-31,第一生命ホールディングス株式会社
S100TPY8,2024-06-25,2024-06-25 10:07,36220,2023-04-01,2024-03-31,ネットイヤーグループ株式会社
S100TRUC,2024-06-25,2024-06-25 10:07,33470,2023-04-01,2024-03-31,株式会社トラスト
S100TQPU,2024-06-25,2024-06-25 10:10,74580,2023-04-01,2024-03-31,株式会社第一興商
S100TQ74,2024-06-25,2024-06-25 10:20,84240,2023-04-01,2024-03-31,芙蓉総合リース株式会社
S100TQZC,2024-06-25,2024-06-25 10:21,67520,2023-04-01,2024-03-31,パナソニックホールディングス株式会社
S100TOOV,2024-06-25,2024-06-25 10:27,32370,2023-04-01,2024-03-31,株式会社イントランス
S100TOVH,2024-06-25,2024-06-25 10:53,82790,2023-04-01,2024-03-31,株式会社ヤオコー
S100TRDQ,2024-06-25,2024-06-25 10:54,48380,2023-04-01,2024-03-31,スペースシャワーＳＫＩＹＡＫＩホールディングス株式会社
S100TQOY,2024-06-25,2024-06-25 11:00,43480,2023-04-01,2024-03-31,インフォコム株式会社
S100TK3X,2024-06-25,2024-06-25 11:00,54100,2023-04-01,2024-03-31,合同製鐵株式会社
S100TNHH,2024-06-25,2024-06-25 11:01,72240,2023-04-01,2024-03-31,新明和工業株式会社
S100TQZD,2024-06-25,2024-06-25 11:06,43670,2023-04-01,2024-03-31,広栄化学株式会社
S100TLYX,2024-06-25,2024-06-25 11:07,17680,2023-04-01,2024-03-31,株式会社ソネック
S100TNPC,2024-06-25,2024-06-25 11:15,67440,2023-04-01,2024-03-31,能美防災株式会社
S100TRKY,2024-06-25,2024-06-25 11:18,68370,2023-04-01,2024-03-31,株式会社京写
S100TO7R,2024-06-25,2024-06-25 11:24,57140,2023-04-01,2024-03-31,ＤＯＷＡホールディングス株式会社
S100TQIY,2024-06-25,2024-06-25 11:27,79380,2023-04-01,2024-03-31,株式会社リーガルコーポレーション
S100TR5U,2024-06-25,2024-06-25 11:32,74510,2023-04-01,2024-03-31,三菱食品株式会社
S100TQJL,2024-06-25,2024-06-25 11:35,68820,2023-04-01,2024-03-31,株式会社三社電機製作所
S100TQN4,2024-06-25,2024-06-25 11:35,79700,2023-04-01,2024-03-31,信越ポリマー株式会社
S100TNNV,2024-06-25,2024-06-25 11:40,64880,2023-04-01,2024-03-31,株式会社ヨシタケ
S100TQDA,2024-06-25,2024-06-25 11:41,63560,2023-04-01,2024-03-31,日本ギア工業株式会社
S100TRUJ,2024-06-25,2024-06-25 11:42,74590,2023-04-01,2024-03-31,株式会社メディパルホールディングス
S100TS1C,2024-06-25,2024-06-25 11:51,95350,2023-04-01,2024-03-31,広島ガス株式会社
S100TQMI,2024-06-25,2024-06-25 11:51,98560,2023-04-01,2024-03-31,株式会社ケーユーホールディングス
S100TRLN,2024-06-25,2024-06-25 11:56,80390,2023-04-01,2024-03-31,築地魚市場株式会社
S100TRIK,2024-06-25,2024-06-25 11:59,93660,2023-04-01,2024-03-31,株式会社サンリツ
S100TRBH,2024-06-25,2024-06-25 12:03,85540,2023-04-01,2024-03-31,株式会社南日本銀行
S100TPJA,2024-06-25,2024-06-25 12:07,96850,2023-04-01,2024-03-31,ＫＹＣＯＭホールディングス株式会社
S100TOP3,2024-06-25,2024-06-25 12:32,35830,2023-04-01,2024-03-31,オーベクス株式会社
S100TQT5,2024-06-25,2024-06-25 12:36,62380,2023-04-01,2024-03-31,フリュー株式会社
S100TRI4,2024-06-25,2024-06-25 12:37,19490,2023-04-01,2024-03-31,住友電設株式会社
S100TRCL,2024-06-25,2024-06-25 12:44,64860,2023-04-01,2024-03-31,イーグル工業株式会社
S100TRHM,2024-06-25,2024-06-25 12:45,47180,2023-04-01,2024-03-31,株式会社早稲田アカデミー
S100TNPN,2024-06-25,2024-06-25 12:47,59550,2023-04-01,2024-03-31,株式会社ヤマシナ
S100TQTH,2024-06-25,2024-06-25 12:49,68550,2023-04-01,2024-03-31,日本電子材料株式会社
S100TPTU,2024-06-25,2024-06-25 12:50,37710,2023-04-01,2024-03-31,株式会社システムリサーチ
S100TRU1,2024-06-25,2024-06-25 12:57,67980,2023-04-01,2024-03-31,ＳＭＫ株式会社
S100TPM0,2024-06-25,2024-06-25 12:59,28770,2023-04-01,2024-03-31,日東ベスト株式会社
S100TRIA,2024-06-25,2024-06-25 13:00,45470,2023-04-01,2024-03-31,キッセイ薬品工業株式会社
S100TQG1,2024-06-25,2024-06-25 13:00,35910,2023-04-01,2024-03-31,株式会社ワコールホールディングス
S100TQR8,2024-06-25,2024-06-25 13:00,78400,2023-04-01,2024-03-31,フランスベッドホールディングス株式会社
S100TPN5,2024-06-25,2024-06-25 13:00,64800,2023-04-01,2024-03-31,日本トムソン株式会社
S100TRUU,2024-06-25,2024-06-25 13:00,31010,2023-04-01,2024-03-31,東洋紡株式会社
S100TPDV,2024-06-25,2024-06-25 13:01,86240,2023-04-01,2024-03-31,いちよし証券株式会社
S100TQNW,2024-06-25,2024-06-25 13:03,23310,2023-04-01,2024-03-31,綜合警備保障株式会社
S100TLYE,2024-06-25,2024-06-25 13:04,98730,2023-04-01,2024-03-31,日本ＫＦＣホールディングス株式会社
S100TS6W,2024-06-25,2024-06-25 13:07,30230,2023-04-01,2024-03-31,ラサ商事株式会社
S100TQL5,2024-06-25,2024-06-25 13:07,18690,2023-04-01,2024-03-31,名工建設株式会社
S100TPZV,2024-06-25,2024-06-25 13:08,54510,2023-04-01,2024-03-31,株式会社淀川製鋼所
S100TRSR,2024-06-25,2024-06-25 13:08,74330,2023-04-01,2024-03-31,伯東株式会社
S100TRJX,2024-06-25,2024-06-25 13:11,31530,2023-04-01,2024-03-31,八洲電機株式会社
S100TQHV,2024-06-25,2024-06-25 13:13,21620,2023-04-01,2024-03-31,ｎｍｓホールディングス株式会社
S100TQVG,2024-06-25,2024-06-25 13:13,97420,2023-04-01,2024-03-31,株式会社アイネス
S100TPLN,2024-06-25,2024-06-25 13:14,20040,2023-04-01,2024-03-31,昭和産業株式会社
S100TPC7,2024-06-25,2024-06-25 13:14,68200,2023-04-01,2024-03-31,アイコム株式会社
S100TMTQ,2024-06-25,2024-06-25 13:18,48320,2023-04-01,2024-03-31,ＪＦＥシステムズ株式会社
S100TPSR,2024-06-25,2024-06-25 13:20,81370,2023-04-01,2024-03-31,サンワテクノス株式会社
S100TOGW,2024-06-25,2024-06-25 13:22,65030,2023-04-01,2024-03-31,三菱電機株式会社
S100TRHF,2024-06-25,2024-06-25 13:25,80590,2023-04-01,2024-03-31,第一実業株式会社
S100TRNW,2024-06-25,2024-06-25 13:29,97350,2023-04-01,2024-03-31,セコム株式会社
S100TR81,2024-06-25,2024-06-25 13:30,97130,2023-04-01,2024-03-31,株式会社ロイヤルホテル
S100TRAL,2024-06-25,2024-06-25 13:31,68230,2023-04-01,2024-03-31,リオン株式会社
S100TQSH,2024-06-25,2024-06-25 13:34,28010,2023-04-01,2024-03-31,キッコーマン株式会社
S100TOTO,2024-06-25,2024-06-25 13:37,48860,2023-04-01,2024-03-31,あすか製薬ホールディングス株式会社
S100TS9X,2024-06-25,2024-06-25 13:38,23950,2023-04-01,2024-03-31,株式会社新日本科学
S100TQFM,2024-06-25,2024-06-25 13:40,18780,2023-04-01,2024-03-31,大東建託株式会社
S100TQ00,2024-06-25,2024-06-25 13:40,41820,2023-04-01,2024-03-31,三菱瓦斯化学株式会社
S100TRNA,2024-06-25,2024-06-25 13:41,93020,2023-04-01,2024-03-31,三井倉庫ホールディングス株式会社
S100TQOR,2024-06-25,2024-06-25 13:44,68450,2023-04-01,2024-03-31,アズビル株式会社
S100TRJM,2024-06-25,2024-06-25 13:46,22930,2023-04-01,2024-03-31,滝沢ハム株式会社
S100TRLV,2024-06-25,2024-06-25 13:48,79940,2023-04-01,2024-03-31,株式会社オカムラ
S100TQ6V,2024-06-25,2024-06-25 13:50,46590,2023-04-01,2024-03-31,株式会社エイジス
S100TRKG,2024-06-25,2024-06-25 13:53,73270,2023-04-01,2024-03-31,株式会社第四北越フィナンシャルグループ
S100TRFN,2024-06-25,2024-06-25 13:53,63790,2023-04-01,2024-03-31,レイズネクスト株式会社
S100TNFR,2024-06-25,2024-06-25 13:56,66700,2023-04-01,2024-03-31,株式会社ＭＣＪ
S100TRH0,2024-06-25,2024-06-25 13:56,43650,2023-04-01,2024-03-31,松本油脂製薬株式会社
S100TAWG,2024-06-25,2024-06-25 13:57,47700,2023-04-01,2024-03-31,図研エルミック株式会社
S100TS5K,2024-06-25,2024-06-25 13:58,19820,2023-04-01,2024-03-31,日比谷総合設備株式会社
S100TQ42,2024-06-25,2024-06-25 13:59,96000,2023-04-01,2024-03-31,株式会社アイネット
S100TS9C,2024-06-25,2024-06-25 14:00,36700,2023-04-01,2024-03-31,協立情報通信株式会社
S100TQMQ,2024-06-25,2024-06-25 14:00,63320,2023-04-01,2024-03-31,月島ホールディングス株式会社
S100TS4H,2024-06-25,2024-06-25 14:01,29150,2023-04-01,2024-03-31,ケンコーマヨネーズ株式会社
S100TS9W,2024-06-25,2024-06-25 14:02,56070,2023-04-01,2024-03-31,中央可鍛工業株式会社
S100TRLF,2024-06-25,2024-06-25 14:02,41880,2023-04-01,2024-03-31,三菱ケミカルグループ株式会社
S100TQE0,2024-06-25,2024-06-25 14:03,31060,2023-04-01,2024-03-31,倉敷紡績株式会社
S100TRVA,2024-06-25,2024-06-25 14:03,85660,2023-04-01,2024-03-31,リコーリース株式会社
S100TQKH,2024-06-25,2024-06-25 14:04,53340,2023-04-01,2024-03-31,日本特殊陶業株式会社
S100TQL9,2024-06-25,2024-06-25 14:05,21140,2023-04-01,2024-03-31,フジ日本精糖株式会社
S100TQ4N,2024-06-25,2024-06-25 14:07,61180,2023-04-01,2024-03-31,アイダエンジニアリング株式会社
S100TR6W,2024-06-25,2024-06-25 14:08,70620,2023-04-01,2024-03-31,株式会社フレアス
S100TRBU,2024-06-25,2024-06-25 14:08,81410,2023-04-01,2024-03-31,新光商事株式会社
S100TNWR,2024-06-25,2024-06-25 14:09,28020,2023-04-01,2024-03-31,味の素株式会社
S100TPGW,2024-06-25,2024-06-25 14:13,99340,2023-04-01,2024-03-31,因幡電機産業株式会社
S100TOD2,2024-06-25,2024-06-25 14:15,83600,2023-04-01,2024-03-31,株式会社　山梨中央銀行
S100TOG2,2024-06-25,2024-06-25 14:18,69420,2023-04-01,2024-03-31,株式会社ソフィアホールディングス
S100TSCY,2024-06-25,2024-06-25 14:19,40970,2023-04-01,2024-03-31,高圧ガス工業株式会社
S100TQ3L,2024-06-25,2024-06-25 14:19,28100,2023-04-01,2024-03-31,ハウス食品グループ本社株式会社
S100TQ63,2024-06-25,2024-06-25 14:21,30660,2023-04-01,2024-03-31,株式会社ＪＢイレブン
S100TPC6,2024-06-25,2024-06-25 14:22,74380,2023-04-01,2024-03-31,コンドーテック株式会社
S100TRIB,2024-06-25,2024-06-25 14:25,85850,2023-04-01,2024-03-31,株式会社オリエントコーポレーション
S100TNP6,2024-06-25,2024-06-25 14:25,42030,2023-04-01,2024-03-31,住友ベークライト株式会社
S100TQZL,2024-06-25,2024-06-25 14:26,63810,2023-04-01,2024-03-31,アネスト岩田株式会社
S100TRL8,2024-06-25,2024-06-25 14:28,81570,2023-04-01,2024-03-31,都築電気株式会社
S100TRSE,2024-06-25,2024-06-25 14:29,49780,2023-04-01,2024-03-31,株式会社リプロセル
S100TQYT,2024-06-25,2024-06-25 14:31,64900,2023-04-01,2024-03-31,日本ピラー工業株式会社
S100TR05,2024-06-25,2024-06-25 14:33,28710,2023-04-01,2024-03-31,株式会社ニチレイ
S100TQOS,2024-06-25,2024-06-25 14:33,19090,2023-04-01,2024-03-31,日本ドライケミカル株式会社
S100TRCD,2024-06-25,2024-06-25 14:43,51860,2023-04-01,2024-03-31,ニッタ株式会社
S100TR8D,2024-06-25,2024-06-25 14:49,19040,2023-04-01,2024-03-31,大成温調株式会社
S100TSFN,2024-06-25,2024-06-25 14:53,70600,2023-04-01,2024-03-31,ギークス株式会社
S100TQPC,2024-06-25,2024-06-25 14:54,76280,2023-04-01,2024-03-31,株式会社オーハシテクニカ
S100TR4W,2024-06-25,2024-06-25 14:54,67540,2023-04-01,2024-03-31,アンリツ株式会社
S100TOQI,2024-06-25,2024-06-25 14:54,80840,2023-04-01,2024-03-31,株式会社ＲＹＯＤＥＮ
S100TQZH,2024-06-25,2024-06-25 14:55,67970,2023-04-01,2024-03-31,名古屋電機工業株式会社
S100TR58,2024-06-25,2024-06-25 14:56,65080,2023-04-01,2024-03-31,株式会社明電舎
S100TPZP,2024-06-25,2024-06-25 14:58,21270,2023-04-01,2024-03-31,株式会社日本Ｍ＆Ａセンターホールディングス
S100TR2A,2024-06-25,2024-06-25 14:58,83990,2023-04-01,2024-03-31,株式会社琉球銀行
S100TQDB,2024-06-25,2024-06-25 15:00,50760,2023-04-01,2024-03-31,インフロニア・ホールディングス株式会社
S100TR7I,2024-06-25,2024-06-25 15:00,72030,2023-04-01,2024-03-31,トヨタ自動車株式会社
S100TRUM,2024-06-25,2024-06-25 15:00,95510,2023-04-01,2024-03-31,メタウォーター株式会社
S100TSCE,2024-06-25,2024-06-25 15:00,89190,2023-04-01,2024-03-31,株式会社カチタス
S100TS04,2024-06-25,2024-06-25 15:00,33720,2023-04-01,2024-03-31,株式会社関門海
S100TQG3,2024-06-25,2024-06-25 15:00,57530,2023-04-01,2024-03-31,日本伸銅株式会社
S100TROD,2024-06-25,2024-06-25 15:00,39270,2023-04-01,2024-03-31,株式会社フーバーブレイン
S100TQI4,2024-06-25,2024-06-25 15:00,82420,2023-04-01,2024-03-31,エイチ・ツー・オー　リテイリング株式会社
S100TR8N,2024-06-25,2024-06-25 15:01,82280,2023-04-01,2024-03-31,株式会社マルイチ産商
S100TRG8,2024-06-25,2024-06-25 15:01,97150,2023-04-01,2024-03-31,トランス・コスモス株式会社
S100TRSU,2024-06-25,2024-06-25 15:01,42650,2023-04-01,2024-03-31,Ｉｎｓｔｉｔｕｔｉｏｎ　ｆｏｒ　ａ　Ｇｌｏｂａｌ　Ｓｏｃｉｅｔｙ株式会社
S100TQGA,2024-06-25,2024-06-25 15:02,61670,2023-04-01,2024-03-31,冨士ダイス株式会社
S100TSDM,2024-06-25,2024-06-25 15:02,34670,2023-04-01,2024-03-31,アグレ都市デザイン株式会社
S100TQLW,2024-06-25,2024-06-25 15:02,72920,2023-04-01,2024-03-31,株式会社村上開明堂
S100TRMJ,2024-06-25,2024-06-25 15:03,23260,2023-04-01,2024-03-31,デジタルアーツ株式会社
S100TRCX,2024-06-25,2024-06-25 15:03,53320,2023-04-01,2024-03-31,ＴＯＴＯ株式会社
S100TRBW,2024-06-25,2024-06-25 15:03,86140,2023-04-01,2024-03-31,東洋証券株式会社
S100TQ72,2024-06-25,2024-06-25 15:04,65040,2023-04-01,2024-03-31,富士電機株式会社
S100TRUD,2024-06-25,2024-06-25 15:04,79510,2023-04-01,2024-03-31,ヤマハ株式会社
S100TQJA,2024-06-25,2024-06-25 15:04,85370,2023-04-01,2024-03-31,株式会社大光銀行
S100TR8X,2024-06-25,2024-06-25 15:05,56600,2023-04-01,2024-03-31,神鋼鋼線工業株式会社
S100TRPR,2024-06-25,2024-06-25 15:05,30680,2023-04-01,2024-03-31,株式会社ＷＤＩ
S100TQZO,2024-06-25,2024-06-25 15:05,62970,2023-04-01,2024-03-31,鉱研工業株式会社
S100TQWG,2024-06-25,2024-06-25 15:05,22290,2023-04-01,2024-03-31,カルビー株式会社
S100TRP1,2024-06-25,2024-06-25 15:05,91040,2023-04-01,2024-03-31,株式会社商船三井
S100TRMF,2024-06-25,2024-06-25 15:06,73840,2023-04-01,2024-03-31,株式会社プロクレアホールディングス
S100TRMZ,2024-06-25,2024-06-25 15:06,81450,2023-04-01,2024-03-31,中部水産株式会社
S100TS2D,2024-06-25,2024-06-25 15:07,48870,2023-04-01,2024-03-31,サワイグループホールディングス株式会社
S100TRHJ,2024-06-25,2024-06-25 15:08,57030,2023-04-01,2024-03-31,日本軽金属ホールディングス株式会社
S100TQXR,2024-06-25,2024-06-25 15:09,50190,2023-04-01,2024-03-31,出光興産株式会社
S100TOYU,2024-06-25,2024-06-25 15:10,13330,2023-04-01,2024-03-31,マルハニチロ株式会社
S100TRJF,2024-06-25,2024-06-25 15:12,49800,2023-04-01,2024-03-31,デクセリアルズ株式会社
S100TPZT,2024-06-25,2024-06-25 15:13,69710,2023-04-01,2024-03-31,京セラ株式会社
S100TQS9,2024-06-25,2024-06-25 15:13,93190,2023-04-01,2024-03-31,株式会社中央倉庫
S100TR9P,2024-06-25,2024-06-25 15:14,93250,2023-04-01,2024-03-31,ファイズホールディングス株式会社
S100TQWJ,2024-06-25,2024-06-25 15:16,40310,2023-04-01,2024-03-31,片倉コープアグリ株式会社
S100TS4W,2024-06-25,2024-06-25 15:16,85930,2023-04-01,2024-03-31,三菱ＨＣキャピタル株式会社
S100TQMW,2024-06-25,2024-06-25 15:17,37870,2023-04-01,2024-03-31,株式会社テクノマセマティカル
S100TSKR,2024-06-25,2024-06-25 15:17,92470,2023-04-01,2024-03-31,ＴＲＥホールディングス株式会社
S100TQGG,2024-06-25,2024-06-25 15:18,13010,2023-04-01,2024-03-31,株式会社　極洋
S100TSEZ,2024-06-25,2024-06-25 15:18,83930,2023-04-01,2024-03-31,株式会社宮崎銀行
S100TQLY,2024-06-25,2024-06-25 15:21,21090,2023-04-01,2024-03-31,ＤＭ三井製糖ホールディングス株式会社
S100TP2X,2024-06-25,2024-06-25 15:21,83430,2023-04-01,2024-03-31,株式会社秋田銀行
S100TPXK,2024-06-25,2024-06-25 15:22,34020,2023-04-01,2024-03-31,東レ株式会社
S100TQMY,2024-06-25,2024-06-25 15:23,76000,2023-04-01,2024-03-31,株式会社　日本エム・ディ・エム
S100TQEG,2024-06-25,2024-06-25 15:27,79790,2023-04-01,2024-03-31,株式会社松風
S100TSDQ,2024-06-25,2024-06-25 15:30,87690,2023-04-01,2024-03-31,株式会社アドバンテッジリスクマネジメント
S100TSDS,2024-06-25,2024-06-25 15:30,23590,2023-04-01,2024-03-31,株式会社コア
S100TSJQ,2024-06-25,2024-06-25 15:30,70840,2023-04-01,2024-03-31,株式会社Ｋｉｄｓ　Ｓｍｉｌｅ　Ｈｏｌｄｉｎｇｓ
S100TO60,2024-06-25,2024-06-25 15:30,21960,2023-04-01,2024-03-31,株式会社エスクリ
S100TSDB,2024-06-25,2024-06-25 15:30,71270,2023-04-01,2024-03-31,株式会社一家ホールディングス
S100TPTE,2024-06-25,2024-06-25 15:30,81740,2023-04-01,2024-03-31,日本瓦斯株式会社
S100TROK,2024-06-25,2024-06-25 15:33,58050,2023-04-01,2024-03-31,ＳＷＣＣ株式会社
S100TR42,2024-06-25,2024-06-25 15:35,54840,2023-04-01,2024-03-31,東北特殊鋼株式会社
S100TPX3,2024-06-25,2024-06-25 15:35,88980,2023-04-01,2024-03-31,株式会社センチュリー２１・ジャパン
S100TQIC,2024-06-25,2024-06-25 15:35,79250,2023-04-01,2024-03-31,前澤化成工業株式会社
S100TQKG,2024-06-25,2024-06-25 15:35,23340,2023-04-01,2024-03-31,株式会社イオレ
S100TS7P,2024-06-25,2024-06-25 15:36,67580,2023-04-01,2024-03-31,ソニーグループ株式会社
S100TRIE,2024-06-25,2024-06-25 15:37,18930,2023-04-01,2024-03-31,五洋建設株式会社
S100TRA1,2024-06-25,2024-06-25 15:39,83060,2023-04-01,2024-03-31,株式会社三菱ＵＦＪフィナンシャル・グループ
S100TPCX,2024-06-25,2024-06-25 15:39,54110,2023-04-01,2024-03-31,ＪＦＥホールディングス株式会社
S100TSGL,2024-06-25,2024-06-25 15:39,31570,2023-04-01,2024-03-31,ジオリーブグループ株式会社
S100TR55,2024-06-25,2024-06-25 15:39,93220,2023-04-01,2024-03-31,川西倉庫株式会社
S100TRB3,2024-06-25,2024-06-25 15:39,89950,2023-04-01,2024-03-31,株式会社誠建設工業
S100TR4Y,2024-06-25,2024-06-25 15:40,29980,2023-04-01,2024-03-31,クリアル株式会社
S100TQG8,2024-06-25,2024-06-25 15:41,44170,2023-04-01,2024-03-31,グローバルセキュリティエキスパート株式会社
S100TRHS,2024-06-25,2024-06-25 15:42,72660,2023-04-01,2024-03-31,株式会社今仙電機製作所
S100TSHK,2024-06-25,2024-06-25 15:43,63820,2023-04-01,2024-03-31,トリニティ工業株式会社
S100TSMK,2024-06-25,2024-06-25 15:43,70220,2023-04-01,2024-03-31,サノヤスホールディングス株式会社
S100TRF2,2024-06-25,2024-06-25 15:45,45360,2023-04-01,2024-03-31,参天製薬株式会社
S100TQTQ,2024-06-25,2024-06-25 15:45,99870,2023-04-01,2024-03-31,株式会社スズケン
S100TSNO,2024-06-25,2024-06-25 15:45,41830,2023-04-01,2024-03-31,三井化学株式会社
S100TSH8,2024-06-25,2024-06-25 15:46,71140,2023-04-01,2024-03-31,株式会社フーディソン
S100TSHU,2024-06-25,2024-06-25 15:47,80720,2023-04-01,2024-03-31,日本出版貿易株式会社
S100TSGV,2024-06-25,2024-06-25 15:49,62100,2023-04-01,2024-03-31,東洋機械金属株式会社
S100TREV,2024-06-25,2024-06-25 15:52,66140,2023-04-01,2024-03-31,株式会社シキノハイテック
S100TSHT,2024-06-25,2024-06-25 15:54,49730,2023-04-01,2024-03-31,日本高純度化学株式会社
S100TRFQ,2024-06-25,2024-06-25 15:55,60720,2023-04-01,2024-03-31,地盤ネットホールディングス株式会社
S100TSOV,2024-06-25,2024-06-25 15:56,61580,2023-04-01,2024-03-31,株式会社和井田製作所
S100TOXB,2024-06-25,2024-06-25 15:58,60130,2023-04-01,2024-03-31,株式会社タクマ
S100TQF1,2024-06-25,2024-06-25 16:00,44610,2023-04-01,2024-03-31,第一工業製薬株式会社
S100TSDD,2024-06-25,2024-06-25 16:00,58340,2023-04-01,2024-03-31,ＳＢＩリーシングサービス株式会社
S100TQ91,2024-06-25,2024-06-25 16:01,34070,2023-04-01,2024-03-31,旭化成株式会社
S100TS7E,2024-06-25,2024-06-25 16:03,63050,2023-04-01,2024-03-31,日立建機株式会社
S100TRK3,2024-06-25,2024-06-25 16:03,72420,2023-04-01,2024-03-31,カヤバ株式会社
S100TRL6,2024-06-25,2024-06-25 16:04,45380,2023-04-01,2024-03-31,扶桑薬品工業株式会社
S100TR7O,2024-06-25,2024-06-25 16:04,64730,2023-04-01,2024-03-31,株式会社ジェイテクト
S100TQXZ,2024-06-25,2024-06-25 16:04,45260,2023-04-01,2024-03-31,理研ビタミン株式会社
S100TSQJ,2024-06-25,2024-06-25 16:04,88440,2023-04-01,2024-03-31,株式会社コスモスイニシア
S100TN10,2024-06-25,2024-06-25 16:05,38570,2023-04-01,2024-03-31,株式会社ラック
S100TQPL,2024-06-25,2024-06-25 16:05,72640,2023-04-01,2024-03-31,株式会社ムロコーポレーション
S100TRGN,2024-06-25,2024-06-25 16:06,56440,2023-04-01,2024-03-31,株式会社メタルアート
S100TS4O,2024-06-25,2024-06-25 16:08,98800,2023-04-01,2024-03-31,イノテック株式会社
S100TSGS,2024-06-25,2024-06-25 16:09,36520,2023-04-01,2024-03-31,株式会社ディジタルメディアプロフェッショナル
S100TSRM,2024-06-25,2024-06-25 16:15,17170,2023-04-01,2024-03-31,明豊ファシリティワークス株式会社
S100TRT4,2024-06-25,2024-06-25 16:16,28940,2023-04-01,2024-03-31,石井食品株式会社
S100TSDI,2024-06-25,2024-06-25 16:18,84250,2023-04-01,2024-03-31,みずほリース株式会社
S100TSQH,2024-06-25,2024-06-25 16:21,64180,2023-04-01,2024-03-31,日本金銭機械株式会社
S100TSS9,2024-06-25,2024-06-25 16:26,45640,2023-04-01,2024-03-31,オンコセラピー・サイエンス株式会社
S100TREI,2024-06-25,2024-06-25 16:30,58380,2023-04-01,2024-03-31,楽天銀行株式会社
S100TPWI,2024-06-25,2024-06-25 16:31,60600,2023-04-01,2024-03-31,こころネット株式会社
S100TR1I,2024-06-25,2024-06-25 16:34,96440,2023-04-01,2024-03-31,株式会社タナベコンサルティンググループ
S100TSTI,2024-06-25,2024-06-25 16:34,74420,2023-04-01,2024-03-31,中山福株式会社
S100TSL3,2024-06-25,2024-06-25 16:47,76950,2023-04-01,2024-03-31,株式会社交換できるくん
S100TQPF,2024-06-25,2024-06-25 16:52,37990,2023-04-01,2024-03-31,キーウェアソリューションズ株式会社
S100TSE0,2024-06-25,2024-06-25 16:53,54490,2023-04-01,2024-03-31,大阪製鐵株式会社
S100TQBE,2024-06-25,2024-06-25 16:54,68630,2023-04-01,2024-03-31,株式会社ニレコ
S100TST3,2024-06-25,2024-06-25 16:54,37680,2023-04-01,2024-03-31,リスクモンスター株式会社
S100TQW2,2024-06-25,2024-06-25 16:54,45060,2023-04-01,2024-03-31,住友ファーマ株式会社
S100TS2Z,2024-06-25,2024-06-25 17:00,68790,2023-04-01,2024-03-31,株式会社ＩＭＡＧＩＣＡ　ＧＲＯＵＰ
S100TSVH,2024-06-25,2024-06-25 17:01,38350,2023-04-01,2024-03-31,ｅＢＡＳＥ株式会社
S100TSFC,2024-06-25,2024-06-25 17:01,27330,2023-04-01,2024-03-31,株式会社あらた
S100TSX4,2024-06-25,2024-06-25 17:04,72390,2023-04-01,2024-03-31,株式会社タチエス
S100TPW6,2024-06-25,2024-06-25 17:04,50130,2023-04-01,2024-03-31,ユシロ化学工業株式会社
S100TPHU,2024-06-26,2024-06-26 09:00,31310,2023-04-01,2024-03-31,シンデン・ハイテックス株式会社
S100TRCY,2024-06-26,2024-06-26 09:00,34370,2023-04-01,2024-03-31,特殊電極株式会社
S100TTBN,2024-06-26,2024-06-26 09:00,86220,2023-04-01,2024-03-31,水戸証券株式会社
S100TT51,2024-06-26,2024-06-26 09:01,45530,2023-04-01,2024-03-31,東和薬品株式会社
S100TPE7,2024-06-26,2024-06-26 09:01,43660,2023-04-01,2024-03-31,ダイトーケミックス株式会社
S100TQ3R,2024-06-26,2024-06-26 09:01,43230,2023-04-01,2024-03-31,日本システム技術株式会社
S100TSRY,2024-06-26,2024-06-26 09:02,31130,2023-04-01,2024-03-31,株式会社ＵＮＩＶＡ・Ｏａｋホールディングス
S100TSXD,2024-06-26,2024-06-26 09:02,68460,2023-04-01,2024-03-31,株式会社中央製作所
S100TOX4,2024-06-26,2024-06-26 09:03,62480,2023-04-01,2024-03-31,株式会社横田製作所
S100TR8J,2024-06-26,2024-06-26 09:03,31330,2023-04-01,2024-03-31,株式会社海帆
S100TSXI,2024-06-26,2024-06-26 09:04,84160,2023-04-01,2024-03-31,株式会社高知銀行
S100TSB8,2024-06-26,2024-06-26 09:04,77050,2023-04-01,2024-03-31,ジーエルサイエンス株式会社
S100TSFF,2024-06-26,2024-06-26 09:05,42740,2023-04-01,2024-03-31,細谷火工株式会社
S100TN27,2024-06-26,2024-06-26 09:06,72610,2023-04-01,2024-03-31,マツダ株式会社
S100TRDK,2024-06-26,2024-06-26 09:09,33170,2023-04-01,2024-03-31,株式会社フライングガーデン
S100TOX2,2024-06-26,2024-06-26 09:10,64670,2023-04-01,2024-03-31,株式会社ニチダイ
S100TT8F,2024-06-26,2024-06-26 09:12,76980,2023-04-01,2024-03-31,株式会社アイスコ
S100TRKV,2024-06-26,2024-06-26 09:14,42120,2023-04-01,2024-03-31,積水樹脂株式会社
S100TTGI,2024-06-26,2024-06-26 09:14,22220,2023-04-01,2024-03-31,寿スピリッツ株式会社
S100TSTA,2024-06-26,2024-06-26 09:16,49700,2023-04-01,2024-03-31,東洋合成工業株式会社
S100TNP5,2024-06-26,2024-06-26 09:17,74170,2023-04-01,2024-03-31,株式会社南陽
S100TRUF,2024-06-26,2024-06-26 09:18,23510,2023-04-01,2024-03-31,株式会社ＡＳＪ
S100TR8G,2024-06-26,2024-06-26 09:19,52850,2023-04-01,2024-03-31,株式会社ヤマックス
S100TOEW,2024-06-26,2024-06-26 09:19,19410,2023-04-01,2024-03-31,株式会社中電工
S100TODH,2024-06-26,2024-06-26 09:25,85620,2023-04-01,2024-03-31,株式会社　福島銀行
S100TQMD,2024-06-26,2024-06-26 09:27,59090,2023-04-01,2024-03-31,株式会社　コロナ
S100TT25,2024-06-26,2024-06-26 09:28,53570,2023-04-01,2024-03-31,株式会社　ヨータイ
S100TSY2,2024-06-26,2024-06-26 09:36,67240,2023-04-01,2024-03-31,セイコーエプソン株式会社
S100TT36,2024-06-26,2024-06-26 09:36,32910,2023-04-01,2024-03-31,飯田グループホールディングス株式会社
S100TQ7U,2024-06-26,2024-06-26 09:39,64240,2023-04-01,2024-03-31,株式会社高見沢サイバネティックス
S100TTID,2024-06-26,2024-06-26 09:39,58200,2023-04-01,2024-03-31,株式会社三ッ星
S100TQ2F,2024-06-26,2024-06-26 09:40,51950,2023-04-01,2024-03-31,バンドー化学株式会社
S100TSML,2024-06-26,2024-06-26 09:40,35370,2023-04-01,2024-03-31,昭栄薬品株式会社
S100TS6N,2024-06-26,2024-06-26 09:43,54440,2023-04-01,2024-03-31,大和工業株式会社
S100TTJL,2024-06-26,2024-06-26 09:44,85600,2023-04-01,2024-03-31,株式会社　宮崎太陽銀行
S100TSF0,2024-06-26,2024-06-26 09:47,78980,2023-04-01,2024-03-31,株式会社ウッドワン
S100TTKR,2024-06-26,2024-06-26 09:48,92680,2023-04-01,2024-03-31,株式会社オプティマスグループ
S100TQSM,2024-06-26,2024-06-26 09:48,27370,2023-04-01,2024-03-31,株式会社トーメンデバイス
S100TSXZ,2024-06-26,2024-06-26 09:51,62540,2023-04-01,2024-03-31,野村マイクロ・サイエンス株式会社
S100TTI5,2024-06-26,2024-06-26 09:51,96280,2023-04-01,2024-03-31,燦ホールディングス株式会社
S100TT6T,2024-06-26,2024-06-26 09:56,29010,2023-04-01,2024-03-31,石垣食品株式会社
S100TPXA,2024-06-26,2024-06-26 10:00,45490,2023-04-01,2024-03-31,栄研化学株式会社
S100TQHJ,2024-06-26,2024-06-26 10:02,37980,2023-04-01,2024-03-31,ＵＬＳグループ株式会社
S100TSGP,2024-06-26,2024-06-26 10:03,31660,2023-04-01,2024-03-31,ＯＣＨＩホールディングス株式会社
S100TS9S,2024-06-26,2024-06-26 10:03,44960,2023-04-01,2024-03-31,株式会社コマースＯｎｅホールディングス
S100TSQ5,2024-06-26,2024-06-26 10:04,48160,2023-04-01,2024-03-31,東映アニメーション株式会社
S100TP3I,2024-06-26,2024-06-26 10:05,18120,2023-04-01,2024-03-31,鹿島建設株式会社
S100TQF3,2024-06-26,2024-06-26 10:07,32210,2023-04-01,2024-03-31,株式会社ヨシックスホールディングス
S100TS98,2024-06-26,2024-06-26 10:09,81580,2023-04-01,2024-03-31,ソーダニッカ株式会社
S100TNUE,2024-06-26,2024-06-26 10:10,28760,2023-04-01,2024-03-31,株式会社デルソーレ
S100TSV4,2024-06-26,2024-06-26 10:12,72050,2023-04-01,2024-03-31,日野自動車株式会社
S100TT7L,2024-06-26,2024-06-26 10:12,20580,2023-04-01,2024-03-31,株式会社ヒガシマル
S100TSCA,2024-06-26,2024-06-26 10:16,82300,2023-04-01,2024-03-31,株式会社はせがわ
S100TT6J,2024-06-26,2024-06-26 10:22,59880,2023-04-01,2024-03-31,株式会社パイオラックス
S100TSNG,2024-06-26,2024-06-26 10:22,57260,2023-04-01,2024-03-31,株式会社大阪チタニウムテクノロジーズ
S100TTMQ,2024-06-26,2024-06-26 10:24,27490,2023-04-01,2024-03-31,株式会社ＪＰホールディングス
S100TSE7,2024-06-26,2024-06-26 10:26,33410,2023-04-01,2024-03-31,日本調剤株式会社
S100TTKN,2024-06-26,2024-06-26 10:26,68320,2023-04-01,2024-03-31,アオイ電子株式会社
S100TSJV,2024-06-26,2024-06-26 10:27,62580,2023-04-01,2024-03-31,平田機工株式会社
S100TOZF,2024-06-26,2024-06-26 10:29,31430,2023-04-01,2024-03-31,オーウイル株式会社
S100TOJH,2024-06-26,2024-06-26 10:30,30020,2023-04-01,2024-03-31,グンゼ株式会社
S100TT2H,2024-06-26,2024-06-26 10:32,79430,2023-04-01,2024-03-31,ニチハ株式会社
S100TSKA,2024-06-26,2024-06-26 10:33,70880,2023-04-01,2024-03-31,株式会社フォーラムエンジニアリング
S100TKYL,2024-06-26,2024-06-26 10:36,64480,2023-04-01,2024-03-31,ブラザー工業株式会社
S100TTNR,2024-06-26,2024-06-26 10:36,79060,2023-04-01,2024-03-31,ヨネックス株式会社
S100TTJJ,2024-06-26,2024-06-26 10:38,45700,2023-04-01,2024-03-31,株式会社免疫生物研究所
S100TSHQ,2024-06-26,2024-06-26 10:38,59910,2023-04-01,2024-03-31,日本発條株式会社
S100TQGJ,2024-06-26,2024-06-26 10:38,54630,2023-04-01,2024-03-31,丸一鋼管株式会社
S100TS74,2024-06-26,2024-06-26 10:41,85150,2023-04-01,2024-03-31,アイフル株式会社
S100TSZ6,2024-06-26,2024-06-26 10:41,40430,2023-04-01,2024-03-31,株式会社トクヤマ
S100TQWK,2024-06-26,2024-06-26 10:42,79390,2023-04-01,2024-03-31,株式会社研創
S100TTKI,2024-06-26,2024-06-26 10:42,75650,2023-04-01,2024-03-31,萬世電機株式会社
S100TTQ3,2024-06-26,2024-06-26 10:46,22860,2023-04-01,2024-03-31,林兼産業株式会社
S100TR1F,2024-06-26,2024-06-26 10:51,94790,2023-04-01,2024-03-31,株式会社インプレスホールディングス
S100TTQY,2024-06-26,2024-06-26 10:52,39320,2023-04-01,2024-03-31,株式会社アカツキ
S100TTKU,2024-06-26,2024-06-26 10:53,62460,2023-04-01,2024-03-31,株式会社テクノスマート
S100TREA,2024-06-26,2024-06-26 10:55,77020,2023-04-01,2024-03-31,株式会社ジェイ・エム・エス（称号　株式会社　ＪＭＳ）
S100TREZ,2024-06-26,2024-06-26 11:04,51990,2023-04-01,2024-03-31,不二ラテックス株式会社
S100TSN3,2024-06-26,2024-06-26 11:04,47830,2023-04-01,2024-03-31,ＮＣＤ株式会社
S100TT3D,2024-06-26,2024-06-26 11:07,36040,2023-04-01,2024-03-31,川本産業株式会社
S100TSYH,2024-06-26,2024-06-26 11:08,67680,2023-04-01,2024-03-31,株式会社タムラ製作所
S100TQRW,2024-06-26,2024-06-26 11:09,61110,2023-04-01,2024-03-31,旭精機工業株式会社
S100TSS3,2024-06-26,2024-06-26 11:09,87000,2023-04-01,2024-03-31,丸八証券株式会社
S100TRV6,2024-06-26,2024-06-26 11:09,74760,2023-04-01,2024-03-31,アズワン株式会社
S100TSXQ,2024-06-26,2024-06-26 11:13,77620,2023-04-01,2024-03-31,シチズン時計株式会社
S100TT6Z,2024-06-26,2024-06-26 11:14,21170,2023-04-01,2024-03-31,ウェルネオシュガー株式会社
S100TOJ7,2024-06-26,2024-06-26 11:14,22820,2023-04-01,2024-03-31,日本ハム株式会社
S100TRZ0,2024-06-26,2024-06-26 11:15,79320,2023-04-01,2024-03-31,株式会社ニッピ
S100TRUS,2024-06-26,2024-06-26 11:16,72550,2023-04-01,2024-03-31,株式会社　桜井製作所
S100TSSM,2024-06-26,2024-06-26 11:16,63150,2023-04-01,2024-03-31,ＴＯＷＡ株式会社
S100TQJW,2024-06-26,2024-06-26 11:19,54610,2023-04-01,2024-03-31,中部鋼鈑株式会社
S100TRUX,2024-06-26,2024-06-26 11:19,94710,2023-04-01,2024-03-31,株式会社文溪堂
S100TPPY,2024-06-26,2024-06-26 11:20,67720,2023-04-01,2024-03-31,東京コスモス電機株式会社
S100TRAW,2024-06-26,2024-06-26 11:22,35710,2023-04-01,2024-03-31,株式会社ソトー
S100TT2C,2024-06-26,2024-06-26 11:22,46200,2023-04-01,2024-03-31,藤倉化成株式会社
S100TS45,2024-06-26,2024-06-26 11:25,66780,2023-04-01,2024-03-31,株式会社テクノメディカ
S100TS4N,2024-06-26,2024-06-26 11:26,93550,2023-04-01,2024-03-31,株式会社リンコーコーポレーション
S100TSSL,2024-06-26,2024-06-26 11:27,42340,2023-04-01,2024-03-31,株式会社サンエー化研
S100TTSR,2024-06-26,2024-06-26 11:27,69080,2023-04-01,2024-03-31,イリソ電子工業株式会社
S100TSYT,2024-06-26,2024-06-26 11:27,24450,2023-04-01,2024-03-31,株式会社タカミヤ
S100TSGY,2024-06-26,2024-06-26 11:33,83490,2023-04-01,2024-03-31,株式会社　東北銀行
S100TTVB,2024-06-26,2024-06-26 11:35,24750,2023-04-01,2024-03-31,ＷＤＢホールディングス株式会社
S100TRBD,2024-06-26,2024-06-26 11:36,34170,2023-04-01,2024-03-31,大木ヘルスケアホールディングス株式会社
S100TSFB,2024-06-26,2024-06-26 11:36,34230,2023-04-01,2024-03-31,株式会社エスイー
S100TRZ6,2024-06-26,2024-06-26 11:38,34420,2023-04-01,2024-03-31,株式会社ＭＩＥコーポレーション
S100TNJN,2024-06-26,2024-06-26 11:39,62300,2023-04-01,2024-03-31,ＳＡＮＥＩ株式会社
S100TKLM,2024-06-26,2024-06-26 11:40,93060,2023-04-01,2024-03-31,東陽倉庫株式会社
S100TSWN,2024-06-26,2024-06-26 11:42,42180,2023-04-01,2024-03-31,ニチバン株式会社
S100TTV4,2024-06-26,2024-06-26 11:43,45910,2023-04-01,2024-03-31,株式会社リボミック
S100TS63,2024-06-26,2024-06-26 11:43,71870,2023-04-01,2024-03-31,ジェイリース株式会社
S100T7RU,2024-06-26,2024-06-26 11:47,81520,2023-04-01,2024-03-31,ソマール株式会社
S100TPJN,2024-06-26,2024-06-26 11:47,70940,2023-04-01,2024-03-31,株式会社ＮｅｘＴｏｎｅ
S100TRJ9,2024-06-26,2024-06-26 11:48,46780,2023-04-01,2024-03-31,株式会社　秀英予備校
S100TSUE,2024-06-26,2024-06-26 11:51,42060,2023-04-01,2024-03-31,アイカ工業株式会社
S100TT0M,2024-06-26,2024-06-26 11:54,69570,2023-04-01,2024-03-31,株式会社芝浦電子
S100TSMG,2024-06-26,2024-06-26 11:54,72220,2023-04-01,2024-03-31,日産車体株式会社
S100TT9Q,2024-06-26,2024-06-26 11:55,44920,2023-04-01,2024-03-31,株式会社ゼネテック
S100TPLJ,2024-06-26,2024-06-26 11:57,41790,2023-04-01,2024-03-31,株式会社ジーネクスト
S100TT05,2024-06-26,2024-06-26 11:59,80750,2023-04-01,2024-03-31,神鋼商事株式会社
S100TSLS,2024-06-26,2024-06-26 12:00,90690,2023-04-01,2024-03-31,センコーグループホールディングス株式会社
S100TTGY,2024-06-26,2024-06-26 12:00,14170,2023-04-01,2024-03-31,株式会社ミライト・ワン
S100TS3B,2024-06-26,2024-06-26 12:00,75090,2023-04-01,2024-03-31,アイエーグループ株式会社
S100TRGL,2024-06-26,2024-06-26 12:00,24150,2023-04-01,2024-03-31,ヒューマンホールディングス株式会社
S100TRVD,2024-06-26,2024-06-26 12:11,63250,2023-04-01,2024-03-31,株式会社タカキタ
S100TPGV,2024-06-26,2024-06-26 12:11,78870,2023-04-01,2024-03-31,南海プライウッド株式会社
S100TSSV,2024-06-26,2024-06-26 12:14,38800,2023-04-01,2024-03-31,大王製紙株式会社
S100TRGD,2024-06-26,2024-06-26 12:15,99600,2023-04-01,2024-03-31,東テク株式会社
S100TTYM,2024-06-26,2024-06-26 12:15,99900,2023-04-01,2024-03-31,株式会社サックスバーホールディングス
S100TTY5,2024-06-26,2024-06-26 12:16,21520,2023-04-01,2024-03-31,幼児活動研究会株式会社
S100TTZK,2024-06-26,2024-06-26 12:17,51940,2023-04-01,2024-03-31,相模ゴム工業株式会社
S100TTVE,2024-06-26,2024-06-26 12:20,37720,2023-04-01,2024-03-31,ウェルス・マネジメント株式会社
S100TU0J,2024-06-26,2024-06-26 12:22,96390,2023-04-01,2024-03-31,三協フロンテア株式会社
S100TSXO,2024-06-26,2024-06-26 12:23,71050,2023-04-01,2024-03-31,三菱ロジスネクスト株式会社
S100TSMM,2024-06-26,2024-06-26 12:24,62930,2023-04-01,2024-03-31,日精樹脂工業株式会社
S100TTAZ,2024-06-26,2024-06-26 12:27,88970,2023-04-01,2024-03-31,ＭＩＲＡＲＴＨホールディングス株式会社
S100TREH,2024-06-26,2024-06-26 12:28,97590,2023-04-01,2024-03-31,株式会社ＮＳＤ
S100TSRU,2024-06-26,2024-06-26 12:40,68040,2023-04-01,2024-03-31,ホシデン株式会社
S100TRHQ,2024-06-26,2024-06-26 12:44,54710,2023-04-01,2024-03-31,大同特殊鋼株式会社
S100TT7J,2024-06-26,2024-06-26 12:46,61370,2023-04-01,2024-03-31,小池酸素工業株式会社
S100TQHN,2024-06-26,2024-06-26 12:47,68090,2023-04-01,2024-03-31,ＴＯＡ株式会社
S100TTN2,2024-06-26,2024-06-26 12:50,92720,2023-04-01,2024-03-31,ブティックス株式会社
S100TS22,2024-06-26,2024-06-26 12:52,56030,2023-04-01,2024-03-31,虹技株式会社
S100TK9A,2024-06-26,2024-06-26 12:52,63730,2023-04-01,2024-03-31,大同工業株式会社
S100TU04,2024-06-26,2024-06-26 12:53,31820,2023-04-01,2024-03-31,オイシックス・ラ・大地株式会社
S100TQSO,2024-06-26,2024-06-26 13:00,80320,2023-04-01,2024-03-31,日本紙パルプ商事株式会社
S100TPO7,2024-06-26,2024-06-26 13:00,88910,2023-04-01,2024-03-31,ＡＭＧホールディングス株式会社
S100TRK6,2024-06-26,2024-06-26 13:00,22810,2023-04-01,2024-03-31,プリマハム株式会社
S100TT01,2024-06-26,2024-06-26 13:00,22700,2023-04-01,2024-03-31,雪印メグミルク株式会社
S100TS73,2024-06-26,2024-06-26 13:00,88920,2023-01-01,2024-03-31,株式会社日本エスコン
S100TQXG,2024-06-26,2024-06-26 13:00,46810,2023-04-01,2024-03-31,リゾートトラスト株式会社
S100TRVK,2024-06-26,2024-06-26 13:02,98950,2023-04-01,2024-03-31,株式会社コンセック
S100TSW7,2024-06-26,2024-06-26 13:04,37080,2023-04-01,2024-03-31,特種東海製紙株式会社
S100TRT0,2024-06-26,2024-06-26 13:05,80740,2023-04-01,2024-03-31,ユアサ商事株式会社
S100TT0P,2024-06-26,2024-06-26 13:06,37660,2023-04-01,2024-03-31,システムズ・デザイン株式会社
S100TRTZ,2024-06-26,2024-06-26 13:06,59860,2023-04-01,2024-03-31,モリテックスチール株式会社
S100TS9B,2024-06-26,2024-06-26 13:06,93510,2023-04-01,2024-03-31,東洋埠頭株式会社
S100TQNA,2024-06-26,2024-06-26 13:07,54080,2023-04-01,2024-03-31,株式会社中山製鋼所
S100TNKM,2024-06-26,2024-06-26 13:07,173A0,2023-04-01,2024-03-31,株式会社ハンモック
S100TNTV,2024-06-26,2024-06-26 13:08,78830,2023-04-01,2024-03-31,サンメッセ株式会社
S100TR7X,2024-06-26,2024-06-26 13:08,55960,2023-04-01,2024-03-31,アウトルックコンサルティング株式会社
S100TQS1,2024-06-26,2024-06-26 13:10,79810,2023-04-01,2024-03-31,タカラスタンダード株式会社
S100TT45,2024-06-26,2024-06-26 13:11,95370,2023-04-01,2024-03-31,北陸瓦斯株式会社
S100TQXY,2024-06-26,2024-06-26 13:11,71400,2023-04-01,2024-03-31,ペットゴー株式会社
S100TRUQ,2024-06-26,2024-06-26 13:11,27840,2023-04-01,2024-03-31,アルフレッサホールディングス株式会社
S100TSKH,2024-06-26,2024-06-26 13:12,75370,2023-04-01,2024-03-31,丸文株式会社
S100TR1G,2024-06-26,2024-06-26 13:12,28970,2023-04-01,2024-03-31,日清食品ホールディングス株式会社
S100TRUK,2024-06-26,2024-06-26 13:12,69730,2023-04-01,2024-03-31,協栄産業株式会社
S100TSNM,2024-06-26,2024-06-26 13:13,28040,2023-04-01,2024-03-31,ブルドックソース株式会社
S100TU3N,2024-06-26,2024-06-26 13:14,80380,2023-04-01,2024-03-31,東都水産株式会社
S100TTE3,2024-06-26,2024-06-26 13:14,22960,2023-04-01,2024-03-31,伊藤ハム米久ホールディングス株式会社
S100TS4G,2024-06-26,2024-06-26 13:14,42150,2023-04-01,2024-03-31,タキロンシーアイ株式会社
S100TNVR,2024-06-26,2024-06-26 13:15,30040,2023-04-01,2024-03-31,神栄株式会社
S100TT7V,2024-06-26,2024-06-26 13:15,28140,2023-04-01,2024-03-31,佐藤食品工業株式会社
S100TS38,2024-06-26,2024-06-26 13:15,62030,2023-04-01,2024-03-31,豊和工業株式会社
S100TU4I,2024-06-26,2024-06-26 13:16,55990,2023-04-01,2024-03-31,Ｓ＆Ｊ株式会社
S100TU4N,2024-06-26,2024-06-26 13:16,43890,2023-04-01,2024-03-31,プロパティデータバンク株式会社
S100TSGI,2024-06-26,2024-06-26 13:16,63960,2023-04-01,2024-03-31,株式会社宇野澤組鐵工所
S100TTA4,2024-06-26,2024-06-26 13:18,38780,2023-04-01,2024-03-31,株式会社巴川コーポレーション
S100TU4S,2024-06-26,2024-06-26 13:18,71200,2023-04-01,2024-03-31,株式会社ＳＨＩＮＫＯ
S100TTDH,2024-06-26,2024-06-26 13:18,66220,2023-04-01,2024-03-31,株式会社ダイヘン
S100TU4O,2024-06-26,2024-06-26 13:20,44830,2023-04-01,2024-03-31,株式会社ＪＭＤＣ
S100TTP5,2024-06-26,2024-06-26 13:21,70140,2023-04-01,2024-03-31,株式会社名村造船所
S100TRZ7,2024-06-26,2024-06-26 13:21,45240,2023-04-01,2024-03-31,森下仁丹株式会社
S100TSSK,2024-06-26,2024-06-26 13:23,46170,2023-04-01,2024-03-31,中国塗料株式会社
S100TQLL,2024-06-26,2024-06-26 13:23,40980,2023-04-01,2024-03-31,チタン工業株式会社
S100TSVW,2024-06-26,2024-06-26 13:24,19600,2023-04-01,2024-03-31,株式会社サンテック
S100TT4U,2024-06-26,2024-06-26 13:25,30990,2023-04-01,2024-03-31,株式会社三越伊勢丹ホールディングス
S100TQLZ,2024-06-26,2024-06-26 13:25,75640,2023-04-01,2024-03-31,株式会社ワークマン
S100TT1I,2024-06-26,2024-06-26 13:25,18470,2023-04-01,2024-03-31,株式会社イチケン
S100TQWI,2024-06-26,2024-06-26 13:27,63600,2023-04-01,2024-03-31,株式会社　東京自働機械製作所
S100TSWY,2024-06-26,2024-06-26 13:28,67150,2023-04-01,2024-03-31,株式会社ナカヨ
S100TRWV,2024-06-26,2024-06-26 13:30,70030,2023-04-01,2024-03-31,株式会社三井Ｅ＆Ｓ
S100TTUY,2024-06-26,2024-06-26 13:31,63910,2023-04-01,2024-03-31,株式会社加地テック
S100TT6H,2024-06-26,2024-06-26 13:31,53520,2023-04-01,2024-03-31,黒崎播磨株式会社
S100TRV1,2024-06-26,2024-06-26 13:31,80070,2023-04-01,2024-03-31,高島株式会社
S100TSAO,2024-06-26,2024-06-26 13:32,69190,2023-04-01,2024-03-31,ケル株式会社
S100TQN8,2024-06-26,2024-06-26 13:32,63690,2023-04-01,2024-03-31,トーヨーカネツ株式会社
S100TRC1,2024-06-26,2024-06-26 13:33,50170,2023-04-01,2024-03-31,富士石油株式会社
S100TRVM,2024-06-26,2024-06-26 13:33,79550,2023-04-01,2024-03-31,クリナップ株式会社
S100TQNY,2024-06-26,2024-06-26 13:34,38340,2023-04-01,2024-03-31,株式会社朝日ネット
S100TRYX,2024-06-26,2024-06-26 13:34,40230,2023-04-01,2024-03-31,株式会社クレハ
S100TT2N,2024-06-26,2024-06-26 13:35,20020,2023-04-01,2024-03-31,株式会社日清製粉グループ本社
S100TT66,2024-06-26,2024-06-26 13:36,54230,2023-04-01,2024-03-31,東京製鐵株式会社
S100TGJJ,2024-06-26,2024-06-26 13:37,29330,2023-04-01,2024-03-31,株式会社紀文食品
S100TTJ3,2024-06-26,2024-06-26 13:37,68570,2023-04-01,2024-03-31,株式会社アドバンテスト
S100TT2K,2024-06-26,2024-06-26 13:40,85240,2023-04-01,2024-03-31,株式会社北洋銀行
S100TTYV,2024-06-26,2024-06-26 13:42,95330,2023-04-01,2024-03-31,東邦瓦斯株式会社
S100TTAU,2024-06-26,2024-06-26 13:43,69320,2023-04-01,2024-03-31,株式会社遠藤照明
S100TT1W,2024-06-26,2024-06-26 13:44,147A0,2023-04-01,2024-03-31,株式会社ソラコム
S100TSX7,2024-06-26,2024-06-26 13:44,32890,2023-04-01,2024-03-31,東急不動産ホールディングス株式会社
S100TSUG,2024-06-26,2024-06-26 13:45,54400,2023-04-01,2024-03-31,共英製鋼株式会社
S100TT8B,2024-06-26,2024-06-26 13:47,64200,2023-04-01,2024-03-31,フクシマガリレイ株式会社
S100TSD4,2024-06-26,2024-06-26 13:47,62860,2023-04-01,2024-03-31,靜甲株式会社
S100TTTZ,2024-06-26,2024-06-26 13:49,98450,2023-04-01,2024-03-31,株式会社パーカーコーポレーション
S100TQJ0,2024-06-26,2024-06-26 13:50,59510,2023-04-01,2024-03-31,ダイニチ工業株式会社
S100TN8G,2024-06-26,2024-06-26 13:50,95360,2023-04-01,2024-03-31,西部ガスホールディングス株式会社
S100TSMY,2024-06-26,2024-06-26 13:50,94670,2023-04-01,2024-03-31,株式会社アルファポリス
S100TSQE,2024-06-26,2024-06-26 13:50,53330,2023-04-01,2024-03-31,日本碍子株式会社
S100TQTO,2024-06-26,2024-06-26 13:51,63630,2023-04-01,2024-03-31,株式会社酉島製作所
S100TOE7,2024-06-26,2024-06-26 13:51,39430,2023-04-01,2024-03-31,大石産業株式会社
S100TT6P,2024-06-26,2024-06-26 13:52,49260,2023-04-01,2024-03-31,株式会社シーボン
S100TPZN,2024-06-26,2024-06-26 13:52,20530,2023-04-01,2024-03-31,中部飼料株式会社
S100TTMU,2024-06-26,2024-06-26 13:54,70130,2023-04-01,2024-03-31,株式会社ＩＨＩ
S100TRO9,2024-06-26,2024-06-26 13:59,93570,2023-04-01,2024-03-31,名港海運株式会社
S100TTOM,2024-06-26,2024-06-26 14:00,97060,2023-04-01,2024-03-31,日本空港ビルデング株式会社
S100TR7U,2024-06-26,2024-06-26 14:00,91190,2023-04-01,2024-03-31,飯野海運株式会社
S100TU8U,2024-06-26,2024-06-26 14:00,79020,2023-04-01,2024-03-31,株式会社ソノコム
S100TRHK,2024-06-26,2024-06-26 14:01,76870,2023-04-01,2024-03-31,株式会社ミクリード
S100TQ4Z,2024-06-26,2024-06-26 14:02,90650,2023-04-01,2024-03-31,山九株式会社
S100TUAU,2024-06-26,2024-06-26 14:03,77430,2023-04-01,2024-03-31,株式会社シード
S100TTBJ,2024-06-26,2024-06-26 14:04,59830,2023-04-01,2024-03-31,イワブチ株式会社
S100TU3W,2024-06-26,2024-06-26 14:04,69260,2023-04-01,2024-03-31,岡谷電機産業株式会社
S100TS47,2024-06-26,2024-06-26 14:04,69280,2023-04-01,2024-03-31,株式会社エノモト
S100TTQE,2024-06-26,2024-06-26 14:05,61380,2023-04-01,2024-03-31,ダイジェット工業株式会社
S100TMOB,2024-06-26,2024-06-26 14:05,64720,2023-04-01,2024-03-31,ＮＴＮ株式会社
S100TT02,2024-06-26,2024-06-26 14:06,61550,2023-04-01,2024-03-31,高松機械工業株式会社
S100TQM6,2024-06-26,2024-06-26 14:07,45520,2023-04-01,2024-03-31,ＪＣＲファーマ株式会社
S100TS28,2024-06-26,2024-06-26 14:08,67450,2023-04-01,2024-03-31,ホーチキ株式会社
S100TU9C,2024-06-26,2024-06-26 14:11,65390,2023-04-01,2024-03-31,株式会社ＭＳ－Ｊａｐａｎ
S100TS0S,2024-06-26,2024-06-26 14:12,69940,2023-04-01,2024-03-31,株式会社指月電機製作所
S100TT1F,2024-06-26,2024-06-26 14:12,82910,2023-04-01,2024-03-31,日産東京販売ホールディングス株式会社
S100TRQW,2024-06-26,2024-06-26 14:13,17360,2023-04-01,2024-03-31,株式会社　オーテック
S100TTJN,2024-06-26,2024-06-26 14:14,62080,2023-04-01,2024-03-31,株式会社石川製作所
S100TS46,2024-06-26,2024-06-26 14:14,68480,2023-04-01,2024-03-31,東亜ディーケーケー株式会社
S100TUDF,2024-06-26,2024-06-26 14:18,63190,2023-04-01,2024-03-31,株式会社シンニッタン
S100TTPK,2024-06-26,2024-06-26 14:18,90900,2023-04-01,2024-03-31,ＡＺ－ＣＯＭ丸和ホールディングス株式会社
S100TU95,2024-06-26,2024-06-26 14:19,42370,2023-04-01,2024-03-31,フジプレアム株式会社
S100TRSX,2024-06-26,2024-06-26 14:20,80510,2023-04-01,2024-03-31,株式会社山善
S100TSX1,2024-06-26,2024-06-26 14:21,83450,2023-04-01,2024-03-31,株式会社岩手銀行
S100TUDD,2024-06-26,2024-06-26 14:21,32940,2023-04-01,2024-03-31,株式会社イーグランド
S100TS4E,2024-06-26,2024-06-26 14:22,74560,2023-04-01,2024-03-31,松田産業株式会社
S100TTD8,2024-06-26,2024-06-26 14:24,36660,2023-04-01,2024-03-31,株式会社テクノスジャパン
S100TRWA,2024-06-26,2024-06-26 14:26,67940,2023-04-01,2024-03-31,フォスター電機株式会社
S100TSC2,2024-06-26,2024-06-26 14:27,98960,2023-04-01,2024-03-31,ＪＫホールディングス株式会社
S100TP92,2024-06-26,2024-06-26 14:27,17860,2023-04-01,2024-03-31,オリエンタル白石株式会社
S100TSPV,2024-06-26,2024-06-26 14:29,98200,2023-04-01,2024-03-31,エムティジェネックス株式会社
S100TTLU,2024-06-26,2024-06-26 14:30,73450,2023-04-01,2024-03-31,株式会社アイ・パートナーズフィナンシャル
S100TUE1,2024-06-26,2024-06-26 14:30,88900,2023-04-01,2024-03-31,株式会社レーサム
S100TSK5,2024-06-26,2024-06-26 14:31,59840,2023-04-01,2024-03-31,兼房株式会社
S100TS23,2024-06-26,2024-06-26 14:31,72540,2023-04-01,2024-03-31,株式会社ユニバンス
S100TQW6,2024-06-26,2024-06-26 14:33,79490,2023-04-01,2024-03-31,小松ウオール工業株式会社
S100TS9I,2024-06-26,2024-06-26 14:33,87040,2023-04-01,2024-03-31,トレイダーズホールディングス株式会社
S100TTMV,2024-06-26,2024-06-26 14:34,59890,2023-04-01,2024-03-31,株式会社エイチワン
S100TNQY,2024-06-26,2024-06-26 14:34,54800,2023-04-01,2024-03-31,日本冶金工業株式会社
S100TUC6,2024-06-26,2024-06-26 14:36,64130,2023-04-01,2024-03-31,理想科学工業株式会社
S100TSC7,2024-06-26,2024-06-26 14:36,62920,2023-04-01,2024-03-31,株式会社カワタ
S100TUDK,2024-06-26,2024-06-26 14:41,80860,2023-04-01,2024-03-31,ニプロ株式会社
S100TOO5,2024-06-26,2024-06-26 14:42,95060,2023-04-01,2024-03-31,東北電力株式会社
S100TTLD,2024-06-26,2024-06-26 14:42,89350,2023-04-01,2024-03-31,株式会社ＦＪネクストホールディングス
S100TS8L,2024-06-26,2024-06-26 14:44,85440,2023-04-01,2024-03-31,株式会社　京葉銀行
S100TT7B,2024-06-26,2024-06-26 14:45,50200,2023-04-01,2024-03-31,ＥＮＥＯＳホールディングス株式会社
S100TUH2,2024-06-26,2024-06-26 14:45,65500,2023-04-01,2024-03-31,Ｕｎｉｐｏｓ株式会社
S100TU2E,2024-06-26,2024-06-26 14:49,27800,2023-04-01,2024-03-31,株式会社コメ兵ホールディングス
S100TTHE,2024-06-26,2024-06-26 14:50,81820,2023-04-01,2024-03-31,株式会社いなげや
S100TRWZ,2024-06-26,2024-06-26 14:50,69370,2023-04-01,2024-03-31,古河電池株式会社
S100TSFK,2024-06-26,2024-06-26 14:51,90700,2023-04-01,2024-03-31,トナミホールディングス株式会社
S100TT67,2024-06-26,2024-06-26 14:51,24540,2023-04-01,2024-03-31,株式会社オールアバウト
S100TSW8,2024-06-26,2024-06-26 14:52,40920,2023-04-01,2024-03-31,日本化学工業株式会社
S100TQVT,2024-06-26,2024-06-26 14:52,67870,2023-04-01,2024-03-31,株式会社メイコー
S100TRGI,2024-06-26,2024-06-26 14:53,29080,2023-04-01,2024-03-31,フジッコ株式会社
S100TQOE,2024-06-26,2024-06-26 14:54,90080,2023-04-01,2024-03-31,京王電鉄株式会社
S100TU4J,2024-06-26,2024-06-26 14:56,37790,2023-04-01,2024-03-31,ジェイ・エスコムホールディングス株式会社
S100TUBE,2024-06-26,2024-06-26 14:56,64540,2023-04-01,2024-03-31,マックス株式会社
S100TSOF,2024-06-26,2024-06-26 15:00,83360,2023-04-01,2024-03-31,株式会社武蔵野銀行
S100TRJ6,2024-06-26,2024-06-26 15:00,26730,2023-04-01,2024-03-31,夢みつけ隊株式会社
S100TRWG,2024-06-26,2024-06-26 15:00,14430,2023-04-01,2024-03-31,技研ホールディングス株式会社
S100TT84,2024-06-26,2024-06-26 15:00,95170,2023-04-01,2024-03-31,イーレックス株式会社
S100TTEN,2024-06-26,2024-06-26 15:00,31370,2023-04-01,2024-03-31,株式会社ファンデリー
S100TT6R,2024-06-26,2024-06-26 15:00,60690,2023-04-01,2024-03-31,トレンダーズ株式会社
S100TTDK,2024-06-26,2024-06-26 15:00,51380,2023-04-01,2024-03-31,株式会社Ｒｅｂａｓｅ
S100TTTM,2024-06-26,2024-06-26 15:00,34340,2023-04-01,2024-03-31,株式会社アルファ
S100TRXN,2024-06-26,2024-06-26 15:00,81110,2023-04-01,2024-03-31,株式会社ゴールドウイン
S100TS00,2024-06-26,2024-06-26 15:00,47360,2023-04-01,2024-03-31,日本ラッド株式会社
S100TSXN,2024-06-26,2024-06-26 15:00,19380,2023-04-01,2024-03-31,日本リーテック株式会社
S100TSE1,2024-06-26,2024-06-26 15:00,31320,2023-04-01,2024-03-31,マクニカホールディングス株式会社
S100TSEY,2024-06-26,2024-06-26 15:00,92040,2023-04-01,2024-03-31,スカイマーク株式会社
S100TRNF,2024-06-26,2024-06-26 15:00,18110,2023-04-01,2024-03-31,株式会社錢高組
S100TBRY,2024-06-26,2024-06-26 15:00,65680,2023-04-01,2024-03-31,神戸天然物化学株式会社
S100TQE6,2024-06-26,2024-06-26 15:00,90630,2023-04-01,2024-03-31,岡山県貨物運送株式会社
S100TQH6,2024-06-26,2024-06-26 15:01,40400,2023-04-01,2024-03-31,南海化学株式会社
S100TTLG,2024-06-26,2024-06-26 15:01,95050,2023-04-01,2024-03-31,北陸電力株式会社
S100TSPO,2024-06-26,2024-06-26 15:01,70920,2023-04-01,2024-03-31,株式会社Ｆａｓｔ　Ｆｉｔｎｅｓｓ　Ｊａｐａｎ
S100TSNK,2024-06-26,2024-06-26 15:01,40780,2023-04-01,2024-03-31,堺化学工業株式会社
S100TSWB,2024-06-26,2024-06-26 15:01,81010,2023-04-01,2024-03-31,株式会社ＧＳＩクレオス
S100TU3M,2024-06-26,2024-06-26 15:01,62620,2023-04-01,2024-03-31,株式会社ＰＥＧＡＳＵＳ
S100TT93,2024-06-26,2024-06-26 15:02,60820,2023-04-01,2024-03-31,株式会社ライドオンエクスプレスホールディングス
S100TQX0,2024-06-26,2024-06-26 15:02,46760,2023-04-01,2024-03-31,株式会社フジ・メディア・ホールディングス
S100TS8B,2024-06-26,2024-06-26 15:02,48000,2023-04-01,2024-03-31,オリコン株式会社
S100TU4L,2024-06-26,2024-06-26 15:03,33700,2023-04-01,2024-03-31,株式会社フジタコーポレーション
S100TSR6,2024-06-26,2024-06-26 15:04,86160,2023-04-01,2024-03-31,東海東京フィナンシャル・ホールディングス株式会社
S100TTEY,2024-06-26,2024-06-26 15:04,86040,2023-04-01,2024-03-31,野村ホールディングス株式会社
S100TT1N,2024-06-26,2024-06-26 15:05,69410,2023-04-01,2024-03-31,山一電機株式会社
S100TQLA,2024-06-26,2024-06-26 15:06,49140,2023-04-01,2024-03-31,高砂香料工業株式会社
S100TUHW,2024-06-26,2024-06-26 15:06,33880,2023-04-01,2024-03-31,明治電機工業株式会社
S100TSOQ,2024-06-26,2024-06-26 15:07,19340,2023-04-01,2024-03-31,株式会社ユアテック
S100TTPB,2024-06-26,2024-06-26 15:07,23720,2023-04-01,2024-03-31,株式会社アイロムグループ
S100TT30,2024-06-26,2024-06-26 15:07,34890,2023-04-01,2024-03-31,株式会社フェイスネットワーク
S100TSXK,2024-06-26,2024-06-26 15:07,67790,2023-04-01,2024-03-31,日本電波工業株式会社
S100TRF5,2024-06-26,2024-06-26 15:07,65450,2023-04-01,2024-03-31,株式会社インターネットインフィニティー
S100TTI8,2024-06-26,2024-06-26 15:08,39170,2023-04-01,2024-03-31,株式会社アイリッジ
S100TRES,2024-06-26,2024-06-26 15:08,83580,2023-04-01,2024-03-31,スルガ銀行株式会社
S100TR1Y,2024-06-26,2024-06-26 15:08,74120,2023-04-01,2024-03-31,株式会社アトム
S100TUHI,2024-06-26,2024-06-26 15:09,47320,2023-04-01,2024-03-31,株式会社ユー・エス・エス
S100TSST,2024-06-26,2024-06-26 15:10,19440,2023-04-01,2024-03-31,株式会社きんでん
S100TUA9,2024-06-26,2024-06-26 15:11,72020,2023-04-01,2024-03-31,いすゞ自動車株式会社
S100TSDJ,2024-06-26,2024-06-26 15:11,77340,2023-04-01,2024-03-31,理研計器株式会社
S100TULK,2024-06-26,2024-06-26 15:12,175A0,2023-04-01,2024-03-31,株式会社Ｗｉｌｌ　Ｓｍａｒｔ
S100TSDV,2024-06-26,2024-06-26 15:12,74080,2023-04-01,2024-03-31,株式会社ジャムコ
S100TT50,2024-06-26,2024-06-26 15:14,24250,2023-04-01,2024-03-31,株式会社ケアサービス
S100TRWR,2024-06-26,2024-06-26 15:14,93110,2023-04-01,2024-03-31,アサガミ株式会社
S100TU0N,2024-06-26,2024-06-26 15:14,67700,2023-04-01,2024-03-31,アルプスアルパイン株式会社
S100TU5W,2024-06-26,2024-06-26 15:14,36260,2023-04-01,2024-03-31,ＴＩＳ株式会社
S100TTD2,2024-06-26,2024-06-26 15:17,30580,2023-04-01,2024-03-31,株式会社三洋堂ホールディングス
S100TQH1,2024-06-26,2024-06-26 15:17,54810,2023-04-01,2024-03-31,山陽特殊製鋼株式会社
S100TTW9,2024-06-26,2024-06-26 15:18,60880,2023-04-01,2024-03-31,株式会社シグマクシス・ホールディングス
S100TU7X,2024-06-26,2024-06-26 15:18,33740,2023-04-01,2024-03-31,内外テック株式会社
S100TUHH,2024-06-26,2024-06-26 15:18,17200,2023-04-01,2024-03-31,東急建設株式会社
S100TUEM,2024-06-26,2024-06-26 15:19,59390,2023-04-01,2024-03-31,株式会社大谷工業
S100TTHK,2024-06-26,2024-06-26 15:20,42420,2023-04-01,2024-03-31,株式会社タカギセイコー
S100TU2P,2024-06-26,2024-06-26 15:21,69550,2023-04-01,2024-03-31,ＦＤＫ株式会社
S100TPU4,2024-06-26,2024-06-26 15:22,91100,2023-04-01,2024-03-31,ＮＳユナイテッド海運株式会社
S100TT5R,2024-06-26,2024-06-26 15:24,31670,2023-04-01,2024-03-31,株式会社ＴＯＫＡＩホールディングス
S100TTBB,2024-06-26,2024-06-26 15:24,81320,2023-04-01,2024-03-31,シナネンホールディングス株式会社
S100TUG2,2024-06-26,2024-06-26 15:25,33260,2023-04-01,2024-03-31,株式会社ランシステム
S100TQF5,2024-06-26,2024-06-26 15:25,90730,2023-04-01,2024-03-31,京極運輸商事株式会社
S100TM14,2024-06-26,2024-06-26 15:25,77320,2023-04-01,2024-03-31,株式会社　トプコン
S100TR7A,2024-06-26,2024-06-26 15:27,52320,2023-04-01,2024-03-31,住友大阪セメント株式会社
S100TSWL,2024-06-26,2024-06-26 15:28,34470,2023-04-01,2024-03-31,信和株式会社
S100TSBZ,2024-06-26,2024-06-26 15:29,90360,2023-04-01,2024-03-31,東部ネットワーク株式会社
S100TTXC,2024-06-26,2024-06-26 15:30,93240,2023-04-01,2024-03-31,安田倉庫株式会社
S100TT6L,2024-06-26,2024-06-26 15:30,30100,2023-04-01,2024-03-31,ポラリス・ホールディングス株式会社
S100TOTD,2024-06-26,2024-06-26 15:30,66160,2023-04-01,2024-03-31,トレックス・セミコンダクター株式会社
S100TU9Q,2024-06-26,2024-06-26 15:30,73680,2023-04-01,2024-03-31,表示灯株式会社
S100TTWI,2024-06-26,2024-06-26 15:30,67880,2023-04-01,2024-03-31,株式会社日本トリム
S100TTG9,2024-06-26,2024-06-26 15:30,50290,2023-04-01,2024-03-31,サークレイス株式会社
S100TRH7,2024-06-26,2024-06-26 15:31,78850,2023-04-01,2024-03-31,タカノ株式会社
S100TNOA,2024-06-26,2024-06-26 15:32,65660,2023-04-01,2024-03-31,株式会社要興業
S100TSGN,2024-06-26,2024-06-26 15:32,60700,2023-04-01,2024-03-31,キャリアリンク株式会社
S100TSZQ,2024-06-26,2024-06-26 15:32,49770,2023-04-01,2024-03-31,新田ゼラチン株式会社
S100TTIK,2024-06-26,2024-06-26 15:33,69120,2023-04-01,2024-03-31,菊水ホールディングス株式会社
S100TPT9,2024-06-26,2024-06-26 15:33,86000,2023-04-01,2024-03-31,トモニホールディングス株式会社
S100TO3D,2024-06-26,2024-06-26 15:34,46670,2023-04-01,2024-03-31,アイサンテクノロジー株式会社
S100TRXD,2024-06-26,2024-06-26 15:35,28310,2023-04-01,2024-03-31,はごろもフーズ株式会社
S100TT3K,2024-06-26,2024-06-26 15:35,59230,2023-04-01,2024-03-31,高田機工株式会社
S100TU1D,2024-06-26,2024-06-26 15:36,83460,2023-04-01,2024-03-31,株式会社東邦銀行
S100TSFA,2024-06-26,2024-06-26 15:39,66750,2023-04-01,2024-03-31,サクサホールディングス株式会社
S100TRW0,2024-06-26,2024-06-26 15:40,38390,2023-04-01,2024-03-31,株式会社ＯＤＫソリューションズ
S100TUNG,2024-06-26,2024-06-26 15:41,27150,2023-04-01,2024-03-31,エレマテック株式会社
S100TUMP,2024-06-26,2024-06-26 15:42,53810,2023-04-01,2024-03-31,Ｍｉｐｏｘ株式会社
S100TKFR,2024-06-26,2024-06-26 15:42,44250,2023-04-01,2024-03-31,Ｋｕｄａｎ株式会社
S100TSD0,2024-06-26,2024-06-26 15:43,58020,2023-04-01,2024-03-31,住友電気工業株式会社
S100TSBB,2024-06-26,2024-06-26 15:45,74660,2023-04-01,2024-03-31,ＳＰＫ株式会社
S100TUOW,2024-06-26,2024-06-26 15:47,88500,2023-04-01,2024-03-31,スターツコーポレーション株式会社
S100TUGD,2024-06-26,2024-06-26 15:47,98500,2023-04-01,2024-03-31,株式会社グルメ杵屋
S100TUF6,2024-06-26,2024-06-26 15:47,37500,2023-04-01,2024-03-31,株式会社サイトリ細胞研究所
S100TUGF,2024-06-26,2024-06-26 15:47,72730,2023-04-01,2024-03-31,株式会社イクヨ
S100TOSU,2024-06-26,2024-06-26 15:51,70120,2023-04-01,2024-03-31,川崎重工業株式会社
S100TTTJ,2024-06-26,2024-06-26 15:52,67360,2023-04-01,2024-03-31,サン電子株式会社
S100TT2P,2024-06-26,2024-06-26 15:53,46850,2023-04-01,2024-03-31,株式会社菱友システムズ
S100TUQA,2024-06-26,2024-06-26 15:53,57130,2023-04-01,2024-03-31,住友金属鉱山株式会社
S100TUHG,2024-06-26,2024-06-26 15:54,64950,2023-04-01,2024-03-31,株式会社宮入バルブ製作所
S100TUMT,2024-06-26,2024-06-26 15:54,60550,2023-04-01,2024-03-31,ジャパンマテリアル株式会社
S100TUPB,2024-06-26,2024-06-26 15:55,75510,2023-04-01,2024-03-31,株式会社ウェッズ
S100TURK,2024-06-26,2024-06-26 15:56,63640,2023-04-01,2024-03-31,北越工業株式会社
S100TTWW,2024-06-26,2024-06-26 15:56,77450,2023-04-01,2024-03-31,株式会社Ａ＆Ｄホロンホールディングス
S100TT99,2024-06-26,2024-06-26 15:56,53880,2023-04-01,2024-03-31,クニミネ工業株式会社
S100TT89,2024-06-26,2024-06-26 15:59,64600,2023-04-01,2024-03-31,セガサミーホールディングス株式会社
S100TTMN,2024-06-26,2024-06-26 16:00,72470,2023-04-01,2024-03-31,株式会社ミクニ
S100TRRS,2024-06-26,2024-06-26 16:00,57110,2023-04-01,2024-03-31,三菱マテリアル株式会社
S100TSJ4,2024-06-26,2024-06-26 16:00,19510,2023-04-01,2024-03-31,エクシオグループ株式会社
S100TU7C,2024-06-26,2024-06-26 16:00,70420,2023-04-01,2024-03-31,株式会社アクセスグループ・ホールディングス
S100TU2J,2024-06-26,2024-06-26 16:00,65230,2023-04-01,2024-03-31,ＰＨＣホールディングス株式会社
S100TSBQ,2024-06-26,2024-06-26 16:00,46860,2023-04-01,2024-03-31,株式会社ジャストシステム
S100TTIG,2024-06-26,2024-06-26 16:00,73370,2023-04-01,2024-03-31,株式会社ひろぎんホールディングス
S100TSUW,2024-06-26,2024-06-26 16:00,78150,2023-04-01,2024-03-31,東京ボード工業株式会社
S100TT7A,2024-06-26,2024-06-26 16:00,60960,2023-04-01,2024-03-31,株式会社レアジョブ
S100TNEZ,2024-06-26,2024-06-26 16:01,50710,2023-04-01,2024-03-31,株式会社ヴィス
S100TNTP,2024-06-26,2024-06-26 16:01,45020,2023-04-01,2024-03-31,武田薬品工業株式会社
S100TSO8,2024-06-26,2024-06-26 16:01,69510,2023-04-01,2024-03-31,日本電子株式会社
S100TTAV,2024-06-26,2024-06-26 16:01,62180,2023-04-01,2024-03-31,エンシュウ株式会社
S100TS9D,2024-06-26,2024-06-26 16:01,38170,2023-04-01,2024-03-31,株式会社ＳＲＡホールディングス
S100TSX6,2024-06-26,2024-06-26 16:01,99130,2023-04-01,2024-03-31,日邦産業株式会社
S100TUQM,2024-06-26,2024-06-26 16:02,79580,2023-04-01,2024-03-31,天馬株式会社
S100TRW4,2024-06-26,2024-06-26 16:03,28920,2023-04-01,2024-03-31,日本食品化工株式会社
S100TT7O,2024-06-26,2024-06-26 16:03,40880,2023-04-01,2024-03-31,エア・ウォーター株式会社
S100TQQ4,2024-06-26,2024-06-26 16:05,83370,2023-04-01,2024-03-31,株式会社千葉興業銀行
S100TSHP,2024-06-26,2024-06-26 16:07,83380,2023-04-01,2024-03-31,株式会社筑波銀行
S100TSS6,2024-06-26,2024-06-26 16:07,55350,2023-04-01,2024-03-31,ミガロホールディングス株式会社
S100TTW5,2024-06-26,2024-06-26 16:09,61930,2023-04-01,2024-03-31,バーチャレクス・ホールディングス株式会社
S100TTQP,2024-06-26,2024-06-26 16:10,58580,2023-04-01,2024-03-31,株式会社ＳＴＧ
S100TTA5,2024-06-26,2024-06-26 16:10,81540,2023-04-01,2024-03-31,加賀電子株式会社
S100TUO4,2024-06-26,2024-06-26 16:11,64940,2023-04-01,2024-03-31,株式会社ＮＦＫホールディングス
S100TTWT,2024-06-26,2024-06-26 16:11,96160,2023-04-01,2024-03-31,株式会社共立メンテナンス
S100TQLS,2024-06-26,2024-06-26 16:12,13320,2023-04-01,2024-03-31,株式会社ニッスイ
S100TUQZ,2024-06-26,2024-06-26 16:14,18900,2023-04-01,2024-03-31,東洋建設株式会社
S100TUG5,2024-06-26,2024-06-26 16:14,52840,2023-04-01,2024-03-31,ヤマウホールディングス株式会社
S100TU0H,2024-06-26,2024-06-26 16:14,87720,2023-04-01,2024-03-31,株式会社アサックス
S100TUIX,2024-06-26,2024-06-26 16:17,87370,2023-04-01,2024-03-31,株式会社あかつき本社
S100TS31,2024-06-26,2024-06-26 16:19,69630,2023-04-01,2024-03-31,ローム株式会社
S100TSZB,2024-06-26,2024-06-26 16:19,59110,2023-04-01,2024-03-31,株式会社横河ブリッジホールディングス
S100TTZ8,2024-06-26,2024-06-26 16:21,53680,2023-04-01,2024-03-31,日本インシュレーション株式会社
S100TU33,2024-06-26,2024-06-26 16:21,35130,2023-04-01,2024-03-31,イチカワ株式会社
S100TS7L,2024-06-26,2024-06-26 16:22,83310,2023-04-01,2024-03-31,株式会社千葉銀行
S100TUJ4,2024-06-26,2024-06-26 16:27,41020,2023-04-01,2024-03-31,丸尾カルシウム株式会社
S100TTBS,2024-06-26,2024-06-26 16:30,26940,2023-04-01,2024-03-31,株式会社焼肉坂井ホールディングス
S100TRGB,2024-06-26,2024-06-26 16:31,52440,2023-04-01,2024-03-31,株式会社ｊｉｇ．ｊｐ
S100TU4G,2024-06-26,2024-06-26 16:33,78740,2023-04-01,2024-03-31,レック株式会社
S100TU84,2024-06-26,2024-06-26 16:34,97080,2023-04-01,2024-03-31,株式会社帝国ホテル
S100TULB,2024-06-26,2024-06-26 16:41,35590,2023-04-01,2024-03-31,株式会社ピーバンドットコム
S100TMVP,2024-06-26,2024-06-26 16:41,61850,2023-04-01,2024-03-31,ＳＭＮ株式会社
S100TTFJ,2024-06-26,2024-06-26 16:42,42720,2023-04-01,2024-03-31,日本化薬株式会社
S100TTPS,2024-06-26,2024-06-26 16:43,51850,2023-04-01,2024-03-31,株式会社フコク
S100TUBU,2024-06-26,2024-06-26 16:49,61650,2023-04-01,2024-03-31,パンチ工業株式会社
S100TUXL,2024-06-26,2024-06-26 16:51,37930,2023-04-01,2024-03-31,株式会社ドリコム
S100TT4F,2024-06-26,2024-06-26 16:55,72400,2023-04-01,2024-03-31,ＮＯＫ株式会社
S100TUVQ,2024-06-26,2024-06-26 16:55,89340,2023-04-01,2024-03-31,サンフロンティア不動産株式会社
S100TTDA,2024-06-26,2024-06-26 16:56,16620,2023-04-01,2024-03-31,石油資源開発株式会社
S100TUWG,2024-06-26,2024-06-26 16:56,99590,2023-04-01,2024-03-31,アシードホールディングス株式会社
S100TU92,2024-06-26,2024-06-26 16:59,51030,2023-04-01,2024-03-31,昭和ホールディングス株式会社
S100TUQ3,2024-06-26,2024-06-26 17:05,47620,2023-04-01,2024-03-31,株式会社エックスネット
S100TUK4,2024-06-26,2024-06-26 17:06,93850,2023-04-01,2024-03-31,株式会社ショーエイコーポレーション
S100TSUR,2024-06-26,2024-06-26 17:11,23400,2023-04-01,2024-03-31,株式会社　極楽湯ホールディングス
S100TSH4,2024-06-27,2024-06-27 09:00,81530,2023-04-01,2024-03-31,株式会社モスフードサービス
S100TVAA,2024-06-27,2024-06-27 09:00,17300,2023-04-01,2024-03-31,麻生フオームクリート株式会社
S100TU8K,2024-06-27,2024-06-27 09:01,17930,2023-04-01,2024-03-31,株式会社大本組
S100TU71,2024-06-27,2024-06-27 09:01,94240,2023-04-01,2024-03-31,日本通信株式会社
S100TOEM,2024-06-27,2024-06-27 09:02,56020,2023-04-01,2024-03-31,株式会社栗本鐵工所
S100TUC9,2024-06-27,2024-06-27 09:03,54640,2023-04-01,2024-03-31,モリ工業株式会社
S100TVMD,2024-06-27,2024-06-27 09:03,24690,2023-04-01,2024-03-31,ヒビノ株式会社
S100TU6D,2024-06-27,2024-06-27 09:03,18410,2023-04-01,2024-03-31,サンユー建設株式会社
S100TUY8,2024-06-27,2024-06-27 09:04,88760,2023-04-01,2024-03-31,株式会社リログループ
S100TRAD,2024-06-27,2024-06-27 09:05,83830,2023-04-01,2024-03-31,株式会社　鳥取銀行
S100TV2Z,2024-06-27,2024-06-27 09:05,59760,2023-04-01,2024-03-31,高周波熱錬株式会社
S100TSMT,2024-06-27,2024-06-27 09:06,64190,2023-04-01,2024-03-31,株式会社マースグループホールディングス
S100TV9U,2024-06-27,2024-06-27 09:06,90590,2023-04-01,2024-03-31,カンダホールディングス株式会社
S100TUOF,2024-06-27,2024-06-27 09:06,67500,2023-04-01,2024-03-31,エレコム株式会社
S100TM28,2024-06-27,2024-06-27 09:06,29240,2023-04-01,2024-03-31,イフジ産業株式会社
S100TVMH,2024-06-27,2024-06-27 09:06,59740,2023-04-01,2024-03-31,中国工業株式会社
S100TU7L,2024-06-27,2024-06-27 09:07,90170,2023-04-01,2024-03-31,新潟交通株式会社
S100TJO1,2024-06-27,2024-06-27 09:08,90350,2023-04-01,2024-03-31,第一交通産業株式会社
S100TV3D,2024-06-27,2024-06-27 09:08,29160,2023-04-01,2024-03-31,仙波糖化工業株式会社
S100TV6K,2024-06-27,2024-06-27 09:09,31510,2023-04-01,2024-03-31,株式会社バイタルケーエスケー・ホールディングス
S100TNP1,2024-06-27,2024-06-27 09:09,46900,2023-04-01,2024-03-31,日本パレットプール株式会社
S100TT0Z,2024-06-27,2024-06-27 09:09,72150,2023-04-01,2024-03-31,株式会社ファルテック
S100TSET,2024-06-27,2024-06-27 09:10,95070,2023-04-01,2024-03-31,四国電力株式会社
S100TURB,2024-06-27,2024-06-27 09:11,98870,2023-04-01,2024-03-31,株式会社松屋フーズホールディングス
S100TSZP,2024-06-27,2024-06-27 09:11,90670,2023-04-01,2024-03-31,株式会社丸運
S100TVMV,2024-06-27,2024-06-27 09:12,24830,2023-04-01,2024-03-31,株式会社翻訳センター
S100TVLW,2024-06-27,2024-06-27 09:12,38770,2023-04-01,2024-03-31,中越パルプ工業株式会社
S100TU8A,2024-06-27,2024-06-27 09:12,63330,2023-04-01,2024-03-31,株式会社帝国電機製作所
S100TTHS,2024-06-27,2024-06-27 09:14,22070,2023-04-01,2024-03-31,名糖産業株式会社
S100TUBN,2024-06-27,2024-06-27 09:15,81730,2023-04-01,2024-03-31,上新電機株式会社
S100TVCU,2024-06-27,2024-06-27 09:16,42220,2023-04-01,2024-03-31,児玉化学工業株式会社
S100TVEV,2024-06-27,2024-06-27 09:17,81590,2023-04-01,2024-03-31,株式会社立花エレテック
S100TPI6,2024-06-27,2024-06-27 09:18,43620,2023-04-01,2024-03-31,日本精化株式会社
S100TSVN,2024-06-27,2024-06-27 09:21,49750,2023-04-01,2024-03-31,株式会社ＪＣＵ
S100TSH9,2024-06-27,2024-06-27 09:22,79470,2023-04-01,2024-03-31,株式会社エフピコ
S100TNDH,2024-06-27,2024-06-27 09:23,63350,2023-04-01,2024-03-31,株式会社東京機械製作所
S100TQTJ,2024-06-27,2024-06-27 09:24,35510,2023-04-01,2024-03-31,ダイニック株式会社
S100TR2C,2024-06-27,2024-06-27 09:24,59660,2023-04-01,2024-03-31,京都機械工具株式会社
S100TUVW,2024-06-27,2024-06-27 09:25,78930,2023-04-01,2024-03-31,株式会社プロネクサス
S100TV29,2024-06-27,2024-06-27 09:25,85110,2023-04-01,2024-03-31,日本証券金融株式会社
S100TRXO,2024-06-27,2024-06-27 09:27,82070,2023-04-01,2024-03-31,テンアライド株式会社
S100TUTZ,2024-06-27,2024-06-27 09:29,63510,2023-04-01,2024-03-31,株式会社鶴見製作所
S100TRXG,2024-06-27,2024-06-27 09:29,17230,2023-04-01,2024-03-31,日本電技株式会社
S100TVCX,2024-06-27,2024-06-27 09:31,72260,2023-04-01,2024-03-31,極東開発工業株式会社
S100TUKN,2024-06-27,2024-06-27 09:36,43410,2023-04-01,2024-03-31,西菱電機株式会社
S100TU9A,2024-06-27,2024-06-27 09:37,77010,2023-04-01,2024-03-31,株式会社　島津製作所
S100TVDL,2024-06-27,2024-06-27 09:41,62220,2023-04-01,2024-03-31,株式会社島精機製作所
S100TV4Q,2024-06-27,2024-06-27 09:42,75180,2023-04-01,2024-03-31,ネットワンシステムズ株式会社
S100TVQE,2024-06-27,2024-06-27 09:48,66660,2023-04-01,2024-03-31,リバーエレテック株式会社
S100TT4H,2024-06-27,2024-06-27 09:48,66260,2023-04-01,2024-03-31,ＳＥＭＩＴＥＣ株式会社
S100TV45,2024-06-27,2024-06-27 09:48,63840,2023-04-01,2024-03-31,株式会社昭和真空
S100TOPW,2024-06-27,2024-06-27 09:50,46350,2023-04-01,2024-03-31,東京インキ株式会社
S100TU6X,2024-06-27,2024-06-27 09:53,34350,2023-04-01,2024-03-31,サンコーテクノ株式会社
S100TU9Z,2024-06-27,2024-06-27 09:54,52820,2023-04-01,2024-03-31,ジオスター株式会社
S100TUDX,2024-06-27,2024-06-27 09:56,43190,2023-04-01,2024-03-31,ＴＡＣ株式会社
S100TOKY,2024-06-27,2024-06-27 09:57,80780,2023-04-01,2024-03-31,阪和興業株式会社
S100TUHM,2024-06-27,2024-06-27 09:57,74820,2023-04-01,2024-03-31,株式会社シモジマ
S100TR2T,2024-06-27,2024-06-27 09:58,21210,2023-04-01,2024-03-31,株式会社ＭＩＸＩ
S100TV1S,2024-06-27,2024-06-27 09:59,19460,2023-04-01,2024-03-31,株式会社トーエネック
S100TVAZ,2024-06-27,2024-06-27 09:59,99290,2023-04-01,2024-03-31,平和紙業株式会社
S100TVP9,2024-06-27,2024-06-27 10:00,28180,2023-04-01,2024-03-31,株式会社ピエトロ
S100TUTD,2024-06-27,2024-06-27 10:00,17990,2023-04-01,2024-03-31,第一建設工業株式会社
S100TVQX,2024-06-27,2024-06-27 10:00,59580,2023-04-01,2024-03-31,三洋工業株式会社
S100TNB4,2024-06-27,2024-06-27 10:00,38370,2023-04-01,2024-03-31,アドソル日進株式会社
S100TVRC,2024-06-27,2024-06-27 10:00,85910,2023-04-01,2024-03-31,オリックス株式会社
S100TS1N,2024-06-27,2024-06-27 10:01,71670,2023-04-01,2024-03-31,株式会社めぶきフィナンシャルグループ
S100TVPD,2024-06-27,2024-06-27 10:03,61900,2023-04-01,2024-03-31,株式会社フェニックスバイオ
S100TV8V,2024-06-27,2024-06-27 10:03,37410,2023-04-01,2024-03-31,株式会社セック
S100TSU1,2024-06-27,2024-06-27 10:05,94050,2023-04-01,2024-03-31,朝日放送グループホールディングス株式会社
S100TVPH,2024-06-27,2024-06-27 10:05,70870,2023-04-01,2024-03-31,株式会社ウイルテック
S100TUZY,2024-06-27,2024-06-27 10:05,40210,2023-04-01,2024-03-31,日産化学株式会社
S100TS1N,2024-06-27,2024-06-27 10:01,71670,2023-04-01,2024-03-31,株式会社めぶきフィナンシャルグループ
S100TV7A,2024-06-27,2024-06-27 10:07,59290,2023-04-01,2024-03-31,三和ホールディングス株式会社
S100TVQZ,2024-06-27,2024-06-27 10:09,40270,2023-04-01,2024-03-31,テイカ株式会社
S100TUQ1,2024-06-27,2024-06-27 10:10,69640,2023-04-01,2024-03-31,株式会社サンコー
S100TVRO,2024-06-27,2024-06-27 10:10,45580,2023-04-01,2024-03-31,株式会社中京医薬品
S100TUK7,2024-06-27,2024-06-27 10:10,40280,2023-04-01,2024-03-31,石原産業株式会社
S100TV92,2024-06-27,2024-06-27 10:12,33950,2023-04-01,2024-03-31,株式会社サンマルクホールディングス
S100TVSH,2024-06-27,2024-06-27 10:13,76060,2023-04-01,2024-03-31,株式会社ユナイテッドアローズ
S100TUED,2024-06-27,2024-06-27 10:13,62570,2023-04-01,2024-03-31,株式会社藤商事
S100TS3A,2024-06-27,2024-06-27 10:14,23210,2023-04-01,2024-03-31,株式会社ソフトフロントホールディングス
S100TSBH,2024-06-27,2024-06-27 10:15,36410,2023-04-01,2024-03-31,株式会社パピレス
S100TTSO,2024-06-27,2024-06-27 10:15,61400,2023-04-01,2024-03-31,旭ダイヤモンド工業株式会社
S100TVNE,2024-06-27,2024-06-27 10:16,23490,2023-04-01,2024-03-31,株式会社エヌアイデイ
S100TU4A,2024-06-27,2024-06-27 10:16,67270,2023-04-01,2024-03-31,株式会社ワコム
S100TRZP,2024-06-27,2024-06-27 10:18,49940,2023-04-01,2024-03-31,大成ラミック株式会社
S100TV5J,2024-06-27,2024-06-27 10:21,84210,2023-04-01,2024-03-31,信金中央金庫
S100TUYR,2024-06-27,2024-06-27 10:22,28060,2023-04-01,2024-03-31,ユタカフーズ株式会社
S100TU9V,2024-06-27,2024-06-27 10:24,18260,2023-04-01,2024-03-31,佐田建設株式会社
S100TV6W,2024-06-27,2024-06-27 10:26,97660,2023-04-01,2024-03-31,コナミグループ株式会社
S100TSWF,2024-06-27,2024-06-27 10:29,59450,2023-04-01,2024-03-31,天龍製鋸株式会社
S100TOVI,2024-06-27,2024-06-27 10:32,74210,2023-04-01,2024-03-31,カッパ・クリエイト株式会社
S100TVQJ,2024-06-27,2024-06-27 10:32,95010,2023-04-01,2024-03-31,東京電力ホールディングス株式会社
S100TQZF,2024-06-27,2024-06-27 10:34,23070,2023-04-01,2024-03-31,株式会社クロスキャット
S100TULJ,2024-06-27,2024-06-27 10:36,45430,2023-04-01,2024-03-31,テルモ株式会社
S100TVTD,2024-06-27,2024-06-27 10:37,74550,2023-04-01,2024-03-31,株式会社パリミキホールディングス
S100TVJT,2024-06-27,2024-06-27 10:41,58690,2023-04-01,2024-03-31,株式会社早稲田学習研究会
S100TT39,2024-06-27,2024-06-27 10:43,95090,2023-04-01,2024-03-31,北海道電力株式会社
S100TTGT,2024-06-27,2024-06-27 10:45,21080,2023-04-01,2024-03-31,日本甜菜製糖株式会社
S100TVB4,2024-06-27,2024-06-27 10:47,96430,2023-04-01,2024-03-31,中日本興業株式会社
S100TVIA,2024-06-27,2024-06-27 10:47,41670,2023-04-01,2024-03-31,株式会社ココペリ
S100TVVY,2024-06-27,2024-06-27 10:50,65490,2023-04-01,2024-03-31,ディーエムソリューションズ株式会社
S100TQET,2024-06-27,2024-06-27 10:50,93070,2023-04-01,2024-03-31,株式会社杉村倉庫
S100TV36,2024-06-27,2024-06-27 10:50,71500,2023-04-01,2024-03-31,株式会社島根銀行
S100TU37,2024-06-27,2024-06-27 10:51,83980,2023-04-01,2024-03-31,株式会社筑邦銀行
S100TVTB,2024-06-27,2024-06-27 10:51,78510,2023-04-01,2024-03-31,カワセコンピュータサプライ株式会社
S100TVVN,2024-06-27,2024-06-27 10:51,55790,2023-04-01,2024-03-31,株式会社ＧＳＩ
S100TVUA,2024-06-27,2024-06-27 10:53,81170,2023-04-01,2024-03-31,中央自動車工業株式会社
S100TRLQ,2024-06-27,2024-06-27 10:54,77490,2023-04-01,2024-03-31,メディキット株式会社
S100TSAD,2024-06-27,2024-06-27 10:54,80520,2023-04-01,2024-03-31,椿本興業株式会社
S100TUSU,2024-06-27,2024-06-27 10:57,44030,2023-04-01,2024-03-31,日油株式会社
S100TVL4,2024-06-27,2024-06-27 11:00,87080,2023-04-01,2024-03-31,アイザワ証券グループ株式会社
S100TTA1,2024-06-27,2024-06-27 11:04,31070,2023-04-01,2024-03-31,ダイワボウホールディングス株式会社
S100TT9P,2024-06-27,2024-06-27 11:05,41000,2023-04-01,2024-03-31,戸田工業株式会社
S100TVXA,2024-06-27,2024-06-27 11:07,60390,2023-04-01,2024-03-31,株式会社日本動物高度医療センター
S100TUOM,2024-06-27,2024-06-27 11:07,81380,2023-04-01,2024-03-31,三京化成株式会社
S100TS9A,2024-06-27,2024-06-27 11:08,37730,2023-04-01,2024-03-31,株式会社アドバンスト・メディア
S100TO2G,2024-06-27,2024-06-27 11:08,48900,2023-04-01,2024-03-31,株式会社坪田ラボ
S100TRFA,2024-06-27,2024-06-27 11:09,64160,2023-04-01,2024-03-31,桂川電機株式会社
S100TUSN,2024-06-27,2024-06-27 11:11,59050,2023-04-01,2024-03-31,日本製罐株式会社
S100TRVZ,2024-06-27,2024-06-27 11:11,54580,2023-04-01,2024-03-31,高砂鐵工株式会社
S100TUKA,2024-06-27,2024-06-27 11:13,52100,2023-04-01,2024-03-31,日本山村硝子株式会社
S100TTO8,2024-06-27,2024-06-27 11:14,56580,2023-04-01,2024-03-31,日亜鋼業株式会社
S100TVYH,2024-06-27,2024-06-27 11:15,42560,2023-04-01,2024-03-31,株式会社サインド
S100TMW9,2024-06-27,2024-06-27 11:15,85510,2023-04-01,2024-03-31,株式会社　北日本銀行
S100TTKS,2024-06-27,2024-06-27 11:15,68000,2023-04-01,2024-03-31,株式会社ヨコオ
S100TV88,2024-06-27,2024-06-27 11:16,72460,2023-04-01,2024-03-31,プレス工業株式会社
S100TU8C,2024-06-27,2024-06-27 11:16,33150,2023-04-01,2024-03-31,日本コークス工業株式会社
S100TU6M,2024-06-27,2024-06-27 11:17,42240,2023-04-01,2024-03-31,ロンシール工業株式会社
S100TVIZ,2024-06-27,2024-06-27 11:17,63310,2023-04-01,2024-03-31,三菱化工機株式会社
S100TTZH,2024-06-27,2024-06-27 11:19,95080,2023-04-01,2024-03-31,九州電力株式会社
S100TNAL,2024-06-27,2024-06-27 11:20,31830,2023-04-01,2024-03-31,ウイン・パートナーズ株式会社
S100TSVP,2024-06-27,2024-06-27 11:21,40440,2023-04-01,2024-03-31,セントラル硝子株式会社
S100TVXV,2024-06-27,2024-06-27 11:21,82150,2023-04-01,2024-03-31,株式会社銀座山形屋
S100TSRR,2024-06-27,2024-06-27 11:22,83870,2023-04-01,2024-03-31,株式会社四国銀行
S100TVZ4,2024-06-27,2024-06-27 11:22,70570,2023-04-01,2024-03-31,株式会社エヌ・シー・エヌ
S100TT9Y,2024-06-27,2024-06-27 11:22,80970,2023-04-01,2024-03-31,三愛オブリ株式会社
S100TVYQ,2024-06-27,2024-06-27 11:24,56210,2023-04-01,2024-03-31,株式会社ヒューマンテクノロジーズ
S100TVX4,2024-06-27,2024-06-27 11:26,78670,2023-04-01,2024-03-31,株式会社タカラトミー
S100TVYL,2024-06-27,2024-06-27 11:26,86990,2023-04-01,2024-03-31,ＨＳホールディングス株式会社
S100TRL2,2024-06-27,2024-06-27 11:26,90660,2023-04-01,2024-03-31,株式会社日新
S100TVZF,2024-06-27,2024-06-27 11:29,33220,2023-04-01,2024-03-31,アルファグループ株式会社
S100TVH1,2024-06-27,2024-06-27 11:29,82260,2023-04-01,2024-03-31,株式会社　理経
S100TSTV,2024-06-27,2024-06-27 11:29,97830,2023-04-01,2024-03-31,株式会社ベネッセホールディングス
S100TSAF,2024-06-27,2024-06-27 11:29,26760,2023-04-01,2024-03-31,高千穂交易株式会社
S100TVXN,2024-06-27,2024-06-27 11:30,31500,2023-04-01,2024-03-31,株式会社グリムス
S100TVM5,2024-06-27,2024-06-27 11:31,52880,2023-04-01,2024-03-31,アジアパイルホールディングス株式会社
S100TTB2,2024-06-27,2024-06-27 11:32,85180,2023-04-01,2024-03-31,日本アジア投資株式会社
S100TSJ0,2024-06-27,2024-06-27 11:33,29930,2023-04-01,2024-03-31,株式会社長栄
S100TLUD,2024-06-27,2024-06-27 11:33,79370,2023-04-01,2024-03-31,株式会社ツツミ
S100TUIF,2024-06-27,2024-06-27 11:34,77950,2023-04-01,2024-03-31,株式会社ＫＹＯＲＩＴＳＵ
S100TSFO,2024-06-27,2024-06-27 11:36,74430,2023-04-01,2024-03-31,横浜魚類株式会社
S100TVBR,2024-06-27,2024-06-27 11:37,19210,2023-04-01,2024-03-31,株式会社　巴コーポレーション
S100TV3W,2024-06-27,2024-06-27 11:40,39370,2023-04-01,2024-03-31,株式会社Ｕｂｉｃｏｍホールディングス
S100TU9F,2024-06-27,2024-06-27 11:41,53630,2023-04-01,2024-03-31,東京窯業株式会社
S100TV2K,2024-06-27,2024-06-27 11:41,66430,2023-04-01,2024-03-31,株式会社戸上電機製作所
S100TVWL,2024-06-27,2024-06-27 11:42,24640,2023-04-01,2024-03-31,株式会社ＡｏｂａーＢＢＴ
S100TW0M,2024-06-27,2024-06-27 11:46,38960,2023-04-01,2024-03-31,阿波製紙株式会社
S100TQVD,2024-06-27,2024-06-27 11:46,60220,2023-04-01,2024-03-31,株式会社　赤阪鐵工所
S100TTRS,2024-06-27,2024-06-27 11:47,65700,2023-04-01,2024-03-31,株式会社共和コーポレーション
S100TV5O,2024-06-27,2024-06-27 11:48,24400,2023-04-01,2024-03-31,株式会社ぐるなび
S100TRF1,2024-06-27,2024-06-27 11:49,74130,2023-04-01,2024-03-31,株式会社創健社
S100TUGR,2024-06-27,2024-06-27 11:49,68490,2023-04-01,2024-03-31,日本光電工業株式会社
S100TOLA,2024-06-27,2024-06-27 11:50,21790,2023-04-01,2024-03-31,株式会社成学社
S100TTUN,2024-06-27,2024-06-27 11:52,61310,2023-04-01,2024-03-31,浜井産業株式会社
S100TRTH,2024-06-27,2024-06-27 11:53,93120,2023-04-01,2024-03-31,ケイヒン株式会社
S100TTKF,2024-06-27,2024-06-27 11:56,77270,2023-04-01,2024-03-31,株式会社オーバル
S100TUCM,2024-06-27,2024-06-27 11:57,43310,2023-04-01,2024-03-31,株式会社テイクアンドギヴ・ニーズ
S100TW2W,2024-06-27,2024-06-27 11:59,99800,2023-04-01,2024-03-31,ＭＲＫホールディングス株式会社
S100TVY2,2024-06-27,2024-06-27 12:00,59750,2023-04-01,2024-03-31,東プレ株式会社
S100TUHP,2024-06-27,2024-06-27 12:04,79190,2023-04-01,2024-03-31,野崎印刷紙業株式会社
S100TTWS,2024-06-27,2024-06-27 12:04,28750,2023-04-01,2024-03-31,東洋水産株式会社
S100TW3P,2024-06-27,2024-06-27 12:06,78960,2023-04-01,2024-03-31,セブン工業株式会社
S100TS0U,2024-06-27,2024-06-27 12:07,29070,2023-04-01,2024-03-31,株式会社あじかん
S100TMCW,2024-06-27,2024-06-27 12:07,80450,2023-04-01,2024-03-31,横浜丸魚株式会社
S100TUB9,2024-06-27,2024-06-27 12:08,86170,2023-04-01,2024-03-31,光世証券株式会社
S100TW3X,2024-06-27,2024-06-27 12:08,64030,2023-04-01,2024-03-31,水道機工株式会社
S100TUD4,2024-06-27,2024-06-27 12:13,79140,2023-04-01,2024-03-31,共同印刷株式会社
S100TUYU,2024-06-27,2024-06-27 12:13,64790,2023-04-01,2024-03-31,ミネベアミツミ株式会社
S100TTGQ,2024-06-27,2024-06-27 12:14,74600,2023-04-01,2024-03-31,株式会社ヤギ
S100TVFT,2024-06-27,2024-06-27 12:19,78170,2023-04-01,2024-03-31,パラマウントベッドホールディングス株式会社
S100TUBV,2024-06-27,2024-06-27 12:19,23740,2023-04-01,2024-03-31,セントケア・ホールディング株式会社
S100TPVL,2024-06-27,2024-06-27 12:20,60180,2023-04-01,2024-03-31,阪神内燃機工業株式会社
S100TQBN,2024-06-27,2024-06-27 12:36,93800,2023-04-01,2024-03-31,東海運株式会社
S100TQSC,2024-06-27,2024-06-27 12:36,91150,2023-04-01,2024-03-31,明海グループ株式会社
S100TV0R,2024-06-27,2024-06-27 12:37,67710,2023-04-01,2024-03-31,池上通信機株式会社
S100TVR5,2024-06-27,2024-06-27 12:38,46650,2023-04-01,2024-03-31,株式会社ダスキン
S100TSDW,2024-06-27,2024-06-27 12:39,26120,2023-04-01,2024-03-31,かどや製油株式会社
S100TT79,2024-06-27,2024-06-27 12:39,85500,2023-04-01,2024-03-31,株式会社　栃木銀行
S100TW4N,2024-06-27,2024-06-27 12:41,19800,2023-04-01,2024-03-31,ダイダン株式会社
S100TRL0,2024-06-27,2024-06-27 12:43,43080,2023-04-01,2024-03-31,株式会社Ｊストリーム
S100TUYZ,2024-06-27,2024-06-27 12:45,98180,2023-04-01,2024-03-31,大丸エナウィン株式会社
S100TO52,2024-06-27,2024-06-27 12:46,69690,2023-04-01,2024-03-31,松尾電機株式会社
S100TU48,2024-06-27,2024-06-27 12:48,44620,2023-04-01,2024-03-31,石原ケミカル株式会社
S100TUSJ,2024-06-27,2024-06-27 12:50,70460,2023-04-01,2024-03-31,ＴＤＳＥ株式会社
S100TTS3,2024-06-27,2024-06-27 12:53,79870,2023-04-01,2024-03-31,ナカバヤシ株式会社
S100TUGW,2024-06-27,2024-06-27 12:54,94070,2023-04-01,2024-03-31,株式会社ＲＫＢ毎日ホールディングス
S100TRWE,2024-06-27,2024-06-27 12:56,35980,2023-04-01,2024-03-31,山喜株式会社
S100TSXY,2024-06-27,2024-06-27 12:57,19720,2023-04-01,2024-03-31,三晃金属工業株式会社
S100TTLR,2024-06-27,2024-06-27 12:58,17770,2023-04-01,2024-03-31,川崎設備工業株式会社
S100TTIZ,2024-06-27,2024-06-27 12:58,59620,2023-04-01,2024-03-31,浅香工業株式会社
S100TSX0,2024-06-27,2024-06-27 12:58,67630,2023-04-01,2024-03-31,帝国通信工業株式会社
S100TS3F,2024-06-27,2024-06-27 12:58,46940,2023-04-01,2024-03-31,株式会社ビー・エム・エル
S100TO2S,2024-06-27,2024-06-27 13:00,18350,2023-04-01,2024-03-31,東鉄工業株式会社
S100TUBQ,2024-06-27,2024-06-27 13:00,81470,2023-04-01,2024-03-31,株式会社トミタ
S100TVTY,2024-06-27,2024-06-27 13:00,38450,2023-04-01,2024-03-31,株式会社アイフリークモバイル
S100TUK1,2024-06-27,2024-06-27 13:00,42880,2023-04-01,2024-03-31,株式会社アズジェント
S100TPTC,2024-06-27,2024-06-27 13:01,30110,2023-04-01,2024-03-31,株式会社バナーズ
S100TV9G,2024-06-27,2024-06-27 13:01,93320,2023-04-01,2024-03-31,ＮＩＳＳＯホールディングス株式会社
S100TURC,2024-06-27,2024-06-27 13:03,64630,2023-04-01,2024-03-31,ＴＰＲ株式会社
S100TSOW,2024-06-27,2024-06-27 13:03,90510,2023-04-01,2024-03-31,センコン物流株式会社
S100TT15,2024-06-27,2024-06-27 13:04,39530,2023-04-01,2024-03-31,大村紙業株式会社
S100TOYF,2024-06-27,2024-06-27 13:04,18820,2023-04-01,2024-03-31,東亜道路工業株式会社
S100TQ12,2024-06-27,2024-06-27 13:04,31090,2023-04-01,2024-03-31,シキボウ株式会社
S100TUB8,2024-06-27,2024-06-27 13:05,21120,2023-04-01,2024-03-31,塩水港精糖株式会社
S100TW1Z,2024-06-27,2024-06-27 13:06,94750,2023-04-01,2024-03-31,株式会社昭文社ホールディングス
S100TW0N,2024-06-27,2024-06-27 13:06,22690,2023-04-01,2024-03-31,明治ホールディングス株式会社
S100TTBK,2024-06-27,2024-06-27 13:06,90270,2023-04-01,2024-03-31,株式会社ロジネットジャパン
S100TVZL,2024-06-27,2024-06-27 13:06,19260,2023-04-01,2024-03-31,ライト工業株式会社
S100TV0Z,2024-06-27,2024-06-27 13:07,31030,2023-04-01,2024-03-31,ユニチカ株式会社
S100TSQ6,2024-06-27,2024-06-27 13:08,80890,2023-04-01,2024-03-31,ナイス株式会社
S100TTMH,2024-06-27,2024-06-27 13:08,31110,2023-04-01,2024-03-31,オーミケンシ株式会社
S100TUW6,2024-06-27,2024-06-27 13:08,18920,2023-04-01,2024-03-31,徳倉建設株式会社
S100TTSU,2024-06-27,2024-06-27 13:08,77260,2023-04-01,2024-03-31,黒田精工株式会社
S100TNLZ,2024-06-27,2024-06-27 13:09,90810,2023-04-01,2024-03-31,神奈川中央交通株式会社
S100TW6O,2024-06-27,2024-06-27 13:09,38250,2023-04-01,2024-03-31,株式会社リミックスポイント
S100TRG3,2024-06-27,2024-06-27 13:09,93100,2023-04-01,2024-03-31,日本トランスシティ株式会社
S100TTXO,2024-06-27,2024-06-27 13:09,88410,2023-04-01,2024-03-31,株式会社テーオーシー
S100TTMC,2024-06-27,2024-06-27 13:09,88640,2023-04-01,2024-03-31,空港施設株式会社
S100TTJV,2024-06-27,2024-06-27 13:09,75700,2023-04-01,2024-03-31,橋本総業ホールディングス株式会社
S100TPO4,2024-06-27,2024-06-27 13:09,79900,2023-04-01,2024-03-31,グローブライド株式会社
S100TW4U,2024-06-27,2024-06-27 13:10,47200,2023-04-01,2024-03-31,株式会社城南進学研究社
S100TUYW,2024-06-27,2024-06-27 13:11,54910,2023-04-01,2024-03-31,日本金属株式会社
S100TVB8,2024-06-27,2024-06-27 13:11,79420,2023-04-01,2024-03-31,株式会社ジェイエスピー
S100TU5R,2024-06-27,2024-06-27 13:11,58030,2023-04-01,2024-03-31,株式会社フジクラ
S100TQUE,2024-06-27,2024-06-27 13:11,59470,2023-04-01,2024-03-31,リンナイ株式会社
S100TVNW,2024-06-27,2024-06-27 13:11,65260,2023-04-01,2024-03-31,株式会社ソシオネクスト
S100TQJ2,2024-06-27,2024-06-27 13:12,49740,2023-04-01,2024-03-31,タカラバイオ株式会社
S100TTIH,2024-06-27,2024-06-27 13:13,97670,2023-04-01,2024-03-31,日建工学株式会社
S100TW66,2024-06-27,2024-06-27 13:14,99300,2023-04-01,2024-03-31,北沢産業株式会社
S100TUZZ,2024-06-27,2024-06-27 13:15,98570,2023-04-01,2024-03-31,英和株式会社
S100TW3S,2024-06-27,2024-06-27 13:16,69960,2023-04-01,2024-03-31,ニチコン株式会社
S100TVM0,2024-06-27,2024-06-27 13:17,29110,2023-04-01,2024-03-31,旭松食品株式会社
S100TRPW,2024-06-27,2024-06-27 13:17,18200,2023-04-01,2024-03-31,西松建設株式会社
S100TQY2,2024-06-27,2024-06-27 13:17,40220,2023-04-01,2024-03-31,ラサ工業株式会社
S100TW7L,2024-06-27,2024-06-27 13:18,71340,2023-04-01,2024-03-31,株式会社アップガレージグループ
S100TQBZ,2024-06-27,2024-06-27 13:18,61470,2023-04-01,2024-03-31,株式会社ヤマザキ
S100TV98,2024-06-27,2024-06-27 13:18,83410,2023-04-01,2024-03-31,株式会社七十七銀行
S100TW6Z,2024-06-27,2024-06-27 13:19,97910,2023-04-01,2024-03-31,株式会社ビケンテクノ
S100TTAP,2024-06-27,2024-06-27 13:19,68240,2023-04-01,2024-03-31,新コスモス電機株式会社
S100TTZI,2024-06-27,2024-06-27 13:19,77170,2023-04-01,2024-03-31,株式会社ブイ・テクノロジー
S100TKYY,2024-06-27,2024-06-27 13:21,18330,2023-04-01,2024-03-31,株式会社奥村組
S100TUYS,2024-06-27,2024-06-27 13:21,93620,2023-04-01,2024-03-31,兵機海運株式会社
S100TS1B,2024-06-27,2024-06-27 13:21,41190,2023-04-01,2024-03-31,日本ピグメント株式会社
S100TUTO,2024-06-27,2024-06-27 13:21,78770,2023-04-01,2024-03-31,永大化工株式会社
S100TU9G,2024-06-27,2024-06-27 13:22,67760,2023-04-01,2024-03-31,天昇電気工業株式会社
S100TQUH,2024-06-27,2024-06-27 13:22,65860,2023-04-01,2024-03-31,株式会社マキタ
S100TTT9,2024-06-27,2024-06-27 13:22,39450,2023-04-01,2024-03-31,スーパーバッグ株式会社
S100TV7H,2024-06-27,2024-06-27 13:22,18150,2023-04-01,2024-03-31,鉄建建設株式会社
S100TU9U,2024-06-27,2024-06-27 13:23,81190,2023-04-01,2024-03-31,株式会社三栄コーポレーション
S100TTRC,2024-06-27,2024-06-27 13:23,44370,2023-04-01,2024-03-31,ｇｏｏｄｄａｙｓホールディングス株式会社
S100TVPA,2024-06-27,2024-06-27 13:23,51220,2023-04-01,2024-03-31,オカモト株式会社
S100TP2Z,2024-06-27,2024-06-27 13:23,25310,2023-04-01,2024-03-31,宝ホールディングス株式会社
S100TUQR,2024-06-27,2024-06-27 13:24,62730,2023-04-01,2024-03-31,ＳＭＣ株式会社
S100TRC7,2024-06-27,2024-06-27 13:24,17760,2023-04-01,2024-03-31,三井住建道路株式会社
S100TUNK,2024-06-27,2024-06-27 13:24,93040,2023-04-01,2024-03-31,澁澤倉庫株式会社
S100TU2K,2024-06-27,2024-06-27 13:25,70110,2023-04-01,2024-03-31,三菱重工業株式会社
S100TSI0,2024-06-27,2024-06-27 13:26,68360,2023-04-01,2024-03-31,ぷらっとホーム株式会社
S100TNYH,2024-06-27,2024-06-27 13:26,19250,2023-04-01,2024-03-31,大和ハウス工業株式会社
S100TVYB,2024-06-27,2024-06-27 13:26,79990,2023-04-01,2024-03-31,ＭＵＴＯＨホールディングス株式会社
S100TUQE,2024-06-27,2024-06-27 13:26,46280,2023-04-01,2024-03-31,エスケー化研株式会社
S100TVL0,2024-06-27,2024-06-27 13:27,72910,2023-04-01,2024-03-31,日本プラスト株式会社
S100TW7G,2024-06-27,2024-06-27 13:30,99040,2023-04-01,2024-03-31,株式会社ベリテ
S100TW3R,2024-06-27,2024-06-27 13:30,53040,2023-04-01,2024-03-31,ＳＥＣカーボン株式会社
S100TVKJ,2024-06-27,2024-06-27 13:30,34200,2023-04-01,2024-03-31,株式会社ケー・エフ・シー
S100TW79,2024-06-27,2024-06-27 13:30,66480,2023-04-01,2024-03-31,株式会社かわでん
S100TTO4,2024-06-27,2024-06-27 13:32,84730,2023-04-01,2024-03-31,ＳＢＩホールディングス株式会社
S100TS10,2024-06-27,2024-06-27 13:32,97800,2023-04-01,2024-03-31,株式会社ハリマビステム
S100TTUL,2024-06-27,2024-06-27 13:32,60230,2023-04-01,2024-03-31,ダイハツディーゼル株式会社
S100TTP7,2024-06-27,2024-06-27 13:33,60420,2023-04-01,2024-03-31,株式会社ニッキ
S100TUG7,2024-06-27,2024-06-27 13:34,59530,2023-04-01,2024-03-31,昭和鉄工株式会社
S100TVB9,2024-06-27,2024-06-27 13:34,62470,2023-04-01,2024-03-31,株式会社日阪製作所
S100TUN9,2024-06-27,2024-06-27 13:35,79530,2023-04-01,2024-03-31,菊水化学工業株式会社
S100TVVZ,2024-06-27,2024-06-27 13:36,75100,2023-04-01,2024-03-31,株式会社たけびし
S100TS8T,2024-06-27,2024-06-27 13:38,98520,2023-04-01,2024-03-31,ＣＢグループマネジメント株式会社
S100TU5H,2024-06-27,2024-06-27 13:38,31230,2023-04-01,2024-03-31,サイボー株式会社
S100TUOV,2024-06-27,2024-06-27 13:41,69520,2023-04-01,2024-03-31,カシオ計算機株式会社
S100TV8H,2024-06-27,2024-06-27 13:43,46610,2023-04-01,2024-03-31,株式会社オリエンタルランド
S100TPCK,2024-06-27,2024-06-27 13:44,51420,2023-04-01,2024-03-31,アキレス株式会社
S100TV0O,2024-06-27,2024-06-27 13:44,68380,2023-04-01,2024-03-31,株式会社多摩川ホールディングス
S100TVX6,2024-06-27,2024-06-27 13:45,78220,2023-04-01,2024-03-31,永大産業株式会社
S100TVAJ,2024-06-27,2024-06-27 13:46,60590,2023-04-01,2024-03-31,株式会社ウチヤマホールディングス
S100TTTU,2024-06-27,2024-06-27 13:46,59810,2023-04-01,2024-03-31,東京製綱株式会社
S100TW9H,2024-06-27,2024-06-27 13:46,98490,2023-04-01,2024-03-31,株式会社共同紙販ホールディングス
S100TVBS,2024-06-27,2024-06-27 13:47,54450,2023-04-01,2024-03-31,東京鐵鋼株式会社
S100TPES,2024-06-27,2024-06-27 13:48,53930,2023-04-01,2024-03-31,ニチアス株式会社
S100TW69,2024-06-27,2024-06-27 13:48,67430,2023-04-01,2024-03-31,大同信号株式会社
S100TVY0,2024-06-27,2024-06-27 13:48,47710,2023-04-01,2024-03-31,株式会社エフアンドエム
S100TVRY,2024-06-27,2024-06-27 13:50,19590,2023-04-01,2024-03-31,株式会社九電工
S100TUZV,2024-06-27,2024-06-27 13:50,42050,2023-04-01,2024-03-31,日本ゼオン株式会社
S100TTIO,2024-06-27,2024-06-27 13:51,39540,2023-04-01,2024-03-31,昭和パックス株式会社
S100TW7J,2024-06-27,2024-06-27 13:51,45480,2023-04-01,2024-03-31,生化学工業株式会社
S100TS2A,2024-06-27,2024-06-27 13:51,24800,2023-04-01,2024-03-31,システム・ロケーション株式会社
S100TV3Z,2024-06-27,2024-06-27 13:51,90090,2023-04-01,2024-03-31,京成電鉄株式会社
S100TVOE,2024-06-27,2024-06-27 13:53,46110,2023-04-01,2024-03-31,大日本塗料株式会社
S100TSAT,2024-06-27,2024-06-27 13:53,63620,2023-04-01,2024-03-31,株式会社石井鐵工所
S100TSHR,2024-06-27,2024-06-27 13:54,63920,2023-04-01,2024-03-31,株式会社　ヤマダコーポレーション
S100TWAT,2024-06-27,2024-06-27 13:55,79160,2023-04-01,2024-03-31,光村印刷株式会社
S100TV43,2024-06-27,2024-06-27 13:55,18600,2023-04-01,2024-03-31,戸田建設株式会社
S100TW8D,2024-06-27,2024-06-27 13:56,18280,2023-04-01,2024-03-31,田辺工業株式会社
S100TRZT,2024-06-27,2024-06-27 13:57,82080,2023-04-01,2024-03-31,株式会社エンチョー
S100TTL4,2024-06-27,2024-06-27 13:57,66230,2023-04-01,2024-03-31,愛知電機株式会社
S100TU26,2024-06-27,2024-06-27 13:58,82810,2023-04-01,2024-03-31,ゼビオホールディングス株式会社
S100TPUR,2024-06-27,2024-06-27 13:58,19420,2023-04-01,2024-03-31,株式会社関電工
S100TTZ2,2024-06-27,2024-06-27 13:58,63420,2023-04-01,2024-03-31,株式会社太平製作所
S100TWCD,2024-06-27,2024-06-27 13:58,91580,2023-04-01,2024-03-31,株式会社シーユーシー
S100TV5H,2024-06-27,2024-06-27 14:00,63680,2023-04-01,2024-03-31,オルガノ株式会社
S100TVIM,2024-06-27,2024-06-27 14:00,19480,2023-04-01,2024-03-31,株式会社弘電社
S100TW27,2024-06-27,2024-06-27 14:00,38610,2023-04-01,2024-03-31,王子ホールディングス株式会社
S100TV5Q,2024-06-27,2024-06-27 14:00,77800,2023-04-01,2024-03-31,株式会社メニコン
S100TTWP,2024-06-27,2024-06-27 14:00,57150,2023-04-01,2024-03-31,古河機械金属株式会社
S100TU6O,2024-06-27,2024-06-27 14:00,59400,2023-04-01,2024-03-31,不二サッシ株式会社
S100TRKD,2024-06-27,2024-06-27 14:00,35120,2023-04-01,2024-03-31,日本フエルト株式会社
S100TTPO,2024-06-27,2024-06-27 14:01,46250,2023-04-01,2024-03-31,アトミクス株式会社
S100TRAN,2024-06-27,2024-06-27 14:01,45340,2023-04-01,2024-03-31,持田製薬株式会社
S100TVJ5,2024-06-27,2024-06-27 14:01,79230,2023-04-01,2024-03-31,トーイン株式会社
S100TT82,2024-06-27,2024-06-27 14:02,52620,2023-04-01,2024-03-31,日本ヒューム株式会社
S100TSO2,2024-06-27,2024-06-27 14:03,44090,2023-04-01,2024-03-31,東邦化学工業株式会社
S100TNB3,2024-06-27,2024-06-27 14:03,94090,2023-04-01,2024-03-31,株式会社テレビ朝日ホールディングス
S100TUD0,2024-06-27,2024-06-27 14:04,91710,2023-04-01,2024-03-31,栗林商船株式会社
S100TNGA,2024-06-27,2024-06-27 14:04,70210,2023-04-01,2024-03-31,株式会社ニッチツ
S100TOD5,2024-06-27,2024-06-27 14:05,90740,2023-04-01,2024-03-31,日本石油輸送株式会社
S100TTPW,2024-06-27,2024-06-27 14:05,69070,2023-04-01,2024-03-31,ジオマテック株式会社
S100TRBR,2024-06-27,2024-06-27 14:06,93010,2023-04-01,2024-03-31,三菱倉庫株式会社
S100TVZY,2024-06-27,2024-06-27 14:06,77210,2023-04-01,2024-03-31,東京計器株式会社
S100TWC6,2024-06-27,2024-06-27 14:07,45590,2023-04-01,2024-03-31,ゼリア新薬工業株式会社
S100TR3Y,2024-06-27,2024-06-27 14:07,90480,2023-04-01,2024-03-31,名古屋鉄道株式会社
S100TUIH,2024-06-27,2024-06-27 14:08,95310,2023-04-01,2024-03-31,東京瓦斯株式会社
S100TU63,2024-06-27,2024-06-27 14:10,19680,2023-04-01,2024-03-31,太平電業株式会社
S100TVVA,2024-06-27,2024-06-27 14:10,64820,2023-04-01,2024-03-31,株式会社ユーシン精機
S100TWCW,2024-06-27,2024-06-27 14:14,80300,2023-04-01,2024-03-31,中央魚類株式会社
S100TSC4,2024-06-27,2024-06-27 14:14,66470,2023-04-01,2024-03-31,森尾電機株式会社
S100TW6T,2024-06-27,2024-06-27 14:14,53420,2023-04-01,2024-03-31,ジャニス工業株式会社
S100TUOL,2024-06-27,2024-06-27 14:15,66200,2023-04-01,2024-03-31,宮越ホールディングス株式会社
S100TV15,2024-06-27,2024-06-27 14:15,76940,2023-04-01,2024-03-31,株式会社いつも
S100TVB0,2024-06-27,2024-06-27 14:15,97530,2023-04-01,2024-03-31,アイエックス・ナレッジ株式会社
S100TWCJ,2024-06-27,2024-06-27 14:15,51920,2023-04-01,2024-03-31,三ツ星ベルト株式会社
S100TTZC,2024-06-27,2024-06-27 14:16,46240,2023-04-01,2024-03-31,イサム塗料株式会社
S100TWFJ,2024-06-27,2024-06-27 14:17,36920,2023-04-01,2024-03-31,株式会社ＦＦＲＩセキュリティ
S100TVEL,2024-06-27,2024-06-27 14:17,22010,2023-04-01,2024-03-31,森永製菓株式会社
S100TU69,2024-06-27,2024-06-27 14:17,88350,2023-04-01,2024-03-31,太平洋興発株式会社
S100TWFG,2024-06-27,2024-06-27 14:18,80610,2023-04-01,2024-03-31,西華産業株式会社
S100TWEG,2024-06-27,2024-06-27 14:20,80850,2023-04-01,2024-03-31,ナラサキ産業株式会社
S100TTUZ,2024-06-27,2024-06-27 14:21,94010,2023-04-01,2024-03-31,株式会社ＴＢＳホールディングス
S100TRDA,2024-06-27,2024-06-27 14:21,20550,2023-04-01,2024-03-31,日和産業株式会社
S100TTNY,2024-06-27,2024-06-27 14:21,19790,2023-04-01,2024-03-31,株式会社大気社
S100TV9Q,2024-06-27,2024-06-27 14:21,18220,2023-04-01,2024-03-31,大豊建設株式会社
S100TTO1,2024-06-27,2024-06-27 14:25,76340,2023-04-01,2024-03-31,株式会社星医療酸器
S100TRQC,2024-06-27,2024-06-27 14:25,72690,2023-04-01,2024-03-31,スズキ株式会社
S100TVBH,2024-06-27,2024-06-27 14:26,99960,2023-04-01,2024-03-31,株式会社サトー商会
S100TUPC,2024-06-27,2024-06-27 14:26,17190,2023-04-01,2024-03-31,株式会社安藤・間
S100TVIB,2024-06-27,2024-06-27 14:27,65800,2023-04-01,2024-03-31,株式会社ライトアップ
S100TW0Z,2024-06-27,2024-06-27 14:28,68400,2023-04-01,2024-03-31,株式会社ＡＫＩＢＡホールディングス
S100TVJ9,2024-06-27,2024-06-27 14:28,81180,2023-04-01,2024-03-31,株式会社　キング
S100TTTE,2024-06-27,2024-06-27 14:28,61130,2023-04-01,2024-03-31,株式会社アマダ
S100TUJL,2024-06-27,2024-06-27 14:30,30960,2023-04-01,2024-03-31,株式会社オーシャンシステム
S100TTDG,2024-06-27,2024-06-27 14:30,18850,2023-04-01,2024-03-31,東亜建設工業株式会社
S100TUX6,2024-06-27,2024-06-27 14:30,25400,2023-04-01,2024-03-31,養命酒製造株式会社
S100TU7T,2024-06-27,2024-06-27 14:31,35290,2023-04-01,2024-03-31,アツギ株式会社
S100TKGM,2024-06-27,2024-06-27 14:31,93030,2023-04-01,2024-03-31,株式会社住友倉庫
S100TQE5,2024-06-27,2024-06-27 14:32,72710,2023-04-01,2024-03-31,株式会社安永
S100TV2I,2024-06-27,2024-06-27 14:33,69470,2023-04-01,2024-03-31,株式会社図研
S100TWDD,2024-06-27,2024-06-27 14:33,93630,2023-04-01,2024-03-31,株式会社大運
S100TTQV,2024-06-27,2024-06-27 14:33,91930,2023-04-01,2024-03-31,東京汽船株式会社
S100TWHE,2024-06-27,2024-06-27 14:34,39510,2023-04-01,2024-03-31,朝日印刷株式会社
S100TSXG,2024-06-27,2024-06-27 14:34,69890,2023-04-01,2024-03-31,北陸電気工業株式会社
S100TV1M,2024-06-27,2024-06-27 14:34,52020,2023-04-01,2024-03-31,日本板硝子株式会社
S100TT3I,2024-06-27,2024-06-27 14:37,93590,2023-04-01,2024-03-31,伊勢湾海運株式会社
S100TSFP,2024-06-27,2024-06-27 14:37,50090,2023-04-01,2024-03-31,富士興産株式会社
S100TVZV,2024-06-27,2024-06-27 14:39,59700,2023-04-01,2024-03-31,株式会社ジーテクト
S100TUR5,2024-06-27,2024-06-27 14:39,80460,2023-04-01,2024-03-31,丸藤シートパイル株式会社
S100TVJB,2024-06-27,2024-06-27 14:40,59280,2023-04-01,2024-03-31,アルメタックス株式会社
S100TU43,2024-06-27,2024-06-27 14:40,40410,2023-04-01,2024-03-31,日本曹達株式会社
S100TWBB,2024-06-27,2024-06-27 14:41,23230,2023-04-01,2024-03-31,株式会社ｆｏｎｆｕｎ
S100TWIN,2024-06-27,2024-06-27 14:42,52580,2023-04-01,2024-03-31,株式会社トランザクション・メディア・ネットワークス
S100TVWV,2024-06-27,2024-06-27 14:42,68190,2023-04-01,2024-03-31,伊豆シャボテンリゾート株式会社
S100TUVS,2024-06-27,2024-06-27 14:43,29760,2023-04-01,2024-03-31,日本グランデ株式会社
S100TVZT,2024-06-27,2024-06-27 14:43,93530,2023-04-01,2024-03-31,櫻島埠頭株式会社
S100TUBJ,2024-06-27,2024-06-27 14:43,80710,2023-04-01,2024-03-31,東海エレクトロニクス株式会社
S100TUWN,2024-06-27,2024-06-27 14:43,18610,2023-04-01,2024-03-31,株式会社　熊谷組
S100TV6M,2024-06-27,2024-06-27 14:45,57570,2023-04-01,2024-03-31,株式会社ＣＫサンエツ
S100TWG5,2024-06-27,2024-06-27 14:46,55920,2023-04-01,2024-03-31,株式会社くすりの窓口
S100TST4,2024-06-27,2024-06-27 14:46,42900,2023-04-01,2024-03-31,株式会社プレステージ・インターナショナル
S100TUW2,2024-06-27,2024-06-27 14:49,38490,2023-04-01,2024-03-31,日本テクノ・ラボ株式会社
S100TVF3,2024-06-27,2024-06-27 14:50,61440,2023-04-01,2024-03-31,西部電機株式会社
S100TWAL,2024-06-27,2024-06-27 14:50,15150,2023-04-01,2024-03-31,日鉄鉱業株式会社
S100TWKH,2024-06-27,2024-06-27 14:50,90680,2023-04-01,2024-03-31,丸全昭和運輸株式会社
S100TU8T,2024-06-27,2024-06-27 14:51,34310,2023-04-01,2024-03-31,宮地エンジニアリンググループ株式会社
S100TWCC,2024-06-27,2024-06-27 14:52,90760,2023-04-01,2024-03-31,セイノーホールディングス株式会社
S100TVWH,2024-06-27,2024-06-27 14:53,24130,2023-04-01,2024-03-31,エムスリー株式会社
S100TSPW,2024-06-27,2024-06-27 14:56,27500,2023-04-01,2024-03-31,石光商事株式会社
S100TRZS,2024-06-27,2024-06-27 14:57,19050,2023-04-01,2024-03-31,株式会社テノックス
S100TV7O,2024-06-27,2024-06-27 15:00,35420,2023-04-01,2024-03-31,株式会社ベガコーポレーション
S100TW3C,2024-06-27,2024-06-27 15:00,78590,2023-04-01,2024-03-31,株式会社アルメディオ
S100TUAF,2024-06-27,2024-06-27 15:00,64850,2023-04-01,2024-03-31,前澤給装工業株式会社
S100TVC2,2024-06-27,2024-06-27 15:00,88480,2023-04-01,2024-03-31,株式会社レオパレス２１
S100TV82,2024-06-27,2024-06-27 15:00,18210,2023-04-01,2024-03-31,三井住友建設株式会社
S100TVF0,2024-06-27,2024-06-27 15:00,65070,2023-04-01,2024-03-31,シンフォニアテクノロジー株式会社
S100TUGV,2024-06-27,2024-06-27 15:00,26020,2023-04-01,2024-03-31,日清オイリオグループ株式会社
S100TTXU,2024-06-27,2024-06-27 15:00,62400,2023-04-01,2024-03-31,ヤマシンフィルタ株式会社
S100TV4W,2024-06-27,2024-06-27 15:00,66980,2023-04-01,2024-03-31,ヴィスコ・テクノロジーズ株式会社
S100TVDJ,2024-06-27,2024-06-27 15:00,74670,2023-04-01,2024-03-31,萩原電気ホールディングス株式会社
S100TUHJ,2024-06-27,2024-06-27 15:00,42410,2023-04-01,2024-03-31,株式会社アテクト
S100TTYL,2024-06-27,2024-06-27 15:00,20010,2023-04-01,2024-03-31,株式会社ニップン
S100TWLI,2024-06-27,2024-06-27 15:00,91430,2023-04-01,2024-03-31,ＳＧホールディングス株式会社
S100TT4C,2024-06-27,2024-06-27 15:00,81390,2023-04-01,2024-03-31,株式会社ナガホリ
S100TTC2,2024-06-27,2024-06-27 15:00,26070,2023-04-01,2024-03-31,不二製油グループ本社株式会社
S100TR1B,2024-06-27,2024-06-27 15:00,19810,2023-04-01,2024-03-31,株式会社協和日成
S100TUJV,2024-06-27,2024-06-27 15:00,59560,2023-04-01,2024-03-31,トーソー株式会社
S100TW0O,2024-06-27,2024-06-27 15:00,79850,2023-04-01,2024-03-31,ネポン株式会社
S100TW11,2024-06-27,2024-06-27 15:00,82140,2023-04-01,2024-03-31,株式会社ＡＯＫＩホールディングス
S100TUQU,2024-06-27,2024-06-27 15:00,92290,2023-04-01,2024-03-31,株式会社サンウェルズ
S100TVOR,2024-06-27,2024-06-27 15:00,39340,2023-04-01,2024-03-31,株式会社ベネフィットジャパン
S100TRX4,2024-06-27,2024-06-27 15:00,14200,2023-04-01,2024-03-31,サンヨーホームズ株式会社
S100TW7K,2024-06-27,2024-06-27 15:01,43900,2023-04-01,2024-03-31,株式会社アイ・ピー・エス
S100TTS4,2024-06-27,2024-06-27 15:01,77910,2023-04-01,2024-03-31,ドリームベッド株式会社
S100TU0E,2024-06-27,2024-06-27 15:01,63930,2023-04-01,2024-03-31,油研工業株式会社
S100TSIW,2024-06-27,2024-06-27 15:02,63430,2023-04-01,2024-03-31,フリージア・マクロス株式会社
S100TU96,2024-06-27,2024-06-27 15:02,94230,2023-04-01,2024-03-31,株式会社フォーバル・リアルストレート
S100TUQG,2024-06-27,2024-06-27 15:03,17210,2023-04-01,2024-03-31,コムシスホールディングス株式会社
S100TUZE,2024-06-27,2024-06-27 15:03,72380,2023-04-01,2024-03-31,曙ブレーキ工業株式会社
S100TWF4,2024-06-27,2024-06-27 15:03,29800,2023-04-01,2024-03-31,ＳＲＥホールディングス株式会社
S100TS53,2024-06-27,2024-06-27 15:03,90050,2023-04-01,2024-03-31,東急株式会社
S100TW7S,2024-06-27,2024-06-27 15:03,90310,2023-04-01,2024-03-31,西日本鉄道株式会社
S100TUZS,2024-06-27,2024-06-27 15:03,46870,2023-04-01,2024-03-31,ＴＤＣソフト株式会社
S100TWE9,2024-06-27,2024-06-27 15:03,30770,2023-04-01,2024-03-31,ホリイフードサービス株式会社
S100TTYP,2024-06-27,2024-06-27 15:04,63370,2023-04-01,2024-03-31,株式会社テセック
S100TWJ4,2024-06-27,2024-06-27 15:04,76020,2023-04-01,2024-03-31,株式会社カーチスホールディングス
S100TS7G,2024-06-27,2024-06-27 15:05,67860,2023-04-01,2024-03-31,株式会社ＲＶＨ
S100TVD7,2024-06-27,2024-06-27 15:05,63700,2023-04-01,2024-03-31,栗田工業株式会社
S100TT53,2024-06-27,2024-06-27 15:05,79120,2023-04-01,2024-03-31,大日本印刷株式会社
S100TVS1,2024-06-27,2024-06-27 15:05,66740,2023-04-01,2024-03-31,株式会社　ジーエス・ユアサ　コーポレーション
S100TU61,2024-06-27,2024-06-27 15:05,85410,2023-04-01,2024-03-31,株式会社　愛媛銀行
S100TT2D,2024-06-27,2024-06-27 15:05,58700,2023-04-01,2024-03-31,株式会社ナルネットコミュニケーションズ
S100TVUM,2024-06-27,2024-06-27 15:06,45210,2023-04-01,2024-03-31,科研製薬株式会社
S100TW18,2024-06-27,2024-06-27 15:06,74190,2023-04-01,2024-03-31,株式会社ノジマ
S100TU7S,2024-06-27,2024-06-27 15:07,69600,2023-04-01,2024-03-31,フクダ電子株式会社
S100TSIJ,2024-06-27,2024-06-27 15:07,69810,2023-04-01,2024-03-31,株式会社村田製作所
S100TUR4,2024-06-27,2024-06-27 15:07,87470,2023-04-01,2024-03-31,豊トラスティ証券株式会社
S100TRLE,2024-06-27,2024-06-27 15:07,64710,2023-04-01,2024-03-31,日本精工株式会社
S100TW9L,2024-06-27,2024-06-27 15:07,62260,2023-04-01,2024-03-31,守谷輸送機工業株式会社
S100TV01,2024-06-27,2024-06-27 15:07,83040,2023-04-01,2024-03-31,株式会社あおぞら銀行
S100TVT6,2024-06-27,2024-06-27 15:07,64060,2023-04-01,2024-03-31,フジテック株式会社
S100TR1T,2024-06-27,2024-06-27 15:07,60740,2023-04-01,2024-03-31,株式会社ジェイエスエス
S100TVVL,2024-06-27,2024-06-27 15:07,99970,2023-04-01,2024-03-31,株式会社ベルーナ
S100TQKT,2024-06-27,2024-06-27 15:08,31840,2023-04-01,2024-03-31,ＩＣＤＡホールディングス株式会社
S100TT2F,2024-06-27,2024-06-27 15:08,62980,2023-04-01,2024-03-31,ワイエイシイホールディングス株式会社
S100TT6K,2024-06-27,2024-06-27 15:08,66760,2023-04-01,2024-03-31,株式会社メルコホールディングス
S100T3LA,2024-06-27,2024-06-27 15:08,95020,2023-04-01,2024-03-31,中部電力株式会社
S100TWCF,2024-06-27,2024-06-27 15:09,89990,2023-04-01,2024-03-31,グランディハウス株式会社
S100TVNI,2024-06-27,2024-06-27 15:09,38640,2023-04-01,2024-03-31,三菱製紙株式会社
S100TW1P,2024-06-27,2024-06-27 15:09,92740,2023-04-01,2024-03-31,ＫＰＰグループホールディングス株式会社
S100TVOL,2024-06-27,2024-06-27 15:11,73500,2023-04-01,2024-03-31,株式会社おきなわフィナンシャルグループ
S100TWHR,2024-06-27,2024-06-27 15:11,62290,2023-04-01,2024-03-31,株式会社オーケーエム
S100TWFX,2024-06-27,2024-06-27 15:11,25860,2023-04-01,2024-03-31,株式会社フルッタフルッタ
S100TUBK,2024-06-27,2024-06-27 15:12,88020,2023-04-01,2024-03-31,三菱地所株式会社
S100TQX7,2024-06-27,2024-06-27 15:13,45400,2023-04-01,2024-03-31,株式会社ツムラ
S100TWJT,2024-06-27,2024-06-27 15:13,37530,2023-04-01,2024-03-31,株式会社フライトソリューションズ
S100TUHU,2024-06-27,2024-06-27 15:13,80500,2023-04-01,2024-03-31,セイコーグループ株式会社
S100TUL6,2024-06-27,2024-06-27 15:13,61970,2023-04-01,2024-03-31,株式会社ソラスト
S100TWMX,2024-06-27,2024-06-27 15:14,66170,2023-04-01,2024-03-31,株式会社東光高岳
S100TTIW,2024-06-27,2024-06-27 15:15,59850,2023-04-01,2024-03-31,サンコール株式会社
S100TUNQ,2024-06-27,2024-06-27 15:15,95030,2023-04-01,2024-03-31,関西電力株式会社
S100TWNJ,2024-06-27,2024-06-27 15:16,76860,2023-04-01,2024-03-31,株式会社カクヤスグループ
S100TUYE,2024-06-27,2024-06-27 15:16,23930,2023-04-01,2024-03-31,株式会社日本ケアサプライ
S100TUM5,2024-06-27,2024-06-27 15:19,72350,2023-04-01,2024-03-31,東京ラヂエーター製造株式会社
S100TSRK,2024-06-27,2024-06-27 15:19,22080,2023-04-01,2024-03-31,株式会社ブルボン
S100TUMW,2024-06-27,2024-06-27 15:19,53510,2023-04-01,2024-03-31,品川リフラクトリーズ株式会社
S100TWBF,2024-06-27,2024-06-27 15:20,98530,2023-04-01,2024-03-31,株式会社銀座ルノアール
S100TWO6,2024-06-27,2024-06-27 15:20,64120,2023-04-01,2024-03-31,株式会社平和
S100TWON,2024-06-27,2024-06-27 15:20,99690,2023-04-01,2024-03-31,株式会社ショクブン
S100TR4L,2024-06-27,2024-06-27 15:21,36000,2023-04-01,2024-03-31,株式会社フジックス
S100TTHC,2024-06-27,2024-06-27 15:21,83950,2023-04-01,2024-03-31,株式会社佐賀銀行
S100TUZO,2024-06-27,2024-06-27 15:22,42750,2023-04-01,2024-03-31,カーリットホールディングス株式会社
S100TU66,2024-06-27,2024-06-27 15:22,24330,2023-04-01,2024-03-31,株式会社博報堂ＤＹホールディングス
S100TU3J,2024-06-27,2024-06-27 15:22,88710,2023-04-01,2024-03-31,株式会社ゴールドクレスト
S100TWOP,2024-06-27,2024-06-27 15:26,96750,2023-04-01,2024-03-31,常磐興産株式会社
S100TUX5,2024-06-27,2024-06-27 15:26,18790,2023-04-01,2024-03-31,新日本建設株式会社
S100TTT6,2024-06-27,2024-06-27 15:26,83880,2023-04-01,2024-03-31,株式会社阿波銀行
S100TVBW,2024-06-27,2024-06-27 15:28,17700,2023-04-01,2024-03-31,藤田エンジニアリング株式会社
S100TSOU,2024-06-27,2024-06-27 15:29,41160,2023-04-01,2024-03-31,大日精化工業株式会社
S100TW62,2024-06-27,2024-06-27 15:29,70960,2023-04-01,2024-03-31,株式会社ステムセル研究所
S100TUT1,2024-06-27,2024-06-27 15:29,79110,2023-04-01,2024-03-31,ＴＯＰＰＡＮホールディングス株式会社
S100TUF9,2024-06-27,2024-06-27 15:30,39260,2023-04-01,2024-03-31,株式会社オープンドア
S100TVEP,2024-06-27,2024-06-27 15:30,98310,2023-04-01,2024-03-31,株式会社ヤマダホールディングス
S100TUBP,2024-06-27,2024-06-27 15:30,49660,2023-04-01,2024-03-31,上村工業株式会社
S100TW48,2024-06-27,2024-06-27 15:30,83540,2023-04-01,2024-03-31,株式会社ふくおかフィナンシャルグループ
S100TVP2,2024-06-27,2024-06-27 15:30,13750,2023-04-01,2024-03-31,株式会社雪国まいたけ
S100TU5P,2024-06-27,2024-06-27 15:30,69990,2023-04-01,2024-03-31,ＫＯＡ株式会社
S100TVBY,2024-06-27,2024-06-27 15:30,71220,2023-04-01,2024-03-31,近畿車輛株式会社
S100TWN5,2024-06-27,2024-06-27 15:30,51210,2023-04-01,2024-03-31,藤倉コンポジット株式会社
S100TSWT,2024-06-27,2024-06-27 15:31,40470,2023-04-01,2024-03-31,関東電化工業株式会社
S100TUZP,2024-06-27,2024-06-27 15:31,36610,2023-04-01,2024-03-31,株式会社エムアップホールディングス
S100TVFX,2024-06-27,2024-06-27 15:31,19630,2023-04-01,2024-03-31,日揮ホールディングス株式会社
S100TVUC,2024-06-27,2024-06-27 15:31,81230,2023-04-01,2024-03-31,川辺株式会社
S100TWP5,2024-06-27,2024-06-27 15:31,69930,2023-04-01,2024-03-31,大黒屋ホールディングス株式会社
S100TWNW,2024-06-27,2024-06-27 15:31,65130,2023-04-01,2024-03-31,株式会社オリジン
S100TWI6,2024-06-27,2024-06-27 15:31,68640,2023-04-01,2024-03-31,株式会社エヌエフホールディングス
S100TWO9,2024-06-27,2024-06-27 15:33,64300,2023-04-01,2024-03-31,ダイコク電機株式会社
S100TV5W,2024-06-27,2024-06-27 15:33,98670,2023-04-01,2024-03-31,ソレキア株式会社
S100TV4H,2024-06-27,2024-06-27 15:34,85590,2023-04-01,2024-03-31,株式会社豊和銀行
S100TWHF,2024-06-27,2024-06-27 15:35,76350,2023-04-01,2024-03-31,杉田エース株式会社
S100TWQU,2024-06-27,2024-06-27 15:35,48490,2023-04-01,2024-03-31,エン・ジャパン株式会社
S100TN8U,2024-06-27,2024-06-27 15:35,21390,2023-04-01,2024-03-31,株式会社中広
S100TTV6,2024-06-27,2024-06-27 15:35,80560,2023-04-01,2024-03-31,ＢＩＰＲＯＧＹ株式会社
S100TR61,2024-06-27,2024-06-27 15:35,75780,2023-04-01,2024-03-31,株式会社ニチリョク
S100TQCO,2024-06-27,2024-06-27 15:35,48280,2023-04-01,2024-03-31,ビジネスエンジニアリング株式会社
S100TQ78,2024-06-27,2024-06-27 15:37,18080,2023-04-01,2024-03-31,株式会社　長谷工コーポレーション
S100TVM4,2024-06-27,2024-06-27 15:37,69250,2023-04-01,2024-03-31,ウシオ電機株式会社
S100TV8T,2024-06-27,2024-06-27 15:38,93360,2023-04-01,2024-03-31,大栄環境株式会社
S100TRBB,2024-06-27,2024-06-27 15:38,72450,2023-04-01,2024-03-31,大同メタル工業株式会社
S100TTVM,2024-06-27,2024-06-27 15:38,36400,2023-04-01,2024-03-31,株式会社電算
S100TS1T,2024-06-27,2024-06-27 15:38,99360,2023-04-01,2024-03-31,株式会社王将フードサービス
S100TSMP,2024-06-27,2024-06-27 15:39,18030,2023-04-01,2024-03-31,清水建設株式会社
S100TWIB,2024-06-27,2024-06-27 15:39,64360,2023-04-01,2024-03-31,アマノ株式会社
S100TVTR,2024-06-27,2024-06-27 15:39,28050,2023-04-01,2024-03-31,ヱスビー食品株式会社
S100TWQK,2024-06-27,2024-06-27 15:41,73660,2023-04-01,2024-03-31,株式会社ＬＩＴＡＬＩＣＯ
S100TO02,2024-06-27,2024-06-27 15:42,69230,2023-04-01,2024-03-31,スタンレー電気株式会社
S100TQU3,2024-06-27,2024-06-27 15:43,72170,2023-04-01,2024-03-31,株式会社テイン
S100TWRL,2024-06-27,2024-06-27 15:43,60330,2023-04-01,2024-03-31,株式会社エクストリーム
S100T93Y,2024-06-27,2024-06-27 15:43,90060,2023-04-01,2024-03-31,京浜急行電鉄株式会社
S100TSOJ,2024-06-27,2024-06-27 15:44,97330,2023-04-01,2024-03-31,株式会社ナガセ
S100TUAP,2024-06-27,2024-06-27 15:44,44060,2023-04-01,2024-03-31,新日本理化株式会社
S100TWDM,2024-06-27,2024-06-27 15:45,69670,2023-04-01,2024-03-31,新光電気工業株式会社
S100TV9M,2024-06-27,2024-06-27 15:45,41180,2023-04-01,2024-03-31,株式会社カネカ
S100TSC6,2024-06-27,2024-06-27 15:45,69040,2023-04-01,2024-03-31,原田工業株式会社
S100TQF8,2024-06-27,2024-06-27 15:45,57060,2023-04-01,2024-03-31,三井金属鉱業株式会社
S100TVLR,2024-06-27,2024-06-27 15:46,15140,2023-04-01,2024-03-31,住石ホールディングス株式会社
S100TWSJ,2024-06-27,2024-06-27 15:46,60450,2023-04-01,2024-03-31,株式会社レントラックス
S100TVAM,2024-06-27,2024-06-27 15:46,19750,2023-04-01,2024-03-31,株式会社朝日工業社
S100TRIW,2024-06-27,2024-06-27 15:46,88010,2023-04-01,2024-03-31,三井不動産株式会社
S100TODR,2024-06-27,2024-06-27 15:47,60850,2023-04-01,2024-03-31,アーキテクツ・スタジオ・ジャパン株式会社
S100TVHR,2024-06-27,2024-06-27 15:48,58450,2023-04-01,2024-03-31,全保連株式会社
S100TVJZ,2024-06-27,2024-06-27 15:50,39290,2023-04-01,2024-03-31,ソーシャルワイヤー株式会社
S100TWNQ,2024-06-27,2024-06-27 15:52,52730,2023-04-01,2024-03-31,三谷セキサン株式会社
S100TVJO,2024-06-27,2024-06-27 15:54,73670,2023-04-01,2024-03-31,株式会社セルム
S100TUSP,2024-06-27,2024-06-27 15:55,96870,2023-04-01,2024-03-31,株式会社ＫＳＫ
S100TSY0,2024-06-27,2024-06-27 15:55,33600,2023-04-01,2024-03-31,シップヘルスケアホールディングス株式会社
S100TTWE,2024-06-27,2024-06-27 15:56,19450,2023-04-01,2024-03-31,株式会社東京エネシス
S100TWE1,2024-06-27,2024-06-27 15:56,54820,2023-04-01,2024-03-31,愛知製鋼株式会社
S100TWAE,2024-06-27,2024-06-27 15:57,47810,2023-04-01,2024-03-31,日本ハウズイング株式会社
S100TVVX,2024-06-27,2024-06-27 15:58,71990,2023-04-01,2024-03-31,プレミアグループ株式会社
S100TVEI,2024-06-27,2024-06-27 15:58,49720,2023-04-01,2024-03-31,綜研化学株式会社
S100TWOX,2024-06-27,2024-06-27 15:58,71020,2023-04-01,2024-03-31,日本車輌製造株式会社
S100TVJL,2024-06-27,2024-06-27 16:00,40640,2023-04-01,2024-03-31,日本カーバイド工業株式会社
S100TS5Y,2024-06-27,2024-06-27 16:00,92230,2023-04-01,2024-03-31,株式会社ＡＳＮＯＶＡ
S100TWTF,2024-06-27,2024-06-27 16:00,71920,2023-04-01,2024-03-31,日本モーゲージサービス株式会社
S100TWTM,2024-06-27,2024-06-27 16:00,44350,2023-04-01,2024-03-31,株式会社カオナビ
S100TWBZ,2024-06-27,2024-06-27 16:00,92210,2023-04-01,2024-03-31,フルハシＥＰＯ株式会社
S100TT3P,2024-06-27,2024-06-27 16:00,38650,2023-04-01,2024-03-31,北越コーポレーション株式会社
S100TSOC,2024-06-27,2024-06-27 16:00,66290,2023-04-01,2024-03-31,テクノホライゾン株式会社
S100TW9A,2024-06-27,2024-06-27 16:00,90830,2023-04-01,2024-03-31,神姫バス株式会社
S100TTQZ,2024-06-27,2024-06-27 16:01,93600,2023-04-01,2024-03-31,鈴与シンワート株式会社
S100TV8K,2024-06-27,2024-06-27 16:01,81600,2023-04-01,2024-03-31,株式会社　木曽路
S100TSUO,2024-06-27,2024-06-27 16:01,52870,2023-04-01,2024-03-31,株式会社イトーヨーギョー
S100TWPM,2024-06-27,2024-06-27 16:02,63300,2023-04-01,2024-03-31,東洋エンジニアリング株式会社
S100TWUC,2024-06-27,2024-06-27 16:02,70750,2023-04-01,2024-03-31,株式会社ＱＬＳホールディングス
S100TW4R,2024-06-27,2024-06-27 16:03,79180,2023-04-01,2024-03-31,株式会社ヴィア・ホールディングス
S100TTOT,2024-06-27,2024-06-27 16:03,82820,2023-04-01,2024-03-31,株式会社ケーズホールディングス
S100TWR7,2024-06-27,2024-06-27 16:03,64330,2023-04-01,2024-03-31,ヒーハイスト株式会社
S100TPHW,2024-06-27,2024-06-27 16:04,61860,2023-04-01,2024-03-31,株式会社一蔵
S100TS9K,2024-06-27,2024-06-27 16:04,63670,2023-04-01,2024-03-31,ダイキン工業株式会社
S100TVYV,2024-06-27,2024-06-27 16:04,90070,2023-04-01,2024-03-31,小田急電鉄株式会社
S100TV2A,2024-06-27,2024-06-27 16:04,69970,2023-04-01,2024-03-31,日本ケミコン株式会社
S100TKT1,2024-06-27,2024-06-27 16:06,33970,2023-04-01,2024-03-31,株式会社トリドールホールディングス
S100TWRC,2024-06-27,2024-06-27 16:06,88810,2023-04-01,2024-03-31,株式会社日神グループホールディングス
S100TS4T,2024-06-27,2024-06-27 16:06,95320,2023-04-01,2024-03-31,大阪瓦斯株式会社
S100TWVL,2024-06-27,2024-06-27 16:08,63340,2023-04-01,2024-03-31,明治機械株式会社
S100TVRN,2024-06-27,2024-06-27 16:10,45840,2023-04-01,2024-03-31,キッズウェル・バイオ株式会社
S100TTTO,2024-06-27,2024-06-27 16:11,59220,2023-04-01,2024-03-31,那須電機鉄工株式会社
S100TUIC,2024-06-27,2024-06-27 16:11,75590,2023-04-01,2024-03-31,ジーエフシー株式会社
S100TWW1,2024-06-27,2024-06-27 16:11,42470,2023-04-01,2024-03-31,ポバール興業株式会社
S100TVLL,2024-06-27,2024-06-27 16:11,87710,2023-04-01,2024-03-31,イー・ギャランティ株式会社
S100TVNH,2024-06-27,2024-06-27 16:12,95040,2023-04-01,2024-03-31,中国電力株式会社
S100TW92,2024-06-27,2024-06-27 16:12,39100,2023-04-01,2024-03-31,株式会社エムケイシステム
S100TWV7,2024-06-27,2024-06-27 16:12,39050,2023-04-01,2024-03-31,データセクション株式会社
S100TWA3,2024-06-27,2024-06-27 16:13,44640,2023-04-01,2024-03-31,株式会社ソフト９９コーポレーション
S100TWQJ,2024-06-27,2024-06-27 16:15,57070,2023-04-01,2024-03-31,東邦亜鉛株式会社
S100TUON,2024-06-27,2024-06-27 16:15,90870,2023-04-01,2024-03-31,タカセ株式会社
S100TP9Q,2024-06-27,2024-06-27 16:16,65170,2023-04-01,2024-03-31,デンヨー株式会社
S100TV4Y,2024-06-27,2024-06-27 16:16,65250,2023-04-01,2024-03-31,株式会社ＫＯＫＵＳＡＩ　ＥＬＥＣＴＲＩＣ
S100TVAK,2024-06-27,2024-06-27 16:17,63580,2023-04-01,2024-03-31,酒井重工業株式会社
S100TWWE,2024-06-27,2024-06-27 16:17,61450,2023-04-01,2024-03-31,ＮＩＴＴＯＫＵ株式会社
S100TWUQ,2024-06-27,2024-06-27 16:18,95130,2023-04-01,2024-03-31,電源開発株式会社
S100TSA4,2024-06-27,2024-06-27 16:22,40930,2023-04-01,2024-03-31,東邦アセチレン株式会社
S100TWW7,2024-06-27,2024-06-27 16:22,39620,2023-04-01,2024-03-31,株式会社チェンジホールディングス
S100TV23,2024-06-27,2024-06-27 16:23,92270,2023-04-01,2024-03-31,マイクロ波化学株式会社
S100TWXM,2024-06-27,2024-06-27 16:24,97760,2023-04-01,2024-03-31,札幌臨床検査センター株式会社
S100TSFW,2024-06-27,2024-06-27 16:24,46510,2023-04-01,2024-03-31,株式会社サニックス
S100TWXS,2024-06-27,2024-06-27 16:25,21830,2023-04-01,2024-03-31,株式会社リニカル
S100TU89,2024-06-27,2024-06-27 16:26,38630,2023-04-01,2024-03-31,日本製紙株式会社
S100TVDV,2024-06-27,2024-06-27 16:27,80430,2023-04-01,2024-03-31,スターゼン株式会社
S100TVBO,2024-06-27,2024-06-27 16:27,97690,2023-04-01,2024-03-31,株式会社学究社
S100TUNO,2024-06-27,2024-06-27 16:27,40950,2023-04-01,2024-03-31,日本パーカライジング株式会社
S100TW1N,2024-06-27,2024-06-27 16:28,77150,2023-04-01,2024-03-31,長野計器株式会社
S100TWXI,2024-06-27,2024-06-27 16:29,60920,2023-04-01,2024-03-31,株式会社エンバイオ・ホールディングス
S100TWY0,2024-06-27,2024-06-27 16:29,66250,2023-04-01,2024-03-31,ＪＡＬＣＯホールディングス株式会社
S100TW6P,2024-06-27,2024-06-27 16:31,18700,2023-04-01,2024-03-31,矢作建設工業株式会社
S100TUC8,2024-06-27,2024-06-27 16:35,61250,2023-04-01,2024-03-31,株式会社岡本工作機械製作所
S100TWX5,2024-06-27,2024-06-27 16:35,99270,2023-04-01,2024-03-31,株式会社ワットマン
S100TWA7,2024-06-27,2024-06-27 16:36,88690,2023-04-01,2024-03-31,明和地所株式会社
S100TVVW,2024-06-27,2024-06-27 16:36,48940,2023-04-01,2024-03-31,クオリプス株式会社
S100TWWI,2024-06-27,2024-06-27 16:37,43470,2023-04-01,2024-03-31,ブロードメディア株式会社
S100TWR1,2024-06-27,2024-06-27 16:37,77940,2023-04-01,2024-03-31,株式会社イーディーピー
S100TWTJ,2024-06-27,2024-06-27 16:37,74630,2023-04-01,2024-03-31,株式会社アドヴァン
S100TWYD,2024-06-27,2024-06-27 16:38,25850,2023-04-01,2024-03-31,株式会社ライフドリンク　カンパニー
S100TV00,2024-06-27,2024-06-27 16:40,69860,2023-04-01,2024-03-31,双葉電子工業株式会社
S100TV3F,2024-06-27,2024-06-27 16:40,89200,2023-04-01,2024-03-31,株式会社　東　祥
S100TVLS,2024-06-27,2024-06-27 16:44,99000,2023-04-01,2024-03-31,株式会社サガミホールディングス
S100TTHW,2024-06-27,2024-06-27 16:45,63650,2023-04-01,2024-03-31,株式会社電業社機械製作所
S100TWZR,2024-06-27,2024-06-27 16:48,79460,2023-04-01,2024-03-31,株式会社光陽社
S100TX0G,2024-06-27,2024-06-27 16:50,81290,2023-04-01,2024-03-31,東邦ホールディングス株式会社
S100TVLZ,2024-06-27,2024-06-27 16:50,90820,2023-04-01,2024-03-31,大和自動車交通株式会社
S100TVJF,2024-06-27,2024-06-27 16:52,72970,2023-04-01,2024-03-31,株式会社カーメイト
S100TWZM,2024-06-27,2024-06-27 16:53,58210,2023-04-01,2024-03-31,平河ヒューテック株式会社
S100TX07,2024-06-27,2024-06-27 16:53,64280,2023-04-01,2024-03-31,株式会社オーイズミ
S100TX0X,2024-06-27,2024-06-27 16:54,18660,2023-04-01,2024-03-31,北野建設株式会社
S100TQIF,2024-06-27,2024-06-27 16:54,90120,2023-04-01,2024-03-31,秩父鉄道株式会社
S100TX0O,2024-06-27,2024-06-27 16:56,76150,2023-04-01,2024-03-31,株式会社ＹＵ－ＷＡ　Ｃｒｅａｔｉｏｎ　Ｈｏｌｄｉｎｇｓ
S100TPRZ,2024-06-27,2024-06-27 16:58,94020,2023-04-01,2024-03-31,中部日本放送株式会社
S100TWXX,2024-06-27,2024-06-27 17:04,76370,2023-04-01,2024-03-31,白銅株式会社
S100TX1B,2024-06-27,2024-06-27 17:12,62450,2023-04-01,2024-03-31,株式会社ヒラノテクシード
S100TUID,2024-06-28,2024-06-28 09:00,59730,2023-04-01,2024-03-31,株式会社トーアミ
S100TX1S,2024-06-28,2024-06-28 09:00,52080,2023-04-01,2024-03-31,株式会社有沢製作所
S100TPOT,2024-06-28,2024-06-28 09:00,22640,2023-04-01,2024-03-31,森永乳業株式会社
S100TWGX,2024-06-28,2024-06-28 09:00,87060,2023-04-01,2024-03-31,極東証券株式会社
S100TQ3Y,2024-06-28,2024-06-28 09:00,75670,2023-04-01,2024-03-31,株式会社栄電子
S100TTHD,2024-06-28,2024-06-28 09:01,85960,2023-04-01,2024-03-31,株式会社九州リースサービス
S100TWUS,2024-06-28,2024-06-28 09:02,87420,2023-04-01,2024-03-31,株式会社小林洋行
S100TWHQ,2024-06-28,2024-06-28 09:02,22880,2023-04-01,2024-03-31,丸大食品株式会社
S100TWCI,2024-06-28,2024-06-28 09:02,53560,2023-04-01,2024-03-31,美濃窯業株式会社
S100TVYX,2024-06-28,2024-06-28 09:03,87930,2023-04-01,2024-03-31,ＮＥＣキャピタルソリューション株式会社
S100TXA7,2024-06-28,2024-06-28 09:03,46130,2023-04-01,2024-03-31,関西ペイント株式会社
S100TWJD,2024-06-28,2024-06-28 09:03,80410,2023-04-01,2024-03-31,ＯＵＧホールディングス株式会社
S100TX2U,2024-06-28,2024-06-28 09:03,78680,2023-04-01,2024-03-31,株式会社広済堂ホールディングス
S100TWFA,2024-06-28,2024-06-28 09:04,61950,2023-04-01,2024-03-31,株式会社ホープ
S100TVI0,2024-06-28,2024-06-28 09:04,90340,2023-04-01,2024-03-31,南総通運株式会社
S100TXD3,2024-06-28,2024-06-28 09:05,72770,2023-04-01,2024-03-31,株式会社ＴＢＫ
S100TK4Z,2024-06-28,2024-06-28 09:05,77090,2023-04-01,2024-03-31,クボテック株式会社
S100TSCB,2024-06-28,2024-06-28 09:05,40940,2023-04-01,2024-03-31,日本化学産業株式会社
S100TSPU,2024-06-28,2024-06-28 09:05,33060,2023-04-01,2024-03-31,日本製麻株式会社
S100TX7R,2024-06-28,2024-06-28 09:06,63460,2023-04-01,2024-03-31,キクカワエンタープライズ株式会社
S100TWXD,2024-06-28,2024-06-28 09:06,60160,2023-04-01,2024-03-31,株式会社ジャパンエンジンコーポレーション
S100TVQ4,2024-06-28,2024-06-28 09:06,29220,2023-04-01,2024-03-31,株式会社なとり
S100TVT1,2024-06-28,2024-06-28 09:06,62720,2023-04-01,2024-03-31,レオン自動機株式会社
S100TWJL,2024-06-28,2024-06-28 09:07,79520,2023-04-01,2024-03-31,株式会社河合楽器製作所
S100TWMP,2024-06-28,2024-06-28 09:07,18670,2023-04-01,2024-03-31,株式会社植木組
S100TUKK,2024-06-28,2024-06-28 09:07,18880,2023-04-01,2024-03-31,若築建設株式会社
S100TXBW,2024-06-28,2024-06-28 09:07,22180,2023-04-01,2024-03-31,日糧製パン株式会社
S100TTSP,2024-06-28,2024-06-28 09:07,31560,2023-04-01,2024-03-31,株式会社レスターホールディングス
S100TR2G,2024-06-28,2024-06-28 09:07,63800,2023-04-01,2024-03-31,オリエンタルチエン工業株式会社
S100TPJS,2024-06-28,2024-06-28 09:08,74830,2023-04-01,2024-03-31,株式会社ドウシシャ
S100TTIE,2024-06-28,2024-06-28 09:09,75250,2023-04-01,2024-03-31,リックス株式会社
S100TUZ5,2024-06-28,2024-06-28 09:09,75500,2023-04-01,2024-03-31,株式会社ゼンショーホールディングス
S100TWOF,2024-06-28,2024-06-28 09:11,59980,2023-04-01,2024-03-31,株式会社　アドバネクス
S100TUAN,2024-06-28,2024-06-28 09:12,30550,2023-04-01,2024-03-31,株式会社ほくやく・竹山ホールディングス
S100TURF,2024-06-28,2024-06-28 09:13,39410,2023-04-01,2024-03-31,レンゴー株式会社
S100TQM3,2024-06-28,2024-06-28 09:13,79800,2023-04-01,2024-03-31,株式会社　重松製作所
S100TWX6,2024-06-28,2024-06-28 09:13,66510,2023-04-01,2024-03-31,日東工業株式会社
S100TT4K,2024-06-28,2024-06-28 09:13,75080,2023-04-01,2024-03-31,株式会社Ｇ‐７ホールディングス
S100TSIP,2024-06-28,2024-06-28 09:14,35040,2023-04-01,2024-03-31,株式会社丸八ホールディングス
S100TXCG,2024-06-28,2024-06-28 09:14,64390,2023-04-01,2024-03-31,中日本鋳工株式会社
S100TTLY,2024-06-28,2024-06-28 09:14,28160,2023-04-01,2024-03-31,株式会社ダイショー
S100TT9I,2024-06-28,2024-06-28 09:14,83700,2023-04-01,2024-03-31,株式会社紀陽銀行
S100TV3X,2024-06-28,2024-06-28 09:15,23760,2023-04-01,2024-03-31,株式会社　サイネックス
S100TWKQ,2024-06-28,2024-06-28 09:15,65380,2023-04-01,2024-03-31,株式会社キャリアインデックス
S100TW8U,2024-06-28,2024-06-28 09:16,80060,2023-04-01,2024-03-31,ユアサ・フナショク株式会社
S100TWR2,2024-06-28,2024-06-28 09:16,52610,2023-04-01,2024-03-31,リソルホールディングス株式会社
S100TVS8,2024-06-28,2024-06-28 09:16,63470,2023-04-01,2024-03-31,株式会社プラコー
S100TXDY,2024-06-28,2024-06-28 09:17,74260,2023-04-01,2024-03-31,株式会社　山大
S100TV03,2024-06-28,2024-06-28 09:17,64170,2023-04-01,2024-03-31,株式会社三共
S100TUAD,2024-06-28,2024-06-28 09:17,17870,2023-04-01,2024-03-31,株式会社ナカボーテック
S100TX5R,2024-06-28,2024-06-28 09:18,93650,2023-04-01,2024-03-31,トレーディア株式会社
S100TW6X,2024-06-28,2024-06-28 09:18,27630,2023-04-01,2024-03-31,株式会社エフティグループ
S100TPVE,2024-06-28,2024-06-28 09:19,19390,2023-04-01,2024-03-31,株式会社四電工
S100TKQE,2024-06-28,2024-06-28 09:20,42310,2023-04-01,2024-03-31,タイガースポリマー株式会社
S100TW2L,2024-06-28,2024-06-28 09:21,90600,2023-04-01,2024-03-31,日本ロジテム株式会社
S100TPZW,2024-06-28,2024-06-28 09:22,88180,2023-04-01,2024-03-31,京阪神ビルディング株式会社
S100TT2G,2024-06-28,2024-06-28 09:24,74440,2023-04-01,2024-03-31,ハリマ共和物産株式会社
S100TT7S,2024-06-28,2024-06-28 09:25,73990,2023-04-01,2024-03-31,株式会社ナンシン
S100TSK6,2024-06-28,2024-06-28 09:25,81350,2023-04-01,2024-03-31,ゼット株式会社
S100TS9L,2024-06-28,2024-06-28 09:25,59350,2023-04-01,2024-03-31,元旦ビューティ工業株式会社
S100TWMV,2024-06-28,2024-06-28 09:28,74610,2023-04-01,2024-03-31,株式会社キムラ
S100TSP9,2024-06-28,2024-06-28 09:28,72080,2023-04-01,2024-03-31,株式会社カネミツ
S100TUC0,2024-06-28,2024-06-28 09:29,85840,2023-04-01,2024-03-31,株式会社ジャックス
S100TWFO,2024-06-28,2024-06-28 09:29,74640,2023-04-01,2024-03-31,セフテック株式会社
S100TUAA,2024-06-28,2024-06-28 09:30,81440,2023-04-01,2024-03-31,株式会社デンキョーグループホールディングス
S100TUTS,2024-06-28,2024-06-28 09:32,81630,2023-04-01,2024-03-31,ＳＲＳホールディングス株式会社
S100TWDH,2024-06-28,2024-06-28 09:33,35210,2023-04-01,2024-03-31,エコナックホールディングス株式会社
S100TWZL,2024-06-28,2024-06-28 09:35,60050,2023-04-01,2024-03-31,三浦工業株式会社
S100TUJ2,2024-06-28,2024-06-28 09:35,67180,2023-04-01,2024-03-31,アイホン株式会社
S100TX94,2024-06-28,2024-06-28 09:37,92200,2023-04-01,2024-03-31,エフビー介護サービス株式会社
S100TUP0,2024-06-28,2024-06-28 09:38,88300,2023-04-01,2024-03-31,住友不動産株式会社
S100TWVW,2024-06-28,2024-06-28 09:38,68440,2023-04-01,2024-03-31,新電元工業株式会社
S100TS9F,2024-06-28,2024-06-28 09:38,81150,2023-04-01,2024-03-31,ムーンバット株式会社
S100TXFJ,2024-06-28,2024-06-28 09:38,61340,2023-04-01,2024-03-31,株式会社ＦＵＪＩ
S100TS82,2024-06-28,2024-06-28 09:39,22240,2023-04-01,2024-03-31,株式会社コモ
S100TWJ6,2024-06-28,2024-06-28 09:39,47190,2023-04-01,2024-03-31,株式会社アルファシステムズ
S100TRUE,2024-06-28,2024-06-28 09:40,62360,2023-04-01,2024-03-31,ＮＣホールディングス株式会社
S100TTOP,2024-06-28,2024-06-28 09:42,97610,2023-04-01,2024-03-31,東海リース株式会社
S100TVRW,2024-06-28,2024-06-28 09:43,18320,2023-04-01,2024-03-31,北海電気工事株式会社
S100TXD7,2024-06-28,2024-06-28 09:43,30340,2023-04-01,2024-03-31,クオールホールディングス株式会社
S100TXFX,2024-06-28,2024-06-28 09:44,72010,2023-04-01,2024-03-31,日産自動車株式会社
S100TVN2,2024-06-28,2024-06-28 09:45,40800,2023-04-01,2024-03-31,株式会社田中化学研究所
S100TUK2,2024-06-28,2024-06-28 09:45,75710,2023-04-01,2024-03-31,株式会社ヤマノホールディングス
S100TTZ0,2024-06-28,2024-06-28 09:46,75960,2023-04-01,2024-03-31,株式会社魚力
S100TV2D,2024-06-28,2024-06-28 09:48,21360,2023-04-01,2024-03-31,株式会社ヒップ
S100TSPZ,2024-06-28,2024-06-28 09:48,43860,2023-04-01,2024-03-31,株式会社ＳＩＧグループ
S100TVQM,2024-06-28,2024-06-28 09:49,56590,2023-04-01,2024-03-31,日本精線株式会社
S100TIAQ,2024-06-28,2024-06-28 09:50,71330,2023-04-01,2024-03-31,ＨＹＵＧＡ　ＰＲＩＭＡＲＹ　ＣＡＲＥ株式会社
S100TUQ8,2024-06-28,2024-06-28 09:50,81360,2023-04-01,2024-03-31,株式会社サンリオ
S100TXEY,2024-06-28,2024-06-28 09:53,93670,2023-04-01,2024-03-31,大東港運株式会社
S100TVU4,2024-06-28,2024-06-28 09:53,20030,2023-04-01,2024-03-31,日東富士製粉株式会社
S100TX7J,2024-06-28,2024-06-28 09:54,69430,2023-04-01,2024-03-31,ＮＫＫスイッチズ株式会社
S100TX9F,2024-06-28,2024-06-28 09:54,85580,2023-04-01,2024-03-31,株式会社東和銀行
S100TWNR,2024-06-28,2024-06-28 09:56,74900,2023-04-01,2024-03-31,日新商事株式会社
S100TX7Y,2024-06-28,2024-06-28 09:56,63070,2023-04-01,2024-03-31,サンセイ株式会社
S100TNJP,2024-06-28,2024-06-28 09:57,59520,2023-04-01,2024-03-31,アマテイ株式会社
S100TWS3,2024-06-28,2024-06-28 09:57,18050,2023-04-01,2024-03-31,飛島建設株式会社
S100TVPX,2024-06-28,2024-06-28 09:59,46840,2023-04-01,2024-03-31,株式会社オービック
S100TVJM,2024-06-28,2024-06-28 10:00,21480,2023-04-01,2024-03-31,アイティメディア株式会社
S100TO6F,2024-06-28,2024-06-28 10:00,80250,2023-04-01,2024-03-31,株式会社ツカモトコーポレーション
S100TWM6,2024-06-28,2024-06-28 10:00,26810,2023-04-01,2024-03-31,株式会社ゲオホールディングス
S100TQKM,2024-06-28,2024-06-28 10:00,22040,2023-04-01,2024-03-31,株式会社中村屋
S100TUYY,2024-06-28,2024-06-28 10:00,46620,2023-04-01,2024-03-31,株式会社フォーカスシステムズ
S100TV7B,2024-06-28,2024-06-28 10:00,40080,2023-04-01,2024-03-31,住友精化株式会社
S100TPUI,2024-06-28,2024-06-28 10:01,66440,2023-04-01,2024-03-31,大崎電気工業株式会社
S100TN0Y,2024-06-28,2024-06-28 10:01,94040,2023-04-01,2024-03-31,日本テレビホールディングス株式会社
S100TWKN,2024-06-28,2024-06-28 10:02,58440,2023-04-01,2024-03-31,株式会社京都フィナンシャルグループ
S100TV4B,2024-06-28,2024-06-28 10:03,18100,2023-04-01,2024-03-31,松井建設株式会社
S100TRSS,2024-06-28,2024-06-28 10:04,71850,2023-04-01,2024-03-31,ヒロセ通商株式会社
S100TV9B,2024-06-28,2024-06-28 10:04,76190,2023-04-01,2024-03-31,田中商事株式会社
S100TX3L,2024-06-28,2024-06-28 10:06,98320,2023-04-01,2024-03-31,株式会社オートバックスセブン
S100TP89,2024-06-28,2024-06-28 10:06,73050,2023-04-01,2024-03-31,新家工業株式会社
S100TQBS,2024-06-28,2024-06-28 10:06,23440,2023-04-01,2024-03-31,平安レイサービス株式会社
S100TWZB,2024-06-28,2024-06-28 10:06,23970,2023-04-01,2024-03-31,株式会社ＤＮＡチップ研究所
S100TW4L,2024-06-28,2024-06-28 10:06,74810,2023-04-01,2024-03-31,尾家産業株式会社
S100TQ7I,2024-06-28,2024-06-28 10:07,75210,2023-04-01,2024-03-31,株式会社ムサシ
S100TVRI,2024-06-28,2024-06-28 10:07,59790,2023-04-01,2024-03-31,カネソウ株式会社
S100TV2J,2024-06-28,2024-06-28 10:08,27300,2023-04-01,2024-03-31,株式会社エディオン
S100TPCF,2024-06-28,2024-06-28 10:08,48010,2023-04-01,2024-03-31,セントラルスポーツ株式会社
S100TVXX,2024-06-28,2024-06-28 10:08,49180,2023-04-01,2024-03-31,株式会社アイビー化粧品
S100TTXY,2024-06-28,2024-06-28 10:09,38420,2023-04-01,2024-03-31,株式会社ネクストジェン
S100TUAB,2024-06-28,2024-06-28 10:09,53910,2023-04-01,2024-03-31,株式会社エーアンドエーマテリアル
S100TWJU,2024-06-28,2024-06-28 10:12,52770,2023-04-01,2024-03-31,株式会社スパンクリートコーポレーション
S100TX4B,2024-06-28,2024-06-28 10:13,63570,2023-04-01,2024-03-31,三精テクノロジーズ株式会社
S100TXIF,2024-06-28,2024-06-28 10:14,46290,2023-04-01,2024-03-31,大伸化学株式会社
S100TXGC,2024-06-28,2024-06-28 10:14,57210,2023-04-01,2024-03-31,株式会社エス・サイエンス
S100TNAD,2024-06-28,2024-06-28 10:15,30590,2023-04-01,2024-03-31,ヒラキ株式会社
S100TXHP,2024-06-28,2024-06-28 10:15,62820,2023-04-01,2024-03-31,オイレス工業株式会社
S100TVXE,2024-06-28,2024-06-28 10:15,52680,2023-04-01,2024-03-31,旭コンクリート工業株式会社
S100TWYZ,2024-06-28,2024-06-28 10:17,50110,2023-04-01,2024-03-31,ニチレキ株式会社
S100TTYJ,2024-06-28,2024-06-28 10:19,52800,2023-04-01,2024-03-31,ヨシコン株式会社
S100TW6C,2024-06-28,2024-06-28 10:19,98540,2023-04-01,2024-03-31,愛眼株式会社
S100TXIZ,2024-06-28,2024-06-28 10:20,29810,2023-04-01,2024-03-31,株式会社ランディックス
S100TSEL,2024-06-28,2024-06-28 10:21,42400,2023-04-01,2024-03-31,クラスターテクノロジー株式会社
S100TX1A,2024-06-28,2024-06-28 10:21,69300,2023-04-01,2024-03-31,日本アンテナ株式会社
S100TX1I,2024-06-28,2024-06-28 10:22,71290,2023-04-01,2024-03-31,ミアヘルサホールディングス株式会社
S100TWTL,2024-06-28,2024-06-28 10:22,27080,2023-04-01,2024-03-31,株式会社久世
S100TTHB,2024-06-28,2024-06-28 10:22,37740,2023-04-01,2024-03-31,株式会社インターネットイニシアティブ
S100TX7E,2024-06-28,2024-06-28 10:24,68220,2023-04-01,2024-03-31,大井電気株式会社
S100TX0P,2024-06-28,2024-06-28 10:25,78360,2023-04-01,2024-03-31,アビックス株式会社
S100TX7K,2024-06-28,2024-06-28 10:26,39790,2023-04-01,2024-03-31,株式会社うるる
S100TVDD,2024-06-28,2024-06-28 10:27,90720,2023-04-01,2024-03-31,ニッコンホールディングス株式会社
S100TXJT,2024-06-28,2024-06-28 10:27,38030,2023-04-01,2024-03-31,イメージ情報開発株式会社
S100TTQ4,2024-06-28,2024-06-28 10:27,30690,2023-04-01,2024-03-31,株式会社　ＪＦＬＡホールディングス
S100TWYE,2024-06-28,2024-06-28 10:28,71890,2023-04-01,2024-03-31,株式会社西日本フィナンシャルホールディングス
S100TWH9,2024-06-28,2024-06-28 10:28,58300,2023-04-01,2024-03-31,株式会社いよぎんホールディングス
S100TXIC,2024-06-28,2024-06-28 10:28,13800,2023-04-01,2024-03-31,株式会社秋川牧園
S100TX10,2024-06-28,2024-06-28 10:29,96350,2023-04-01,2024-03-31,武蔵野興業株式会社
S100TTIP,2024-06-28,2024-06-28 10:30,56970,2023-04-01,2024-03-31,株式会社サンユウ
S100TUWV,2024-06-28,2024-06-28 10:30,46640,2023-04-01,2024-03-31,株式会社アール・エス・シー
S100TVUW,2024-06-28,2024-06-28 10:30,78750,2023-04-01,2024-03-31,竹田ｉＰホールディングス株式会社
S100TXF4,2024-06-28,2024-06-28 10:31,42980,2023-04-01,2024-03-31,株式会社プロトコーポレーション
S100TX54,2024-06-28,2024-06-28 10:35,96960,2023-04-01,2024-03-31,株式会社ウィザス
S100TXAJ,2024-06-28,2024-06-28 10:37,81070,2023-04-01,2024-03-31,株式会社キムラタン
S100TWN4,2024-06-28,2024-06-28 10:39,28190,2023-04-01,2024-03-31,エバラ食品工業株式会社
S100TXE4,2024-06-28,2024-06-28 10:39,76160,2023-04-01,2024-03-31,株式会社　コロワイド
S100TWPD,2024-06-28,2024-06-28 10:39,78630,2023-04-01,2024-03-31,株式会社平賀
S100TUQ4,2024-06-28,2024-06-28 10:41,63900,2023-04-01,2024-03-31,株式会社加藤製作所
S100TWS0,2024-06-28,2024-06-28 10:42,30320,2023-04-01,2024-03-31,株式会社ゴルフ・ドゥ
S100TXF7,2024-06-28,2024-06-28 10:42,83670,2023-04-01,2024-03-31,株式会社南都銀行
S100TW9C,2024-06-28,2024-06-28 10:43,85420,2023-04-01,2024-03-31,株式会社トマト銀行
S100TXL0,2024-06-28,2024-06-28 10:45,19650,2023-04-01,2024-03-31,株式会社テクノ菱和
S100TWEQ,2024-06-28,2024-06-28 10:46,68500,2023-04-01,2024-03-31,株式会社チノー
S100TT23,2024-06-28,2024-06-28 10:49,78860,2023-04-01,2024-03-31,ヤマト・インダストリー株式会社
S100TXM0,2024-06-28,2024-06-28 10:50,70790,2023-04-01,2024-03-31,ＷＤＢココ株式会社
S100TWOC,2024-06-28,2024-06-28 10:50,56120,2023-04-01,2024-03-31,日本鋳鉄管株式会社
S100TXK0,2024-06-28,2024-06-28 10:51,90330,2023-04-01,2024-03-31,広島電鉄株式会社
S100TWGR,2024-06-28,2024-06-28 10:52,19920,2023-04-01,2024-03-31,神田通信機株式会社
S100TXH2,2024-06-28,2024-06-28 10:55,18020,2023-04-01,2024-03-31,株式会社大林組
S100TXLO,2024-06-28,2024-06-28 10:57,70040,2023-04-01,2024-03-31,日立造船株式会社
S100TXM6,2024-06-28,2024-06-28 10:58,45160,2023-04-01,2024-03-31,日本新薬株式会社
S100TW63,2024-06-28,2024-06-28 11:00,28990,2023-04-01,2024-03-31,株式会社永谷園ホールディングス
S100TSZF,2024-06-28,2024-06-28 11:00,66990,2023-04-01,2024-03-31,ダイヤモンドエレクトリックホールディングス株式会社
S100TWXR,2024-06-28,2024-06-28 11:02,143A0,2023-04-01,2024-03-31,イシン株式会社
S100TXI8,2024-06-28,2024-06-28 11:03,57290,2023-04-01,2024-03-31,日本精鉱株式会社
S100TSFT,2024-06-28,2024-06-28 11:04,59020,2023-04-01,2024-03-31,ホッカンホールディングス株式会社
S100TW2U,2024-06-28,2024-06-28 11:04,70310,2023-04-01,2024-03-31,株式会社インバウンドテック
S100TXNA,2024-06-28,2024-06-28 11:05,99860,2023-04-01,2024-03-31,蔵王産業株式会社
S100TU4V,2024-06-28,2024-06-28 11:06,97290,2023-04-01,2024-03-31,株式会社トーカイ
S100TV3T,2024-06-28,2024-06-28 11:07,57410,2023-04-01,2024-03-31,株式会社ＵＡＣＪ
S100TXAW,2024-06-28,2024-06-28 11:10,93270,2023-04-01,2024-03-31,株式会社イー・ロジット
S100TLBV,2024-06-28,2024-06-28 11:10,83860,2023-04-01,2024-03-31,株式会社百十四銀行
S100TX6P,2024-06-28,2024-06-28 11:11,52330,2023-04-01,2024-03-31,太平洋セメント株式会社
S100TRZJ,2024-06-28,2024-06-28 11:12,69820,2023-04-01,2024-03-31,株式会社リード
S100TWJQ,2024-06-28,2024-06-28 11:13,18520,2023-04-01,2024-03-31,株式会社淺沼組
S100TXID,2024-06-28,2024-06-28 11:14,87830,2023-04-01,2024-03-31,ＧＦＡ株式会社
S100TDKS,2024-06-28,2024-06-28 11:14,48270,2023-04-01,2024-03-31,ビジネス・ワンホールディングス株式会社
S100TXKT,2024-06-28,2024-06-28 11:16,34430,2023-04-01,2024-03-31,川田テクノロジーズ株式会社
S100TXOL,2024-06-28,2024-06-28 11:18,52470,2023-04-01,2024-03-31,株式会社ＢＴＭ
S100TX7L,2024-06-28,2024-06-28 11:20,59180,2023-04-01,2024-03-31,瀧上工業株式会社
S100TRFD,2024-06-28,2024-06-28 11:24,35770,2023-04-01,2024-03-31,東海染工株式会社
S100TWYP,2024-06-28,2024-06-28 11:24,48890,2023-04-01,2024-03-31,株式会社レナサイエンス
S100TXPT,2024-06-28,2024-06-28 11:27,14910,2023-04-01,2024-03-31,中外鉱業株式会社
S100TXPY,2024-06-28,2024-06-28 11:28,46910,2023-04-01,2024-03-31,ワシントンホテル株式会社
S100TSB3,2024-06-28,2024-06-28 11:29,52900,2023-04-01,2024-03-31,株式会社ベルテクスコーポレーション
S100TXAZ,2024-06-28,2024-06-28 11:29,67750,2023-04-01,2024-03-31,株式会社ＴＢグループ
S100TXD0,2024-06-28,2024-06-28 11:31,14470,2023-04-01,2024-03-31,ＩＴｂｏｏｋホールディングス株式会社
S100TWPK,2024-06-28,2024-06-28 11:34,30200,2023-04-01,2024-03-31,アプライド株式会社
S100TX7A,2024-06-28,2024-06-28 11:36,45270,2023-04-01,2024-03-31,ロート製薬株式会社
S100TXQ8,2024-06-28,2024-06-28 11:39,24880,2023-04-01,2024-03-31,ＪＴＰ株式会社
S100TUCN,2024-06-28,2024-06-28 11:39,86090,2023-04-01,2024-03-31,株式会社岡三証券グループ
S100TXN2,2024-06-28,2024-06-28 11:43,99060,2023-04-01,2024-03-31,藤井産業株式会社
S100TTUK,2024-06-28,2024-06-28 11:45,46150,2023-04-01,2024-03-31,神東塗料株式会社
S100TXCH,2024-06-28,2024-06-28 11:47,31850,2023-04-01,2024-03-31,夢展望株式会社
S100TVOX,2024-06-28,2024-06-28 11:48,64080,2023-04-01,2024-03-31,小倉クラッチ株式会社
S100TXR7,2024-06-28,2024-06-28 11:48,73430,2023-04-01,2024-03-31,ブロードマインド株式会社
S100TPIB,2024-06-28,2024-06-28 11:50,93640,2023-04-01,2024-03-31,株式会社上組
S100TX4U,2024-06-28,2024-06-28 11:50,23290,2023-04-01,2024-03-31,株式会社東北新社
S100TTLJ,2024-06-28,2024-06-28 11:51,31040,2023-04-01,2024-03-31,富士紡ホールディングス株式会社
S100TUUL,2024-06-28,2024-06-28 11:53,72760,2023-04-01,2024-03-31,株式会社小糸製作所
S100TVLJ,2024-06-28,2024-06-28 11:58,99560,2023-04-01,2024-03-31,株式会社バローホールディングス
S100TG59,2024-06-28,2024-06-28 12:00,65740,2023-04-01,2024-03-31,株式会社コンヴァノ
S100TXG9,2024-06-28,2024-06-28 12:01,52520,2023-04-01,2024-03-31,日本ナレッジ株式会社
S100TS6G,2024-06-28,2024-06-28 12:03,27530,2023-04-01,2024-03-31,株式会社　あみやき亭
S100TXSV,2024-06-28,2024-06-28 12:15,72940,2023-04-01,2024-03-31,株式会社ヨロズ
S100TXSX,2024-06-28,2024-06-28 12:17,17110,2023-04-01,2024-03-31,株式会社ＳＤＳホールディングス
S100TMMG,2024-06-28,2024-06-28 12:22,79740,2023-04-01,2024-03-31,任天堂株式会社
S100TSZM,2024-06-28,2024-06-28 12:36,96640,2023-04-01,2024-03-31,株式会社御園座
S100TRIH,2024-06-28,2024-06-28 12:37,73740,2023-04-01,2024-03-31,株式会社コンフィデンス・インターワークス
S100TU8Z,2024-06-28,2024-06-28 12:39,88360,2023-04-01,2024-03-31,株式会社ＲＩＳＥ
S100TWR8,2024-06-28,2024-06-28 12:43,44190,2023-04-01,2024-03-31,株式会社Ｆｉｎａｔｅｘｔホールディングス
S100TX4J,2024-06-28,2024-06-28 12:44,89380,2023-04-01,2024-03-31,グローム・ホールディングス株式会社
S100TJRW,2024-06-28,2024-06-28 12:52,43600,2023-04-01,2024-03-31,株式会社マナック・ケミカル・パートナーズ
S100TVRU,2024-06-28,2024-06-28 12:53,23780,2023-04-01,2024-03-31,株式会社ルネサンス
S100TX8S,2024-06-28,2024-06-28 12:59,51890,2023-04-01,2024-03-31,櫻護謨株式会社
S100TXQD,2024-06-28,2024-06-28 13:00,90850,2023-04-01,2024-03-31,北海道中央バス株式会社
S100TOU8,2024-06-28,2024-06-28 13:02,80760,2023-04-01,2024-03-31,株式会社カノークス
S100TUTJ,2024-06-28,2024-06-28 13:04,28130,2023-04-01,2024-03-31,和弘食品株式会社
S100TRW9,2024-06-28,2024-06-28 13:05,31900,2023-04-01,2024-03-31,株式会社ホットマン
S100TXV7,2024-06-28,2024-06-28 13:06,98900,2023-04-01,2024-03-31,株式会社マキヤ
S100TX9J,2024-06-28,2024-06-28 13:06,69540,2023-04-01,2024-03-31,ファナック株式会社
S100TWLD,2024-06-28,2024-06-28 13:06,82250,2023-04-01,2024-03-31,株式会社タカチホ
S100TTSF,2024-06-28,2024-06-28 13:08,95110,2023-04-01,2024-03-31,沖縄電力株式会社
S100TR6V,2024-06-28,2024-06-28 13:08,78720,2023-04-01,2024-03-31,エステールホールディングス株式会社
S100TXA5,2024-06-28,2024-06-28 13:09,88770,2023-04-01,2024-03-31,エスリード株式会社
S100TTC4,2024-06-28,2024-06-28 13:10,65650,2023-04-01,2024-03-31,ＡＢホテル株式会社
S100TX3K,2024-06-28,2024-06-28 13:10,71380,2023-04-01,2024-03-31,株式会社ＴＯＲＩＣＯ
S100TXVM,2024-06-28,2024-06-28 13:11,49900,2023-04-01,2024-03-31,昭和化学工業株式会社
S100TWU6,2024-06-28,2024-06-28 13:12,43160,2023-04-01,2024-03-31,株式会社ビーマップ
S100TXCM,2024-06-28,2024-06-28 13:14,49980,2023-04-01,2024-03-31,フマキラー株式会社
S100TXUL,2024-06-28,2024-06-28 13:15,47920,2023-04-01,2024-03-31,山田コンサルティンググループ株式会社
S100TXVT,2024-06-28,2024-06-28 13:18,92560,2023-04-01,2024-03-31,株式会社サクシード
S100TWJM,2024-06-28,2024-06-28 13:20,19300,2023-04-01,2024-03-31,北陸電気工事株式会社
S100TX3A,2024-06-28,2024-06-28 13:21,59410,2023-04-01,2024-03-31,株式会社　中西製作所
S100TWI5,2024-06-28,2024-06-28 13:23,96050,2023-04-01,2024-03-31,東映株式会社
S100TV2O,2024-06-28,2024-06-28 13:26,74410,2023-04-01,2024-03-31,株式会社Ｍｉｓｕｍｉ
S100TW71,2024-06-28,2024-06-28 13:27,66370,2023-04-01,2024-03-31,寺崎電気産業株式会社
S100TWXW,2024-06-28,2024-06-28 13:30,73830,2023-04-01,2024-03-31,株式会社ネットプロテクションズホールディングス
S100TXU4,2024-06-28,2024-06-28 13:30,32240,2023-04-01,2024-03-31,株式会社ゼネラル・オイスター
S100TR97,2024-06-28,2024-06-28 13:34,39250,2023-04-01,2024-03-31,株式会社ダブルスタンダード
S100TXXM,2024-06-28,2024-06-28 13:36,24790,2023-04-01,2024-03-31,株式会社ジェイテック
S100TWOB,2024-06-28,2024-06-28 13:38,79910,2023-04-01,2024-03-31,マミヤ・オーピー株式会社
S100TWBK,2024-06-28,2024-06-28 13:38,18270,2023-04-01,2024-03-31,株式会社ナカノフドー建設
S100TXXZ,2024-06-28,2024-06-28 13:39,69760,2023-04-01,2024-03-31,太陽誘電株式会社
S100TXVK,2024-06-28,2024-06-28 13:43,49320,2023-04-01,2024-03-31,株式会社アルマード
S100TXYR,2024-06-28,2024-06-28 13:43,92020,2023-04-01,2024-03-31,ＡＮＡホールディングス株式会社
S100TXJ7,2024-06-28,2024-06-28 13:43,43870,2023-04-01,2024-03-31,株式会社ＺＵＵ
S100TXT6,2024-06-28,2024-06-28 13:45,94350,2023-04-01,2024-03-31,株式会社光通信
S100TSTP,2024-06-28,2024-06-28 13:46,69980,2023-04-01,2024-03-31,日本タングステン株式会社
S100TXZ8,2024-06-28,2024-06-28 13:47,80370,2023-04-01,2024-03-31,カメイ株式会社
S100TXA1,2024-06-28,2024-06-28 13:52,58560,2023-04-01,2024-03-31,株式会社エルアイイーエイチ
S100TX5J,2024-06-28,2024-06-28 13:53,34330,2023-04-01,2024-03-31,トーカロ株式会社
S100TXYV,2024-06-28,2024-06-28 13:56,80810,2023-04-01,2024-03-31,株式会社カナデン
S100TXTD,2024-06-28,2024-06-28 14:00,41090,2023-04-01,2024-03-31,ステラケミファ株式会社
S100TX09,2024-06-28,2024-06-28 14:00,75020,2023-04-01,2024-03-31,株式会社プラザホールディングス
S100TW0W,2024-06-28,2024-06-28 14:00,72870,2023-04-01,2024-03-31,日本精機株式会社
S100TPY4,2024-06-28,2024-06-28 14:01,36940,2023-04-01,2024-03-31,株式会社オプティム
S100TW90,2024-06-28,2024-06-28 14:03,52690,2023-04-01,2024-03-31,日本コンクリート工業株式会社
S100TW8I,2024-06-28,2024-06-28 14:04,48880,2023-04-01,2024-03-31,ステラファーマ株式会社
S100TX9V,2024-06-28,2024-06-28 14:08,48140,2023-04-01,2024-03-31,ネクストウェア株式会社
S100TX4N,2024-06-28,2024-06-28 14:11,91300,2023-04-01,2024-03-31,共栄タンカー株式会社
S100TY0A,2024-06-28,2024-06-28 14:12,80660,2023-04-01,2024-03-31,三谷商事株式会社
S100TXZM,2024-06-28,2024-06-28 14:13,71110,2023-04-01,2024-03-31,ＩＮＥＳＴ株式会社
S100TX2X,2024-06-28,2024-06-28 14:16,83650,2023-04-01,2024-03-31,株式会社　富山銀行
S100TX5K,2024-06-28,2024-06-28 14:18,70400,2023-04-01,2024-03-31,株式会社サン・ライフホールディング
S100TV7G,2024-06-28,2024-06-28 14:20,33920,2023-04-01,2024-03-31,デリカフーズホールディングス株式会社
S100TWSP,2024-06-28,2024-06-28 14:20,79220,2023-04-01,2024-03-31,三光産業株式会社
S100TVRZ,2024-06-28,2024-06-28 14:22,57590,2023-04-01,2024-03-31,日本電解株式会社
S100TY1B,2024-06-28,2024-06-28 14:23,99280,2023-04-01,2024-03-31,株式会社ミロク情報サービス
S100TT1Q,2024-06-28,2024-06-28 14:25,68620,2023-04-01,2024-03-31,ミナトホールディングス株式会社
S100TWZS,2024-06-28,2024-06-28 14:29,82190,2023-04-01,2024-03-31,青山商事株式会社
S100TUS4,2024-06-28,2024-06-28 14:29,27640,2023-04-01,2024-03-31,株式会社ひらまつ
S100TY29,2024-06-28,2024-06-28 14:30,19140,2023-04-01,2024-03-31,日本基礎技術株式会社
S100TY1J,2024-06-28,2024-06-28 14:38,44440,2023-04-01,2024-03-31,株式会社インフォネット
S100TX89,2024-06-28,2024-06-28 14:38,74620,2023-04-01,2024-03-31,株式会社ＣＡＰＩＴＡ
S100TY35,2024-06-28,2024-06-28 14:41,76770,2023-04-01,2024-03-31,株式会社ヤシマキザイ
S100TY30,2024-06-28,2024-06-28 14:41,67040,2023-04-01,2024-03-31,岩崎通信機株式会社
S100TXC8,2024-06-28,2024-06-28 14:45,22210,2023-04-01,2024-03-31,岩塚製菓株式会社
S100TX48,2024-06-28,2024-06-28 14:46,31790,2023-04-01,2024-03-31,シュッピン株式会社
S100TXAB,2024-06-28,2024-06-28 14:56,96330,2023-04-01,2024-03-31,東京テアトル株式会社
S100TY3E,2024-06-28,2024-06-28 14:59,33460,2023-04-01,2024-03-31,ヒロタグループホールディングス株式会社
S100TWJC,2024-06-28,2024-06-28 15:00,94660,2023-04-01,2024-03-31,株式会社アイドママーケティングコミュニケーション
S100TXEI,2024-06-28,2024-06-28 15:00,84180,2023-04-01,2024-03-31,株式会社山口フィナンシャルグループ
S100TUOS,2024-06-28,2024-06-28 15:00,71190,2023-04-01,2024-03-31,株式会社ハルメクホールディングス
S100TXJL,2024-06-28,2024-06-28 15:00,69580,2023-04-01,2024-03-31,日本シイエムケイ株式会社
S100TXZ3,2024-06-28,2024-06-28 15:00,67530,2023-04-01,2024-03-31,シャープ株式会社
S100TX20,2024-06-28,2024-06-28 15:00,50330,2023-04-01,2024-03-31,株式会社ヌーラボ
S100TV4I,2024-06-28,2024-06-28 15:00,32930,2023-04-01,2024-03-31,アズマハウス株式会社
S100TX40,2024-06-28,2024-06-28 15:00,177A0,2023-04-01,2024-03-31,コージンバイオ株式会社
S100TXUP,2024-06-28,2024-06-28 15:00,65640,2023-04-01,2024-03-31,株式会社ミダックホールディングス
S100TWWL,2024-06-28,2024-06-28 15:00,92060,2023-04-01,2024-03-31,株式会社スターフライヤー
S100TY47,2024-06-28,2024-06-28 15:01,45710,2023-04-01,2024-03-31,ＮＡＮＯ　ＭＲＮＡ株式会社
S100TM9Z,2024-06-28,2024-06-28 15:01,73170,2023-04-01,2024-03-31,株式会社松屋アールアンドディ
S100TV3Q,2024-06-28,2024-06-28 15:01,26560,2023-04-01,2024-03-31,株式会社ベクターホールディングス
S100TX6Z,2024-06-28,2024-06-28 15:01,65620,2023-04-01,2024-03-31,株式会社ジーニー
S100TXRQ,2024-06-28,2024-06-28 15:01,38510,2023-04-01,2024-03-31,株式会社日本一ソフトウェア
S100TVCS,2024-06-28,2024-06-28 15:02,90990,2023-04-01,2024-03-31,株式会社Ｃ＆Ｆロジホールディングス
S100TY4B,2024-06-28,2024-06-28 15:03,66150,2023-04-01,2024-03-31,ユー・エム・シー・エレクトロニクス株式会社
S100TXY2,2024-06-28,2024-06-28 15:03,36110,2023-04-01,2024-03-31,株式会社マツオカコーポレーション
S100TY5B,2024-06-28,2024-06-28 15:03,87460,2023-04-01,2024-03-31,第一商品株式会社
S100TWGK,2024-06-28,2024-06-28 15:03,44850,2023-04-01,2024-03-31,株式会社ＪＴＯＷＥＲ
S100TX2N,2024-06-28,2024-06-28 15:04,65990,2023-04-01,2024-03-31,エブレン株式会社
S100TWQO,2024-06-28,2024-06-28 15:04,52370,2023-04-01,2024-03-31,株式会社ノザワ
S100TWSV,2024-06-28,2024-06-28 15:05,14500,2023-04-01,2024-03-31,田中建設工業株式会社
S100TVAV,2024-06-28,2024-06-28 15:06,43040,2023-04-01,2024-03-31,株式会社Ｅストアー
S100TXJE,2024-06-28,2024-06-28 15:06,65880,2023-04-01,2024-03-31,東芝テック株式会社
S100TY62,2024-06-28,2024-06-28 15:07,39240,2023-04-01,2024-03-31,株式会社ランドコンピュータ
S100TTBX,2024-06-28,2024-06-28 15:08,69620,2023-04-01,2024-03-31,株式会社大真空
S100TWKF,2024-06-28,2024-06-28 15:10,49010,2023-04-01,2024-03-31,富士フイルムホールディングス株式会社
S100TWSX,2024-06-28,2024-06-28 15:13,40460,2023-04-01,2024-03-31,株式会社大阪ソーダ
S100TX4Q,2024-06-28,2024-06-28 15:15,74160,2023-04-01,2024-03-31,株式会社はるやまホールディングス
S100TT7N,2024-06-28,2024-06-28 15:16,39630,2023-04-01,2024-03-31,株式会社シンクロ・フード
S100TY69,2024-06-28,2024-06-28 15:16,66130,2023-04-01,2024-03-31,株式会社ＱＤレーザ
S100TRYD,2024-06-28,2024-06-28 15:17,81050,2023-04-01,2024-03-31,堀田丸正株式会社
S100TY6O,2024-06-28,2024-06-28 15:18,96100,2023-04-01,2024-03-31,ウィルソン・ラーニング　ワールドワイド株式会社
S100TTRJ,2024-06-28,2024-06-28 15:19,45120,2023-04-01,2024-03-31,わかもと製薬株式会社
S100TWTS,2024-06-28,2024-06-28 15:19,63710,2023-04-01,2024-03-31,株式会社椿本チエイン
S100TR1P,2024-06-28,2024-06-28 15:20,90030,2023-04-01,2024-03-31,相鉄ホールディングス株式会社
S100TY6T,2024-06-28,2024-06-28 15:21,45980,2023-04-01,2024-03-31,ＤｅｌｔａーＦｌｙ　Ｐｈａｒｍａ株式会社
S100TWV5,2024-06-28,2024-06-28 15:22,67060,2023-04-01,2024-03-31,電気興業株式会社
S100TY5U,2024-06-28,2024-06-28 15:24,202A0,2023-04-01,2024-03-31,株式会社豆蔵デジタルホールディングス
S100TY7D,2024-06-28,2024-06-28 15:25,44360,2023-04-01,2024-03-31,株式会社ミンカブ・ジ・インフォノイド
S100TXUM,2024-06-28,2024-06-28 15:25,21370,2023-04-01,2024-03-31,株式会社光ハイツ・ヴェラス
S100TXZC,2024-06-28,2024-06-28 15:30,21380,2023-04-01,2024-03-31,クルーズ株式会社
S100TXBR,2024-06-28,2024-06-28 15:30,93480,2023-04-01,2024-03-31,株式会社ｉｓｐａｃｅ
S100TW5E,2024-06-28,2024-06-28 15:30,75620,2023-04-01,2024-03-31,株式会社安楽亭
S100TWBW,2024-06-28,2024-06-28 15:30,13840,2023-04-01,2024-03-31,株式会社　ホクリヨウ
S100TY4U,2024-06-28,2024-06-28 15:31,58520,2023-04-01,2024-03-31,株式会社アーレスティ
S100TWBT,2024-06-28,2024-06-28 15:33,70670,2023-04-01,2024-03-31,ブランディングテクノロジー株式会社
S100TXT2,2024-06-28,2024-06-28 15:33,97600,2023-04-01,2024-03-31,株式会社　進学会ホールディングス
S100TXVR,2024-06-28,2024-06-28 15:36,73180,2023-04-01,2024-03-31,セレンディップ・ホールディングス株式会社
S100TXOK,2024-06-28,2024-06-28 15:36,31990,2023-04-01,2024-03-31,綿半ホールディングス株式会社
S100TY99,2024-06-28,2024-06-28 15:37,39700,2023-04-01,2024-03-31,株式会社イノベーション
S100TV9J,2024-06-28,2024-06-28 15:42,26540,2023-04-01,2024-03-31,株式会社アスモ
S100TY7S,2024-06-28,2024-06-28 15:43,27900,2023-04-01,2024-03-31,株式会社ナフコ
S100TXRM,2024-06-28,2024-06-28 15:47,142A0,2023-04-01,2024-03-31,株式会社ジンジブ
S100TXV4,2024-06-28,2024-06-28 15:56,36460,2023-04-01,2024-03-31,株式会社駅探
S100TVTW,2024-06-28,2024-06-28 15:56,44880,2023-04-01,2024-03-31,ＡＩ　ｉｎｓｉｄｅ株式会社
S100TYB4,2024-06-28,2024-06-28 15:57,33580,2023-04-01,2024-03-31,ワイエスフード株式会社
S100TXC6,2024-06-28,2024-06-28 15:59,53550,2023-04-01,2024-03-31,日本坩堝株式会社
S100TY6U,2024-06-28,2024-06-28 15:59,29840,2023-04-01,2024-03-31,ヤマイチ・ユニハイムエステート株式会社
S100TW59,2024-06-28,2024-06-28 16:00,58920,2023-04-01,2024-03-31,株式会社ｙｕｔｏｒｉ
S100TVDE,2024-06-28,2024-06-28 16:00,21580,2023-04-01,2024-03-31,株式会社ＦＲＯＮＴＥＯ
S100TWM0,2024-06-28,2024-06-28 16:00,39330,2023-04-01,2024-03-31,チエル株式会社
S100TXWG,2024-06-28,2024-06-28 16:00,30420,2023-04-01,2024-03-31,株式会社セキュアヴェイル
S100TVPF,2024-06-28,2024-06-28 16:00,97880,2023-04-01,2024-03-31,株式会社ナック
S100TX57,2024-06-28,2024-06-28 16:01,75930,2023-04-01,2024-03-31,ＶＴホールディングス株式会社
S100TXWH,2024-06-28,2024-06-28 16:01,70910,2023-04-01,2024-03-31,株式会社リビングプラットフォーム
S100TVQK,2024-06-28,2024-06-28 16:02,36760,2023-04-01,2024-03-31,株式会社デジタルハーツホールディングス
S100TYBD,2024-06-28,2024-06-28 16:02,21340,2023-04-01,2024-03-31,燦キャピタルマネージメント株式会社
S100TXVQ,2024-06-28,2024-06-28 16:03,72840,2023-04-01,2024-03-31,盟和産業株式会社
S100TWIJ,2024-06-28,2024-06-28 16:03,80200,2023-04-01,2024-03-31,兼松株式会社
S100TVSB,2024-06-28,2024-06-28 16:03,62370,2023-04-01,2024-03-31,株式会社イワキ
S100TY6H,2024-06-28,2024-06-28 16:12,31750,2023-04-01,2024-03-31,株式会社エー・ピーホールディングス
S100TWZZ,2024-06-28,2024-06-28 16:12,37620,2023-04-01,2024-03-31,テクマトリックス株式会社
S100TX8G,2024-06-28,2024-06-28 16:12,38400,2023-04-01,2024-03-31,パス株式会社
S100TY2D,2024-06-28,2024-06-28 16:12,29280,2023-04-01,2024-03-31,ＲＩＺＡＰグループ株式会社
S100TY9T,2024-06-28,2024-06-28 16:14,76210,2023-04-01,2024-03-31,株式会社うかい
S100TYBY,2024-06-28,2024-06-28 16:15,71620,2023-04-01,2024-03-31,アストマックス株式会社
S100TYCD,2024-06-28,2024-06-28 16:16,65790,2023-04-01,2024-03-31,ログリー株式会社
S100TX34,2024-06-28,2024-06-28 16:21,38580,2023-04-01,2024-03-31,株式会社ユビキタスＡＩ
S100TY43,2024-06-28,2024-06-28 16:28,17800,2023-04-01,2024-03-31,株式会社　ヤマウラ
S100TYBM,2024-06-28,2024-06-28 16:29,32050,2023-04-01,2024-03-31,株式会社ダイドーリミテッド
S100TXBN,2024-06-28,2024-06-28 16:30,68900,2023-04-01,2024-03-31,株式会社フェローテックホールディングス
S100TYD7,2024-06-28,2024-06-28 16:31,40690,2023-04-01,2024-03-31,株式会社ＢｌｕｅＭｅｍｅ
S100TWQX,2024-06-28,2024-06-28 16:33,42590,2023-04-01,2024-03-31,株式会社エクサウィザーズ
S100TY9E,2024-06-28,2024-06-28 16:34,70580,2023-04-01,2024-03-31,共栄セキュリティーサービス株式会社
S100TYBZ,2024-06-28,2024-06-28 16:35,68670,2023-04-01,2024-03-31,リーダー電子株式会社
S100TYAD,2024-06-28,2024-06-28 16:40,93770,2023-04-01,2024-03-31,株式会社　エージーピー
S100TXU8,2024-06-28,2024-06-28 16:40,35610,2023-04-01,2024-03-31,株式会社力の源ホールディングス
S100TX4L,2024-06-28,2024-06-28 16:43,160A0,2023-04-01,2024-03-31,株式会社アズパートナーズ
S100TY1S,2024-06-28,2024-06-28 16:44,17570,2023-04-01,2024-03-31,株式会社創建エース
S100TY7E,2024-06-28,2024-06-28 16:50,34090,2023-04-01,2024-03-31,北日本紡績株式会社
S100TYD4,2024-06-28,2024-06-28 16:55,29030,2023-04-01,2024-03-31,シノブフーズ株式会社
S100TYE5,2024-06-28,2024-06-28 17:00,81040,2023-04-01,2024-03-31,クワザワホールディングス株式会社
S100TYD2,2024-06-28,2024-06-28 17:01,76380,2023-04-01,2024-03-31,株式会社ＮＥＷ　ＡＲＴ　ＨＯＬＤＩＮＧＳ
S100TXUN,2024-06-28,2024-06-28 17:10,55710,2023-04-01,2024-03-31,エキサイトホールディングス株式会社
S100TYEA,2024-07-01,2024-07-01 09:01,90780,2023-04-01,2024-03-31,株式会社エスライングループ本社
S100TVMM,2024-07-01,2024-07-01 09:40,30790,2023-04-01,2024-03-31,ディーブイエックス株式会社
S100TY24,2024-07-01,2024-07-01 11:40,77460,2023-04-01,2024-03-31,岡本硝子株式会社
S100TYOA,2024-07-01,2024-07-01 11:45,59150,2023-04-01,2024-03-31,株式会社駒井ハルテック
S100TYHT,2024-07-01,2024-07-01 12:00,18070,2023-04-01,2024-03-31,株式会社佐藤渡辺
S100TYFD,2024-07-01,2024-07-01 12:00,52530,2023-04-01,2024-03-31,カバー株式会社
S100TYOW,2024-07-01,2024-07-01 12:08,46500,2023-04-01,2024-03-31,ＳＤエンターテイメント株式会社
S100TXXB,2024-07-01,2024-07-01 13:36,44840,2023-04-01,2024-03-31,ランサーズ株式会社
S100TY7L,2024-07-01,2024-07-01 15:36,31360,2023-04-01,2024-03-31,株式会社エコノス
S100TYU1,2024-07-01,2024-07-01 16:19,70780,2023-04-01,2024-03-31,ＩＮＣＬＵＳＩＶＥ株式会社
S100TYXQ,2024-07-01,2024-07-01 16:22,24670,2023-04-01,2024-03-31,株式会社バルクホールディングス
S100TYVL,2024-07-01,2024-07-01 16:39,80700,2023-04-01,2024-03-31,東京産業株式会社
S100TYYR,2024-07-01,2024-07-01 16:53,63660,2023-04-01,2024-03-31,千代田化工建設株式会社
S100TZS5,2024-07-05,2024-07-05 14:53,47500,2023-04-21,2024-04-20,株式会社ダイサン
S100U0RZ,2024-07-09,2024-07-09 16:12,41690,2023-01-01,2023-12-31,ＥＮＥＣＨＡＮＧＥ株式会社
S100U130,2024-07-11,2024-07-11 09:08,74880,2023-04-21,2024-04-20,株式会社ヤガミ
S100U2W2,2024-07-19,2024-07-19 15:36,22940,2023-05-01,2024-04-30,株式会社柿安本店
S100U2RS,2024-07-19,2024-07-19 16:01,40260,2023-05-01,2024-04-30,神島化学工業株式会社
S100U2ZG,2024-07-23,2024-07-23 12:05,29230,2023-05-01,2024-04-30,サトウ食品株式会社
S100U3HE,2024-07-24,2024-07-24 09:24,33290,2023-05-01,2024-04-30,東和フードサービス株式会社
S100U3CL,2024-07-24,2024-07-24 12:00,38300,2023-04-01,2024-04-30,株式会社ギガプライズ
S100U3HL,2024-07-24,2024-07-24 15:26,74350,2023-05-01,2024-04-30,株式会社ナ・デックス
S100U3OP,2024-07-25,2024-07-25 10:58,34440,2023-05-01,2024-04-30,株式会社菊池製作所
S100U317,2024-07-25,2024-07-25 11:06,18730,2023-11-01,2024-04-30,株式会社日本ハウスホールディングス
S100U3L2,2024-07-25,2024-07-25 14:10,76230,2023-05-01,2024-04-30,株式会社サンオータス
S100U3VG,2024-07-25,2024-07-25 14:28,79010,2023-05-01,2024-04-30,株式会社マツモト
S100U2VU,2024-07-25,2024-07-25 15:34,77770,2023-05-01,2024-04-30,株式会社スリー・ディー・マトリックス
S100U3M8,2024-07-25,2024-07-25 15:38,35240,2023-05-01,2024-04-30,日東製網株式会社
S100U3IR,2024-07-25,2024-07-25 16:00,31610,2023-05-01,2024-04-30,アゼアス株式会社
S100U3LC,2024-07-26,2024-07-26 10:24,27510,2023-05-01,2024-04-30,株式会社テンポスホールディングス
S100U3WU,2024-07-26,2024-07-26 10:28,31800,2023-05-01,2024-04-30,株式会社ビューティガレージ
S100U3AZ,2024-07-26,2024-07-26 10:40,59710,2023-05-01,2024-04-30,株式会社共和工業所
S100U42S,2024-07-26,2024-07-26 11:01,14360,2023-05-01,2024-04-30,株式会社ＧｒｅｅｎＥｎｅｒｇｙ＆Ｃｏｍｐａｎｙ
S100U3MN,2024-07-26,2024-07-26 11:29,66300,2023-05-01,2024-04-30,ヤーマン株式会社
S100U3YP,2024-07-26,2024-07-26 11:33,31340,2023-05-01,2024-04-30,Ｈａｍｅｅ株式会社
S100U3VL,2024-07-26,2024-07-26 13:59,38430,2023-05-01,2024-04-30,フリービット株式会社
S100U309,2024-07-26,2024-07-26 15:00,42680,2023-05-01,2024-04-30,エッジテクノロジー株式会社
S100U3XP,2024-07-26,2024-07-26 15:00,21560,2023-04-01,2024-03-31,セーラー広告株式会社
S100U3ME,2024-07-26,2024-07-26 15:01,39030,2023-05-01,2024-04-30,株式会社ｇｕｍｉ
S100U3CC,2024-07-29,2024-07-29 09:23,24380,2023-05-01,2024-04-30,株式会社アスカネット
S100U48Y,2024-07-29,2024-07-29 09:28,75330,2023-05-01,2024-04-30,株式会社グリーンクロス
S100U49Q,2024-07-29,2024-07-29 10:22,76040,2023-05-01,2024-04-30,株式会社　梅の花
S100U43R,2024-07-29,2024-07-29 11:21,29100,2023-05-01,2024-04-30,株式会社ロック・フィールド
S100U44J,2024-07-29,2024-07-29 11:53,37700,2023-05-01,2024-04-30,株式会社ザッパラス
S100U4C2,2024-07-29,2024-07-29 14:46,25930,2023-05-01,2024-04-30,株式会社伊藤園
S100U4DJ,2024-07-29,2024-07-29 16:10,43820,2023-05-01,2024-04-30,ＨＥＲＯＺ株式会社
S100U4EX,2024-07-29,2024-07-29 17:14,72560,2023-04-01,2024-03-31,河西工業株式会社
S100U4EY,2024-07-30,2024-07-30 10:04,30310,2023-05-01,2024-04-30,株式会社ラクーンホールディングス
S100U4JY,2024-07-30,2024-07-30 11:00,17660,2023-05-01,2024-04-30,東建コーポレーション株式会社
S100U4JO,2024-07-30,2024-07-30 11:14,44310,2023-05-01,2024-04-30,株式会社スマレジ
S100U4L8,2024-07-30,2024-07-30 11:50,66560,2023-05-01,2024-04-30,インスペック株式会社
S100U4KQ,2024-07-30,2024-07-30 11:53,46230,2023-04-01,2024-03-31,株式会社アサヒペン
S100U4I2,2024-07-30,2024-07-30 15:00,26780,2023-05-21,2024-05-20,アスクル株式会社
S100U4G8,2024-07-30,2024-07-30 15:07,70950,2023-05-01,2024-04-30,株式会社Ｍａｃｂｅｅ　Ｐｌａｎｅｔ
S100U46L,2024-07-30,2024-07-30 16:00,184A0,2023-05-01,2024-04-30,株式会社学びエイド
S100U4HK,2024-07-30,2024-07-30 16:07,50790,2023-05-01,2024-04-30,株式会社ノバック
S100U4JR,2024-07-30,2024-07-30 16:46,186A0,2023-05-01,2024-04-30,株式会社アストロスケールホールディングス
S100U4OI,2024-07-31,2024-07-31 10:00,33610,2023-05-01,2024-04-30,株式会社トーエル
S100U4MI,2024-07-31,2024-07-31 14:30,94680,2023-04-01,2024-03-31,株式会社ＫＡＤＯＫＡＷＡ
S100U4U4,2024-07-31,2024-07-31 15:00,50320,2023-05-01,2024-04-30,ＡＮＹＣＯＬＯＲ株式会社
S100U4PZ,2024-07-31,2024-07-31 15:28,82730,2023-03-01,2024-02-29,株式会社イズミ
S100U4SK,2024-07-31,2024-07-31 16:45,70500,2023-05-01,2024-04-30,株式会社フロンティアインターナショナル
S100U4Z9,2024-07-31,2024-07-31 17:02,94440,2023-05-01,2024-04-30,株式会社トーシンホールディングス
S100U4ZX,2024-07-31,2024-07-31 17:09,96270,2023-05-01,2024-04-30,株式会社アインホールディングス
S100U68N,2024-08-08,2024-08-08 14:45,35440,2023-05-16,2024-05-15,サツドラホールディングス株式会社
S100U7DT,2024-08-09,2024-08-09 13:47,69050,2023-05-21,2024-05-20,コーセル株式会社
S100U7FG,2024-08-09,2024-08-09 15:32,30750,2023-05-16,2024-05-15,株式会社銚子丸
S100U7K7,2024-08-09,2024-08-09 16:26,33910,2023-05-16,2024-05-15,株式会社ツルハホールディングス
S100U8IO,2024-08-15,2024-08-15 15:10,96820,2023-04-01,2024-03-31,株式会社ＤＴＳ
S100U8R6,2024-08-16,2024-08-16 15:03,35490,2023-05-21,2024-05-20,株式会社クスリのアオキホールディングス
S100U9BJ,2024-08-21,2024-08-21 13:18,27920,2023-06-01,2024-05-31,株式会社ハニーズホールディングス
S100U9G8,2024-08-21,2024-08-21 13:48,74200,2023-06-01,2024-05-31,佐鳥電機株式会社
S100U99X,2024-08-21,2024-08-21 14:42,31600,2023-06-01,2024-05-31,株式会社大光
S100U9I6,2024-08-22,2024-08-22 13:48,27910,2023-06-01,2024-05-31,大黒天物産株式会社
S100U9OJ,2024-08-22,2024-08-22 15:23,137A0,2023-06-01,2024-05-31,Ｃｏｃｏｌｉｖｅ株式会社
S100U9XT,2024-08-26,2024-08-26 09:25,33210,2023-06-01,2024-05-31,ミタチ産業株式会社
S100U9XF,2024-08-26,2024-08-26 10:00,65520,2023-06-01,2024-05-31,株式会社ＧａｍｅＷｉｔｈ
S100U9W1,2024-08-26,2024-08-26 10:23,31480,2023-06-01,2024-05-31,株式会社クリエイトＳＤホールディングス
S100U9V7,2024-08-26,2024-08-26 10:43,44650,2023-06-01,2024-05-31,株式会社ニイタカ
S100U9U7,2024-08-26,2024-08-26 10:47,89080,2023-06-01,2024-05-31,株式会社毎日コムネット
S100U9Y4,2024-08-26,2024-08-26 11:00,14300,2023-06-01,2024-05-31,ファーストコーポレーション株式会社
S100UA0C,2024-08-26,2024-08-26 13:00,27220,2023-06-01,2024-05-31,株式会社ＩＫホールディングス
S100UA0A,2024-08-26,2024-08-26 14:35,73700,2023-06-01,2024-05-31,株式会社Ｅｎｊｉｎ
S100UA02,2024-08-26,2024-08-26 15:00,189A0,2023-06-01,2024-05-31,株式会社Ｄ＆Ｍカンパニー
S100U9PM,2024-08-26,2024-08-26 15:02,27690,2023-06-01,2024-05-31,株式会社ヴィレッジヴァンガードコーポレーション
S100UA1S,2024-08-26,2024-08-26 15:05,77250,2023-06-01,2024-05-31,株式会社インターアクション
S100UA2N,2024-08-26,2024-08-26 15:22,70680,2023-06-01,2024-05-31,フィードフォースグループ株式会社
S100U9ZQ,2024-08-26,2024-08-26 15:42,51610,2023-04-01,2024-03-31,西川ゴム工業株式会社
S100U9TI,2024-08-27,2024-08-27 14:18,13770,2023-06-01,2024-05-31,株式会社　サカタのタネ
S100UA7X,2024-08-27,2024-08-27 14:43,48250,2023-06-01,2024-05-31,株式会社ウェザーニューズ
S100UA28,2024-08-27,2024-08-27 15:01,89400,2023-06-01,2024-05-31,株式会社インテリックス
S100UA2W,2024-08-27,2024-08-27 15:35,18870,2023-06-01,2024-05-31,日本国土開発株式会社
S100U91I,2024-08-27,2024-08-27 16:00,92650,2023-06-01,2024-05-31,ヤマシタヘルスケアホールディングス株式会社
S100UA9K,2024-08-28,2024-08-28 09:12,24590,2023-06-01,2024-05-31,アウンコンサルティング株式会社
S100UAE9,2024-08-28,2024-08-28 10:22,198A0,2023-06-01,2024-05-31,ＰｏｓｔＰｒｉｍｅ株式会社
S100UA1G,2024-08-28,2024-08-28 10:40,74340,2023-06-01,2024-05-31,株式会社オータケ
S100UACY,2024-08-28,2024-08-28 11:37,38920,2023-06-01,2024-05-31,株式会社岡山製紙
S100U9OX,2024-08-28,2024-08-28 13:04,13760,2023-06-01,2024-05-31,カネコ種苗株式会社
S100UA1Z,2024-08-28,2024-08-28 13:54,96510,2023-06-01,2024-05-31,日本プロセス株式会社
S100U9F3,2024-08-28,2024-08-28 13:57,77130,2023-06-01,2024-05-31,シグマ光機株式会社
S100UAHW,2024-08-28,2024-08-28 13:57,59670,2023-06-01,2024-05-31,ＴＯＮＥ株式会社
S100UA9V,2024-08-28,2024-08-28 15:00,14190,2023-06-01,2024-05-31,タマホーム株式会社
S100UAJX,2024-08-28,2024-08-28 15:04,58850,2023-06-01,2024-05-31,株式会社ジーデップ・アドバンス
S100UAJL,2024-08-28,2024-08-28 15:08,32360,2023-06-01,2024-05-31,株式会社プロパスト
S100UAF3,2024-08-28,2024-08-28 15:23,44430,2023-06-01,2024-05-31,Ｓａｎｓａｎ株式会社
S100UAGU,2024-08-28,2024-08-28 15:24,60470,2023-06-01,2024-05-31,株式会社Ｇｕｎｏｓｙ
S100UA72,2024-08-28,2024-08-28 15:32,48850,2023-06-01,2024-05-31,室町ケミカル株式会社
S100UALH,2024-08-28,2024-08-28 16:29,192A0,2023-06-01,2024-05-31,インテグループ株式会社
S100UA8C,2024-08-28,2024-08-28 16:30,88860,2023-06-01,2024-05-31,株式会社ウッドフレンズ
S100U9KL,2024-08-29,2024-08-29 09:30,23030,2023-06-01,2024-05-31,株式会社ドーン
S100UAOR,2024-08-29,2024-08-29 09:44,98120,2023-06-01,2024-05-31,株式会社テーオーホールディングス
S100UAMP,2024-08-29,2024-08-29 09:58,65050,2023-06-01,2024-05-31,東洋電機製造株式会社
S100UA40,2024-08-29,2024-08-29 10:00,74870,2023-06-01,2024-05-31,小津産業株式会社
S100UAR1,2024-08-29,2024-08-29 11:25,70860,2023-06-01,2024-05-31,株式会社きずなホールディングス
S100UAK2,2024-08-29,2024-08-29 11:30,64960,2023-06-01,2024-05-31,株式会社中北製作所
S100UAJD,2024-08-29,2024-08-29 11:45,38240,2023-06-01,2024-05-31,メディアファイブ株式会社
S100UAO3,2024-08-29,2024-08-29 12:00,24620,2023-06-01,2024-05-31,ライク株式会社
S100UAL3,2024-08-29,2024-08-29 12:33,81550,2023-06-01,2024-05-31,三益半導体工業株式会社
S100UAIL,2024-08-29,2024-08-29 14:15,60440,2023-06-01,2024-05-31,株式会社三機サービス
S100UA2Q,2024-08-29,2024-08-29 14:20,14010,2023-06-01,2024-05-31,株式会社エムビーエス
S100UATF,2024-08-29,2024-08-29 14:34,48340,2023-06-01,2024-05-31,キャリアバンク株式会社
S100UALO,2024-08-29,2024-08-29 15:00,30210,2023-06-01,2024-05-31,株式会社パシフィックネット
S100UASZ,2024-08-29,2024-08-29 15:00,44300,2023-06-01,2024-05-31,東海ソフト株式会社
S100UAEC,2024-08-29,2024-08-29 15:00,35010,2023-06-01,2024-05-31,住江織物株式会社
S100UAG6,2024-08-29,2024-08-29 15:00,92160,2023-06-01,2024-05-31,ビーウィズ株式会社
S100UAN7,2024-08-29,2024-08-29 15:00,60830,2023-06-01,2024-05-31,ＥＲＩホールディングス株式会社
S100UAUL,2024-08-29,2024-08-29 15:30,55950,2023-06-01,2024-05-31,株式会社ＱＰＳ研究所
S100UADF,2024-08-29,2024-08-29 16:00,59320,2023-06-01,2024-05-31,三協立山株式会社
S100U9VC,2024-08-29,2024-08-29 16:00,64890,2023-06-01,2024-05-31,前澤工業株式会社
S100UABS,2024-08-29,2024-08-29 16:02,48290,2023-06-01,2024-05-31,日本エンタープライズ株式会社
S100UAMF,2024-08-29,2024-08-29 16:20,33490,2023-06-01,2024-05-31,株式会社コスモス薬品
S100UAM9,2024-08-29,2024-08-29 16:38,40760,2023-06-01,2024-05-31,株式会社シイエヌエス
S100UAWP,2024-08-30,2024-08-30 09:14,21530,2023-06-01,2024-05-31,Ｅ・Ｊホールディングス株式会社
S100UAVR,2024-08-30,2024-08-30 09:18,78880,2023-06-01,2024-05-31,三光合成株式会社
S100UAV4,2024-08-30,2024-08-30 09:22,78080,2023-06-01,2024-05-31,株式会社シー・エス・ランバー
S100UADJ,2024-08-30,2024-08-30 09:34,37910,2023-06-01,2024-05-31,株式会社ＩＧポート
S100UANF,2024-08-30,2024-08-30 10:15,32970,2023-06-01,2024-05-31,株式会社東武住販
S100UAVZ,2024-08-30,2024-08-30 10:20,61500,2023-06-01,2024-05-31,タケダ機械株式会社
S100UAOV,2024-08-30,2024-08-30 11:39,205A0,2023-06-01,2024-05-31,株式会社ロゴスホールディングス
S100UASV,2024-08-30,2024-08-30 13:52,76730,2023-06-01,2024-05-31,ダイコー通産株式会社
S100UB17,2024-08-30,2024-08-30 14:17,36450,2023-06-01,2024-05-31,株式会社メディカルネット
S100UB0Z,2024-08-30,2024-08-30 14:32,88870,2023-06-01,2024-05-31,株式会社クミカ
S100UAWW,2024-08-30,2024-08-30 14:38,45770,2023-06-01,2024-05-31,ダイト株式会社
S100UAY7,2024-08-30,2024-08-30 15:00,55750,2023-06-01,2024-05-31,株式会社Ｇｌｏｂｅｅ
S100UB27,2024-08-30,2024-08-30 15:10,27960,2023-06-01,2024-05-31,ファーマライズホールディングス株式会社
S100UA0T,2024-08-30,2024-08-30 15:17,37600,2023-06-01,2024-05-31,株式会社ケイブ
S100UB0Y,2024-08-30,2024-08-30 15:30,38100,2023-06-01,2024-05-31,サイバーステップ株式会社
S100UAPT,2024-08-30,2024-08-30 15:31,41980,2023-06-01,2024-05-31,株式会社テンダ
S100UB37,2024-08-30,2024-08-30 16:04,55770,2023-06-01,2024-05-31,株式会社アイデミー
S100UCX9,2024-09-13,2024-09-13 09:51,92670,2023-06-21,2024-06-20,Ｇｅｎｋｙ　ＤｒｕｇＳｔｏｒｅｓ株式会社
S100UDMF,2024-09-17,2024-09-17 17:02,99420,2023-07-01,2024-06-30,株式会社ジョイフル
S100UEB6,2024-09-19,2024-09-19 14:16,13810,2023-07-01,2024-06-30,株式会社アクシーズ
S100UC5F,2024-09-19,2024-09-19 15:17,93460,2023-07-01,2024-06-30,株式会社ココルポート
S100UE8X,2024-09-19,2024-09-19 15:21,48260,2023-07-01,2024-06-30,株式会社ＣＩＪ
S100UE6V,2024-09-19,2024-09-19 16:07,79620,2023-06-21,2024-06-20,株式会社キングジム
S100UEAA,2024-09-20,2024-09-20 09:07,29040,2023-07-01,2024-06-30,一正蒲鉾株式会社
S100UDP6,2024-09-20,2024-09-20 10:00,31910,2023-06-21,2024-06-20,株式会社ジョイフル本田
S100UEH8,2024-09-20,2024-09-20 13:00,38360,2023-07-01,2024-06-30,株式会社アバントグループ
S100UEAV,2024-09-20,2024-09-20 15:01,43980,2023-07-01,2024-06-30,株式会社ブロードバンドセキュリティ
S100UEMA,2024-09-20,2024-09-20 15:03,39840,2023-07-01,2024-06-30,株式会社ユーザーローカル
S100UE9D,2024-09-24,2024-09-24 09:05,60900,2023-07-01,2024-06-30,ヒューマン・メタボローム・テクノロジーズ株式会社
S100UEAN,2024-09-24,2024-09-24 09:50,59030,2023-07-01,2024-06-30,シンポ株式会社
S100UEKK,2024-09-24,2024-09-24 11:01,61560,2023-07-01,2024-06-30,株式会社エーワン精密
S100UEO2,2024-09-24,2024-09-24 12:01,52560,2023-07-01,2024-06-30,株式会社Ｆｕｓｉｃ
S100UENW,2024-09-24,2024-09-24 15:01,48450,2023-07-01,2024-06-30,株式会社スカラ
S100UEWH,2024-09-24,2024-09-24 16:00,75850,2023-07-01,2024-06-30,株式会社かんなん丸
S100UDPV,2024-09-25,2024-09-25 11:22,53800,2023-07-01,2024-06-30,新東株式会社
S100UCNU,2024-09-25,2024-09-25 11:26,13820,2023-07-01,2024-06-30,株式会社ホーブ
S100UF53,2024-09-25,2024-09-25 12:31,48470,2023-07-01,2024-06-30,株式会社インテリジェント　ウェイブ
S100UEY3,2024-09-25,2024-09-25 14:20,94210,2023-07-01,2024-06-30,株式会社エヌジェイホールディングス
S100UF77,2024-09-25,2024-09-25 14:27,30970,2023-07-01,2024-06-30,株式会社物語コーポレーション
S100UEYZ,2024-09-25,2024-09-25 15:00,43850,2023-07-01,2024-06-30,株式会社メルカリ
S100UF86,2024-09-25,2024-09-25 15:03,73200,2023-07-01,2024-06-30,日本リビング保証株式会社
S100UESF,2024-09-25,2024-09-25 16:00,39580,2023-07-01,2024-06-30,笹徳印刷株式会社
S100UENV,2024-09-25,2024-09-25 16:30,44950,2023-07-01,2024-06-30,株式会社アイキューブドシステムズ
S100UFDI,2024-09-26,2024-09-26 09:02,65480,2023-04-01,2024-06-30,株式会社旅工房
S100UF9W,2024-09-26,2024-09-26 09:10,46570,2023-07-01,2024-06-30,株式会社環境管理センター
S100UF20,2024-09-26,2024-09-26 09:42,73750,2023-07-01,2024-06-30,株式会社リファインバースグループ
S100UFAO,2024-09-26,2024-09-26 10:27,24810,2023-07-01,2024-06-30,株式会社タウンニュース社
S100UFAY,2024-09-26,2024-09-26 11:02,76360,2023-07-01,2024-06-30,株式会社ハンズマン
S100UEJ0,2024-09-26,2024-09-26 11:31,34260,2023-07-01,2024-06-30,アトムリビンテック株式会社
S100UF1M,2024-09-26,2024-09-26 13:11,34390,2023-07-01,2024-06-30,株式会社三ツ知
S100UEYW,2024-09-26,2024-09-26 13:51,78120,2023-07-01,2024-06-30,株式会社クレステック
S100UF4B,2024-09-26,2024-09-26 14:01,65470,2023-07-01,2024-06-30,株式会社グリーンズ
S100UFGI,2024-09-26,2024-09-26 14:09,21800,2023-07-01,2024-06-30,株式会社サニーサイドアップグループ
S100UFEC,2024-09-26,2024-09-26 14:44,30410,2023-07-01,2024-06-30,株式会社ビューティカダンホールディングス
S100UFFE,2024-09-26,2024-09-26 15:00,21540,2023-07-01,2024-06-30,株式会社オープンアップグループ
S100UFJQ,2024-09-26,2024-09-26 15:01,151A0,2023-07-01,2024-06-30,株式会社ダイブ
S100UF74,2024-09-26,2024-09-26 15:02,43910,2023-07-01,2024-06-30,ロジザード株式会社
S100UETU,2024-09-26,2024-09-26 15:06,47670,2023-07-01,2024-06-30,株式会社テー・オー・ダブリュー
S100UFLN,2024-09-26,2024-09-26 15:06,58840,2023-07-01,2024-06-30,株式会社クラダシ
S100UF6B,2024-09-26,2024-09-26 15:07,78260,2023-07-01,2024-06-30,株式会社フルヤ金属
S100UB0G,2024-09-26,2024-09-26 15:12,24770,2023-07-01,2024-06-30,手間いらず株式会社
S100UFAX,2024-09-26,2024-09-26 15:14,78090,2023-07-01,2024-06-30,株式会社壽屋
S100UDXP,2024-09-26,2024-09-26 15:15,29380,2023-07-01,2024-06-30,株式会社オカムラ食品工業
S100UFKM,2024-09-26,2024-09-26 15:29,39780,2023-07-01,2024-06-30,株式会社マクロミル
S100UFH0,2024-09-26,2024-09-26 15:30,78030,2023-07-01,2024-06-30,株式会社ブシロード
S100UFMP,2024-09-26,2024-09-26 15:33,62390,2023-07-01,2024-06-30,株式会社ナガオカ
S100UDX1,2024-09-26,2024-09-26 15:38,30280,2023-07-01,2024-06-30,株式会社アルペン
S100UFDA,2024-09-26,2024-09-26 15:48,196A0,2023-07-01,2024-06-30,株式会社ＭＦＳ
S100UFKF,2024-09-26,2024-09-26 15:54,194A0,2023-07-01,2024-06-30,株式会社ＷＯＬＶＥＳ　ＨＡＮＤ
S100UFNL,2024-09-26,2024-09-26 16:01,78210,2023-07-01,2024-06-30,前田工繊株式会社
S100UFKH,2024-09-26,2024-09-26 16:02,66620,2023-07-01,2024-06-30,株式会社ユビテック
S100UFNB,2024-09-26,2024-09-26 16:06,70630,2023-07-01,2024-06-30,株式会社Ｂｉｒｄｍａｎ
S100UEWZ,2024-09-26,2024-09-26 16:14,24280,2023-07-01,2024-06-30,ウェルネット株式会社
S100UFA2,2024-09-26,2024-09-26 16:27,36550,2023-07-01,2024-06-30,株式会社ブレインパッド
S100UFC5,2024-09-26,2024-09-26 16:47,43260,2023-07-01,2024-06-30,株式会社インテージホールディングス
S100UEZC,2024-09-26,2024-09-26 16:47,36600,2023-07-01,2024-06-30,株式会社アイスタイル
S100UFPF,2024-09-26,2024-09-26 16:48,43350,2023-07-01,2024-06-30,株式会社アイ・ピー・エス
S100UFQ4,2024-09-26,2024-09-26 17:07,44180,2023-07-01,2024-06-30,株式会社ＪＤＳＣ
S100UFQA,2024-09-26,2024-09-26 17:09,94390,2023-07-01,2024-06-30,株式会社エム・エイチ・グループ
S100UFJ9,2024-09-26,2024-09-26 17:09,91610,2023-07-01,2024-06-30,ＩＤ＆Ｅホールディングス株式会社
S100UFKU,2024-09-27,2024-09-27 09:11,43960,2023-07-01,2024-06-30,株式会社システムサポート
S100UETO,2024-09-27,2024-09-27 09:18,68740,2023-07-01,2024-06-30,協立電機株式会社
S100UF9N,2024-09-27,2024-09-27 09:38,90280,2023-07-01,2024-06-30,株式会社ゼロ
S100UFU0,2024-09-27,2024-09-27 09:44,52830,2023-07-01,2024-06-30,株式会社高見澤
S100UF2E,2024-09-27,2024-09-27 09:51,65710,2023-07-01,2024-06-30,キュービーネットホールディングス株式会社
S100UEZX,2024-09-27,2024-09-27 09:58,71350,2023-07-01,2024-06-30,ジャパンクラフトホールディングス株式会社
S100UFJO,2024-09-27,2024-09-27 10:02,63270,2023-07-01,2024-06-30,北川精機株式会社
S100UFK8,2024-09-27,2024-09-27 10:03,65420,2023-07-01,2024-06-30,株式会社ＦＣホールディングス
S100UFRY,2024-09-27,2024-09-27 10:04,68880,2023-07-01,2024-06-30,アクモス株式会社
S100UFNY,2024-09-27,2024-09-27 10:08,23850,2023-07-01,2024-06-30,株式会社総医研ホールディングス
S100UFDP,2024-09-27,2024-09-27 10:29,93610,2023-07-01,2024-06-30,伏木海陸運送株式会社
S100UEMJ,2024-09-27,2024-09-27 10:30,26890,2023-07-01,2024-06-30,オルバヘルスケアホールディングス株式会社
S100U56P,2024-09-27,2024-09-27 10:36,19990,2023-07-01,2024-06-30,サイタホールディングス株式会社
S100UFJ9,2024-09-27,2024-09-26 17:09,91610,2023-07-03,2024-06-30,ＩＤ＆Ｅホールディングス株式会社
S100UFF7,2024-09-27,2024-09-27 11:02,77470,2023-07-01,2024-06-30,朝日インテック株式会社
S100UFVZ,2024-09-27,2024-09-27 11:23,89120,2023-07-01,2024-06-30,株式会社エリアクエスト
S100UFBK,2024-09-27,2024-09-27 11:24,94500,2023-07-01,2024-06-30,株式会社ファイバーゲート
S100UFPU,2024-09-27,2024-09-27 11:24,28200,2023-07-01,2024-06-30,株式会社やまみ
S100UFUD,2024-09-27,2024-09-27 11:30,73710,2023-07-01,2024-06-30,Ｚｅｎｋｅｎ株式会社
S100UFC8,2024-09-27,2024-09-27 11:34,67850,2023-07-01,2024-06-30,株式会社鈴木
S100UFTZ,2024-09-27,2024-09-27 11:40,14140,2023-07-01,2024-06-30,ショーボンドホールディングス株式会社
S100UFYT,2024-09-27,2024-09-27 11:41,55300,2023-07-01,2024-06-30,日本システムバンク株式会社
S100UFYL,2024-09-27,2024-09-27 11:44,89280,2023-07-01,2024-06-30,穴吹興産株式会社
S100UFYF,2024-09-27,2024-09-27 11:50,32420,2023-07-01,2024-06-30,株式会社アーバネットコーポレーション
S100UEYL,2024-09-27,2024-09-27 12:15,95570,2023-07-01,2024-06-30,株式会社エアークローゼット
S100UFM4,2024-09-27,2024-09-27 12:18,21720,2023-07-01,2024-06-30,株式会社インサイト
S100UG0P,2024-09-27,2024-09-27 12:22,60620,2023-07-01,2024-06-30,株式会社チャーム・ケア・コーポレーション
S100UFYP,2024-09-27,2024-09-27 12:27,36390,2023-07-01,2024-06-30,株式会社ボルテージ
S100UFX2,2024-09-27,2024-09-27 12:30,31400,2023-07-01,2024-06-30,ＢＲＵＮＯ株式会社
S100UFUM,2024-09-27,2024-09-27 12:54,36250,2023-07-01,2024-06-30,テックファームホールディングス株式会社
S100UFOZ,2024-09-27,2024-09-27 13:03,176A0,2023-07-01,2024-06-30,レジル株式会社
S100UFXO,2024-09-27,2024-09-27 13:47,60280,2023-07-01,2024-06-30,テクノプロ・ホールディングス株式会社
S100UG1F,2024-09-27,2024-09-27 14:15,29620,2023-07-01,2024-06-30,株式会社テクニスコ
S100UF3I,2024-09-27,2024-09-27 14:45,76990,2023-04-01,2024-03-31,オムニ・プラス・システム・リミテッド
S100UG37,2024-09-27,2024-09-27 14:46,60380,2023-07-01,2024-06-30,株式会社イード
S100UG3M,2024-09-27,2024-09-27 14:46,40180,2023-07-01,2024-06-30,株式会社Ｇｅｏｌｏｃａｔｉｏｎ　Ｔｅｃｈｎｏｌｏｇｙ
S100UFQT,2024-09-27,2024-09-27 14:49,31540,2023-07-01,2024-06-30,メディアスホールディングス株式会社
S100UG3E,2024-09-27,2024-09-27 15:00,197A0,2023-07-01,2024-06-30,株式会社タウンズ
S100UEUY,2024-09-27,2024-09-27 15:00,55820,2023-07-01,2024-06-30,株式会社グリッド
S100UF4A,2024-09-27,2024-09-27 15:01,94170,2023-07-01,2024-06-30,株式会社スマートバリュー
S100UFQH,2024-09-27,2024-09-27 15:01,42630,2023-07-01,2024-06-30,サスメド株式会社
S100UG46,2024-09-27,2024-09-27 15:01,50740,2023-07-01,2024-06-30,テスホールディングス株式会社
S100UFI8,2024-09-27,2024-09-27 15:02,44780,2023-07-01,2024-06-30,フリー株式会社
S100UFP6,2024-09-27,2024-09-27 15:02,34570,2023-07-01,2024-06-30,株式会社Ａｎｄ　Ｄｏホールディングス
S100UFKD,2024-09-27,2024-09-27 15:04,69200,2023-07-01,2024-06-30,レーザーテック株式会社
S100UFV8,2024-09-27,2024-09-27 15:05,36750,2023-07-01,2024-06-30,株式会社クロス・マーケティンググループ
S100UG4N,2024-09-27,2024-09-27 15:11,65970,2023-07-01,2024-06-30,ＨＰＣシステムズ株式会社
S100UFUC,2024-09-27,2024-09-27 15:19,60300,2023-07-01,2024-06-30,株式会社アドベンチャー
S100UG53,2024-09-27,2024-09-27 15:20,45750,2023-07-01,2024-06-30,株式会社キャンバス
S100UFR8,2024-09-27,2024-09-27 15:28,95140,2023-07-01,2024-06-30,株式会社エフオン
S100UG5G,2024-09-27,2024-09-27 15:32,40540,2023-07-01,2024-06-30,日本情報クリエイト株式会社
S100UG51,2024-09-27,2024-09-27 15:33,32860,2023-07-01,2024-06-30,トラストホールディングス株式会社
S100UFOA,2024-09-27,2024-09-27 15:33,38080,2023-07-01,2024-06-30,株式会社オウケイウェイヴ
S100UFN3,2024-09-27,2024-09-27 15:38,49760,2023-07-01,2024-06-30,東洋ドライルーブ株式会社
S100UG56,2024-09-27,2024-09-27 15:38,33000,2023-07-01,2024-06-30,株式会社アンビションＤＸホールディングス
S100UFTA,2024-09-27,2024-09-27 15:45,40730,2023-07-01,2024-06-30,株式会社ジィ・シィ企画
S100UG65,2024-09-27,2024-09-27 15:45,39160,2023-07-01,2024-06-30,デジタル・インフォメーション・テクノロジー株式会社
S100UG6G,2024-09-27,2024-09-27 15:48,157A0,2023-07-01,2024-06-30,グリーンモンスター株式会社
S100UG61,2024-09-27,2024-09-27 15:51,30760,2023-07-01,2024-06-30,あいホールディングス株式会社
S100UG5H,2024-09-27,2024-09-27 15:58,48240,2023-08-01,2024-06-30,株式会社メディアシーク
S100UG64,2024-09-27,2024-09-27 16:00,141A0,2023-07-01,2024-06-30,株式会社トライアルホールディングス
S100UFP4,2024-09-27,2024-09-27 16:00,34690,2023-07-01,2024-06-30,株式会社デュアルタップ
S100UFQ2,2024-09-27,2024-09-27 16:01,50340,2023-07-01,2024-06-30,株式会社ｕｎｅｒｒｙ
S100UF9V,2024-09-27,2024-09-27 16:01,52540,2023-07-01,2024-06-30,株式会社Ａｒｅｎｔ
S100UFQU,2024-09-27,2024-09-27 16:03,62270,2023-07-01,2024-06-30,ＡＩメカテック株式会社
S100UFAQ,2024-09-27,2024-09-27 16:09,35380,2023-07-01,2024-06-30,株式会社ウイルプラスホールディングス
S100UF2N,2024-09-27,2024-09-27 16:09,27620,2023-07-01,2024-06-30,株式会社ＳＡＮＫＯ　ＭＡＲＫＥＴＩＮＧ　ＦＯＯＤＳ
S100UG87,2024-09-27,2024-09-27 16:12,78130,2023-07-01,2024-06-30,株式会社プラッツ
S100UFES,2024-09-27,2024-09-27 16:13,67280,2023-07-01,2024-06-30,株式会社　アルバック
S100UFSB,2024-09-27,2024-09-27 16:17,31350,2023-07-01,2024-06-30,株式会社マーケットエンタープライズ
S100UG7Z,2024-09-27,2024-09-27 16:18,60610,2023-07-01,2024-06-30,株式会社ユニバーサル園芸社
S100UG2L,2024-09-27,2024-09-27 16:28,60360,2023-07-01,2024-06-30,ＫｅｅＰｅｒ技研株式会社
S100UF29,2024-09-27,2024-09-27 16:33,91650,2023-07-01,2024-06-30,株式会社クオルテック
S100UG6Y,2024-09-27,2024-09-27 16:34,75320,2023-07-01,2024-06-30,株式会社パン・パシフィック・インターナショナルホールディングス
S100UG8U,2024-09-27,2024-09-27 16:50,77810,2023-07-01,2024-06-30,株式会社平山ホールディングス
S100UFT0,2024-09-27,2024-09-27 16:55,56980,2023-07-01,2024-06-30,株式会社エンビプロ・ホールディングス
S100UG95,2024-09-27,2024-09-27 17:09,73250,2023-07-01,2024-06-30,株式会社アイリックコーポレーション
S100UG5V,2024-09-27,2024-09-27 17:11,38560,2023-07-01,2024-06-30,Ａｂａｌａｎｃｅ株式会社
S100UG24,2024-09-30,2024-09-30 09:00,59870,2023-07-01,2024-06-30,株式会社オーネックス
S100UFKR,2024-09-30,2024-09-30 09:12,63400,2023-07-01,2024-06-30,澁谷工業株式会社
S100UFT7,2024-09-30,2024-09-30 09:14,75000,2023-07-01,2024-06-30,西川計測株式会社
S100UGBY,2024-09-30,2024-09-30 09:25,17640,2023-07-01,2024-06-30,工藤建設株式会社
S100UGCE,2024-09-30,2024-09-30 09:36,34460,2023-07-01,2024-06-30,株式会社ジェイテックコーポレーション
S100UGCI,2024-09-30,2024-09-30 09:39,14310,2023-07-01,2024-06-30,株式会社Ｌｉｂ　Ｗｏｒｋ
S100UE7Z,2024-09-30,2024-09-30 09:40,73770,2023-07-01,2024-06-30,ＤＮホールディングス株式会社
S100UG22,2024-09-30,2024-09-30 09:52,17880,2023-07-01,2024-06-30,株式会社三東工業社
S100UGF4,2024-09-30,2024-09-30 11:16,93440,2023-07-01,2024-06-30,アクシスコンサルティング株式会社
S100UGGR,2024-09-30,2024-09-30 12:16,40680,2023-07-01,2024-06-30,ベイシス株式会社
S100UGAF,2024-09-30,2024-09-30 13:11,35970,2023-07-01,2024-06-30,株式会社自重堂
S100UGHM,2024-09-30,2024-09-30 13:16,91590,2023-07-01,2024-06-30,株式会社Ｗ　ＴＯＫＹＯ
S100UG8N,2024-09-30,2024-09-30 13:28,17160,2023-07-01,2024-06-30,第一カッター興業株式会社
S100UGI5,2024-09-30,2024-09-30 13:36,32710,2023-07-01,2024-06-30,株式会社　ＴＨＥグローバル社
S100UGJZ,2024-09-30,2024-09-30 14:33,59940,2023-04-01,2024-03-31,株式会社ファインシンター
S100UGKF,2024-09-30,2024-09-30 15:00,40520,2023-07-01,2024-06-30,フィーチャ株式会社
S100UGFD,2024-09-30,2024-09-30 15:00,51250,2023-07-01,2024-06-30,株式会社ファインズ
S100UGGG,2024-09-30,2024-09-30 15:00,92190,2023-07-01,2024-06-30,株式会社ギックス
S100UG6Z,2024-09-30,2024-09-30 15:00,60310,2023-07-01,2024-06-30,サイジニア株式会社
S100UGIO,2024-09-30,2024-09-30 15:03,73690,2023-07-01,2024-06-30,株式会社メイホーホールディングス
S100UGK8,2024-09-30,2024-09-30 15:05,74090,2023-07-01,2024-06-30,ＡｅｒｏＥｄｇｅ株式会社
S100UG6X,2024-09-30,2024-09-30 15:21,39860,2023-07-01,2024-06-30,株式会社ビーブレイクシステムズ
S100UGL5,2024-09-30,2024-09-30 15:24,246A0,2023-07-01,2024-06-30,株式会社アスア
S100UGDV,2024-09-30,2024-09-30 15:25,92730,2023-07-01,2024-06-30,コーア商事ホールディングス株式会社
S100UGG9,2024-09-30,2024-09-30 15:39,93400,2023-07-01,2024-06-30,株式会社アソインターナショナル
S100UGLS,2024-09-30,2024-09-30 15:56,30820,2023-07-01,2024-06-30,株式会社きちりホールディングス
S100UFY3,2024-09-30,2024-09-30 15:59,36320,2023-07-01,2024-06-30,グリー株式会社
S100UGJ2,2024-09-30,2024-09-30 16:00,91620,2023-07-01,2024-06-30,株式会社ブリーチ
S100UGCZ,2024-09-30,2024-09-30 16:07,36280,2023-07-01,2024-06-30,株式会社データホライゾン
S100UG7Y,2024-09-30,2024-09-30 16:15,89450,2023-07-01,2024-06-30,サンネクスタグループ株式会社
S100UGNR,2024-09-30,2024-09-30 16:50,77070,2023-07-01,2024-06-30,プレシジョン・システム・サイエンス株式会社
S100UIGR,2024-10-15,2024-10-15 14:16,80570,2023-07-21,2024-07-20,株式会社内田洋行
S100UK91,2024-10-22,2024-10-22 15:38,92780,2023-06-01,2024-05-31,ブックオフグループホールディングス株式会社
S100UKC9,2024-10-22,2024-10-22 16:39,63870,2023-08-01,2024-07-31,サムコ　株式会社
S100UKDX,2024-10-24,2024-10-24 13:43,23910,2023-08-01,2024-07-31,株式会社プラネット
S100UKUL,2024-10-24,2024-10-24 15:17,70970,2023-08-01,2024-07-31,株式会社さくらさくプラス
S100UKU6,2024-10-24,2024-10-24 15:30,60370,2023-08-01,2024-07-31,株式会社ファーストロジック
S100UKTG,2024-10-24,2024-10-24 15:30,29290,2023-08-01,2024-07-31,株式会社ファーマフーズ
S100UKYZ,2024-10-25,2024-10-25 11:40,92420,2023-08-01,2024-07-31,メディア総研株式会社
S100UKP8,2024-10-25,2024-10-25 12:11,71260,2023-08-01,2024-07-31,グローバルスタイル株式会社
S100UKVD,2024-10-25,2024-10-25 12:43,67780,2023-08-01,2024-07-31,株式会社アルチザネットワークス
S100UKZY,2024-10-25,2024-10-25 13:34,38540,2023-08-01,2024-07-31,株式会社アイル
S100UKX0,2024-10-25,2024-10-25 14:39,31720,2023-08-01,2024-07-31,ティーライフ株式会社
S100UK9Z,2024-10-25,2024-10-25 14:39,43840,2023-08-01,2024-07-31,ラクスル株式会社
S100UKKL,2024-10-25,2024-10-25 15:06,34210,2023-08-01,2024-07-31,株式会社稲葉製作所
S100UKGY,2024-10-28,2024-10-28 09:02,62670,2023-08-01,2024-07-31,ゼネラルパッカー株式会社
S100UL09,2024-10-28,2024-10-28 09:54,211A0,2023-08-01,2024-07-31,株式会社カドス・コーポレーション
S100UL67,2024-10-28,2024-10-28 10:39,34410,2023-08-01,2024-07-31,株式会社山王
S100UL4Y,2024-10-28,2024-10-28 11:32,38160,2023-08-01,2024-07-31,株式会社大和コンピューター
S100UL6U,2024-10-28,2024-10-28 12:16,55720,2023-08-01,2024-07-31,株式会社Ｒｉｄｇｅ－ｉ
S100UL6P,2024-10-28,2024-10-28 15:00,40140,2023-08-01,2024-07-31,株式会社カラダノート
S100UL9N,2024-10-28,2024-10-28 15:13,39300,2023-08-01,2024-07-31,株式会社はてな
S100UKZW,2024-10-28,2024-10-28 15:14,65350,2023-08-01,2024-07-31,株式会社アイモバイル
S100UL49,2024-10-28,2024-10-28 15:22,49360,2023-08-01,2024-07-31,株式会社アクシージア
S100UL1X,2024-10-28,2024-10-28 15:23,23530,2023-08-01,2024-07-31,日本駐車場開発株式会社
S100UL8F,2024-10-28,2024-10-28 15:30,51310,2023-08-01,2024-07-31,リンカーズ株式会社
S100UL6W,2024-10-28,2024-10-28 15:51,14440,2023-08-01,2024-07-31,株式会社ニッソウ
S100UL2J,2024-10-28,2024-10-28 16:00,29780,2023-08-01,2024-07-31,株式会社ツクルバ
S100UL5C,2024-10-28,2024-10-28 17:00,92350,2023-08-01,2024-07-31,株式会社売れるネット広告社
S100UJRV,2024-10-29,2024-10-29 11:20,18440,2023-08-01,2024-07-31,株式会社大盛工業
S100ULCS,2024-10-29,2024-10-29 15:00,76920,2023-08-01,2024-07-31,株式会社アースインフィニティ
S100UL8H,2024-10-29,2024-10-29 15:01,73790,2023-08-01,2024-07-31,株式会社サーキュレーション
S100UL30,2024-10-29,2024-10-29 15:01,44220,2023-08-01,2024-07-31,ＶＡＬＵＥＮＥＸ株式会社
S100UL7N,2024-10-29,2024-10-29 15:01,36620,2023-08-01,2024-07-31,株式会社エイチーム
S100UL1M,2024-10-29,2024-10-29 15:44,31930,2023-08-01,2024-07-31,株式会社エターナルホスピタリティグループ
S100ULG5,2024-10-29,2024-10-29 15:53,78500,2023-08-01,2024-07-31,総合商研株式会社
S100ULBB,2024-10-29,2024-10-29 16:12,78100,2023-08-01,2024-07-31,株式会社クロスフォー
S100UI86,2024-10-29,2024-10-29 16:17,35390,2023-08-01,2024-07-31,株式会社ＪＭホールディングス
S100ULG1,2024-10-29,2024-10-29 16:30,40750,2023-08-01,2024-07-31,ブレインズテクノロジー株式会社
S100ULAQ,2024-10-30,2024-10-30 10:01,60910,2023-08-01,2024-07-31,株式会社ウエスコホールディングス
S100UL42,2024-10-30,2024-10-30 10:24,71100,2023-08-01,2024-07-31,株式会社クラシコム
S100ULL0,2024-10-30,2024-10-30 12:10,62250,2023-08-01,2024-07-31,株式会社エコム
S100UKAO,2024-10-30,2024-10-30 12:34,92620,2023-08-01,2024-07-31,株式会社シルバーライフ
S100ULNC,2024-10-30,2024-10-30 13:13,34180,2023-08-01,2024-07-31,株式会社バルニバービ
S100ULDK,2024-10-30,2024-10-30 13:44,34580,2023-08-01,2024-07-31,株式会社シーアールイー
S100ULGH,2024-10-30,2024-10-30 14:24,34970,2023-08-01,2024-07-31,株式会社ＬｅＴｅｃｈ
S100ULII,2024-10-30,2024-10-30 15:00,41940,2023-08-01,2024-07-31,ビジョナル株式会社
S100ULPV,2024-10-30,2024-10-30 15:00,49340,2023-08-01,2024-07-31,プレミアアンチエイジング株式会社
S100ULOZ,2024-10-30,2024-10-30 15:01,39880,2023-08-01,2024-07-31,株式会社ＳＹＳホールディングス
S100UL5I,2024-10-30,2024-10-30 15:02,76820,2023-08-01,2024-07-31,株式会社浜木綿
S100ULQX,2024-10-30,2024-10-30 15:26,92400,2023-08-01,2024-07-31,株式会社デリバリーコンサルティング
S100ULQY,2024-10-30,2024-10-30 15:26,44460,2023-08-01,2024-07-31,Ｌｉｎｋ－Ｕグループ株式会社
S100ULQO,2024-10-30,2024-10-30 15:30,65770,2023-08-01,2024-07-31,株式会社ベストワンドットコム
S100ULVN,2024-10-31,2024-10-31 11:32,45990,2023-08-01,2024-07-31,株式会社ステムリム
S100ULUM,2024-10-31,2024-10-31 11:52,89270,2023-08-01,2024-07-31,株式会社明豊エンタープライズ
S100ULX5,2024-10-31,2024-10-31 13:21,218A0,2023-08-01,2024-07-31,株式会社Ｌｉｂｅｒａｗａｒｅ
S100UKXP,2024-10-31,2024-10-31 14:43,24240,2023-08-01,2024-07-31,株式会社ブラス
S100UL18,2024-10-31,2024-10-31 15:04,60400,2023-08-01,2024-07-31,日本スキー場開発株式会社
S100ULWF,2024-10-31,2024-10-31 15:05,95560,2023-08-01,2024-07-31,ＩＮＴＬＯＯＰ株式会社
S100ULHX,2024-10-31,2024-10-31 15:19,29910,2023-08-01,2024-07-31,株式会社ランドネット
S100UMF0,2024-11-05,2024-11-05 09:04,24370,2023-06-01,2024-05-31,Ｓｈｉｎｗａ　Ｗｉｓｅ　Ｈｏｌｄｉｎｇｓ株式会社
S100UM88,2024-11-13,2024-11-13 15:23,30350,2023-08-21,2024-08-20,ケイティケイ株式会社
S100UREF,2024-11-14,2024-11-14 10:00,94140,2023-09-01,2024-08-31,日本ＢＳ放送株式会社
S100UPEW,2024-11-15,2024-11-15 15:33,78700,2023-08-21,2024-08-20,福島印刷株式会社
S100USJE,2024-11-18,2024-11-18 11:48,46680,2023-09-01,2024-08-31,株式会社明光ネットワークジャパン
S100USSZ,2024-11-19,2024-11-19 13:41,82540,2023-09-01,2024-08-31,株式会社さいか屋
S100UTRL,2024-11-21,2024-11-21 16:20,31680,2023-09-01,2024-08-31,黒谷株式会社
S100UTK7,2024-11-22,2024-11-22 10:14,75130,2023-09-01,2024-08-31,株式会社コジマ
S100UTLS,2024-11-22,2024-11-22 12:42,74470,2023-09-01,2024-08-31,ナガイレーベン株式会社
S100UTXQ,2024-11-22,2024-11-22 13:14,76070,2023-09-01,2024-08-31,株式会社進和
S100UTTK,2024-11-22,2024-11-22 13:28,30480,2023-09-01,2024-08-31,株式会社ビックカメラ
S100UTLA,2024-11-22,2024-11-22 13:59,19970,2023-09-01,2024-08-31,暁飯島工業株式会社
S100UTTT,2024-11-22,2024-11-22 16:02,92700,2023-09-01,2024-08-31,バリュエンスホールディングス株式会社
S100UTYB,2024-11-22,2024-11-22 16:05,38150,2023-09-01,2024-08-31,株式会社メディア工房
S100UTSZ,2024-11-22,2024-11-22 16:11,61590,2023-09-01,2024-08-31,ミクロン精密株式会社
S100UTSJ,2024-11-25,2024-11-25 09:00,74530,2023-09-01,2024-08-31,株式会社　良品計画
S100UT9V,2024-11-25,2024-11-25 09:36,81270,2023-09-01,2024-08-31,ヤマトインターナショナル株式会社
S100UU4I,2024-11-25,2024-11-25 12:07,62640,2023-09-01,2024-08-31,株式会社マルマエ
S100USAY,2024-11-25,2024-11-25 12:15,65220,2023-09-01,2024-08-31,株式会社アスタリスク
S100UTJI,2024-11-25,2024-11-25 15:30,35600,2023-09-01,2024-08-31,株式会社ほぼ日
S100UUEV,2024-11-26,2024-11-26 11:04,78050,2023-09-01,2024-08-31,プリントネット株式会社
S100UU49,2024-11-26,2024-11-26 13:12,61990,2023-09-01,2024-08-31,株式会社セラク
S100UUGP,2024-11-26,2024-11-26 14:41,77300,2023-09-01,2024-08-31,マニー株式会社
S100UUJ2,2024-11-26,2024-11-26 17:07,14070,2023-09-01,2024-08-31,株式会社ウエストホールディングス
S100UUNE,2024-11-27,2024-11-27 10:00,62890,2023-09-01,2024-08-31,株式会社技研製作所
S100UUP0,2024-11-27,2024-11-27 11:17,31890,2023-09-01,2024-08-31,株式会社ＡＮＡＰ
S100UUC6,2024-11-27,2024-11-27 13:14,27350,2023-09-01,2024-08-31,株式会社ワッツ
S100UMXJ,2024-11-27,2024-11-27 13:52,40150,2023-09-01,2024-08-31,ペイクラウドホールディングス株式会社
S100UU3Z,2024-11-27,2024-11-27 14:50,36070,2023-09-01,2024-08-31,株式会社クラウディアホールディングス
S100UUFF,2024-11-27,2024-11-27 15:25,75140,2023-09-01,2024-08-31,株式会社　ヒマラヤ
S100UUKD,2024-11-27,2024-11-27 15:30,70850,2023-09-01,2024-08-31,株式会社カーブスホールディングス
S100UUH1,2024-11-27,2024-11-27 15:30,44120,2023-09-01,2024-08-31,株式会社サイエンスアーツ
S100UUTT,2024-11-27,2024-11-27 15:31,55740,2023-09-01,2024-08-31,株式会社ＡＢＥＪＡ
S100UT2C,2024-11-27,2024-11-27 15:32,29270,2023-09-01,2024-08-31,株式会社ＡＦＣ－ＨＤアムスライフサイエンス
S100UUQF,2024-11-27,2024-11-27 15:33,41990,2023-09-01,2024-08-31,ワンダープラネット株式会社
S100UURB,2024-11-27,2024-11-27 15:37,70650,2023-09-01,2024-08-31,ユーピーアール株式会社
S100UUU5,2024-11-27,2024-11-27 15:43,21640,2023-09-01,2024-08-31,株式会社地域新聞社
S100UUSH,2024-11-27,2024-11-27 16:31,30450,2023-09-01,2024-08-31,株式会社カワサキ
S100UUFG,2024-11-27,2024-11-27 16:45,29990,2023-09-01,2024-08-31,ホームポジション株式会社
S100UUVU,2024-11-27,2024-11-27 16:49,70350,2023-09-01,2024-08-31,ａｎｄ　ｆａｃｔｏｒｙ株式会社
S100URXG,2024-11-28,2024-11-28 09:07,47600,2023-09-01,2024-08-31,株式会社アルファ
S100UUTA,2024-11-28,2024-11-28 12:21,72190,2023-09-01,2024-08-31,株式会社エッチ・ケー・エス
S100UUER,2024-11-28,2024-11-28 12:56,34400,2023-09-01,2024-08-31,日創プロニティ株式会社
S100UUQV,2024-11-28,2024-11-28 13:17,78180,2023-09-01,2024-08-31,株式会社トランザクション
S100UUGE,2024-11-28,2024-11-28 13:29,60480,2023-09-01,2024-08-31,株式会社デザインワン・ジャパン
S100UUP3,2024-11-28,2024-11-28 13:39,75810,2023-09-01,2024-08-31,株式会社サイゼリヤ
S100UV4Y,2024-11-28,2024-11-28 14:24,44390,2023-09-01,2024-08-31,株式会社東名
S100UV32,2024-11-28,2024-11-28 15:02,34980,2023-09-01,2024-08-31,霞ヶ関キャピタル株式会社
S100UUY7,2024-11-28,2024-11-28 15:13,55780,2023-09-01,2024-08-31,ＡＲアドバンストテクノロジ株式会社
S100UV2E,2024-11-28,2024-11-28 15:30,24490,2023-09-01,2024-08-31,株式会社プラップジャパン
S100UV4B,2024-11-28,2024-11-28 15:30,156A0,2023-09-01,2024-08-31,マテリアルグループ株式会社
S100UV5Q,2024-11-28,2024-11-28 15:30,39910,2023-09-01,2024-08-31,ウォンテッドリー株式会社
S100UUUO,2024-11-28,2024-11-28 15:33,95600,2023-09-01,2024-08-31,株式会社プログリット
S100UV7E,2024-11-28,2024-11-28 15:43,92640,2023-09-01,2024-08-31,ポエック株式会社
S100UV55,2024-11-28,2024-11-28 15:49,73520,2023-09-01,2024-08-31,株式会社ＴＷＯＳＴＯＮＥ＆Ｓｏｎｓ
S100UV48,2024-11-28,2024-11-28 15:52,89040,2023-09-01,2024-08-31,株式会社ＡＶＡＮＴＩＡ
S100UULS,2024-11-28,2024-11-28 15:56,55800,2023-09-01,2024-08-31,株式会社プロディライト
S100UV71,2024-11-28,2024-11-28 15:59,30460,2023-09-01,2024-08-31,株式会社ジンズホールディングス
S100USR6,2024-11-28,2024-11-28 16:00,93310,2023-09-01,2024-08-31,株式会社キャスター
S100UUQG,2024-11-28,2024-11-28 16:08,14340,2023-09-01,2024-08-31,ＪＥＳＣＯホールディングス株式会社
S100USWG,2024-11-28,2024-11-28 16:10,99790,2023-09-01,2024-08-31,株式会社大庄
S100UV8B,2024-11-28,2024-11-28 16:27,66680,2023-09-01,2024-08-31,株式会社アドテックプラズマテクノロジー
S100UV8I,2024-11-28,2024-11-28 16:31,31740,2023-09-01,2024-08-31,株式会社ハピネス・アンド・ディ
S100UV57,2024-11-28,2024-11-28 16:31,73510,2023-09-01,2024-08-31,株式会社グッドパッチ
S100UUTP,2024-11-28,2024-11-28 16:33,41760,2023-09-01,2024-08-31,株式会社ココナラ
S100UUYP,2024-11-28,2024-11-28 16:42,44400,2023-09-01,2024-08-31,株式会社ヴィッツ
S100UV7J,2024-11-28,2024-11-28 17:01,39870,2023-09-01,2024-08-31,エコモット株式会社
S100UVAL,2024-11-29,2024-11-29 09:21,62550,2023-09-01,2024-08-31,株式会社エヌ・ピー・シー
S100UV4Z,2024-11-29,2024-11-29 09:48,47280,2023-09-01,2024-08-31,株式会社トーセ
S100UVBA,2024-11-29,2024-11-29 10:05,50260,2023-09-01,2024-08-31,株式会社トリプルアイズ
S100UV4X,2024-11-29,2024-11-29 10:06,99780,2023-09-01,2024-08-31,株式会社文教堂グループホールディングス
S100UV9Z,2024-11-29,2024-11-29 10:27,94180,2023-09-01,2024-08-31,株式会社Ｕ－ＮＥＸＴ　ＨＯＬＤＩＮＧＳ
S100UV4R,2024-11-29,2024-11-29 10:39,79280,2023-09-01,2024-08-31,旭化学工業株式会社
S100UVA7,2024-11-29,2024-11-29 12:05,21570,2023-09-01,2024-08-31,株式会社コシダカホールディングス
S100UVBV,2024-11-29,2024-11-29 12:22,60250,2023-09-01,2024-08-31,日本ＰＣサービス株式会社
S100UVDO,2024-11-29,2024-11-29 12:30,73730,2023-09-01,2024-08-31,株式会社アイドマ・ホールディングス
S100UUR4,2024-11-29,2024-11-29 13:20,35360,2023-09-01,2024-08-31,アクサスホールディングス株式会社
S100UVFE,2024-11-29,2024-11-29 15:00,35410,2023-09-01,2024-08-31,株式会社農業総合研究所
S100UV0T,2024-11-29,2024-11-29 15:00,99830,2023-09-01,2024-08-31,株式会社ファーストリテイリング
S100UVFQ,2024-11-29,2024-11-29 15:01,24040,2023-09-01,2024-08-31,株式会社鉄人化ホールディングス
S100UV56,2024-11-29,2024-11-29 15:16,44330,2023-09-01,2024-08-31,株式会社ヒト・コミュニケーションズ・ホールディングス
S100UUXL,2024-11-29,2024-11-29 15:30,276A0,2023-09-01,2024-08-31,ククレブ・アドバイザーズ株式会社
S100UVG1,2024-11-29,2024-11-29 15:30,244A0,2023-09-01,2024-08-31,グロースエクスパートナーズ株式会社
S100UVG2,2024-11-29,2024-11-29 15:34,190A0,2023-09-01,2024-08-31,Ｃｈｏｒｄｉａ　Ｔｈｅｒａｐｅｕｔｉｃｓ株式会社
S100UV2Y,2024-11-29,2024-11-29 15:34,92520,2023-09-01,2024-08-31,株式会社ラストワンマイル
S100UVGQ,2024-11-29,2024-11-29 15:51,27360,2023-09-01,2024-08-31,フェスタリアホールディングス株式会社
S100UV2Q,2024-11-29,2024-11-29 16:02,43700,2023-09-01,2024-08-31,モビルス株式会社
S100UVHG,2024-11-29,2024-11-29 16:18,92410,2023-09-01,2024-08-31,株式会社フューチャーリンクネットワーク
S100UVHD,2024-11-29,2024-11-29 16:30,36470,2023-09-01,2024-08-31,株式会社ジー・スリーホールディングス
S100UVHX,2024-11-29,2024-11-29 16:37,38230,2023-09-01,2024-08-31,ＴＨＥ　ＷＨＹ　ＨＯＷ　ＤＯ　ＣＯＭＰＡＮＹ株式会社
S100UVHV,2024-11-29,2024-11-29 17:00,36970,2023-09-01,2024-08-31,株式会社ＳＨＩＦＴ
S100UVHZ,2024-11-29,2024-11-29 17:06,51290,2023-09-01,2024-08-31,株式会社ＦＩＸＥＲ
S100UVCX,2024-11-29,2024-11-29 17:13,245A0,2023-09-01,2024-08-31,株式会社ＩＮＧＳ
S100UVBG,2024-12-02,2024-12-02 11:53,43970,2023-09-01,2024-08-31,株式会社チームスピリット
S100UVKO,2024-12-02,2024-12-02 13:10,74450,2023-09-01,2024-08-31,株式会社ライトオン
S100UVPV,2024-12-02,2024-12-02 14:42,24840,2023-09-01,2024-08-31,株式会社出前館
S100UWG7,2024-12-09,2024-12-09 17:00,49280,2023-10-01,2024-09-30,株式会社ノエビアホールディングス
S100UXGJ,2024-12-11,2024-12-11 09:13,29340,2023-06-01,2024-05-31,ジェイフロンティア株式会社
S100UXFQ,2024-12-11,2024-12-11 10:22,36360,2023-10-01,2024-09-30,株式会社三菱総合研究所
S100UXKQ,2024-12-12,2024-12-12 11:26,55320,2023-10-01,2024-09-30,株式会社リアルゲイト
S100UX4V,2024-12-12,2024-12-12 13:09,25510,2023-09-21,2024-09-20,マルサンアイ株式会社
S100UXSI,2024-12-13,2024-12-13 13:54,94760,2023-10-01,2024-09-30,株式会社中央経済社ホールディングス
S100UY2S,2024-12-13,2024-12-13 15:39,44790,2023-10-01,2024-09-30,株式会社マクアケ
S100UXZA,2024-12-13,2024-12-13 15:43,47510,2023-10-01,2024-09-30,株式会社サイバーエージェント
S100UY5A,2024-12-16,2024-12-16 11:38,97950,2023-10-01,2024-09-30,株式会社ステップ
S100UY8W,2024-12-16,2024-12-16 15:37,40510,2023-10-01,2024-09-30,ＧＭＯフィナンシャルゲート株式会社
S100UY1X,2024-12-16,2024-12-16 16:29,37690,2023-10-01,2024-09-30,ＧＭＯペイメントゲートウェイ株式会社
S100UYE9,2024-12-17,2024-12-17 11:30,61760,2023-10-01,2024-09-30,株式会社ブランジスタ
S100UYK0,2024-12-18,2024-12-18 09:01,75390,2023-10-01,2024-09-30,株式会社アイナボホールディングス
S100UYKD,2024-12-18,2024-12-18 10:11,62770,2023-10-01,2024-09-30,ホソカワミクロン株式会社
S100UY5R,2024-12-18,2024-12-18 12:54,73860,2023-10-01,2024-09-30,ジャパンワランティサポート株式会社
S100UYSB,2024-12-18,2024-12-18 13:51,36870,2023-10-01,2024-09-30,株式会社フィックスターズ
S100UY8M,2024-12-18,2024-12-18 15:30,60950,2023-10-01,2024-09-30,メドピア株式会社
S100UYI0,2024-12-18,2024-12-18 15:31,75270,2023-10-01,2024-09-30,株式会社システムソフト
S100UYNQ,2024-12-18,2024-12-18 15:34,34610,2023-10-01,2024-09-30,株式会社パルマ
S100UX6K,2024-12-18,2024-12-18 15:35,23700,2023-10-01,2024-09-30,株式会社メディネット
S100UYEK,2024-12-19,2024-12-19 09:00,241A0,2023-10-01,2024-09-30,株式会社ＲＯＸＸ
S100UZ0M,2024-12-19,2024-12-19 10:03,61940,2023-10-01,2024-09-30,株式会社アトラエ
S100UZ3W,2024-12-19,2024-12-19 13:14,63160,2023-10-01,2024-09-30,株式会社丸山製作所
S100UYX4,2024-12-19,2024-12-19 13:25,32450,2023-10-01,2024-09-30,株式会社ディア・ライフ
S100UYYA,2024-12-19,2024-12-19 13:51,29260,2023-10-01,2024-09-30,株式会社　篠崎屋
S100UYQ5,2024-12-19,2024-12-19 14:13,76460,2023-09-21,2024-09-20,株式会社ＰＬＡＮＴ
S100UYNL,2024-12-19,2024-12-19 15:08,76810,2023-10-01,2024-09-30,株式会社レオクラン
S100UYVU,2024-12-19,2024-12-19 15:16,62840,2023-10-01,2024-09-30,日精エー・エス・ビー機械株式会社
S100UYH7,2024-12-19,2024-12-19 15:19,78190,2023-10-01,2024-09-30,粧美堂株式会社
S100UYSM,2024-12-19,2024-12-19 15:30,73610,2023-10-01,2024-09-30,株式会社ヒューマンクリエイションホールディングス
S100UZ06,2024-12-19,2024-12-19 15:31,92330,2023-10-01,2024-09-30,アジア航測株式会社
S100UXTX,2024-12-19,2024-12-19 16:05,89440,2023-10-01,2024-09-30,株式会社ランドビジネス
S100UZ9S,2024-12-19,2024-12-19 16:36,31760,2023-10-01,2024-09-30,三洋貿易株式会社
S100UYOP,2024-12-20,2024-12-20 09:00,68770,2023-10-01,2024-09-30,ＯＢＡＲＡ　ＧＲＯＵＰ株式会社
S100UZBG,2024-12-20,2024-12-20 09:07,49580,2023-10-01,2024-09-30,長谷川香料株式会社
S100UYS5,2024-12-20,2024-12-20 09:13,96990,2023-10-01,2024-09-30,ニシオホールディングス株式会社
S100UZ3K,2024-12-20,2024-12-20 09:20,37230,2023-10-01,2024-09-30,日本ファルコム株式会社
S100UZCL,2024-12-20,2024-12-20 09:50,48090,2023-10-01,2024-09-30,パラカ株式会社
S100UZ9L,2024-12-20,2024-12-20 10:21,77110,2023-10-01,2024-09-30,助川電気工業株式会社
S100UZAH,2024-12-20,2024-12-20 11:01,39390,2023-10-01,2024-09-30,株式会社カナミックネットワーク
S100UZBH,2024-12-20,2024-12-20 11:07,36980,2023-10-01,2024-09-30,株式会社ＣＲＩ・ミドルウェア
S100UZ3I,2024-12-20,2024-12-20 11:24,32640,2023-10-01,2024-09-30,株式会社アスコット
S100UZ2P,2024-12-20,2024-12-20 13:09,74460,2023-10-01,2024-09-30,東北化学薬品株式会社
S100UZ7A,2024-12-20,2024-12-20 13:13,69650,2023-10-01,2024-09-30,浜松ホトニクス株式会社
S100UZIM,2024-12-20,2024-12-20 13:13,43460,2023-10-01,2024-09-30,株式会社ＮＥＸＹＺ．Ｇｒｏｕｐ
S100UZ7P,2024-12-20,2024-12-20 13:15,17710,2023-10-01,2024-09-30,日本乾溜工業株式会社
S100UZJ2,2024-12-20,2024-12-20 13:31,60500,2023-10-01,2024-09-30,イー・ガーディアン株式会社
S100UZ2M,2024-12-20,2024-12-20 13:57,75050,2023-10-01,2024-09-30,扶桑電通株式会社
S100UZCS,2024-12-20,2024-12-20 14:00,50360,2023-10-01,2024-09-30,日本ビジネスシステムズ株式会社
S100UYYN,2024-12-20,2024-12-20 14:18,17430,2023-10-01,2024-09-30,コーアツ工業株式会社
S100UZKB,2024-12-20,2024-12-20 14:25,87890,2023-10-01,2024-09-30,フィンテック　グローバル株式会社
S100UZJI,2024-12-20,2024-12-20 14:32,94700,2023-10-01,2024-09-30,株式会社学研ホールディングス
S100UZKO,2024-12-20,2024-12-20 14:45,95530,2023-10-01,2024-09-30,株式会社マイクロアド
S100UZBB,2024-12-20,2024-12-20 14:46,98230,2023-10-01,2024-09-30,株式会社マミーマート
S100UXI8,2024-12-20,2024-12-20 15:00,21850,2023-10-01,2024-09-30,株式会社シイエム・シイ
S100UZ8M,2024-12-20,2024-12-20 15:07,41650,2023-10-01,2024-09-30,株式会社プレイド
S100UZLN,2024-12-20,2024-12-20 15:13,24850,2023-10-01,2024-09-30,株式会社ティア
S100UZEG,2024-12-20,2024-12-20 15:18,36900,2023-10-01,2024-09-30,株式会社イルグルム
S100UZAD,2024-12-20,2024-12-20 15:23,36240,2023-10-01,2024-09-30,アクセルマーク株式会社
S100UZCZ,2024-12-20,2024-12-20 15:25,49370,2023-10-01,2024-09-30,株式会社Ｗａｑｏｏ
S100UZJZ,2024-12-20,2024-12-20 15:28,33280,2023-10-01,2024-09-30,ＢＥＥＮＯＳ株式会社
S100UZBD,2024-12-20,2024-12-20 15:30,92580,2023-10-01,2024-09-30,株式会社ＣＳ－Ｃ
S100UYOV,2024-12-20,2024-12-20 15:30,49310,2023-10-01,2024-09-30,新日本製薬株式会社
S100UYQW,2024-12-20,2024-12-20 15:30,34940,2023-10-01,2024-09-30,株式会社マリオン
S100UZ28,2024-12-20,2024-12-20 15:30,43200,2023-10-01,2024-09-30,株式会社ＣＥホールディングス
S100UZAO,2024-12-20,2024-12-20 15:34,34960,2023-10-01,2024-09-30,株式会社アズーム
S100UZ4K,2024-12-20,2024-12-20 15:35,61890,2023-10-01,2024-09-30,株式会社グローバルキッズＣＯＭＰＡＮＹ
S100UZKK,2024-12-20,2024-12-20 15:38,60460,2023-10-01,2024-09-30,株式会社リンクバル
S100UZIO,2024-12-20,2024-12-20 15:49,37470,2023-10-01,2024-09-30,株式会社インタートレード
S100UZJT,2024-12-20,2024-12-20 15:57,41240,2023-10-01,2024-09-30,大阪油化工業株式会社
S100UZMX,2024-12-20,2024-12-20 15:59,166A0,2024-04-01,2024-09-30,株式会社タスキホールディングス
S100UZAF,2024-12-20,2024-12-20 16:00,73720,2023-10-01,2024-09-30,株式会社デコルテ・ホールディングス
S100UZD3,2024-12-20,2024-12-20 16:21,92440,2023-10-01,2024-09-30,株式会社デジタリフト
S100UZ93,2024-12-20,2024-12-20 16:22,77600,2023-10-01,2024-09-30,ＩＭＶ株式会社
S100UZOK,2024-12-20,2024-12-20 16:47,57240,2023-10-01,2024-09-30,株式会社アサカ理研
S100UZOH,2024-12-20,2024-12-20 16:53,40590,2023-10-01,2024-09-30,株式会社まぐまぐ
S100UZNC,2024-12-20,2024-12-20 17:01,95520,2023-10-01,2024-09-30,株式会社Ｍ＆Ａ総研ホールディングス
S100UZL6,2024-12-20,2024-12-20 17:03,23040,2023-10-01,2024-09-30,株式会社ＣＳＳホールディングス
S100UZL1,2024-12-23,2024-12-23 09:01,91700,2023-10-01,2024-09-30,成友興業株式会社
S100UZJ5,2024-12-23,2024-12-23 09:05,47690,2023-10-01,2024-09-30,株式会社ＩＣ
S100UZ49,2024-12-23,2024-12-23 09:32,29170,2023-10-01,2024-09-30,株式会社大森屋
S100UZQA,2024-12-23,2024-12-23 09:34,55870,2023-10-01,2024-09-30,株式会社インバウンドプラットフォーム
S100UZSA,2024-12-23,2024-12-23 09:46,42430,2023-10-01,2024-09-30,株式会社ニックス
S100UZKP,2024-12-23,2024-12-23 09:46,29610,2023-10-01,2024-09-30,日本調理機株式会社
S100UZMM,2024-12-23,2024-12-23 09:59,97460,2023-10-01,2024-09-30,株式会社　ＴＫＣ
S100UXYD,2024-12-23,2024-12-23 10:04,98690,2023-10-01,2024-09-30,加藤産業株式会社
S100UZJ7,2024-12-23,2024-12-23 10:14,70720,2023-10-01,2024-09-30,株式会社インティメート・マージャー
S100UZIX,2024-12-23,2024-12-23 10:28,81510,2023-10-01,2024-09-30,株式会社東陽テクニカ
S100UZTW,2024-12-23,2024-12-23 11:00,95540,2023-10-01,2024-09-30,株式会社ＡＶｉＣ
S100UZNI,2024-12-23,2024-12-23 11:33,62000,2023-10-01,2024-09-30,株式会社インソース
S100UZOM,2024-12-23,2024-12-23 11:37,71480,2023-10-01,2024-09-30,株式会社ＦＰＧ
S100UZW1,2024-12-23,2024-12-23 12:30,36680,2023-10-01,2024-09-30,株式会社コロプラ
S100UZR2,2024-12-23,2024-12-23 12:32,45540,2023-10-01,2024-09-30,富士製薬工業株式会社
S100UZOF,2024-12-23,2024-12-23 12:54,65630,2023-10-01,2024-09-30,株式会社みらいワークス
S100UZQY,2024-12-23,2024-12-23 13:03,35560,2023-10-01,2024-09-30,リネットジャパングループ株式会社
S100UZQQ,2024-12-23,2024-12-23 13:30,33590,2023-10-01,2024-09-30,株式会社ｃｏｔｔａ
S100UZQ3,2024-12-23,2024-12-23 14:02,37120,2023-10-01,2024-09-30,株式会社情報企画
S100UYWD,2024-12-23,2024-12-23 14:09,39930,2023-10-01,2024-09-30,株式会社ＰＫＳＨＡ　Ｔｅｃｈｎｏｌｏｇｙ
S100UZXU,2024-12-23,2024-12-23 14:15,94380,2023-10-01,2024-09-30,株式会社エムティーアイ
S100UZTE,2024-12-23,2024-12-23 14:30,48840,2023-10-01,2024-09-30,クリングルファーマ株式会社
S100UZXG,2024-12-23,2024-12-23 14:42,21220,2023-10-01,2024-09-30,株式会社インタースペース
S100UZMP,2024-12-23,2024-12-23 15:10,32540,2023-10-01,2024-09-30,株式会社プレサンスコーポレーション
S100UZY2,2024-12-23,2024-12-23 15:30,44990,2023-10-01,2024-09-30,株式会社Ｓｐｅｅｅ
S100UZJQ,2024-12-23,2024-12-23 15:30,60800,2023-10-01,2024-09-30,Ｍ＆Ａキャピタルパートナーズ株式会社
S100UZRF,2024-12-23,2024-12-23 15:31,24100,2023-10-01,2024-09-30,株式会社キャリアデザインセンター
S100UZTJ,2024-12-23,2024-12-23 15:32,63380,2023-10-01,2024-09-30,株式会社タカトリ
S100UZJF,2024-12-23,2024-12-23 15:32,62330,2023-10-01,2024-09-30,ＫＬＡＳＳ株式会社
S100UZZR,2024-12-23,2024-12-23 15:32,39920,2023-10-01,2024-09-30,株式会社ニーズウェル
S100UZF9,2024-12-23,2024-12-23 15:35,96790,2023-10-01,2024-09-30,ホウライ株式会社
S100UZIA,2024-12-23,2024-12-23 15:37,44470,2023-10-01,2024-09-30,株式会社ピー・ビーシステムズ
S100UZZX,2024-12-23,2024-12-23 15:45,73560,2023-10-01,2024-09-30,Ｒｅｔｔｙ株式会社
S100UZB8,2024-12-23,2024-12-23 16:00,39890,2023-10-01,2024-09-30,シェアリングテクノロジー株式会社
S100UZO5,2024-12-23,2024-12-23 16:01,269A0,2023-10-01,2024-09-30,株式会社Ｓａｐｅｅｔ
S100UZKL,2024-12-23,2024-12-23 16:03,65540,2023-10-01,2024-09-30,株式会社エスユーエス
S100UZPC,2024-12-23,2024-12-23 16:07,41960,2023-10-01,2024-09-30,株式会社ネオマーケティング
S100UZTG,2024-12-23,2024-12-23 16:10,39000,2023-10-01,2024-09-30,株式会社クラウドワークス
S100UZZS,2024-12-23,2024-12-23 16:25,59210,2023-10-01,2024-09-30,川岸工業株式会社
S100UZOY,2024-12-23,2024-12-23 16:30,39180,2023-10-01,2024-09-30,ＰＣＩホールディングス株式会社
S100UZI6,2024-12-23,2024-12-23 16:56,39200,2023-10-01,2024-09-30,アイビーシー株式会社
S100UZV0,2024-12-24,2024-12-24 13:16,74940,2023-10-01,2024-09-30,株式会社コナカ
S100V00S,2024-12-24,2024-12-24 14:08,61960,2023-10-01,2024-09-30,株式会社ストライク
S100UZFM,2024-12-24,2024-12-24 14:15,77920,2023-10-01,2024-09-30,株式会社コラントッテ
S100V07B,2024-12-24,2024-12-24 14:32,55700,2023-10-01,2024-09-30,株式会社ジェノバ
S100V07I,2024-12-24,2024-12-24 15:31,14460,2023-10-01,2024-09-30,株式会社キャンディル
S100UZNM,2024-12-24,2024-12-24 15:34,64660,2023-10-01,2024-09-30,株式会社ＴＶＥ
S100UZVV,2024-12-24,2024-12-24 15:35,66770,2023-10-01,2024-09-30,株式会社エスケーエレクトロニクス
S100V02M,2024-12-24,2024-12-24 15:39,44750,2023-10-01,2024-09-30,ＨＥＮＮＧＥ株式会社
S100V02W,2024-12-24,2024-12-24 15:49,24980,2023-10-01,2024-09-30,株式会社オリエンタルコンサルタンツホールディングス
S100UZLJ,2024-12-24,2024-12-24 15:55,37260,2023-10-01,2024-09-30,株式会社フォーシーズＨＤ
S100V01I,2024-12-24,2024-12-24 15:58,92120,2023-10-01,2024-09-30,Ｇｒｅｅｎ　Ｅａｒｔｈ　Ｉｎｓｔｉｔｕｔｅ株式会社
S100UZW2,2024-12-24,2024-12-24 16:00,39850,2023-10-01,2024-09-30,テモナ株式会社
S100V0A3,2024-12-24,2024-12-24 16:25,42600,2023-10-01,2024-09-30,株式会社ハイブリッドテクノロジーズ
S100UY5K,2024-12-24,2024-12-24 16:45,17730,2023-07-01,2024-06-30,ワイ・ティー・エル・コーポレーション・バーハッド
S100UXMP,2024-12-24,2024-12-24 16:53,21200,2023-10-01,2024-09-30,株式会社ＬＩＦＵＬＬ
S100V0BL,2024-12-25,2024-12-25 09:00,58430,2023-10-01,2024-09-30,ニッポンインシュア株式会社
S100UZSX,2024-12-25,2024-12-25 09:41,34950,2023-10-01,2024-09-30,香陵住販株式会社
S100V0F4,2024-12-25,2024-12-25 10:00,93760,2023-10-01,2024-09-30,株式会社ユーラシア旅行社
S100V0GJ,2024-12-25,2024-12-25 11:23,93300,2023-10-01,2024-09-30,株式会社揚羽
S100V09K,2024-12-25,2024-12-25 13:10,43930,2023-10-01,2024-09-30,株式会社バンク・オブ・イノベーション
S100V04X,2024-12-25,2024-12-25 14:03,17950,2023-10-01,2024-09-30,株式会社マサル
S100V0LV,2024-12-25,2024-12-25 15:22,44210,2023-10-01,2024-09-30,株式会社ディ・アイ・システム
S100UZZK,2024-12-25,2024-12-25 15:30,73760,2023-10-01,2024-09-30,ＢＣＣ株式会社
S100V0CC,2024-12-25,2024-12-25 15:30,44240,2023-10-01,2024-09-30,株式会社Ａｍａｚｉａ
S100V0II,2024-12-25,2024-12-25 15:30,26520,2023-10-01,2024-09-30,株式会社まんだらけ
S100V0AV,2024-12-25,2024-12-25 15:33,51370,2023-10-01,2024-09-30,株式会社スマートドライブ
S100V0DS,2024-12-25,2024-12-25 15:46,39650,2023-10-01,2024-09-30,株式会社キャピタル・アセット・プランニング
S100V0MB,2024-12-25,2024-12-25 15:50,52590,2023-10-01,2024-09-30,ＢＢＤイニシアティブ株式会社
S100UYCR,2024-12-25,2024-12-25 16:00,43760,2023-10-01,2024-09-30,株式会社くふうカンパニー
S100V0AT,2024-12-25,2024-12-25 16:00,55860,2023-10-01,2024-09-30,株式会社Ｌａｂｏｒｏ．ＡＩ
S100V0HA,2024-12-25,2024-12-25 16:03,70710,2023-10-01,2024-09-30,株式会社アンビスホールディングス
S100V0H9,2024-12-25,2024-12-25 16:05,36740,2023-10-01,2024-09-30,株式会社オークファン
S100V0MK,2024-12-25,2024-12-25 16:14,40550,2023-12-01,2024-09-30,ティアンドエスグループ株式会社
S100V0M8,2024-12-25,2024-12-25 16:19,44270,2023-10-01,2024-09-30,株式会社ＥｄｕＬａｂ
S100V0KT,2024-12-25,2024-12-25 16:44,17830,2023-10-01,2024-09-30,株式会社ｆａｎｔａｓｉｓｔａ
S100V0LT,2024-12-25,2024-12-25 16:51,92480,2023-10-01,2024-09-30,人・夢・技術グループ株式会社
S100V0PH,2024-12-26,2024-12-26 09:46,30670,2023-10-01,2024-09-30,株式会社東京一番フーズ
S100V0N0,2024-12-26,2024-12-26 10:00,93420,2023-10-01,2024-09-30,株式会社スマサポ
S100V0SV,2024-12-26,2024-12-26 11:21,78390,2023-10-01,2024-09-30,株式会社ＳＨＯＥＩ
S100V0TC,2024-12-26,2024-12-26 11:26,242A0,2023-10-01,2024-09-30,株式会社リプライオリティ
S100V0PZ,2024-12-26,2024-12-26 11:34,264A0,2023-10-01,2024-09-30,株式会社Ｓｃｈｏｏ
S100V0TV,2024-12-26,2024-12-26 11:53,76430,2023-10-01,2024-09-30,株式会社ダイイチ
S100V0UJ,2024-12-26,2024-12-26 12:27,70410,2023-10-01,2024-09-30,ＣＲＧホールディングス株式会社
S100V0V3,2024-12-26,2024-12-26 13:30,33230,2023-10-01,2024-09-30,レカム株式会社
S100V0VQ,2024-12-26,2024-12-26 14:03,44450,2023-10-01,2024-09-30,リビン・テクノロジーズ株式会社
S100V0W8,2024-12-26,2024-12-26 14:45,92490,2023-10-01,2024-09-30,日本エコシステム株式会社
S100V0GI,2024-12-26,2024-12-26 15:01,78000,2023-10-01,2024-09-30,株式会社アミファ
S100V0WN,2024-12-26,2024-12-26 15:01,38140,2023-10-01,2024-09-30,株式会社アルファクス・フード・システム
S100V0UG,2024-12-26,2024-12-26 15:05,65510,2023-10-01,2024-09-30,株式会社ツナググループ・ホールディングス
S100V0FH,2024-12-26,2024-12-26 15:08,70300,2023-10-01,2024-09-30,株式会社スプリックス
S100V0OA,2024-12-26,2024-12-26 15:12,40710,2023-10-01,2024-09-30,株式会社プラスアルファ・コンサルティング
S100V0XS,2024-12-26,2024-12-26 15:17,259A0,2023-10-01,2024-09-30,株式会社ケイ・ウノ
S100V0QL,2024-12-26,2024-12-26 15:30,95620,2023-10-01,2024-09-30,ビジネスコーチ株式会社
S100V0OS,2024-12-26,2024-12-26 15:30,92250,2023-10-01,2024-09-30,ブリッジコンサルティンググループ株式会社
S100V0XX,2024-12-26,2024-12-26 15:31,95640,2023-10-01,2024-09-30,株式会社ＦＣＥ
S100V0Y1,2024-12-26,2024-12-26 15:34,220A0,2023-10-01,2024-09-30,株式会社Ｆａｂｅｒ　Ｃｏｍｐａｎｙ
S100UZQ5,2024-12-26,2024-12-26 15:36,32880,2023-10-01,2024-09-30,株式会社オープンハウスグループ
S100V05N,2024-12-26,2024-12-26 15:38,36720,2023-10-01,2024-09-30,株式会社オルトプラス
S100V0LG,2024-12-26,2024-12-26 15:47,31870,2023-10-01,2024-09-30,株式会社ミラタップ
S100V0YZ,2024-12-26,2024-12-26 15:47,99410,2023-10-01,2024-09-30,太洋物産株式会社
S100V0XD,2024-12-26,2024-12-26 16:00,14380,2023-10-01,2024-09-30,株式会社岐阜造園
S100V0WU,2024-12-26,2024-12-26 16:08,36910,2023-10-01,2024-09-30,株式会社デジタルプラス
S100V0P9,2024-12-26,2024-12-26 16:10,61980,2023-10-01,2024-09-30,株式会社キャリア
S100V0AD,2024-12-26,2024-12-26 16:23,70760,2023-10-01,2024-09-30,名南Ｍ＆Ａ株式会社
S100V0TI,2024-12-26,2024-12-26 16:54,61910,2023-10-01,2024-09-30,株式会社エアトリ
S100V13B,2024-12-27,2024-12-27 09:23,29740,2023-10-01,2024-09-30,大英産業株式会社
S100V0ZG,2024-12-27,2024-12-27 09:37,55330,2023-10-01,2024-09-30,株式会社エリッツホールディングス
S100V0XQ,2024-12-27,2024-12-27 09:40,231A0,2023-10-01,2024-09-30,Ｃｒｏｓｓ　Ｅホールディングス株式会社
S100V0YN,2024-12-27,2024-12-27 10:01,67310,2023-10-01,2024-09-30,株式会社ピクセラ
S100V15O,2024-12-27,2024-12-27 13:30,92590,2023-10-01,2024-09-30,株式会社タカヨシホールディングス
S100V15I,2024-12-27,2024-12-27 13:35,47540,2023-10-01,2024-09-30,株式会社トスネット
S100V154,2024-12-27,2024-12-27 14:11,41720,2023-10-01,2024-09-30,東和ハイシステム株式会社
S100V122,2024-12-27,2024-12-27 14:34,23880,2023-10-01,2024-09-30,株式会社ウェッジホールディングス
S100V0U2,2024-12-27,2024-12-27 15:00,35630,2023-10-01,2024-09-30,株式会社ＦＯＯＤ　＆　ＬＩＦＥ　ＣＯＭＰＡＮＩＥＳ
S100V0XK,2024-12-27,2024-12-27 15:03,94460,2023-10-01,2024-09-30,株式会社サカイホールディングス
S100V117,2024-12-27,2024-12-27 15:30,39900,2023-06-01,2024-09-30,ＵＵＵＭ株式会社
S100V12Q,2024-12-27,2024-12-27 15:31,70660,2023-10-01,2024-09-30,株式会社ピアズ
S100V11F,2024-12-27,2024-12-27 15:32,206A0,2023-10-01,2024-09-30,株式会社ＰＲＩＳＭ　ＢｉｏＬａｂ
S100V171,2024-12-27,2024-12-27 15:54,70690,2023-10-01,2024-09-30,株式会社サイバー・バズ
S100V12D,2024-12-27,2024-12-27 16:00,60940,2023-10-01,2024-09-30,株式会社フリークアウト・ホールディングス
S100V174,2024-12-27,2024-12-27 16:01,37100,2023-10-01,2024-09-30,ジョルダン株式会社
