id,date,submit,sec,period_start,period_end,filer
S100KH05,2021-01-04,2021-01-04 15:00,61910,2019-10-01,2020-09-30,株式会社エアトリ
S100KHWE,2021-01-15,2021-01-15 13:29,47070,2019-10-21,2020-10-20,株式会社キタック
S100KJQI,2021-01-18,2021-01-18 13:54,76400,2019-11-01,2020-10-31,株式会社トップカルチャー
S100KJO9,2021-01-19,2021-01-19 13:17,79590,2019-10-21,2020-10-20,株式会社オリバー
S100KK6U,2021-01-21,2021-01-21 16:30,44410,2019-11-01,2020-10-31,トビラシステムズ株式会社
S100KK7A,2021-01-25,2021-01-25 10:09,23010,2019-11-01,2020-10-31,株式会社学情
S100KKG6,2021-01-25,2021-01-25 10:09,37330,2019-11-01,2020-10-31,株式会社ソフトウェア・サービス
S100KI2N,2021-01-25,2021-01-25 11:17,72790,2019-11-01,2020-10-31,株式会社ハイレックスコーポレーション
S100KKUT,2021-01-26,2021-01-26 14:55,32480,2019-11-01,2020-10-31,株式会社アールエイジ
S100KKTZ,2021-01-27,2021-01-27 09:00,46270,2019-11-01,2020-10-31,ナトコ株式会社
S100KL6M,2021-01-27,2021-01-27 10:49,78560,2019-11-01,2020-10-31,萩原工業株式会社
S100KKYH,2021-01-27,2021-01-27 11:42,72650,2019-11-01,2020-10-31,エイケン工業株式会社
S100KL40,2021-01-27,2021-01-27 14:58,26950,2019-11-01,2020-10-31,くら寿司株式会社
S100KL6I,2021-01-27,2021-01-27 16:02,70340,2019-11-01,2020-10-31,株式会社プロレド・パートナーズ
S100KK4P,2021-01-28,2021-01-28 09:01,79830,2019-11-01,2020-10-31,株式会社ミロク
S100KL4D,2021-01-28,2021-01-28 09:04,23450,2019-11-01,2020-10-31,株式会社クシム
S100KKSH,2021-01-28,2021-01-28 11:03,18730,2019-11-01,2020-10-31,株式会社日本ハウスホールディングス
S100KL26,2021-01-28,2021-01-28 11:27,96780,2019-11-01,2020-10-31,株式会社カナモト
S100KL3U,2021-01-28,2021-01-28 13:00,78040,2019-11-01,2020-10-31,株式会社ビーアンドピー
S100KLB5,2021-01-28,2021-01-28 13:08,18400,2019-11-01,2020-10-31,株式会社土屋ホールディングス
S100KLI7,2021-01-28,2021-01-28 13:45,43550,2019-11-01,2020-10-31,ロングライフホールディング株式会社
S100KL7P,2021-01-28,2021-01-28 14:39,52180,2019-11-01,2020-10-31,株式会社オハラ
S100KL81,2021-01-28,2021-01-28 15:00,21980,2019-11-01,2020-10-31,アイ・ケイ・ケイ株式会社
S100KLEX,2021-01-28,2021-01-28 15:00,34800,2019-11-01,2020-10-31,株式会社ジェイ・エス・ビー
S100KKUN,2021-01-28,2021-01-28 15:00,23150,2019-11-01,2020-10-31,株式会社ＣＡＩＣＡ
S100KL15,2021-01-28,2021-01-28 15:02,39740,2019-11-01,2020-10-31,株式会社ティビィシィ・スキヤツト
S100KL6N,2021-01-28,2021-01-28 15:04,80790,2019-11-01,2020-10-31,正栄食品工業株式会社
S100KLDB,2021-01-28,2021-01-28 15:04,31950,2019-11-01,2020-10-31,株式会社ジェネレーションパス
S100KLB1,2021-01-28,2021-01-28 15:12,38040,2019-11-01,2020-10-31,株式会社システム　ディ
S100KLBT,2021-01-28,2021-01-28 15:37,48800,2019-11-01,2020-10-31,セルソース株式会社
S100KL88,2021-01-28,2021-01-28 15:39,34750,2019-11-01,2020-10-31,株式会社グッドコムアセット
S100KLLA,2021-01-28,2021-01-28 15:54,96030,2019-11-01,2020-10-31,株式会社エイチ・アイ・エス
S100KLK1,2021-01-28,2021-01-28 16:22,63090,2019-11-01,2020-10-31,巴工業株式会社
S100KLMA,2021-01-29,2021-01-29 09:06,70330,2019-11-01,2020-10-31,株式会社マネジメントソリューションズ
S100KL5E,2021-01-29,2021-01-29 10:04,78270,2019-11-01,2020-10-31,株式会社オービス
S100KLQ7,2021-01-29,2021-01-29 10:25,98240,2019-11-01,2020-10-31,泉州電業株式会社
S100KLMZ,2021-01-29,2021-01-29 10:49,60490,2019-11-01,2020-10-31,株式会社イトクロ
S100KLQN,2021-01-29,2021-01-29 10:54,78310,2019-11-01,2020-10-31,株式会社ウイルコホールディングス
S100KLLX,2021-01-29,2021-01-29 11:06,78050,2019-11-01,2020-10-31,プリントネット株式会社
S100KLO1,2021-01-29,2021-01-29 12:47,76050,2019-11-01,2020-10-31,株式会社　フジ・コーポレーション
S100KLT5,2021-01-29,2021-01-29 13:00,39760,2019-11-01,2020-10-31,株式会社シャノン
S100KLH4,2021-01-29,2021-01-29 13:20,34190,2019-11-01,2020-10-31,アートグリーン株式会社
S100KLOC,2021-01-29,2021-01-29 13:30,80770,2019-11-01,2020-10-31,トルク株式会社
S100KLVA,2021-01-29,2021-01-29 14:22,34910,2019-11-01,2020-10-31,株式会社ＧＡ　ｔｅｃｈｎｏｌｏｇｉｅｓ
S100KLSB,2021-01-29,2021-01-29 14:28,13830,2019-11-01,2020-10-31,ベルグアース株式会社
S100KLTY,2021-01-29,2021-01-29 15:00,92790,2019-11-01,2020-10-31,株式会社ギフト
S100KLUB,2021-01-29,2021-01-29 15:16,88940,2019-11-01,2020-10-31,株式会社ＲＥＶＯＬＵＴＩＯＮ
S100KLSW,2021-01-29,2021-01-29 15:32,36530,2019-11-01,2020-10-31,株式会社モルフォ
S100KKG0,2021-01-29,2021-01-29 15:43,49960,2019-11-01,2020-10-31,クミアイ化学工業株式会社
S100KLVQ,2021-01-29,2021-01-29 15:48,89170,2019-11-01,2020-10-31,ファースト住建株式会社
S100KKHS,2021-01-29,2021-01-29 16:06,46660,2019-11-01,2020-10-31,パーク二四株式会社（定款上の商号　パーク２４株式会社）
S100KL8G,2021-01-29,2021-01-29 16:13,30380,2019-11-01,2020-10-31,株式会社神戸物産
S100KKMH,2021-01-29,2021-01-29 16:29,23730,2019-11-01,2020-10-31,株式会社ケア２１
S100KLOT,2021-01-29,2021-01-29 16:32,23750,2019-11-01,2020-10-31,ギグワークス株式会社
S100KU9I,2021-02-18,2021-02-18 14:28,32670,2019-12-01,2020-11-30,株式会社フィル・カンパニー
S100KKWK,2021-02-19,2021-02-19 09:22,79650,2019-11-21,2020-11-20,象印マホービン株式会社
S100KTO7,2021-02-19,2021-02-19 10:40,98720,2019-11-21,2020-11-20,北恵株式会社
S100KUKA,2021-02-19,2021-02-19 15:01,65580,2019-12-01,2020-11-30,クックビズ株式会社
S100KUJZ,2021-02-19,2021-02-19 15:02,73600,2019-12-01,2020-11-30,株式会社オンデック
S100KUMQ,2021-02-19,2021-02-19 16:49,46160,2019-12-01,2020-11-30,川上塗料株式会社
S100KUGS,2021-02-22,2021-02-22 09:30,61360,2019-12-01,2020-11-30,オーエスジー株式会社
S100KUNL,2021-02-22,2021-02-22 10:18,28300,2019-12-01,2020-11-30,アヲハタ株式会社
S100KUMD,2021-02-22,2021-02-22 11:03,27340,2019-12-01,2020-11-30,株式会社サーラコーポレーション
S100KUO7,2021-02-22,2021-02-22 15:01,31860,2019-12-01,2020-11-30,株式会社ネクステージ
S100KU81,2021-02-24,2021-02-24 12:00,64740,2019-12-01,2020-11-30,株式会社不二越
S100KUVR,2021-02-24,2021-02-24 15:08,59420,2019-12-01,2020-11-30,日本フイルコン株式会社
S100KV6J,2021-02-24,2021-02-24 16:08,80950,2019-12-01,2020-11-30,イワキ株式会社
S100KULJ,2021-02-25,2021-02-25 09:00,93690,2019-12-01,2020-11-30,株式会社キユーソー流通システム
S100KUV3,2021-02-25,2021-02-25 11:28,75010,2019-12-01,2020-11-30,株式会社ティムコ
S100KV7M,2021-02-25,2021-02-25 12:40,35470,2019-12-01,2020-11-30,株式会社串カツ田中ホールディングス
S100KVD4,2021-02-25,2021-02-25 13:02,93130,2019-12-01,2020-11-30,丸八倉庫株式会社
S100KV87,2021-02-25,2021-02-25 13:10,43610,2019-12-01,2020-11-30,川口化学工業株式会社
S100KUIS,2021-02-25,2021-02-25 13:18,78790,2019-12-01,2020-11-30,株式会社ノダ
S100KUVU,2021-02-25,2021-02-25 13:35,49920,2019-12-01,2020-11-30,北興化学工業株式会社
S100KV1E,2021-02-25,2021-02-25 13:36,34540,2019-12-01,2020-11-30,ファーストブラザーズ株式会社
S100KVER,2021-02-25,2021-02-25 13:37,30890,2019-12-01,2020-11-30,テクノアルファ株式会社
S100KU9A,2021-02-25,2021-02-25 13:52,32010,2019-12-01,2020-11-30,日本毛織株式会社
S100KVFG,2021-02-25,2021-02-25 14:16,29750,2019-12-01,2020-11-30,スター・マイカ・ホールディングス株式会社
S100KV8J,2021-02-25,2021-02-25 14:22,33770,2019-12-01,2020-11-30,株式会社バイク王＆カンパニー
S100KVF2,2021-02-25,2021-02-25 14:39,79970,2019-12-01,2020-11-30,株式会社くろがね工作所
S100KV38,2021-02-25,2021-02-25 15:00,70740,2019-12-01,2020-11-30,株式会社トゥエンティーフォーセブン
S100KV8V,2021-02-25,2021-02-25 15:00,32660,2019-12-01,2020-11-30,株式会社ファンドクリエーショングループ
S100KV3T,2021-02-25,2021-02-25 15:01,96470,2019-12-01,2020-11-30,株式会社協和コンサルタンツ
S100KV7U,2021-02-25,2021-02-25 15:02,99720,2019-12-01,2020-11-30,アルテック株式会社
S100KV5T,2021-02-25,2021-02-25 15:05,98370,2019-12-01,2020-11-30,モリト株式会社
S100KV0O,2021-02-25,2021-02-25 15:11,97200,2019-12-01,2020-11-30,株式会社ホテル、ニューグランド
S100KVIL,2021-02-25,2021-02-25 16:29,75940,2019-12-01,2020-11-30,株式会社マルカ
S100KVL1,2021-02-26,2021-02-26 09:00,66340,2019-12-01,2020-11-30,株式会社ネクスグループ
S100KVKN,2021-02-26,2021-02-26 09:04,49950,2019-12-01,2020-11-30,サンケイ化学株式会社
S100KUX6,2021-02-26,2021-02-26 09:05,72270,2019-12-01,2020-11-30,アスカ株式会社
S100KVMC,2021-02-26,2021-02-26 09:35,68660,2020-01-01,2020-12-31,日置電機株式会社
S100KVFZ,2021-02-26,2021-02-26 09:41,24930,2019-12-01,2020-11-30,イーサポートリンク株式会社
S100KV1Z,2021-02-26,2021-02-26 10:06,53410,2019-12-01,2020-11-30,アサヒ衛陶株式会社
S100KVNT,2021-02-26,2021-02-26 10:07,46730,2019-12-01,2020-11-30,川崎地質株式会社
S100KVNG,2021-02-26,2021-02-26 10:11,40160,2019-12-01,2020-11-30,ＭＩＴホールディングス株式会社
S100KUS7,2021-02-26,2021-02-26 10:12,66640,2019-12-01,2020-11-30,株式会社オプトエレクトロニクス
S100KV4W,2021-02-26,2021-02-26 10:35,41870,2019-12-01,2020-11-30,大阪有機化学工業株式会社
S100KVOF,2021-02-26,2021-02-26 10:44,28090,2019-12-01,2020-11-30,キユーピー株式会社
S100KUXV,2021-02-26,2021-02-26 11:08,24710,2019-12-01,2020-11-30,株式会社エスプール
S100KUYO,2021-02-26,2021-02-26 11:22,62170,2019-12-01,2020-11-30,津田駒工業株式会社
S100KVPV,2021-02-26,2021-02-26 11:28,64920,2019-12-01,2020-11-30,岡野バルブ製造株式会社
S100KVOA,2021-02-26,2021-02-26 11:37,31390,2019-12-01,2020-11-30,株式会社ラクト・ジャパン
S100KVRL,2021-02-26,2021-02-26 13:26,97170,2019-12-01,2020-11-30,株式会社ジャステック
S100KVS3,2021-02-26,2021-02-26 14:24,43940,2019-12-01,2020-11-30,株式会社エクスモーション
S100KVO4,2021-02-26,2021-02-26 14:50,39070,2019-12-01,2020-11-30,シリコンスタジオ株式会社
S100KVR1,2021-02-26,2021-02-26 15:00,70830,2019-12-01,2020-11-30,ＡＨＣグループ株式会社
S100KV3S,2021-02-26,2021-02-26 15:00,89230,2019-12-01,2020-11-30,トーセイ株式会社
S100KVED,2021-02-26,2021-02-26 15:48,60760,2019-12-01,2020-11-30,株式会社アメイズ
S100KVV2,2021-02-26,2021-02-26 15:56,40550,2019-12-01,2020-11-30,ティアンドエス株式会社
S100KVWI,2021-02-26,2021-02-26 16:33,26980,2019-12-01,2020-11-30,株式会社キャンドゥ
S100KVSX,2021-02-26,2021-02-26 16:35,32440,2019-12-01,2020-11-30,サムティ株式会社
S100KVLP,2021-02-26,2021-02-26 16:39,39940,2019-12-01,2020-11-30,株式会社マネーフォワード
S100KX8R,2021-03-08,2021-03-08 09:37,24080,2019-12-21,2020-12-20,株式会社ＫＧ情報
S100KWXR,2021-03-09,2021-03-09 15:31,41510,2020-01-01,2020-12-31,協和キリン株式会社
S100KXQX,2021-03-11,2021-03-11 10:30,37840,2020-01-01,2020-12-31,株式会社ヴィンクス
S100KXTF,2021-03-11,2021-03-11 10:41,43120,2020-01-01,2020-12-31,サイバネットシステム株式会社
S100KY8S,2021-03-12,2021-03-12 10:25,61880,2020-04-01,2020-12-31,富士ソフトサービスビューロ株式会社
S100KWXO,2021-03-12,2021-03-12 13:05,28110,2020-01-01,2020-12-31,カゴメ株式会社
S100KY74,2021-03-12,2021-03-12 15:00,66970,2020-01-01,2020-12-31,テックポイント・インク（Ｔｅｃｈｐｏｉｎｔ，Ｉｎｃ．）
S100KYKH,2021-03-15,2021-03-15 13:00,97490,2020-01-01,2020-12-31,富士ソフト株式会社
S100KYN1,2021-03-16,2021-03-16 13:49,68580,2020-01-01,2020-12-31,株式会社小野測器
S100KYN9,2021-03-16,2021-03-16 13:55,30030,2020-01-01,2020-12-31,ヒューリック株式会社
S100KYZ3,2021-03-17,2021-03-17 13:50,22680,2020-01-01,2020-12-31,Ｂ－Ｒ　サーティワン　アイスクリーム株式会社
S100KYPD,2021-03-18,2021-03-18 10:58,65600,2020-01-01,2020-12-31,株式会社エル・ティー・エス
S100KXIA,2021-03-18,2021-03-18 12:17,66630,2019-12-21,2020-12-20,太洋工業株式会社
S100KZB0,2021-03-18,2021-03-18 15:10,30910,2020-01-01,2020-12-31,株式会社ブロンコビリー
S100KYDS,2021-03-18,2021-03-18 15:30,21950,2020-01-01,2020-12-31,アミタホールディングス株式会社
S100KZHE,2021-03-18,2021-03-18 16:11,48200,2020-04-01,2020-12-31,株式会社イーエムシステムズ（商号　株式会社ＥＭシステムズ）
S100KZ1R,2021-03-18,2021-03-18 16:23,67890,2020-01-01,2020-12-31,ローランド　ディー．ジー．株式会社
S100KZI9,2021-03-19,2021-03-19 09:25,74220,2019-12-21,2020-12-20,東邦レマック株式会社
S100KZ5J,2021-03-19,2021-03-19 11:37,79150,2020-01-01,2020-12-31,ＮＩＳＳＨＡ株式会社
S100KZPJ,2021-03-19,2021-03-19 12:50,47720,2020-01-01,2020-12-31,株式会社ストリームメディアコーポレーション
S100KZEM,2021-03-19,2021-03-19 13:11,89960,2020-01-01,2020-12-31,株式会社ハウスフリーダム
S100KZBM,2021-03-19,2021-03-19 13:25,85940,2020-01-01,2020-12-31,中道リース株式会社
S100KYRY,2021-03-19,2021-03-19 14:47,63260,2020-01-01,2020-12-31,株式会社　クボタ
S100KZU6,2021-03-22,2021-03-22 09:16,58190,2020-01-01,2020-12-31,カナレ電気株式会社
S100KYW6,2021-03-22,2021-03-22 10:00,98300,2020-01-01,2020-12-31,トラスコ中山株式会社
S100KZT5,2021-03-22,2021-03-22 10:04,24290,2020-01-01,2020-12-31,株式会社ワールドホールディングス
S100KZ5Y,2021-03-22,2021-03-22 10:35,36330,2020-01-01,2020-12-31,ＧＭＯペパボ株式会社
S100KZVS,2021-03-22,2021-03-22 11:06,38520,2020-01-01,2020-12-31,サイバーコム株式会社
S100KZHK,2021-03-22,2021-03-22 11:16,36950,2020-01-01,2020-12-31,ＧＭＯリサーチ株式会社
S100KZYP,2021-03-22,2021-03-22 13:12,30470,2020-01-01,2020-12-31,株式会社ＴＲＵＣＫ－ＯＮＥ
S100KZZU,2021-03-22,2021-03-22 13:38,47840,2020-01-01,2020-12-31,ＧＭＯアドパートナーズ株式会社
S100L00L,2021-03-22,2021-03-22 14:29,71770,2020-01-01,2020-12-31,ＧＭＯフィナンシャルホールディングス株式会社
S100KZV7,2021-03-22,2021-03-22 14:30,88540,2020-01-01,2020-12-31,株式会社日住サービス
S100KWFI,2021-03-22,2021-03-22 14:30,37760,2020-01-01,2020-12-31,株式会社ブロードバンドタワー
S100KZUD,2021-03-22,2021-03-22 15:35,64810,2020-01-01,2020-12-31,ＴＨＫ株式会社
S100KZZ1,2021-03-22,2021-03-22 16:12,61800,2020-01-01,2020-12-31,ＧＭＯメディア株式会社
S100L036,2021-03-22,2021-03-22 16:33,94490,2020-01-01,2020-12-31,ＧＭＯインターネット株式会社
S100KZFU,2021-03-22,2021-03-22 16:44,37880,2020-01-01,2020-12-31,ＧＭＯグローバルサイン・ホールディングス株式会社
S100L04L,2021-03-22,2021-03-22 17:08,60260,2020-01-01,2020-12-31,ＧＭＯ　ＴＥＣＨ株式会社
S100L00Z,2021-03-23,2021-03-23 12:38,30540,2020-01-01,2020-12-31,株式会社ハイパー
S100L00A,2021-03-23,2021-03-23 12:46,62690,2020-01-01,2020-12-31,三井海洋開発株式会社
S100KZVQ,2021-03-23,2021-03-23 15:00,61710,2020-01-01,2020-12-31,株式会社土木管理総合試験所
S100KZT4,2021-03-23,2021-03-23 15:00,25330,2020-01-01,2020-12-31,オエノンホールディングス株式会社
S100KZGC,2021-03-23,2021-03-23 15:01,45760,2020-01-01,2020-12-31,株式会社デ・ウエスタン・セラピテクス研究所
S100L069,2021-03-23,2021-03-23 15:29,68170,2020-01-01,2020-12-31,スミダコーポレーション株式会社
S100KZS1,2021-03-23,2021-03-23 15:35,39020,2020-01-01,2020-12-31,メディカル・データ・ビジョン株式会社
S100L07K,2021-03-23,2021-03-23 16:00,41890,2020-01-01,2020-12-31,ＫＨネオケム株式会社
S100KZU5,2021-03-23,2021-03-23 16:13,45190,2020-01-01,2020-12-31,中外製薬株式会社
S100KZZY,2021-03-24,2021-03-24 11:23,43560,2020-01-01,2020-12-31,応用技術株式会社
S100L048,2021-03-24,2021-03-24 12:07,22110,2020-01-01,2020-12-31,株式会社不二家
S100L0EG,2021-03-24,2021-03-24 12:13,21930,2020-01-01,2020-12-31,クックパッド株式会社
S100L0KX,2021-03-24,2021-03-24 12:17,45820,2020-01-01,2020-12-31,シンバイオ製薬株式会社
S100L0BO,2021-03-24,2021-03-24 12:48,24060,2020-01-01,2020-12-31,株式会社アルテサロンホールディングス
S100L0A8,2021-03-24,2021-03-24 12:57,39400,2020-01-01,2020-12-31,株式会社ノムラシステムコーポレーション
S100L07L,2021-03-24,2021-03-24 13:04,46340,2020-01-01,2020-12-31,東洋インキＳＣホールディングス株式会社
S100L0DD,2021-03-24,2021-03-24 13:09,94410,2020-01-01,2020-12-31,株式会社ベルパーク
S100L0HC,2021-03-24,2021-03-24 13:11,33860,2020-01-01,2020-12-31,コスモ・バイオ株式会社
S100L0LN,2021-03-24,2021-03-24 13:12,60990,2020-01-01,2020-12-31,株式会社エラン
S100L0B3,2021-03-24,2021-03-24 14:09,48120,2020-01-01,2020-12-31,株式会社電通国際情報サービス
S100L071,2021-03-24,2021-03-24 15:00,21240,2020-01-01,2020-12-31,株式会社ジェイエイシーリクルートメント
S100L05X,2021-03-24,2021-03-24 15:02,62350,2020-01-01,2020-12-31,株式会社オプトラン
S100L0DB,2021-03-24,2021-03-24 15:09,73140,2020-01-01,2020-12-31,株式会社小田原機器
S100L01A,2021-03-24,2021-03-24 15:10,49550,2020-01-01,2020-12-31,アグロ　カネショウ株式会社
S100L0GN,2021-03-24,2021-03-24 15:11,62760,2020-04-01,2020-12-31,シリウスビジョン株式会社
S100L0L3,2021-03-24,2021-03-24 15:38,79720,2020-01-01,2020-12-31,株式会社イトーキ
S100L0PY,2021-03-24,2021-03-24 15:57,25970,2020-01-01,2020-12-31,株式会社ユニカフェ
S100KZUP,2021-03-24,2021-03-24 16:00,65530,2020-01-01,2020-12-31,ソウルドアウト株式会社
S100L0CW,2021-03-24,2021-03-24 16:00,62680,2020-01-01,2020-12-31,ナブテスコ株式会社
S100L0DJ,2021-03-24,2021-03-24 16:13,44490,2020-01-01,2020-12-31,株式会社ギフティ
S100L0QQ,2021-03-24,2021-03-24 16:23,29140,2020-01-01,2020-12-31,日本たばこ産業株式会社
S100L0PR,2021-03-24,2021-03-24 16:59,60810,2020-01-01,2020-12-31,アライドアーキテクツ株式会社
S100L0R4,2021-03-24,2021-03-24 16:59,45650,2020-01-01,2020-12-31,そーせいグループ株式会社
S100L0QN,2021-03-25,2021-03-25 09:10,47460,2020-01-01,2020-12-31,株式会社東計電算
S100L0BH,2021-03-25,2021-03-25 09:27,62650,2020-01-01,2020-12-31,株式会社妙徳
S100L09N,2021-03-25,2021-03-25 10:02,18970,2020-01-01,2020-12-31,金下建設株式会社
S100L0O8,2021-03-25,2021-03-25 10:08,89140,2020-01-01,2020-12-31,エリアリンク株式会社
S100L0RL,2021-03-25,2021-03-25 10:13,24910,2020-01-01,2020-12-31,バリューコマース株式会社
S100L0D9,2021-03-25,2021-03-25 11:06,72280,2020-01-01,2020-12-31,株式会社デイトナ
S100L0UI,2021-03-25,2021-03-25 11:15,47250,2020-01-01,2020-12-31,株式会社ＣＡＣ　Ｈｏｌｄｉｎｇｓ
S100L09X,2021-03-25,2021-03-25 11:22,70380,2020-01-01,2020-12-31,フロンティア・マネジメント株式会社
S100L0SA,2021-03-25,2021-03-25 11:29,36960,2020-01-01,2020-12-31,株式会社セレス
S100KZGE,2021-03-25,2021-03-25 11:46,22060,2020-01-01,2020-12-31,江崎グリコ株式会社
S100L0OD,2021-03-25,2021-03-25 11:48,31380,2020-01-01,2020-12-31,株式会社富士山マガジンサービス
S100L05N,2021-03-25,2021-03-25 11:49,72720,2020-01-01,2020-12-31,ヤマハ発動機株式会社
S100L0QV,2021-03-25,2021-03-25 11:55,36230,2020-01-01,2020-12-31,ビリングシステム株式会社
S100L0Q8,2021-03-25,2021-03-25 12:03,96310,2020-01-01,2020-12-31,株式会社東急レクリエーション
S100L0T1,2021-03-25,2021-03-25 12:12,33550,2020-01-01,2020-12-31,クリヤマホールディングス株式会社
S100L0ZR,2021-03-25,2021-03-25 12:15,21740,2020-01-01,2020-12-31,ＧＣＡ株式会社
S100L01C,2021-03-25,2021-03-25 12:36,66120,2020-01-01,2020-12-31,バルミューダ株式会社
S100L0OF,2021-03-25,2021-03-25 13:02,30400,2020-01-01,2020-12-31,株式会社ソリトンシステムズ
S100L0R9,2021-03-25,2021-03-25 13:07,18990,2020-01-01,2020-12-31,株式会社福田組
S100L0SK,2021-03-25,2021-03-25 13:07,63280,2020-01-01,2020-12-31,荏原実業株式会社
S100L0RZ,2021-03-25,2021-03-25 13:13,45510,2020-01-01,2020-12-31,鳥居薬品株式会社
S100L0MS,2021-03-25,2021-03-25 13:16,88040,2020-01-01,2020-12-31,東京建物株式会社
S100L109,2021-03-25,2021-03-25 13:29,48400,2020-01-01,2020-12-31,株式会社トライアイズ
S100L094,2021-03-25,2021-03-25 13:34,32990,2020-01-01,2020-12-31,株式会社ムゲンエステート
S100L12M,2021-03-25,2021-03-25 13:35,70370,2020-01-01,2020-12-31,株式会社テノ．ホールディングス
S100KZW7,2021-03-25,2021-03-25 13:45,76750,2020-01-01,2020-12-31,セントラルフォレストグループ株式会社
S100L0C9,2021-03-25,2021-03-25 13:55,53950,2020-01-01,2020-12-31,理研コランダム株式会社
S100KZUJ,2021-03-25,2021-03-25 13:58,39130,2020-01-01,2020-12-31,株式会社ｓＭｅｄｉｏ
S100L122,2021-03-25,2021-03-25 14:02,97580,2020-01-01,2020-12-31,ジャパンシステム株式会社
S100L0M2,2021-03-25,2021-03-25 14:03,61640,2020-01-01,2020-12-31,株式会社太陽工機
S100L0M0,2021-03-25,2021-03-25 14:03,39470,2020-01-01,2020-12-31,ダイナパック株式会社
S100L0GG,2021-03-25,2021-03-25 14:06,34050,2020-01-01,2020-12-31,株式会社クラレ
S100L13Q,2021-03-25,2021-03-25 14:18,47040,2020-01-01,2020-12-31,トレンドマイクロ株式会社
S100L13Y,2021-03-25,2021-03-25 14:19,70480,2020-01-01,2020-12-31,ベルトラ株式会社
S100L14F,2021-03-25,2021-03-25 14:43,14350,2020-01-01,2020-12-31,株式会社ＴＡＴＥＲＵ
S100KZ3O,2021-03-25,2021-03-25 14:43,26930,2020-01-01,2020-12-31,ＹＫＴ株式会社
S100L0SU,2021-03-25,2021-03-25 14:48,49270,2020-01-01,2020-12-31,株式会社ポーラ・オルビスホールディングス
S100L159,2021-03-25,2021-03-25 14:53,70360,2020-01-01,2020-12-31,株式会社イーエムネットジャパン
S100L0UB,2021-03-25,2021-03-25 15:00,39090,2020-01-01,2020-12-31,株式会社ショーケース
S100L0SE,2021-03-25,2021-03-25 15:00,23840,2020-01-01,2020-12-31,ＳＢＳホールディングス株式会社
S100L0LW,2021-03-25,2021-03-25 15:02,66270,2020-01-01,2020-12-31,株式会社テラプローブ
S100L0UF,2021-03-25,2021-03-25 15:04,36750,2020-01-01,2020-12-31,株式会社クロス・マーケティンググループ
S100L0OA,2021-03-25,2021-03-25 15:05,34160,2020-01-01,2020-12-31,ピクスタ株式会社
S100L0UH,2021-03-25,2021-03-25 15:07,39500,2020-01-01,2020-12-31,ザ・パック株式会社
S100L11G,2021-03-25,2021-03-25 15:08,76850,2020-01-01,2020-12-31,株式会社ＢｕｙＳｅｌｌ　Ｔｅｃｈｎｏｌｏｇｉｅｓ
S100L0PD,2021-03-25,2021-03-25 15:11,49110,2020-01-01,2020-12-31,株式会社資生堂
S100L03F,2021-03-25,2021-03-25 15:12,34360,2020-01-01,2020-12-31,株式会社ＳＵＭＣＯ
S100L03K,2021-03-25,2021-03-25 15:12,42210,2020-01-01,2020-12-31,大倉工業株式会社
S100L0SB,2021-03-25,2021-03-25 15:14,70800,2020-01-01,2020-12-31,株式会社スポーツフィールド
S100L0V9,2021-03-25,2021-03-25 15:15,40120,2020-01-01,2020-12-31,株式会社アクシス
S100L11Z,2021-03-25,2021-03-25 15:18,47220,2020-01-01,2020-12-31,フューチャー株式会社
S100KXX3,2021-03-25,2021-03-25 15:20,49710,2020-01-01,2020-12-31,メック株式会社
S100L0WF,2021-03-25,2021-03-25 15:27,50150,2020-01-01,2020-12-31,ビーピー・カストロール株式会社
S100L0V7,2021-03-25,2021-03-25 15:40,22660,2020-01-01,2020-12-31,六甲バター株式会社
S100L177,2021-03-25,2021-03-25 15:43,36670,2020-01-01,2020-12-31,株式会社ｅｎｉｓｈ
S100KZSF,2021-03-25,2021-03-25 16:00,66330,2020-01-01,2020-12-31,株式会社Ｃ＆Ｇシステムズ
S100L0ZS,2021-03-25,2021-03-25 16:00,64650,2020-01-01,2020-12-31,ホシザキ株式会社
S100L0OM,2021-03-25,2021-03-25 16:00,39750,2020-01-01,2020-12-31,ＡＯＩ　ＴＹＯ　Ｈｏｌｄｉｎｇｓ　株式会社
S100L18P,2021-03-25,2021-03-25 16:13,23300,2020-01-01,2020-12-31,株式会社フォーサイド
S100L136,2021-03-25,2021-03-25 16:18,91760,2020-01-01,2020-12-31,佐渡汽船株式会社
S100KZT8,2021-03-25,2021-03-25 16:24,65400,2020-01-01,2020-12-31,株式会社船場
S100L0V2,2021-03-25,2021-03-25 16:25,65370,2020-01-01,2020-12-31,ＷＡＳＨハウス株式会社
S100KZKK,2021-03-25,2021-03-25 16:44,79570,2020-01-01,2020-12-31,フジコピアン株式会社
S100L175,2021-03-26,2021-03-26 09:16,77180,2020-01-01,2020-12-31,スター精密株式会社
S100L0OM,2021-03-26,2021-03-25 16:00,39750,2020-01-01,2020-12-31,ＡＯＩ　ＴＹＯ　Ｈｏｌｄｉｎｇｓ　株式会社
S100L0U5,2021-03-26,2021-03-26 09:43,47760,2020-01-01,2020-12-31,サイボウズ株式会社
S100KZTZ,2021-03-26,2021-03-26 10:00,64640,2020-01-01,2020-12-31,株式会社ツバキ・ナカシマ
S100L0J7,2021-03-26,2021-03-26 10:01,35660,2020-01-01,2020-12-31,ユニフォームネクスト株式会社
S100L0YP,2021-03-26,2021-03-26 10:03,46410,2020-01-01,2020-12-31,株式会社アルプス技研
S100L13W,2021-03-26,2021-03-26 10:13,32610,2020-01-01,2020-12-31,株式会社グランディーズ
S100L1GQ,2021-03-26,2021-03-26 10:25,96210,2020-01-01,2020-12-31,株式会社建設技術研究所
S100L1GX,2021-03-26,2021-03-26 10:30,17180,2020-01-01,2020-12-31,美樹工業株式会社
S100KZV2,2021-03-26,2021-03-26 10:36,45720,2020-01-01,2020-12-31,カルナバイオサイエンス株式会社
S100L10O,2021-03-26,2021-03-26 10:52,77400,2020-01-01,2020-12-31,株式会社タムロン
S100L1HX,2021-03-26,2021-03-26 11:01,36300,2020-01-01,2020-12-31,株式会社電算システム
S100KYY6,2021-03-26,2021-03-26 11:01,64400,2020-01-01,2020-12-31,ＪＵＫＩ株式会社
S100L0E9,2021-03-26,2021-03-26 11:09,39830,2020-01-01,2020-12-31,株式会社オロ
S100KZNJ,2021-03-26,2021-03-26 11:14,32520,2020-04-01,2020-12-31,日本商業開発株式会社
S100L14O,2021-03-26,2021-03-26 11:14,46960,2020-01-01,2020-12-31,ワタベウェディング株式会社
S100KZXM,2021-03-26,2021-03-26 11:36,24610,2020-01-01,2020-12-31,株式会社ファンコミュニケーションズ
S100L1BN,2021-03-26,2021-03-26 11:38,25020,2020-01-01,2020-12-31,アサヒグループホールディングス株式会社
S100L1I6,2021-03-26,2021-03-26 11:42,30530,2020-01-01,2020-12-31,株式会社ペッパーフードサービス
S100L17I,2021-03-26,2021-03-26 11:47,97020,2020-01-01,2020-12-31,株式会社アイ・エス・ビー
S100L16X,2021-03-26,2021-03-26 11:47,61770,2020-01-01,2020-12-31,ＡｐｐＢａｎｋ株式会社
S100L08I,2021-03-26,2021-03-26 11:50,91730,2020-01-01,2020-12-31,東海汽船株式会社
S100L1A0,2021-03-26,2021-03-26 11:51,39040,2020-01-01,2020-12-31,株式会社カヤック
S100L0K9,2021-03-26,2021-03-26 11:52,73530,2020-01-01,2020-12-31,ＫＩＹＯラーニング株式会社
S100L1K3,2021-03-26,2021-03-26 12:09,35400,2020-01-01,2020-12-31,株式会社歯愛メディカル
S100L0ZY,2021-03-26,2021-03-26 12:17,53020,2020-01-01,2020-12-31,日本カーボン株式会社
S100L1KG,2021-03-26,2021-03-26 12:30,48810,2020-01-01,2020-12-31,株式会社ファンペップ
S100L1E9,2021-03-26,2021-03-26 12:42,21500,2020-01-01,2020-12-31,株式会社ケアネット
S100L1IC,2021-03-26,2021-03-26 12:51,89090,2020-01-01,2020-12-31,株式会社シノケングループ
S100L0EL,2021-03-26,2021-03-26 12:52,42350,2020-01-01,2020-12-31,ウルトラファブリックス・ホールディングス株式会社
S100L0YF,2021-03-26,2021-03-26 12:56,44040,2020-01-01,2020-12-31,ミヨシ油脂株式会社
S100L0RC,2021-03-26,2021-03-26 13:00,58510,2020-01-01,2020-12-31,リョービ株式会社
S100L16R,2021-03-26,2021-03-26 13:03,78410,2020-01-01,2020-12-31,株式会社遠藤製作所
S100L1EM,2021-03-26,2021-03-26 13:05,68350,2020-01-01,2020-12-31,アライドテレシスホールディングス株式会社
S100L1DV,2021-03-26,2021-03-26 13:06,47680,2020-01-01,2020-12-31,株式会社　大塚商会
S100L0X5,2021-03-26,2021-03-26 13:09,97680,2020-01-01,2020-12-31,いであ株式会社
S100L0W4,2021-03-26,2021-03-26 13:09,42450,2020-01-01,2020-12-31,株式会社ダイキアクシス
S100L16P,2021-03-26,2021-03-26 13:10,16050,2020-01-01,2020-12-31,国際石油開発帝石株式会社
S100L1LQ,2021-03-26,2021-03-26 13:11,45880,2020-01-01,2020-12-31,オンコリスバイオファーマ株式会社
S100KZIK,2021-03-26,2021-03-26 13:14,55420,2020-01-01,2020-12-31,新報国製鉄株式会社
S100L1L9,2021-03-26,2021-03-26 13:23,51840,2020-01-01,2020-12-31,株式会社ニチリン
S100L1LU,2021-03-26,2021-03-26 13:25,27770,2020-01-01,2020-12-31,株式会社カッシーナ・イクスシー
S100L14J,2021-03-26,2021-03-26 13:25,46330,2020-01-01,2020-12-31,サカタインクス株式会社
S100L1M4,2021-03-26,2021-03-26 13:33,70610,2020-01-01,2020-12-31,日本ホスピスホールディングス株式会社
S100L1CE,2021-03-26,2021-03-26 13:36,14290,2020-01-01,2020-12-31,株式会社日本アクア
S100L1CC,2021-03-26,2021-03-26 13:41,39980,2020-01-01,2020-12-31,株式会社すららネット
S100L13X,2021-03-26,2021-03-26 13:44,62660,2020-01-01,2020-12-31,タツモ株式会社
S100L0TS,2021-03-26,2021-03-26 13:44,39010,2020-01-01,2020-12-31,マークラインズ株式会社
S100L0MT,2021-03-26,2021-03-26 13:50,95390,2020-01-01,2020-12-31,京葉瓦斯株式会社
S100L0LQ,2021-03-26,2021-03-26 13:52,46420,2020-01-01,2020-12-31,オリジナル設計株式会社
S100L1ML,2021-03-26,2021-03-26 13:56,34490,2020-01-01,2020-12-31,株式会社テクノフレックス
S100L0OB,2021-03-26,2021-03-26 14:04,49670,2020-01-01,2020-12-31,小林製薬株式会社
S100L0O4,2021-03-26,2021-03-26 14:04,80600,2020-01-01,2020-12-31,キヤノンマーケティングジャパン株式会社
S100L1MR,2021-03-26,2021-03-26 14:04,69140,2020-01-01,2020-12-31,オプテックスグループ株式会社
S100L0WS,2021-03-26,2021-03-26 14:05,64110,2020-01-01,2020-12-31,中野冷機株式会社
S100L1LV,2021-03-26,2021-03-26 14:10,78490,2020-01-01,2020-12-31,スターツ出版株式会社
S100L0FQ,2021-03-26,2021-03-26 14:12,23110,2020-01-01,2020-12-31,株式会社エプコ
S100L1AS,2021-03-26,2021-03-26 14:12,34740,2020-01-01,2020-12-31,Ｇ－ＦＡＣＴＯＲＹ株式会社
S100L1N3,2021-03-26,2021-03-26 14:16,24920,2020-01-01,2020-12-31,株式会社インフォマート
S100L16Z,2021-03-26,2021-03-26 14:16,44860,2020-01-01,2020-12-31,ユナイトアンドグロウ株式会社
S100L0W2,2021-03-26,2021-03-26 14:19,67690,2020-01-01,2020-12-31,ザインエレクトロニクス株式会社
S100L19X,2021-03-26,2021-03-26 14:27,50100,2020-01-01,2020-12-31,日本精蝋株式会社
S100L1NZ,2021-03-26,2021-03-26 14:34,70930,2020-01-01,2020-12-31,アディッシュ株式会社
S100L1OR,2021-03-26,2021-03-26 14:35,67210,2020-08-01,2020-12-31,ウインテスト株式会社
S100L1J5,2021-03-26,2021-03-26 14:37,37440,2020-01-01,2020-12-31,サイオス株式会社
S100L0TZ,2021-03-26,2021-03-26 14:41,43240,2020-01-01,2020-12-31,株式会社電通グループ
S100L1MK,2021-03-26,2021-03-26 14:49,89290,2020-01-01,2020-12-31,株式会社青山財産ネットワークス
S100L1BE,2021-03-26,2021-03-26 14:50,37190,2020-01-01,2020-12-31,株式会社ジェクシード
S100L1OX,2021-03-26,2021-03-26 14:50,97550,2020-01-01,2020-12-31,応用地質株式会社
S100L0HB,2021-03-26,2021-03-26 14:58,44520,2020-01-01,2020-12-31,花王株式会社
S100L1N0,2021-03-26,2021-03-26 14:58,72440,2020-01-01,2020-12-31,市光工業株式会社
S100L1OM,2021-03-26,2021-03-26 15:00,21690,2020-01-01,2020-12-31,ＣＤＳ株式会社
S100L1PS,2021-03-26,2021-03-26 15:00,40190,2020-01-01,2020-12-31,株式会社スタメン
S100L1AY,2021-03-26,2021-03-26 15:00,59590,2020-01-01,2020-12-31,岡部株式会社
S100L0XP,2021-03-26,2021-03-26 15:00,69290,2020-01-01,2020-12-31,日本セラミック株式会社
S100L1F6,2021-03-26,2021-03-26 15:00,37770,2020-01-01,2020-12-31,株式会社ＦＨＴホールディングス
S100L0IY,2021-03-26,2021-03-26 15:00,42510,2020-01-01,2020-12-31,恵和株式会社
S100L1KZ,2021-03-26,2021-03-26 15:00,39280,2020-01-01,2020-12-31,株式会社マイネット
S100L1MX,2021-03-26,2021-03-26 15:00,29820,2020-04-01,2020-12-31,株式会社ＡＤワークスグループ
S100L0VU,2021-03-26,2021-03-26 15:00,49330,2020-01-01,2020-12-31,株式会社Ｉ－ｎｅ
S100L120,2021-03-26,2021-03-26 15:00,34820,2020-01-01,2020-12-31,ロードスターキャピタル株式会社
S100L0SG,2021-03-26,2021-03-26 15:00,39660,2020-01-01,2020-12-31,株式会社ユーザベース
S100L172,2021-03-26,2021-03-26 15:01,73540,2020-01-01,2020-12-31,株式会社ダイレクトマーケティングミックス
S100L1PB,2021-03-26,2021-03-26 15:05,44770,2020-01-01,2020-12-31,ＢＡＳＥ株式会社
S100L1DD,2021-03-26,2021-03-26 15:10,97310,2020-01-01,2020-12-31,株式会社白洋舍
S100L0ZI,2021-03-26,2021-03-26 15:11,70820,2020-01-01,2020-12-31,株式会社ジモティー
S100L12E,2021-03-26,2021-03-26 15:12,73420,2020-01-01,2020-12-31,ウェルスナビ株式会社
S100L1DR,2021-03-26,2021-03-26 15:16,14130,2020-01-01,2020-12-31,株式会社ヒノキヤグループ
S100L1PW,2021-03-26,2021-03-26 15:17,50700,2020-04-01,2020-12-31,株式会社ドラフト
S100L137,2021-03-26,2021-03-26 15:20,45830,2020-01-01,2020-12-31,株式会社カイオム・バイオサイエンス
S100KZA6,2021-03-26,2021-03-26 15:24,97220,2020-01-01,2020-12-31,藤田観光株式会社
S100L1BS,2021-03-26,2021-03-26 15:27,51080,2020-01-01,2020-12-31,株式会社ブリヂストン
S100L1E8,2021-03-26,2021-03-26 15:28,42480,2020-01-01,2020-12-31,竹本容器株式会社
S100L0YZ,2021-03-26,2021-03-26 15:28,25790,2020-01-01,2020-12-31,コカ・コーラボトラーズジャパンホールディングス株式会社
S100L1D6,2021-03-26,2021-03-26 15:30,29700,2020-01-01,2020-12-31,株式会社グッドライフカンパニー
S100L111,2021-03-26,2021-03-26 15:30,36560,2020-01-01,2020-12-31,ＫＬａｂ株式会社
S100L12Y,2021-03-26,2021-03-26 15:30,32770,2020-01-01,2020-12-31,株式会社サンセイランディック
S100L0U6,2021-03-26,2021-03-26 15:30,44380,2020-01-01,2020-12-31,株式会社Ｗｅｌｂｙ
S100L1B0,2021-03-26,2021-03-26 15:30,45870,2020-01-01,2020-12-31,ペプチドリーム株式会社
S100L1Q5,2021-03-26,2021-03-26 15:34,93860,2020-01-01,2020-12-31,日本コンセプト株式会社
S100L1RH,2021-03-26,2021-03-26 15:40,60630,2020-01-01,2020-12-31,日本エマージェンシーアシスタンス株式会社
S100L1SE,2021-03-26,2021-03-26 15:48,39680,2020-01-01,2020-12-31,セグエグループ株式会社
S100L1SR,2021-03-26,2021-03-26 16:00,29320,2020-01-01,2020-12-31,株式会社ＳＴＩフードホールディングス
S100L0VC,2021-03-26,2021-03-26 16:02,82020,2020-01-01,2020-12-31,ラオックス株式会社
S100L1BI,2021-03-26,2021-03-26 16:12,37820,2020-01-01,2020-12-31,株式会社ディー・ディー・エス
S100L1PR,2021-03-26,2021-03-26 16:21,42860,2020-01-01,2020-12-31,株式会社レッグス
S100L016,2021-03-26,2021-03-26 16:30,39610,2020-01-01,2020-12-31,シルバーエッグ・テクノロジー株式会社
S100L1TL,2021-03-26,2021-03-26 16:30,24270,2020-01-01,2020-12-31,株式会社アウトソーシング
S100L1U8,2021-03-26,2021-03-26 16:57,94190,2020-01-01,2020-12-31,株式会社ワイヤレスゲート
S100L1PF,2021-03-26,2021-03-26 17:00,36590,2020-01-01,2020-12-31,株式会社ネクソン
S100L0V1,2021-03-26,2021-03-26 17:00,44800,2020-01-01,2020-12-31,株式会社メドレー
S100KUP1,2021-03-29,2021-03-29 09:00,81130,2020-01-01,2020-12-31,ユニ・チャーム株式会社
S100L1RJ,2021-03-29,2021-03-29 09:03,79360,2020-01-01,2020-12-31,株式会社アシックス
S100L1WW,2021-03-29,2021-03-29 09:08,40130,2020-01-01,2020-12-31,勤次郎株式会社
S100L14C,2021-03-29,2021-03-29 09:20,62950,2020-01-01,2020-12-31,富士変速機株式会社
S100L1K7,2021-03-29,2021-03-29 09:21,65570,2020-01-01,2020-12-31,株式会社ｇｌｏｂａｌ　ｂｒｉｄｇｅ　ＨＯＬＤＩＮＧＳ
S100L0JM,2021-03-29,2021-03-29 09:30,74250,2020-01-01,2020-12-31,初穂商事株式会社
S100L1ST,2021-03-29,2021-03-29 09:34,68710,2019-10-01,2020-12-31,株式会社日本マイクロニクス
S100L02E,2021-03-29,2021-03-29 09:39,57040,2020-01-01,2020-12-31,株式会社ＪＭＣ
S100L1VO,2021-03-29,2021-03-29 09:54,78140,2020-01-01,2020-12-31,株式会社日本創発グループ
S100L08W,2021-03-29,2021-03-29 09:55,39060,2020-01-01,2020-12-31,株式会社ＡＬＢＥＲＴ
S100L1D3,2021-03-29,2021-03-29 10:00,45950,2020-01-01,2020-12-31,株式会社ミズホメディー
S100KZBV,2021-03-29,2021-03-29 10:06,48480,2020-01-01,2020-12-31,株式会社フルキャストホールディングス
S100L21G,2021-03-29,2021-03-29 10:12,77390,2020-01-01,2020-12-31,キヤノン電子株式会社
S100L22C,2021-03-29,2021-03-29 10:14,41700,2020-01-01,2020-12-31,株式会社Ｋａｉｚｅｎ　Ｐｌａｔｆｏｒｍ
S100L1WE,2021-03-29,2021-03-29 10:18,77760,2020-01-01,2020-12-31,株式会社セルシード
S100L22Q,2021-03-29,2021-03-29 10:27,78330,2020-01-01,2020-12-31,株式会社アイフィスジャパン
S100L1UP,2021-03-29,2021-03-29 10:41,65730,2020-01-01,2020-12-31,アジャイルメディア・ネットワーク株式会社
S100L21C,2021-03-29,2021-03-29 10:46,43950,2020-01-01,2020-12-31,株式会社アクリート
S100L22W,2021-03-29,2021-03-29 10:47,36490,2020-01-01,2020-12-31,株式会社ファインデックス
S100L0PE,2021-03-29,2021-03-29 10:55,41070,2020-01-01,2020-12-31,伊勢化学工業株式会社
S100L1WS,2021-03-29,2021-03-29 10:59,59970,2020-01-01,2020-12-31,協立エアテック株式会社
S100L1L2,2021-03-29,2021-03-29 11:17,34520,2020-01-01,2020-12-31,株式会社ビーロット
S100L1MY,2021-03-29,2021-03-29 11:18,93840,2020-01-01,2020-12-31,内外トランスライン株式会社
S100L232,2021-03-29,2021-03-29 11:22,60770,2020-01-01,2020-12-31,株式会社Ｎ・フィールド
S100L24H,2021-03-29,2021-03-29 11:34,67480,2020-04-01,2020-12-31,星和電機株式会社
S100L1BZ,2021-03-29,2021-03-29 11:46,94160,2020-01-01,2020-12-31,株式会社ビジョン
S100L1UN,2021-03-29,2021-03-29 12:35,62910,2020-01-01,2020-12-31,日本エアーテック株式会社
S100L273,2021-03-29,2021-03-29 12:36,76250,2020-01-01,2020-12-31,株式会社グローバルダイニング
S100L21T,2021-03-29,2021-03-29 12:45,71720,2020-01-01,2020-12-31,株式会社ジャパンインベストメントアドバイザー
S100L27G,2021-03-29,2021-03-29 12:58,32760,2020-01-01,2020-12-31,日本管理センター株式会社
S100L27C,2021-03-29,2021-03-29 13:03,41660,2020-01-01,2020-12-31,かっこ株式会社
S100L283,2021-03-29,2021-03-29 13:11,68560,2020-01-01,2020-12-31,株式会社堀場製作所
S100L15L,2021-03-29,2021-03-29 13:14,44630,2020-01-01,2020-12-31,日華化学株式会社
S100L229,2021-03-29,2021-03-29 13:15,88920,2020-01-01,2020-12-31,株式会社日本エスコン
S100L26H,2021-03-29,2021-03-29 13:19,49630,2020-01-01,2020-12-31,星光ＰＭＣ株式会社
S100L26V,2021-03-29,2021-03-29 13:30,36640,2020-01-01,2020-12-31,株式会社モブキャストホールディングス
S100L1WT,2021-03-29,2021-03-29 13:38,34860,2020-01-01,2020-12-31,株式会社グローバル・リンク・マネジメント
S100L238,2021-03-29,2021-03-29 13:44,44760,2020-01-01,2020-12-31,ＡＩ　ＣＲＯＳＳ株式会社
S100L2AA,2021-03-29,2021-03-29 13:51,31960,2020-01-01,2020-12-31,株式会社ホットランド
S100L2AE,2021-03-29,2021-03-29 13:58,39970,2020-01-01,2020-12-31,株式会社トレードワークス
S100L21X,2021-03-29,2021-03-29 14:11,30850,2020-01-01,2020-12-31,アークランドサービスホールディングス株式会社
S100L2BC,2021-03-29,2021-03-29 14:19,44280,2020-01-01,2020-12-31,株式会社シノプス
S100KYOQ,2021-03-29,2021-03-29 14:21,97570,2020-01-01,2020-12-31,株式会社船井総研ホールディングス
S100L1ZE,2021-03-29,2021-03-29 14:38,63610,2020-01-01,2020-12-31,株式会社荏原製作所
S100L25H,2021-03-29,2021-03-29 14:39,77440,2020-04-01,2020-12-31,ノーリツ鋼機株式会社
S100L1WC,2021-03-29,2021-03-29 14:48,95430,2020-01-01,2020-12-31,静岡ガス株式会社
S100L2B3,2021-03-29,2021-03-29 14:57,51100,2020-01-01,2020-12-31,住友ゴム工業株式会社
S100L1XF,2021-03-29,2021-03-29 15:00,79630,2020-01-01,2020-12-31,興研株式会社
S100L2CF,2021-03-29,2021-03-29 15:00,36880,2020-01-01,2020-12-31,株式会社ＣＡＲＴＡ　ＨＯＬＤＩＮＧＳ
S100L1S3,2021-03-29,2021-03-29 15:00,27880,2020-01-01,2020-12-31,アップルインターナショナル株式会社
S100L1K9,2021-03-29,2021-03-29 15:01,39140,2020-01-01,2020-12-31,ＪＩＧ－ＳＡＷ株式会社
S100L2BM,2021-03-29,2021-03-29 15:01,70440,2020-01-01,2020-12-31,株式会社ピアラ
S100L27K,2021-03-29,2021-03-29 15:02,46120,2020-01-01,2020-12-31,日本ペイントホールディングス株式会社
S100L1U5,2021-03-29,2021-03-29 15:03,33190,2020-01-01,2020-12-31,株式会社ゴルフダイジェスト・オンライン
S100L25D,2021-03-29,2021-03-29 15:03,45860,2020-01-01,2020-12-31,株式会社メドレックス
S100L27A,2021-03-29,2021-03-29 15:08,44480,2020-01-01,2020-12-31,Ｃｈａｔｗｏｒｋ株式会社
S100L2DY,2021-03-29,2021-03-29 15:14,45930,2020-01-01,2020-12-31,株式会社ヘリオス
S100L1YL,2021-03-29,2021-03-29 15:21,27020,2020-01-01,2020-12-31,日本マクドナルドホールディングス株式会社
S100L1X6,2021-03-29,2021-03-29 15:23,58160,2020-01-01,2020-12-31,オーナンバ株式会社
S100L2ED,2021-03-29,2021-03-29 15:24,25870,2020-01-01,2020-12-31,サントリー食品インターナショナル株式会社
S100L26J,2021-03-29,2021-03-29 15:30,60780,2020-01-01,2020-12-31,株式会社バリューＨＲ
S100L22V,2021-03-29,2021-03-29 15:30,36730,2020-01-01,2020-12-31,株式会社ブロードリーフ
S100L29I,2021-03-29,2021-03-29 15:30,70430,2020-01-01,2020-12-31,アルー株式会社
S100L24I,2021-03-29,2021-03-29 15:30,14490,2020-01-01,2020-12-31,株式会社ＦＵＪＩジャパン
S100L1WK,2021-03-29,2021-03-29 15:30,39120,2020-01-01,2020-12-31,株式会社モバイルファクトリー
S100L227,2021-03-29,2021-03-29 15:31,36810,2020-01-01,2020-12-31,株式会社ブイキューブ
S100L28S,2021-03-29,2021-03-29 15:31,78160,2020-01-01,2020-12-31,株式会社スノーピーク
S100L2ET,2021-03-29,2021-03-29 15:34,45970,2020-01-01,2020-12-31,ソレイジア・ファーマ株式会社
S100L2EY,2021-03-29,2021-03-29 15:49,45960,2020-01-01,2020-12-31,窪田製薬ホールディングス株式会社
S100L2CH,2021-03-29,2021-03-29 15:53,75870,2020-01-01,2020-12-31,株式会社パルテック（定款上の商号　株式会社ＰＡＬＴＥＫ）
S100L0H0,2021-03-29,2021-03-29 15:59,14390,2020-01-01,2020-12-31,株式会社安江工務店
S100L1VH,2021-03-29,2021-03-29 16:00,23890,2020-01-01,2020-12-31,株式会社デジタルホールディングス
S100L1ZW,2021-03-29,2021-03-29 16:06,36800,2020-01-01,2020-12-31,株式会社ホットリンク
S100L2FE,2021-03-29,2021-03-29 16:06,93990,2020-01-01,2020-12-31,ビート・ホールディングス・リミテッド　（貝德控股有限公司、Ｂｅａｔ　Ｈｏｌｄｉｎｇｓ　Ｌｉｍｉｔｅｄ）
S100L1Y8,2021-03-29,2021-03-29 16:18,22160,2020-01-01,2020-12-31,カンロ株式会社
S100L2GU,2021-03-29,2021-03-29 16:31,61410,2020-01-01,2020-12-31,ＤＭＧ森精機株式会社
S100L1PM,2021-03-29,2021-03-29 16:32,47640,2020-01-01,2020-12-31,Ｎｅｘｕｓ　Ｂａｎｋ株式会社
S100L1Y6,2021-03-29,2021-03-29 16:37,49350,2020-01-01,2020-12-31,株式会社リベルタ
S100L2A1,2021-03-29,2021-03-29 16:48,30640,2020-01-01,2020-12-31,株式会社ＭｏｎｏｔａＲＯ
S100L1M8,2021-03-30,2021-03-30 09:15,40600,2020-01-01,2020-12-31,ｒａｋｕｍｏ株式会社
S100L2EP,2021-03-30,2021-03-30 09:43,81790,2020-01-01,2020-12-31,ロイヤルホールディングス株式会社
S100L1XX,2021-03-30,2021-03-30 10:03,49850,2020-01-01,2020-12-31,アース製薬株式会社
S100L0HT,2021-03-30,2021-03-30 10:06,40580,2020-01-01,2020-12-31,トヨクモ株式会社
S100L0LK,2021-03-30,2021-03-30 10:11,60540,2020-01-01,2020-12-31,株式会社リブセンス
S100L2MZ,2021-03-30,2021-03-30 10:26,60670,2020-01-01,2020-12-31,インパクトホールディングス株式会社
S100L1XE,2021-03-30,2021-03-30 10:38,39480,2020-01-01,2020-12-31,光ビジネスフォーム株式会社
S100L2ML,2021-03-30,2021-03-30 10:45,19110,2020-04-01,2020-12-31,住友林業株式会社
S100L2GN,2021-03-30,2021-03-30 11:06,40110,2020-01-01,2020-12-31,株式会社ヘッドウォータース
S100L2MA,2021-03-30,2021-03-30 11:44,22150,2020-01-01,2020-12-31,第一屋製パン株式会社
S100L1G5,2021-03-30,2021-03-30 11:46,79760,2020-01-01,2020-12-31,三菱鉛筆株式会社
S100L17H,2021-03-30,2021-03-30 11:50,20090,2020-01-01,2020-12-31,鳥越製粉株式会社
S100L2ST,2021-03-30,2021-03-30 11:51,70390,2020-01-01,2020-12-31,ブリッジインターナショナル株式会社
S100L1AO,2021-03-30,2021-03-30 11:56,97040,2020-01-01,2020-12-31,株式会社アゴーラ・ホスピタリティー・グループ
S100KZWS,2021-03-30,2021-03-30 11:57,43510,2020-01-01,2020-12-31,株式会社山田債権回収管理総合事務所
S100L2FX,2021-03-30,2021-03-30 12:07,24180,2020-01-01,2020-12-31,株式会社ツカダ・グローバルホールディング
S100L0MH,2021-03-30,2021-03-30 12:33,61490,2020-01-01,2020-12-31,株式会社小田原エンジニアリング
S100L21P,2021-03-30,2021-03-30 12:35,96560,2020-01-01,2020-12-31,グリーンランドリゾート株式会社
S100L2TW,2021-03-30,2021-03-30 12:45,51870,2020-01-01,2020-12-31,クリエートメディック株式会社
S100L2TI,2021-03-30,2021-03-30 12:57,40450,2020-01-01,2020-12-31,東亞合成株式会社
S100L2IT,2021-03-30,2021-03-30 13:02,73580,2020-01-01,2020-12-31,株式会社ポピンズホールディングス
S100L1R2,2021-03-30,2021-03-30 13:03,49190,2020-01-01,2020-12-31,株式会社ミルボン
S100L0I7,2021-03-30,2021-03-30 13:03,43920,2020-01-01,2020-12-31,ＦＩＧ株式会社
S100L1UZ,2021-03-30,2021-03-30 13:05,52010,2020-01-01,2020-12-31,ＡＧＣ株式会社
S100L2LH,2021-03-30,2021-03-30 13:05,61430,2020-01-01,2020-12-31,株式会社ソディック
S100L2QU,2021-03-30,2021-03-30 13:06,27520,2020-01-01,2020-12-31,株式会社フジオフードグループ本社
S100L2V8,2021-03-30,2021-03-30 13:07,89460,2020-01-01,2020-12-31,株式会社ＡＳＩＡＮ　ＳＴＡＲ
S100L0LY,2021-03-30,2021-03-30 13:18,33020,2020-01-01,2020-12-31,帝国繊維株式会社
S100L1FI,2021-03-30,2021-03-30 13:44,40250,2020-01-01,2020-12-31,多木化学株式会社
S100L2WV,2021-03-30,2021-03-30 13:46,79920,2020-01-01,2020-12-31,セーラー万年筆株式会社
S100L1A8,2021-03-30,2021-03-30 13:48,25030,2020-01-01,2020-12-31,キリンホールディングス株式会社
S100L2PW,2021-03-30,2021-03-30 14:07,51050,2020-01-01,2020-12-31,ＴＯＹＯ　ＴＩＲＥ株式会社
S100L0QZ,2021-03-30,2021-03-30 14:09,22120,2020-01-01,2020-12-31,山崎製パン株式会社
S100L2I2,2021-03-30,2021-03-30 14:12,45740,2020-04-01,2020-12-31,大幸薬品株式会社
S100L2GY,2021-03-30,2021-03-30 14:14,27000,2020-01-01,2020-12-31,木徳神糧株式会社
S100L1ZY,2021-03-30,2021-03-30 14:15,80900,2020-01-01,2020-12-31,昭光通商株式会社
S100L2X8,2021-03-30,2021-03-30 14:28,46690,2020-01-01,2020-12-31,株式会社ニッパンレンタル
S100L2B8,2021-03-30,2021-03-30 14:39,65610,2020-01-01,2020-12-31,株式会社ＨＡＮＡＴＯＵＲ　ＪＡＰＡＮ
S100L29B,2021-03-30,2021-03-30 14:42,32410,2020-01-01,2020-12-31,株式会社ウィル
S100KZ6I,2021-03-30,2021-03-30 14:43,62780,2020-01-01,2020-12-31,ユニオンツール株式会社
S100L230,2021-03-30,2021-03-30 14:44,59430,2020-01-01,2020-12-31,株式会社ノーリツ
S100L1SB,2021-03-30,2021-03-30 14:45,39440,2020-01-01,2020-12-31,古林紙工株式会社
S100L2Z5,2021-03-30,2021-03-30 14:45,14000,2020-01-01,2020-12-31,ルーデン・ホールディングス株式会社
S100L2YX,2021-03-30,2021-03-30 14:49,40040,2020-01-01,2020-12-31,昭和電工株式会社
S100L1QK,2021-03-30,2021-03-30 14:52,51010,2020-01-01,2020-12-31,横浜ゴム株式会社
S100L1MQ,2021-03-30,2021-03-30 14:54,66940,2020-01-01,2020-12-31,株式会社ズーム
S100KZCD,2021-03-30,2021-03-30 14:55,68530,2020-01-01,2020-12-31,株式会社共和電業
S100L275,2021-03-30,2021-03-30 14:57,64980,2020-04-01,2020-12-31,株式会社キッツ
S100L2QK,2021-03-30,2021-03-30 15:00,45790,2020-01-01,2020-12-31,ラクオリア創薬株式会社
S100L1Z8,2021-03-30,2021-03-30 15:00,66400,2020-01-01,2020-12-31,Ｉ‐ＰＥＸ株式会社
S100KYOE,2021-03-30,2021-03-30 15:00,36710,2020-01-01,2020-12-31,ソフトマックス株式会社
S100L2HL,2021-03-30,2021-03-30 15:00,76130,2020-01-01,2020-12-31,シークス株式会社
S100L2XC,2021-03-30,2021-03-30 15:00,96220,2020-01-01,2020-12-31,株式会社スペース
S100L2LM,2021-03-30,2021-03-30 15:00,53010,2020-01-01,2020-12-31,東海カーボン株式会社
S100L2L5,2021-03-30,2021-03-30 15:00,39110,2020-01-01,2020-12-31,株式会社Ａｉｍｉｎｇ
S100L1SA,2021-03-30,2021-03-30 15:01,56990,2020-01-01,2020-12-31,株式会社イボキン
S100L2NQ,2021-03-30,2021-03-30 15:02,23250,2020-01-01,2020-12-31,株式会社ＮＪＳ
S100L2I7,2021-03-30,2021-03-30 15:03,77510,2020-01-01,2020-12-31,キヤノン株式会社
S100L25V,2021-03-30,2021-03-30 15:05,65460,2020-01-01,2020-12-31,フルテック株式会社
S100L2AV,2021-03-30,2021-03-30 15:06,69150,2020-01-01,2020-12-31,千代田インテグレ株式会社
S100L2D2,2021-03-30,2021-03-30 15:09,41710,2020-01-01,2020-12-31,株式会社グローバルインフォメーション
S100L2YY,2021-03-30,2021-03-30 15:11,55630,2020-01-01,2020-12-31,新日本電工株式会社
S100L2RT,2021-03-30,2021-03-30 15:12,34450,2020-01-01,2020-12-31,株式会社ＲＳ　Ｔｅｃｈｎｏｌｏｇｉｅｓ
S100L1HG,2021-03-30,2021-03-30 15:12,47550,2020-01-01,2020-12-31,楽天株式会社
S100L2OV,2021-03-30,2021-03-30 15:14,46310,2020-01-01,2020-12-31,ＤＩＣ株式会社
S100L30W,2021-03-30,2021-03-30 15:16,37650,2020-01-01,2020-12-31,ガンホー・オンライン・エンターテイメント株式会社
S100L28W,2021-03-30,2021-03-30 15:18,71900,2020-01-01,2020-12-31,株式会社マーキュリアインベストメント
S100L2N6,2021-03-30,2021-03-30 15:30,73620,2020-01-01,2020-12-31,株式会社Ｔ．Ｓ．Ｉ
S100L2GE,2021-03-30,2021-03-30 15:31,60290,2020-01-01,2020-12-31,アトラ株式会社
S100L2DR,2021-03-30,2021-03-30 15:34,66530,2020-01-01,2020-12-31,株式会社正興電機製作所
S100L2U2,2021-03-30,2021-03-30 15:36,60710,2020-01-01,2020-12-31,株式会社ＩＢＪ
S100L2HV,2021-03-30,2021-03-30 15:49,47660,2020-01-01,2020-12-31,株式会社ピーエイ
S100L319,2021-03-30,2021-03-30 15:50,96720,2020-01-01,2020-12-31,東京都競馬株式会社
S100L2XF,2021-03-30,2021-03-30 15:56,21700,2020-01-01,2020-12-31,株式会社リンクアンドモチベーション
S100KZYT,2021-03-30,2021-03-30 16:00,31050,2020-01-01,2020-12-31,日清紡ホールディングス株式会社
S100L322,2021-03-30,2021-03-30 16:05,96120,2020-01-01,2020-12-31,株式会社ラックランド
S100L25Y,2021-03-30,2021-03-30 16:07,41860,2020-01-01,2020-12-31,東京応化工業株式会社
S100L2E6,2021-03-30,2021-03-30 16:08,30010,2020-01-01,2020-12-31,片倉工業株式会社
S100L2D0,2021-03-30,2021-03-30 16:10,85080,2020-01-01,2020-12-31,Ｊトラスト株式会社
S100L2K1,2021-03-30,2021-03-30 16:13,78460,2020-01-01,2020-12-31,株式会社パイロットコーポレーション
S100L343,2021-03-30,2021-03-30 16:38,41690,2020-01-01,2020-12-31,ＥＮＥＣＨＡＮＧＥ株式会社
S100L333,2021-03-30,2021-03-30 16:43,73630,2020-01-01,2020-12-31,株式会社ベビーカレンダー
S100L2WT,2021-03-30,2021-03-30 16:46,79860,2020-01-01,2020-12-31,日本アイ・エス・ケイ株式会社
S100L2N4,2021-03-30,2021-03-30 16:46,38070,2020-01-01,2020-12-31,株式会社フィスコ
S100L2O6,2021-03-30,2021-03-30 16:53,79890,2020-01-01,2020-12-31,立川ブラインド工業株式会社
S100L2YH,2021-03-30,2021-03-30 16:54,80290,2020-01-01,2020-12-31,株式会社ルックホールディングス
S100L35A,2021-03-30,2021-03-30 17:01,29860,2020-01-01,2020-12-31,株式会社ＬＡホールディングス
S100L34A,2021-03-30,2021-03-30 17:04,92710,2020-01-01,2020-12-31,株式会社和心
S100L33S,2021-03-30,2021-03-30 17:13,24360,2020-01-01,2020-12-31,共同ピーアール株式会社
S100L2AH,2021-03-31,2021-03-31 09:00,76090,2020-01-01,2020-12-31,ダイトロン株式会社
S100KXBR,2021-03-31,2021-03-31 09:00,49120,2020-01-01,2020-12-31,ライオン株式会社
S100L2QM,2021-03-31,2021-03-31 09:00,77160,2020-01-01,2020-12-31,株式会社ナカニシ
S100L29K,2021-03-31,2021-03-31 09:01,69770,2020-01-01,2020-12-31,株式会社日本抵抗器製作所
S100L1FJ,2021-03-31,2021-03-31 09:20,59500,2020-01-01,2020-12-31,日本パワーファスニング株式会社
S100L248,2021-03-31,2021-03-31 09:29,68700,2020-01-01,2020-12-31,日本フェンオール株式会社
S100L2LS,2021-03-31,2021-03-31 09:31,63760,2020-01-01,2020-12-31,日機装株式会社
S100L39W,2021-03-31,2021-03-31 09:38,45630,2020-01-01,2020-12-31,アンジェス株式会社
S100L38J,2021-03-31,2021-03-31 09:41,59650,2020-04-01,2020-12-31,株式会社フジマック
S100L2UY,2021-03-31,2021-03-31 09:46,80400,2020-01-01,2020-12-31,株式会社東京ソワール
S100L377,2021-03-31,2021-03-31 09:46,59460,2020-01-01,2020-12-31,株式会社長府製作所
S100L2LK,2021-03-31,2021-03-31 09:52,52140,2020-01-01,2020-12-31,日本電気硝子株式会社
S100L36C,2021-03-31,2021-03-31 09:54,98270,2020-01-01,2020-12-31,リリカラ株式会社
S100L32A,2021-03-31,2021-03-31 09:57,52160,2020-01-01,2020-12-31,株式会社倉元製作所
S100L35T,2021-03-31,2021-03-31 09:58,47120,2020-01-01,2020-12-31,株式会社ＫｅｙＨｏｌｄｅｒ
S100L2Z4,2021-03-31,2021-03-31 10:00,39640,2020-01-01,2020-12-31,株式会社オークネット
S100L31J,2021-03-31,2021-03-31 10:01,44500,2020-01-01,2020-12-31,株式会社パワーソリューションズ
S100L1YZ,2021-03-31,2021-03-31 10:08,16630,2020-01-01,2020-12-31,Ｋ＆Ｏエナジーグループ株式会社
S100L156,2021-03-31,2021-03-31 10:11,19940,2020-01-01,2020-12-31,高橋カーテンウォール工業株式会社
S100KZHN,2021-03-31,2021-03-31 10:14,64000,2020-01-01,2020-12-31,不二精機株式会社
S100L2M9,2021-03-31,2021-03-31 10:21,24020,2020-01-01,2020-12-31,株式会社アマナ
S100L359,2021-03-31,2021-03-31 10:24,26750,2020-01-01,2020-12-31,株式会社ダイナックホールディングス
S100L3AS,2021-03-31,2021-03-31 10:27,25010,2020-01-01,2020-12-31,サッポロホールディングス株式会社
S100L0ZO,2021-03-31,2021-03-31 10:28,64970,2020-01-01,2020-12-31,株式会社ハマイ
S100L38X,2021-03-31,2021-03-31 10:30,79560,2020-01-01,2020-12-31,ピジョン株式会社
S100L1XN,2021-03-31,2021-03-31 10:35,92600,2020-01-01,2020-12-31,西本Ｗｉｓｍｅｔｔａｃホールディングス株式会社
S100L3AL,2021-03-31,2021-03-31 10:42,24990,2020-01-01,2020-12-31,日本和装ホールディングス株式会社
S100L1UH,2021-03-31,2021-03-31 10:43,32040,2020-01-01,2020-12-31,株式会社トーア紡コーポレーション
S100L3B5,2021-03-31,2021-03-31 10:49,53100,2020-01-01,2020-12-31,東洋炭素株式会社
S100L33X,2021-03-31,2021-03-31 10:54,62500,2020-01-01,2020-12-31,株式会社やまびこ
S100L3BI,2021-03-31,2021-03-31 11:00,66350,2020-01-01,2020-12-31,株式会社大日光・エンジニアリング
S100L33H,2021-03-31,2021-03-31 11:02,36630,2020-01-01,2020-12-31,アートスパークホールディングス株式会社
S100L2SH,2021-03-31,2021-03-31 11:04,31970,2020-01-01,2020-12-31,株式会社すかいらーくホールディングス
S100L2TC,2021-03-31,2021-03-31 11:10,63100,2020-01-01,2020-12-31,井関農機株式会社
S100L3CI,2021-03-31,2021-03-31 11:11,44810,2020-01-01,2020-12-31,ベース株式会社
S100L3D4,2021-03-31,2021-03-31 11:20,41680,2020-01-01,2020-12-31,株式会社ヤプリ
S100L203,2021-03-31,2021-03-31 11:28,73090,2020-01-01,2020-12-31,株式会社シマノ
S100L3DD,2021-03-31,2021-03-31 11:40,37750,2020-01-01,2020-12-31,株式会社ガイアックス
S100L39P,2021-03-31,2021-03-31 11:49,64250,2020-01-01,2020-12-31,株式会社ユニバーサルエンターテインメント
S100L2B7,2021-03-31,2021-03-31 11:54,37270,2020-01-01,2020-12-31,株式会社アプリックス
S100L362,2021-03-31,2021-03-31 12:08,49790,2020-01-01,2020-12-31,ＯＡＴアグリオ株式会社
S100L34K,2021-03-31,2021-03-31 12:29,75310,2020-01-01,2020-12-31,清和中央ホールディングス株式会社
S100L2VW,2021-03-31,2021-03-31 12:38,77820,2020-01-01,2020-12-31,株式会社シンシア
S100L3DT,2021-03-31,2021-03-31 13:00,25730,2020-01-01,2020-12-31,北海道コカ・コーラボトリング株式会社
S100L3FA,2021-03-31,2021-03-31 13:17,70810,2020-01-01,2020-12-31,コーユーレンティア株式会社
S100L2DZ,2021-03-31,2021-03-31 13:42,81650,2020-01-01,2020-12-31,株式会社千趣会
S100L2XS,2021-03-31,2021-03-31 13:49,79840,2020-01-01,2020-12-31,コクヨ株式会社
S100L3GG,2021-03-31,2021-03-31 14:00,40530,2020-01-01,2020-12-31,株式会社Ｓｕｎ　Ａｓｔｅｒｉｓｋ
S100L3DF,2021-03-31,2021-03-31 14:51,33500,2020-01-01,2020-12-31,株式会社レッド・プラネット・ジャパン
S100L3H1,2021-03-31,2021-03-31 15:00,40200,2020-01-01,2020-12-31,ビートレンド株式会社
S100L30D,2021-03-31,2021-03-31 15:00,44930,2020-01-01,2020-12-31,株式会社サイバーセキュリティクラウド
S100L24G,2021-03-31,2021-03-31 15:00,44200,2020-01-01,2020-12-31,イーソル株式会社
S100L3FN,2021-03-31,2021-03-31 15:00,60340,2020-01-01,2020-12-31,ＭＲＴ株式会社
S100L2UU,2021-03-31,2021-03-31 15:01,39810,2020-01-01,2020-12-31,株式会社ビーグリー
S100L217,2021-03-31,2021-03-31 15:01,91450,2020-01-01,2020-12-31,株式会社ビーイングホールディングス
S100L3EV,2021-03-31,2021-03-31 15:01,48830,2020-01-01,2020-12-31,株式会社モダリス
S100L388,2021-03-31,2021-03-31 15:02,61720,2020-01-01,2020-12-31,株式会社メタップス
S100L316,2021-03-31,2021-03-31 15:03,59570,2020-01-01,2020-12-31,日東精工株式会社
S100L2YT,2021-03-31,2021-03-31 15:03,73590,2020-01-01,2020-12-31,株式会社東京通信
S100L3DY,2021-03-31,2021-03-31 15:13,41800,2020-01-01,2020-12-31,Ａｐｐｉｅｒ　Ｇｒｏｕｐ株式会社
S100L3H7,2021-03-31,2021-03-31 15:13,37580,2020-01-01,2020-12-31,株式会社アエリア
S100L38D,2021-03-31,2021-03-31 15:17,66190,2020-01-01,2020-12-31,ダブル・スコープ株式会社
S100L2H1,2021-03-31,2021-03-31 15:19,79440,2020-01-01,2020-12-31,ローランド株式会社
S100L3G9,2021-03-31,2021-03-31 15:23,64590,2020-01-01,2020-12-31,大和冷機工業株式会社
S100L3FU,2021-03-31,2021-03-31 15:25,65330,2020-01-01,2020-12-31,株式会社Ｏｒｃｈｅｓｔｒａ　Ｈｏｌｄｉｎｇｓ
S100L3JX,2021-03-31,2021-03-31 15:28,65920,2020-01-01,2020-12-31,マブチモーター株式会社
S100L3KH,2021-03-31,2021-03-31 15:39,67230,2020-01-01,2020-12-31,ルネサスエレクトロニクス株式会社
S100L3FE,2021-03-31,2021-03-31 15:42,41920,2020-01-01,2020-12-31,スパイダープラス株式会社
S100L369,2021-03-31,2021-03-31 15:44,42840,2020-01-01,2020-12-31,株式会社　ソルクシーズ
S100L3IQ,2021-03-31,2021-03-31 15:46,44870,2020-01-01,2020-12-31,株式会社スペースマーケット
S100L3L1,2021-03-31,2021-03-31 15:49,99730,2020-01-01,2020-12-31,株式会社小僧寿し
S100L37Z,2021-03-31,2021-03-31 15:50,36830,2020-01-01,2020-12-31,株式会社サイバーリンクス
S100L3DE,2021-03-31,2021-03-31 16:01,27210,2020-01-01,2020-12-31,株式会社ジェイホールディングス
S100L29W,2021-03-31,2021-03-31 16:04,56100,2020-01-01,2020-12-31,大和重工株式会社
S100L2ZS,2021-03-31,2021-03-31 16:04,17240,2020-01-01,2020-12-31,シンクレイヤ株式会社
S100L3LV,2021-03-31,2021-03-31 16:11,45780,2020-01-01,2020-12-31,大塚ホールディングス株式会社
S100L3IS,2021-03-31,2021-03-31 16:26,40560,2020-01-01,2020-12-31,ニューラルポケット株式会社
S100L3M2,2021-03-31,2021-03-31 16:29,21910,2020-01-01,2020-12-31,テラ株式会社
S100L3JQ,2021-03-31,2021-03-31 16:48,44820,2020-01-01,2020-12-31,株式会社ウィルズ
S100L3MC,2021-03-31,2021-03-31 16:52,21600,2020-01-01,2020-12-31,株式会社ジーエヌアイグループ
S100L3MK,2021-03-31,2021-03-31 17:11,27430,2020-01-01,2020-12-31,ピクセルカンパニーズ株式会社
S100L650,2021-04-14,2021-04-14 11:35,78650,2020-01-21,2021-01-20,ピープル株式会社
S100L3K4,2021-04-15,2021-04-15 09:54,75900,2020-01-21,2021-01-20,株式会社タカショー
S100L5OY,2021-04-16,2021-04-16 15:24,48130,2020-02-01,2021-01-31,株式会社ＡＣＣＥＳＳ
S100L6S8,2021-04-19,2021-04-19 09:10,25900,2020-01-21,2021-01-20,ダイドーグループホールディングス株式会社
S100L79W,2021-04-21,2021-04-21 10:00,81420,2020-02-01,2021-01-31,株式会社トーホー
S100L73D,2021-04-21,2021-04-21 13:11,96920,2020-02-01,2021-01-31,株式会社シーイーシー
S100L7FS,2021-04-21,2021-04-21 13:13,98290,2020-02-01,2021-01-31,株式会社ながの東急百貨店
S100L7KU,2021-04-22,2021-04-22 14:51,21630,2020-02-01,2021-01-31,株式会社アルトナー
S100L7GV,2021-04-23,2021-04-23 09:07,17580,2020-02-01,2021-01-31,太洋基礎工業株式会社
S100L6XV,2021-04-23,2021-04-23 09:48,39550,2020-02-01,2021-01-31,株式会社イムラ封筒
S100L76F,2021-04-23,2021-04-23 10:29,96370,2020-02-01,2021-01-31,オーエス株式会社
S100L7KZ,2021-04-23,2021-04-23 10:31,14330,2020-02-01,2021-01-31,ベステラ株式会社
S100L7VT,2021-04-23,2021-04-23 11:12,36570,2020-02-01,2021-01-31,ポールトゥウィン・ピットクルーホールディングス株式会社
S100L7O0,2021-04-23,2021-04-23 11:44,43800,2020-02-01,2021-01-31,株式会社Ｍマート
S100L7XO,2021-04-23,2021-04-23 14:23,42380,2020-02-01,2021-01-31,ミライアル株式会社
S100L7YN,2021-04-23,2021-04-23 15:20,71960,2020-02-01,2021-01-31,株式会社Ｃａｓａ
S100L7YA,2021-04-23,2021-04-23 17:00,66960,2020-02-01,2021-01-31,株式会社ピースリー
S100L7ZD,2021-04-26,2021-04-26 09:07,63360,2020-02-01,2021-01-31,株式会社石井表記
S100L7WP,2021-04-26,2021-04-26 09:38,69660,2020-02-01,2021-01-31,株式会社三井ハイテック
S100L7Z7,2021-04-26,2021-04-26 13:15,33200,2020-02-01,2021-01-31,クロスプラス株式会社
S100L80P,2021-04-26,2021-04-26 14:02,29830,2020-02-01,2021-01-31,株式会社アールプランナー
S100L871,2021-04-26,2021-04-26 15:19,31590,2020-02-01,2021-01-31,丸善ＣＨＩホールディングス株式会社
S100L7WJ,2021-04-26,2021-04-26 15:36,61840,2020-02-01,2021-01-31,株式会社鎌倉新書
S100L7TX,2021-04-26,2021-04-26 15:39,39310,2020-02-01,2021-01-31,株式会社バリューゴルフ
S100L8A9,2021-04-27,2021-04-27 13:31,68980,2020-02-01,2021-01-31,トミタ電機株式会社
S100L82G,2021-04-27,2021-04-27 13:39,96360,2020-02-01,2021-01-31,株式会社きんえい
S100L825,2021-04-27,2021-04-27 14:23,97430,2020-02-01,2021-01-31,株式会社丹青社
S100L88G,2021-04-27,2021-04-27 15:08,42870,2020-02-01,2021-01-31,株式会社ジャストプランニング
S100L8JF,2021-04-27,2021-04-27 15:33,35650,2020-02-01,2021-01-31,アセンテック株式会社
S100L8BL,2021-04-27,2021-04-27 15:44,30700,2020-02-01,2021-01-31,株式会社アマガサ
S100L88O,2021-04-28,2021-04-28 09:23,32460,2020-02-01,2021-01-31,株式会社コーセーアールイー
S100L8ME,2021-04-28,2021-04-28 09:25,66540,2020-02-01,2021-01-31,不二電機工業株式会社
S100L6LP,2021-04-28,2021-04-28 09:38,43690,2020-02-01,2021-01-31,株式会社　トリケミカル研究所
S100L8IK,2021-04-28,2021-04-28 10:12,78780,2020-02-01,2021-01-31,株式会社光・彩
S100L7U5,2021-04-28,2021-04-28 10:19,19280,2020-02-01,2021-01-31,積水ハウス株式会社
S100L8QA,2021-04-28,2021-04-28 10:26,22170,2020-02-01,2021-01-31,モロゾフ株式会社
S100L8N4,2021-04-28,2021-04-28 10:38,30710,2020-02-01,2021-01-31,株式会社ストリーム
S100L8R3,2021-04-28,2021-04-28 10:53,43340,2020-02-01,2021-01-31,株式会社ユークス
S100L8P9,2021-04-28,2021-04-28 11:04,67570,2020-02-01,2021-01-31,株式会社ＯＳＧコーポレーション
S100L8PS,2021-04-28,2021-04-28 11:13,39210,2020-02-01,2021-01-31,株式会社ネオジャパン
S100L7LR,2021-04-28,2021-04-28 11:37,88420,2020-02-01,2021-01-31,株式会社東京楽天地
S100L8S4,2021-04-28,2021-04-28 12:00,96320,2020-02-01,2021-01-31,スバル興業株式会社
S100L777,2021-04-28,2021-04-28 13:00,97340,2020-02-01,2021-01-31,株式会社精養軒
S100L8KE,2021-04-28,2021-04-28 13:12,80680,2020-02-01,2021-01-31,菱洋エレクトロ株式会社
S100L8G8,2021-04-28,2021-04-28 13:56,80130,2020-02-01,2021-01-31,株式会社ナイガイ
S100L8QZ,2021-04-28,2021-04-28 13:58,53370,2020-01-01,2020-12-31,ダントーホールディングス株式会社
S100L8NY,2021-04-28,2021-04-28 15:01,36650,2020-02-01,2021-01-31,株式会社エニグモ
S100L8WF,2021-04-28,2021-04-28 15:12,70730,2020-02-01,2021-01-31,株式会社ジェイック
S100L8XA,2021-04-28,2021-04-28 15:24,45920,2020-02-01,2021-01-31,サンバイオ株式会社
S100L8X2,2021-04-28,2021-04-28 16:01,27760,2020-02-01,2021-01-31,新都ホールディングス株式会社
S100L8NN,2021-04-28,2021-04-28 17:06,39950,2020-02-01,2021-01-31,株式会社ＳＫＩＹＡＫＩ
S100L8VG,2021-04-30,2021-04-30 10:12,70640,2020-02-01,2021-01-31,株式会社ハウテレビジョン
S100L8UV,2021-04-30,2021-04-30 10:34,31690,2020-02-01,2021-01-31,株式会社ミサワ
S100L93Q,2021-04-30,2021-04-30 11:34,33990,2020-02-01,2021-01-31,株式会社丸千代山岡家
S100L8ZT,2021-04-30,2021-04-30 12:36,41750,2020-02-01,2021-01-31,株式会社ｃｏｌｙ
S100L95V,2021-04-30,2021-04-30 13:16,76830,2020-02-01,2021-01-31,株式会社ダブルエー
S100L8EY,2021-04-30,2021-04-30 13:35,76140,2020-02-01,2021-01-31,株式会社オーエムツーネットワーク
S100L90X,2021-04-30,2021-04-30 15:00,41740,2020-02-01,2021-01-31,株式会社アピリッツ
S100LAGG,2021-05-13,2021-05-13 14:11,82170,2020-02-21,2021-02-20,株式会社オークワ
S100LAV7,2021-05-13,2021-05-13 14:53,98420,2020-02-21,2021-02-20,アークランドサカモト株式会社
S100LBVH,2021-05-14,2021-05-14 09:21,98430,2020-02-21,2021-02-20,株式会社ニトリホールディングス
S100LBGD,2021-05-14,2021-05-14 12:04,82760,2020-02-21,2021-02-20,株式会社　平和堂
S100LBST,2021-05-14,2021-05-14 16:44,99760,2020-02-21,2021-02-20,株式会社　セキチュー
S100LCCT,2021-05-17,2021-05-17 09:02,33330,2020-02-21,2021-02-20,株式会社あさひ
S100LCHL,2021-05-17,2021-05-17 11:21,82270,2020-02-21,2021-02-20,株式会社しまむら
S100LC8M,2021-05-17,2021-05-17 12:31,27780,2020-02-21,2021-02-20,パレモ・ホールディングス株式会社
S100LCTZ,2021-05-18,2021-05-18 15:54,62790,2020-02-21,2021-02-20,株式会社瑞光
S100LCPV,2021-05-19,2021-05-19 09:40,75120,2020-03-01,2021-02-28,イオン北海道株式会社
S100LCTV,2021-05-19,2021-05-19 10:07,75450,2020-02-21,2021-02-20,株式会社西松屋チェーン
S100LCYK,2021-05-20,2021-05-20 10:07,76490,2020-03-01,2021-02-28,スギホールディングス株式会社
S100LD71,2021-05-20,2021-05-20 10:30,26530,2020-03-01,2021-02-28,イオン九州株式会社
S100LDA8,2021-05-20,2021-05-20 10:41,43430,2020-03-01,2021-02-28,株式会社イオンファンタジー
S100LD5T,2021-05-20,2021-05-20 10:53,97870,2020-03-01,2021-02-28,イオンディライト株式会社
S100LD9E,2021-05-20,2021-05-20 11:41,76030,2020-03-01,2021-02-28,株式会社マックハウス
S100LDCA,2021-05-20,2021-05-20 11:59,74500,2020-03-01,2021-02-28,株式会社サンデー
S100LBS7,2021-05-20,2021-05-20 15:06,31980,2020-03-01,2021-02-28,ＳＦＰホールディングス株式会社
S100LD4P,2021-05-20,2021-05-20 15:07,99770,2020-03-01,2021-02-28,株式会社アオキスーパー
S100LD8A,2021-05-20,2021-05-20 16:03,61420,2020-03-01,2021-02-28,富士精工株式会社
S100LDH9,2021-05-21,2021-05-21 09:18,82780,2020-03-01,2021-02-28,株式会社フジ
S100LDJ6,2021-05-21,2021-05-21 10:04,89050,2020-03-01,2021-02-28,イオンモール株式会社
S100LDGX,2021-05-21,2021-05-21 10:52,81850,2020-03-01,2021-02-28,株式会社チヨダ
S100LDDN,2021-05-21,2021-05-21 15:12,22940,2020-03-01,2021-02-28,株式会社柿安本店
S100LDCT,2021-05-21,2021-05-21 15:30,21860,2020-03-01,2021-02-28,ソーバル株式会社
S100LDOG,2021-05-21,2021-05-21 16:17,81660,2020-03-01,2021-02-28,株式会社タカキュー
S100LDAU,2021-05-24,2021-05-24 09:01,32220,2020-03-01,2021-02-28,ユナイテッド・スーパーマーケット・ホールディングス株式会社
S100LDRB,2021-05-24,2021-05-24 10:22,26860,2020-03-01,2021-02-28,株式会社ジーフット
S100LDUK,2021-05-24,2021-05-24 11:26,85700,2020-03-01,2021-02-28,イオンフィナンシャルサービス株式会社
S100LDUL,2021-05-24,2021-05-24 11:29,99460,2020-03-01,2021-02-28,ミニストップ株式会社
S100LDPQ,2021-05-24,2021-05-24 13:33,23540,2020-03-01,2021-02-28,株式会社ＹＥ　ＤＩＧＩＴＡＬ
S100LDQL,2021-05-24,2021-05-24 15:01,23370,2020-03-01,2021-02-28,いちご株式会社
S100LDZK,2021-05-25,2021-05-25 10:00,82870,2020-03-01,2021-02-28,マックスバリュ西日本株式会社
S100LE1J,2021-05-25,2021-05-25 10:56,82000,2020-03-01,2021-02-28,株式会社リンガーハット
S100LDU7,2021-05-25,2021-05-25 11:19,99480,2020-03-01,2021-02-28,株式会社アークス
S100LDTT,2021-05-25,2021-05-25 14:15,27470,2020-03-01,2021-02-28,北雄ラッキー株式会社
S100LE71,2021-05-25,2021-05-25 15:15,70770,2020-03-01,2021-02-28,株式会社ＡＬｉＮＫインターネット
S100LE5S,2021-05-25,2021-05-25 15:17,52710,2020-03-01,2021-02-28,株式会社トーヨーアサノ
S100LE4A,2021-05-25,2021-05-25 16:00,30570,2020-03-01,2021-02-28,株式会社ゼットン
S100LDMY,2021-05-25,2021-05-25 16:00,76240,2020-03-01,2021-02-28,株式会社ＮａＩＴＯ
S100LE92,2021-05-25,2021-05-25 16:13,35500,2020-03-01,2021-02-28,株式会社スタジオアタオ
S100LE7W,2021-05-26,2021-05-26 09:10,26690,2020-03-01,2021-02-28,カネ美食品株式会社
S100LDXV,2021-05-26,2021-05-26 09:17,81680,2020-03-01,2021-02-28,株式会社ケーヨー
S100LDTZ,2021-05-26,2021-05-26 09:24,23410,2020-03-01,2021-02-28,株式会社アルバイトタイムス
S100LE6D,2021-05-26,2021-05-26 09:34,30940,2020-03-01,2021-02-28,株式会社スーパーバリュー
S100LEHD,2021-05-26,2021-05-26 10:35,81980,2020-03-01,2021-02-28,マックスバリュ東海株式会社
S100LD3T,2021-05-26,2021-05-26 11:06,93810,2020-03-01,2021-02-28,株式会社エーアイテイー
S100LDVX,2021-05-26,2021-05-26 11:17,98760,2020-03-01,2021-02-28,株式会社コックス
S100LEIP,2021-05-26,2021-05-26 11:51,73570,2020-03-01,2021-02-28,株式会社ジオコード
S100LE84,2021-05-26,2021-05-26 11:57,82030,2020-03-01,2021-02-28,株式会社ミスターマックス・ホールディングス
S100LE42,2021-05-26,2021-05-26 12:01,68970,2020-03-01,2021-02-28,ツインバード工業株式会社
S100LE78,2021-05-26,2021-05-26 12:27,26510,2020-03-01,2021-02-28,株式会社ローソン
S100LEJ7,2021-05-26,2021-05-26 12:47,26590,2020-03-01,2021-02-28,株式会社サンエー
S100LEGM,2021-05-26,2021-05-26 13:03,78110,2020-03-01,2021-02-28,中本パックス株式会社
S100LEJQ,2021-05-26,2021-05-26 13:06,81670,2020-03-01,2021-02-28,株式会社リテールパートナーズ
S100LE7L,2021-05-26,2021-05-26 13:09,76110,2020-03-01,2021-02-28,株式会社ハイデイ日高
S100LE2I,2021-05-26,2021-05-26 13:18,76790,2020-03-01,2021-02-28,株式会社薬王堂ホールディングス
S100LEKO,2021-05-26,2021-05-26 13:50,92750,2020-03-01,2021-02-28,株式会社ナルミヤ・インターナショナル
S100LDQS,2021-05-26,2021-05-26 14:11,64690,2020-03-01,2021-02-28,株式会社　放電精密加工研究所
S100LEFH,2021-05-26,2021-05-26 14:43,99930,2020-03-01,2021-02-28,株式会社ヤマザワ
S100LDSK,2021-05-26,2021-05-26 15:00,99450,2020-03-01,2021-02-28,株式会社プレナス
S100LE48,2021-05-26,2021-05-26 15:00,21780,2020-03-01,2021-02-28,株式会社トライステージ
S100LEHU,2021-05-26,2021-05-26 15:00,61820,2020-03-01,2021-02-28,株式会社ロゼッタ
S100LE58,2021-05-26,2021-05-26 15:01,39220,2020-03-01,2021-02-28,株式会社ＰＲ　ＴＩＭＥＳ
S100LEE8,2021-05-26,2021-05-26 15:06,39350,2020-03-01,2021-02-28,株式会社エディア
S100LENO,2021-05-26,2021-05-26 15:47,96010,2020-03-01,2021-02-28,松竹株式会社
S100LELJ,2021-05-26,2021-05-26 15:48,22920,2020-03-01,2021-02-28,エスフーズ株式会社
S100LE0C,2021-05-26,2021-05-26 16:00,31410,2020-03-01,2021-02-28,ウエルシアホールディングス株式会社
S100LEN3,2021-05-26,2021-05-26 16:03,28720,2020-03-01,2021-02-28,株式会社セイヒョー
S100LE60,2021-05-26,2021-05-26 16:09,30870,2020-03-01,2021-02-28,株式会社ドトール・日レスホールディングス
S100LE6G,2021-05-27,2021-05-27 09:00,75200,2020-03-01,2021-02-28,株式会社エコス
S100LEOU,2021-05-27,2021-05-27 09:01,17120,2020-03-01,2021-02-28,株式会社ダイセキ環境ソリューション
S100LESM,2021-05-27,2021-05-27 09:32,28820,2020-04-01,2021-02-28,株式会社イートアンドホールディングス
S100LEAD,2021-05-27,2021-05-27 09:37,97780,2020-03-01,2021-02-28,株式会社昴
S100LEOK,2021-05-27,2021-05-27 09:43,14180,2020-03-01,2021-02-28,インターライフホールディングス株式会社
S100LEJ4,2021-05-27,2021-05-27 09:54,82330,2020-03-01,2021-02-28,株式会社髙島屋
S100LETR,2021-05-27,2021-05-27 10:32,65060,2020-03-01,2021-02-28,株式会社安川電機
S100LENL,2021-05-27,2021-05-27 10:42,74270,2020-03-01,2021-02-28,エコートレーディング株式会社
S100LEU6,2021-05-27,2021-05-27 10:47,65720,2020-03-01,2021-02-28,ＲＰＡホールディングス株式会社
S100LEV2,2021-05-27,2021-05-27 11:02,26680,2020-03-01,2021-02-28,タビオ株式会社
S100LE77,2021-05-27,2021-05-27 11:04,93260,2020-03-01,2021-02-28,株式会社関通
S100LEQA,2021-05-27,2021-05-27 11:47,33530,2020-03-01,2021-02-28,株式会社メディカル一光グループ
S100LEWI,2021-05-27,2021-05-27 12:10,47450,2020-03-01,2021-02-28,株式会社東京個別指導学院
S100LELG,2021-05-27,2021-05-27 12:15,82730,2020-03-01,2021-02-28,株式会社イズミ
S100LE0F,2021-05-27,2021-05-27 12:19,30300,2020-03-01,2021-02-28,株式会社ハブ
S100LEY4,2021-05-27,2021-05-27 12:58,23790,2020-03-01,2021-02-28,ディップ株式会社
S100LESE,2021-05-27,2021-05-27 13:04,33960,2020-03-01,2021-02-28,株式会社フェリシモ
S100LESK,2021-05-27,2021-05-27 13:13,49200,2020-03-01,2021-02-28,株式会社日本色材工業研究所
S100LE2G,2021-05-27,2021-05-27 13:23,96610,2020-03-01,2021-02-28,株式会社歌舞伎座
S100LEQP,2021-05-27,2021-05-27 13:26,36700,2020-03-01,2021-02-28,協立情報通信株式会社
S100LEBD,2021-05-27,2021-05-27 13:28,67340,2020-03-01,2021-02-28,株式会社ニューテック
S100LENE,2021-05-27,2021-05-27 13:36,97160,2020-03-01,2021-02-28,株式会社乃村工藝社
S100LEHG,2021-05-27,2021-05-27 13:38,76010,2020-03-01,2021-02-28,株式会社ポプラ
S100LEIE,2021-05-27,2021-05-27 13:57,30830,2020-03-01,2021-02-28,株式会社シーズメン
S100LF08,2021-05-27,2021-05-27 14:24,36270,2020-03-01,2021-02-28,ＪＮＳホールディングス株式会社
S100LF0I,2021-05-27,2021-05-27 14:37,99740,2020-03-01,2021-02-28,株式会社ベルク
S100LF1P,2021-05-27,2021-05-27 15:04,32230,2020-03-01,2021-02-28,株式会社エスエルディー
S100LERA,2021-05-27,2021-05-27 15:08,65430,2020-03-01,2021-02-28,株式会社日宣
S100LDMT,2021-05-27,2021-05-27 15:08,31810,2020-03-01,2021-02-28,株式会社買取王国
S100LEEB,2021-05-27,2021-05-27 15:19,23380,2020-03-01,2021-02-28,株式会社ビットワングループ
S100LEY2,2021-05-27,2021-05-27 15:23,70490,2020-03-01,2021-02-28,株式会社識学
S100LF1S,2021-05-27,2021-05-27 15:30,34900,2020-03-01,2021-02-28,株式会社アズ企画設計
S100LEQF,2021-05-27,2021-05-27 15:34,44290,2020-03-01,2021-02-28,リックソフト株式会社
S100LDRR,2021-05-27,2021-05-27 15:43,82670,2020-03-01,2021-02-28,イオン株式会社
S100LE5F,2021-05-27,2021-05-27 16:00,96020,2020-03-01,2021-02-28,東宝株式会社
S100LEQQ,2021-05-27,2021-05-27 16:00,64320,2020-03-01,2021-02-28,株式会社竹内製作所
S100KLVZ,2021-05-27,2021-05-27 16:13,38260,2020-03-01,2021-02-28,株式会社システムインテグレータ
S100LF46,2021-05-27,2021-05-27 16:48,35620,2020-03-01,2021-02-28,株式会社Ｎｏ．１
S100LF35,2021-05-27,2021-05-27 16:49,39670,2020-03-01,2021-02-28,株式会社エルテス
S100LEUT,2021-05-27,2021-05-27 16:58,34150,2020-03-01,2021-02-28,株式会社ＴＯＫＹＯ　ＢＡＳＥ
S100LEW1,2021-05-27,2021-05-27 17:01,65550,2020-03-01,2021-02-28,株式会社ＭＳ＆Ｃｏｎｓｕｌｔｉｎｇ
S100LDGG,2021-05-27,2021-05-27 17:05,78290,2020-03-01,2021-02-28,株式会社サマンサタバサジャパンリミテッド
S100LF83,2021-05-28,2021-05-28 09:00,68140,2020-03-01,2021-02-28,古野電気株式会社
S100LED7,2021-05-28,2021-05-28 09:01,30650,2020-03-01,2021-02-28,株式会社ライフフーズ
S100LDT3,2021-05-28,2021-05-28 09:01,97930,2020-03-01,2021-02-28,株式会社ダイセキ
S100LEE6,2021-05-28,2021-05-28 09:07,79750,2020-03-01,2021-02-28,株式会社リヒトラブ
S100LEQM,2021-05-28,2021-05-28 09:14,81250,2020-03-01,2021-02-28,株式会社ワキタ
S100LF4S,2021-05-28,2021-05-28 09:23,32600,2020-03-01,2021-02-28,株式会社エスポア
S100LF7I,2021-05-28,2021-05-28 09:29,30500,2020-03-01,2021-02-28,ＤＣＭホールディングス株式会社
S100LF4E,2021-05-28,2021-05-28 09:31,89310,2020-03-01,2021-02-28,和田興産株式会社
S100LF16,2021-05-28,2021-05-28 09:34,80080,2020-03-01,2021-02-28,株式会社ヨンドシーホールディングス
S100LEZN,2021-05-28,2021-05-28 09:35,30800,2020-03-01,2021-02-28,株式会社ジェーソン
S100LF9L,2021-05-28,2021-05-28 09:41,76300,2020-03-01,2021-02-28,株式会社壱番屋
S100LF5L,2021-05-28,2021-05-28 10:00,98610,2020-03-01,2021-02-28,株式会社吉野家ホールディングス
S100LF3U,2021-05-28,2021-05-28 10:01,27890,2020-03-01,2021-02-28,株式会社カルラ
S100LFAJ,2021-05-28,2021-05-28 10:02,44320,2020-03-01,2021-02-28,ウイングアーク１ｓｔ株式会社
S100LEY8,2021-05-28,2021-05-28 10:19,89180,2020-03-01,2021-02-28,株式会社ランド
S100LEXS,2021-05-28,2021-05-28 10:25,99030,2020-03-01,2021-02-28,株式会社カンセキ
S100LEKE,2021-05-28,2021-05-28 10:28,26850,2020-03-01,2021-02-28,株式会社アダストリア
S100LETJ,2021-05-28,2021-05-28 10:31,29180,2020-03-01,2021-02-28,わらべや日洋ホールディングス株式会社
S100LFAE,2021-05-28,2021-05-28 10:33,43170,2020-03-01,2021-02-28,株式会社レイ
S100LF5H,2021-05-28,2021-05-28 10:35,81810,2020-03-01,2021-02-28,株式会社東天紅
S100LEWC,2021-05-28,2021-05-28 10:49,77190,2020-03-01,2021-02-28,株式会社東京衡機
S100LAAZ,2021-05-28,2021-05-28 10:58,33840,2020-03-01,2021-02-28,株式会社アークコア
S100LF6Y,2021-05-28,2021-05-28 11:06,82470,2020-03-01,2021-02-28,株式会社大和
S100LEHH,2021-05-28,2021-05-28 11:08,59820,2020-03-01,2021-02-28,株式会社マルゼン
S100LEP7,2021-05-28,2021-05-28 11:11,75150,2020-03-01,2021-02-28,株式会社マルヨシセンター
S100LEOW,2021-05-28,2021-05-28 11:15,82370,2020-03-01,2021-02-28,株式会社松屋
S100LF2J,2021-05-28,2021-05-28 11:17,82600,2020-03-01,2021-02-28,株式会社井筒屋
S100LEUH,2021-05-28,2021-05-28 11:29,82890,2020-03-01,2021-02-28,株式会社Ｏｌｙｍｐｉｃグループ
S100LEYS,2021-05-28,2021-05-28 11:29,60930,2020-03-01,2021-02-28,株式会社エスクロー・エージェント・ジャパン
S100LDK0,2021-05-28,2021-05-28 11:42,76100,2020-03-01,2021-02-28,株式会社テイツー
S100LFEE,2021-05-28,2021-05-28 11:58,75160,2020-03-01,2021-02-28,コーナン商事株式会社
S100LF0Y,2021-05-28,2021-05-28 12:10,81940,2020-03-01,2021-02-28,株式会社ライフコーポレーション
S100LFDH,2021-05-28,2021-05-28 12:17,80110,2020-03-01,2021-02-28,株式会社三陽商会
S100LFF6,2021-05-28,2021-05-28 12:34,27260,2020-03-01,2021-02-28,株式会社パルグループホールディングス
S100LFFQ,2021-05-28,2021-05-28 12:43,27420,2020-03-01,2021-02-28,株式会社ハローズ
S100LF5F,2021-05-28,2021-05-28 13:05,26830,2020-03-01,2021-02-28,株式会社魚喜
S100LF3R,2021-05-28,2021-05-28 13:20,80050,2020-04-01,2021-03-31,株式会社スクロール
S100LEPW,2021-05-28,2021-05-28 14:02,45300,2020-03-01,2021-02-28,久光製薬株式会社
S100LFF7,2021-05-28,2021-05-28 14:07,30860,2020-03-01,2021-02-28,Ｊ．フロント　リテイリング株式会社
S100LF7T,2021-05-28,2021-05-28 14:12,35580,2020-03-01,2021-02-28,株式会社ロコンド
S100LFIC,2021-05-28,2021-05-28 14:20,97400,2020-03-01,2021-02-28,セントラル警備保障株式会社
S100LEVH,2021-05-28,2021-05-28 14:25,47630,2020-03-01,2021-02-28,株式会社クリーク・アンド・リバー社
S100LFIO,2021-05-28,2021-05-28 14:35,60580,2020-03-01,2021-02-28,株式会社ベクトル
S100LE6M,2021-05-28,2021-05-28 14:48,74850,2020-03-01,2021-02-28,岡谷鋼機株式会社
S100LEOG,2021-05-28,2021-05-28 14:59,30930,2020-03-01,2021-02-28,株式会社トレジャー・ファクトリー
S100LFCE,2021-05-28,2021-05-28 15:00,30730,2020-03-01,2021-02-28,株式会社ＤＤホールディングス
S100LF1I,2021-05-28,2021-05-28 15:00,33870,2020-03-01,2021-02-28,株式会社クリエイト・レストランツ・ホールディングス
S100LFAK,2021-05-28,2021-05-28 15:00,80160,2020-03-01,2021-02-28,株式会社オンワードホールディングス
S100LEY3,2021-05-28,2021-05-28 15:00,61830,2020-03-01,2021-02-28,株式会社ベルシステム２４ホールディングス
S100LFIZ,2021-05-28,2021-05-28 15:00,40170,2020-03-01,2021-02-28,株式会社クリーマ
S100LFEP,2021-05-28,2021-05-28 15:00,78070,2020-03-01,2021-02-28,株式会社幸和製作所
S100LF5B,2021-05-28,2021-05-28 15:01,36780,2020-03-01,2021-02-28,株式会社メディアドゥ
S100LF31,2021-05-28,2021-05-28 15:02,35480,2020-03-01,2021-02-28,株式会社バロックジャパンリミテッド
S100LF78,2021-05-28,2021-05-28 15:03,82540,2020-03-01,2021-02-28,株式会社さいか屋
S100LETM,2021-05-28,2021-05-28 15:05,36080,2020-03-01,2021-02-28,株式会社ＴＳＩホールディングス
S100LEI8,2021-05-28,2021-05-28 15:19,29250,2020-03-01,2021-02-28,株式会社ピックルスコーポレーション
S100LFIU,2021-05-28,2021-05-28 15:20,31920,2020-03-01,2021-02-28,株式会社白鳩
S100LFKF,2021-05-28,2021-05-28 15:23,34790,2020-03-01,2021-02-28,株式会社ティーケーピー
S100LFKQ,2021-05-28,2021-05-28 15:28,44340,2020-03-01,2021-02-28,株式会社サーバーワークス
S100LFDA,2021-05-28,2021-05-28 15:30,29300,2020-03-01,2021-02-28,株式会社北の達人コーポレーション
S100LECN,2021-05-28,2021-05-28 15:30,93880,2020-03-01,2021-02-28,株式会社パパネッツ
S100LFEF,2021-05-28,2021-05-28 15:30,35430,2020-03-01,2021-02-28,株式会社コメダホールディングス
S100LD7Z,2021-05-28,2021-05-28 15:32,60700,2020-03-01,2021-02-28,キャリアリンク株式会社
S100LFHB,2021-05-28,2021-05-28 15:37,60860,2020-03-01,2021-02-28,シンメンテホールディングス株式会社
S100LFLL,2021-05-28,2021-05-28 15:45,28840,2020-03-01,2021-02-28,株式会社ヨシムラ・フード・ホールディングス
S100LFLH,2021-05-28,2021-05-28 15:48,81430,2020-03-01,2021-02-28,株式会社ラピーヌ
S100LEVR,2021-05-28,2021-05-28 15:50,65780,2020-03-01,2021-02-28,株式会社エヌリンクス
S100LF6H,2021-05-28,2021-05-28 15:51,30630,2020-03-01,2021-02-28,株式会社ジェイグループホールディングス
S100LFGV,2021-05-28,2021-05-28 16:00,46450,2020-03-01,2021-02-28,株式会社市進ホールディングス
S100LFD1,2021-05-28,2021-05-28 16:10,35570,2020-03-01,2021-02-28,ユナイテッド＆コレクティブ株式会社
S100LFJN,2021-05-28,2021-05-28 16:18,33820,2020-03-01,2021-02-28,株式会社セブン＆アイ・ホールディングス
S100LFEC,2021-05-28,2021-05-28 16:23,27060,2020-03-01,2021-02-28,株式会社ブロッコリー
S100LDKY,2021-05-28,2021-05-28 16:24,98460,2020-03-01,2021-02-28,株式会社天満屋ストア
S100LFMF,2021-05-28,2021-05-28 16:24,50180,2020-03-01,2021-02-28,株式会社ＭＯＲＥＳＣＯ
S100LFF9,2021-05-28,2021-05-28 16:33,27980,2020-03-01,2021-02-28,株式会社ワイズテーブルコーポレーション
S100LEOE,2021-05-31,2021-05-31 09:07,26700,2020-03-01,2021-02-28,株式会社エービーシー・マート
S100LFO2,2021-05-31,2021-05-31 09:09,99820,2020-03-01,2021-02-28,タキヒヨー株式会社
S100LFAF,2021-05-31,2021-05-31 09:10,63230,2020-03-01,2021-02-28,ローツェ株式会社
S100LES2,2021-05-31,2021-05-31 09:11,32800,2020-03-01,2021-02-28,株式会社エストラスト
S100LFIK,2021-05-31,2021-05-31 09:12,78470,2020-03-01,2021-02-28,株式会社グラファイトデザイン
S100LF1Y,2021-05-31,2021-05-31 09:16,23050,2020-03-01,2021-02-28,株式会社スタジオアリス
S100LF3P,2021-05-31,2021-05-31 10:05,59930,2020-03-01,2021-02-28,知多鋼業株式会社
S100LFRS,2021-05-31,2021-05-31 10:28,76080,2020-03-01,2021-02-28,株式会社エスケイジャパン
S100LFMC,2021-05-31,2021-05-31 10:44,31770,2020-03-01,2021-02-28,株式会社ありがとうサービス
S100LFN4,2021-05-31,2021-05-31 10:55,61730,2020-03-01,2021-02-28,株式会社アクアライン
S100LF7J,2021-05-31,2021-05-31 10:56,98350,2020-03-01,2021-02-28,株式会社ジュンテンドー
S100LF7G,2021-05-31,2021-05-31 10:58,78940,2020-03-01,2021-02-28,丸東産業株式会社
S100LFFK,2021-05-31,2021-05-31 11:00,47140,2020-03-01,2021-02-28,株式会社　リソー教育
S100LFJ8,2021-05-31,2021-05-31 11:08,79080,2020-04-01,2021-03-31,株式会社きもと
S100LEUZ,2021-05-31,2021-05-31 11:19,75440,2020-03-01,2021-02-28,株式会社スリーエフ
S100LDTX,2021-05-31,2021-05-31 11:24,59000,2020-03-01,2021-02-28,株式会社ダイケン
S100LFJL,2021-05-31,2021-05-31 11:25,39770,2020-03-01,2021-02-28,フュージョン株式会社
S100LF8B,2021-05-31,2021-05-31 12:30,44940,2020-03-01,2021-02-28,バリオセキュア株式会社
S100LF4D,2021-05-31,2021-05-31 13:59,82440,2020-03-01,2021-02-28,株式会社近鉄百貨店
S100LFVX,2021-05-31,2021-05-31 14:50,23000,2020-03-01,2021-02-28,株式会社きょくとう
S100LFWE,2021-05-31,2021-05-31 15:00,44900,2020-03-01,2021-02-28,株式会社ビザスク
S100LFOM,2021-05-31,2021-05-31 15:00,75990,2020-03-01,2021-02-28,株式会社ＩＤＯＭ
S100LFGD,2021-05-31,2021-05-31 15:00,39150,2020-03-01,2021-02-28,株式会社テラスカイ
S100LE04,2021-05-31,2021-05-31 15:02,65320,2020-03-01,2021-02-28,株式会社ベイカレント・コンサルティング
S100LF6M,2021-05-31,2021-05-31 15:09,58170,2020-03-01,2021-02-28,ＪＭＡＣＳ株式会社
S100LES4,2021-05-31,2021-05-31 15:11,35460,2020-03-01,2021-02-28,アレンザホールディングス株式会社
S100LFWP,2021-05-31,2021-05-31 15:15,41730,2020-03-01,2021-02-28,株式会社ＷＡＣＵＬ
S100LFTO,2021-05-31,2021-05-31 16:01,39190,2020-03-01,2021-02-28,パイプドＨＤ株式会社
S100LEWY,2021-05-31,2021-05-31 16:08,39960,2020-03-01,2021-02-28,サインポスト株式会社
S100LEHI,2021-05-31,2021-05-31 16:19,26870,2020-03-01,2021-02-28,株式会社シー・ヴイ・エス・ベイエリア
S100LFY6,2021-05-31,2021-05-31 16:27,63120,2020-03-01,2021-02-28,フロイント産業株式会社
S100LEHG,2021-06-02,2021-05-27 13:38,76010,2020-03-01,2021-02-28,株式会社ポプラ
S100LGH9,2021-06-04,2021-06-04 10:59,59900,2020-03-16,2021-03-15,株式会社スーパーツール
S100LGMY,2021-06-04,2021-06-04 13:51,77410,2020-04-01,2021-03-31,ＨＯＹＡ株式会社
S100LHH8,2021-06-09,2021-06-09 10:42,86970,2020-04-01,2021-03-31,株式会社日本取引所グループ
S100LH8M,2021-06-10,2021-06-10 09:01,83660,2020-04-01,2021-03-31,株式会社滋賀銀行
S100LHPJ,2021-06-10,2021-06-10 16:33,48750,2020-01-01,2020-12-31,メディシノバ・インク
S100LI2M,2021-06-11,2021-06-11 09:59,26640,2020-03-16,2021-03-15,株式会社カワチ薬品
S100LI7N,2021-06-14,2021-06-14 10:57,82850,2020-04-01,2021-03-31,三谷産業株式会社
S100LII9,2021-06-14,2021-06-14 15:03,30920,2020-04-01,2021-03-31,株式会社ＺＯＺＯ
S100LIN5,2021-06-14,2021-06-14 15:13,68610,2020-03-21,2021-03-20,株式会社キーエンス
S100LISA,2021-06-15,2021-06-15 13:39,90370,2020-04-01,2021-03-31,株式会社ハマキョウレックス
S100LIGN,2021-06-15,2021-06-15 14:07,38500,2020-04-01,2021-03-31,株式会社エヌ・ティ・ティ・データ・イントラマート
S100LJ0U,2021-06-15,2021-06-15 15:00,29800,2020-04-01,2021-03-31,ＳＲＥホールディングス株式会社
S100LJ18,2021-06-15,2021-06-15 15:05,62710,2020-04-01,2021-03-31,株式会社ニッセイ
S100LITZ,2021-06-15,2021-06-15 15:18,37780,2020-04-01,2021-03-31,さくらインターネット株式会社
S100LIRT,2021-06-15,2021-06-15 15:30,59060,2020-03-21,2021-03-20,エムケー精工株式会社
S100LJ1X,2021-06-15,2021-06-15 15:43,69950,2020-04-01,2021-03-31,株式会社東海理化電機製作所
S100LHWE,2021-06-15,2021-06-15 15:50,72830,2020-04-01,2021-03-31,愛三工業株式会社
S100LIQ8,2021-06-15,2021-06-15 16:13,87150,2020-04-01,2021-03-31,アニコム　ホールディングス株式会社
S100LISF,2021-06-15,2021-06-15 16:42,71570,2020-04-01,2021-03-31,ライフネット生命保険株式会社
S100LITY,2021-06-16,2021-06-16 09:02,79310,2020-03-21,2021-03-20,未来工業株式会社
S100LJ0R,2021-06-16,2021-06-16 09:34,58570,2020-04-01,2021-03-31,アサヒホールディングス株式会社
S100LJ71,2021-06-16,2021-06-16 09:40,19670,2020-03-21,2021-03-20,株式会社ヤマト
S100LIUR,2021-06-16,2021-06-16 10:44,93750,2020-04-01,2021-03-31,株式会社近鉄エクスプレス
S100LINC,2021-06-16,2021-06-16 11:00,43480,2020-04-01,2021-03-31,インフォコム株式会社
S100LIPB,2021-06-16,2021-06-16 11:12,65160,2020-04-01,2021-03-31,山洋電気株式会社
S100LJ64,2021-06-16,2021-06-16 11:44,49510,2020-04-01,2021-03-31,エステー株式会社
S100LIVT,2021-06-16,2021-06-16 13:00,61010,2020-04-01,2021-03-31,株式会社ツガミ
S100LJ20,2021-06-16,2021-06-16 13:06,79950,2020-04-01,2021-03-31,株式会社バルカー
S100LJCF,2021-06-16,2021-06-16 13:10,39360,2020-04-01,2021-03-31,株式会社グローバルウェイ
S100LJBZ,2021-06-16,2021-06-16 13:33,47320,2020-04-01,2021-03-31,株式会社ユー・エス・エス
S100LJCQ,2021-06-16,2021-06-16 13:42,97260,2020-04-01,2021-03-31,ＫＮＴ－ＣＴホールディングス株式会社
S100LJBQ,2021-06-16,2021-06-16 13:45,49990,2020-04-01,2021-03-31,セメダイン株式会社
S100LJ3Q,2021-06-16,2021-06-16 13:52,85950,2020-04-01,2021-03-31,ジャフコ　グループ株式会社
S100LIQ9,2021-06-16,2021-06-16 14:00,64700,2020-04-01,2021-03-31,大豊工業株式会社
S100LJC3,2021-06-16,2021-06-16 14:00,80380,2020-04-01,2021-03-31,東都水産株式会社
S100LJCT,2021-06-16,2021-06-16 14:14,81330,2020-04-01,2021-03-31,伊藤忠エネクス株式会社
S100LINJ,2021-06-16,2021-06-16 14:22,52040,2020-03-21,2021-03-20,石塚硝子株式会社
S100LJB2,2021-06-16,2021-06-16 14:42,38440,2020-04-01,2021-03-31,コムチュア株式会社
S100LJ4F,2021-06-16,2021-06-16 15:00,22200,2020-04-01,2021-03-31,亀田製菓株式会社
S100LJ1Y,2021-06-16,2021-06-16 15:00,27670,2020-04-01,2021-03-31,フィールズ株式会社
S100LJ96,2021-06-16,2021-06-16 15:10,90460,2020-04-01,2021-03-31,神戸電鉄株式会社
S100LJIB,2021-06-16,2021-06-16 16:23,34840,2020-04-01,2021-03-31,株式会社テンポイノベーション
S100LJBR,2021-06-16,2021-06-16 16:56,27050,2020-04-01,2021-03-31,株式会社大戸屋ホールディングス
S100LJGN,2021-06-16,2021-06-16 16:58,58520,2020-04-01,2021-03-31,株式会社アーレスティ
S100LJJ1,2021-06-16,2021-06-16 17:00,44980,2020-04-01,2021-03-31,サイバートラスト株式会社
S100LJG4,2021-06-16,2021-06-16 17:00,43100,2020-04-01,2021-03-31,株式会社ドリームインキュベータ
S100LJF2,2021-06-17,2021-06-17 09:01,90400,2020-03-21,2021-03-20,大宝運輸株式会社
S100LJG8,2021-06-17,2021-06-17 09:02,38410,2020-04-01,2021-03-31,株式会社ジーダット
S100LJ3T,2021-06-17,2021-06-17 09:14,38910,2020-04-01,2021-03-31,ニッポン高度紙工業株式会社
S100LISP,2021-06-17,2021-06-17 09:17,99550,2020-04-01,2021-03-31,株式会社ヨンキュウ
S100LJHO,2021-06-17,2021-06-17 09:51,90420,2020-04-01,2021-03-31,阪急阪神ホールディングス株式会社
S100LJOM,2021-06-17,2021-06-17 09:58,81900,2020-03-21,2021-03-20,株式会社ヤマナカ
S100LJON,2021-06-17,2021-06-17 10:24,28830,2020-04-01,2021-03-31,株式会社大冷
S100LJHU,2021-06-17,2021-06-17 10:27,96190,2020-04-01,2021-03-31,株式会社イチネンホールディングス
S100LJIG,2021-06-17,2021-06-17 10:29,67770,2020-04-01,2021-03-31,サンテック株式会社
S100LIYK,2021-06-17,2021-06-17 10:36,99090,2020-03-21,2021-03-20,愛光電気株式会社
S100LIWM,2021-06-17,2021-06-17 10:50,63010,2020-04-01,2021-03-31,株式会社小松製作所
S100LJ5Z,2021-06-17,2021-06-17 11:08,23710,2020-04-01,2021-03-31,株式会社カカクコム
S100LJTB,2021-06-17,2021-06-17 12:18,27290,2020-04-01,2021-03-31,株式会社ＪＡＬＵＸ
S100LJQ5,2021-06-17,2021-06-17 12:25,62490,2020-04-01,2021-03-31,株式会社ゲームカード・ジョイコホールディングス
S100LJHG,2021-06-17,2021-06-17 13:25,33160,2020-04-01,2021-03-31,東京日産コンピュータシステム株式会社
S100LJKC,2021-06-17,2021-06-17 13:39,81140,2020-04-01,2021-03-31,株式会社デサント
S100LJ23,2021-06-17,2021-06-17 13:40,99500,2020-03-21,2021-03-20,株式会社ハチバン
S100LJUK,2021-06-17,2021-06-17 13:46,33710,2020-04-01,2021-03-31,株式会社ソフトクリエイトホールディングス
S100LJ9Q,2021-06-17,2021-06-17 13:48,56090,2020-04-01,2021-03-31,日本鋳造株式会社
S100LJLK,2021-06-17,2021-06-17 14:02,61610,2020-03-21,2021-03-20,株式会社エスティック
S100LJNM,2021-06-17,2021-06-17 14:05,98780,2020-03-21,2021-03-20,株式会社　セキド
S100LIYT,2021-06-17,2021-06-17 14:33,75040,2020-04-01,2021-03-31,株式会社高速
S100LJ92,2021-06-17,2021-06-17 14:53,82490,2020-04-01,2021-03-31,株式会社テクノアソシエ
S100LJJ2,2021-06-17,2021-06-17 14:57,41850,2020-04-01,2021-03-31,ＪＳＲ株式会社
S100LJ8Y,2021-06-17,2021-06-17 15:01,49290,2020-03-21,2021-03-20,株式会社アジュバンコスメジャパン
S100LJNQ,2021-06-17,2021-06-17 15:02,57270,2020-04-01,2021-03-31,東邦チタニウム株式会社
S100LICE,2021-06-17,2021-06-17 15:16,90290,2020-04-01,2021-03-31,株式会社ヒガシトゥエンティワン
S100LIZW,2021-06-17,2021-06-17 15:25,99910,2020-04-01,2021-03-31,ジェコス株式会社
S100LJN6,2021-06-17,2021-06-17 15:35,46890,2020-04-01,2021-03-31,Ｚホールディングス株式会社
S100LJ5R,2021-06-17,2021-06-17 15:36,80350,2020-04-01,2021-03-31,東京エレクトロン株式会社
S100LJSU,2021-06-17,2021-06-17 16:12,82560,2020-03-21,2021-03-20,株式会社プロルート丸光
S100LJI6,2021-06-17,2021-06-17 16:14,87950,2020-04-01,2021-03-31,株式会社Ｔ＆Ｄホールディングス
S100LJML,2021-06-17,2021-06-17 16:20,78710,2020-04-01,2021-03-31,フクビ化学工業株式会社
S100LJNF,2021-06-17,2021-06-17 16:30,59700,2020-04-01,2021-03-31,株式会社ジーテクト
S100LJM7,2021-06-17,2021-06-17 16:42,94360,2020-04-01,2021-03-31,沖縄セルラー電話株式会社
S100LIVI,2021-06-18,2021-06-18 09:01,45280,2020-04-01,2021-03-31,小野薬品工業株式会社
S100LK12,2021-06-18,2021-06-18 09:03,59330,2020-03-21,2021-03-20,アルインコ株式会社
S100LJZS,2021-06-18,2021-06-18 09:15,49570,2020-04-01,2021-03-31,ヤスハラケミカル株式会社
S100LK5E,2021-06-18,2021-06-18 09:17,83820,2020-04-01,2021-03-31,株式会社中国銀行
S100LJU9,2021-06-18,2021-06-18 09:32,94130,2020-04-01,2021-03-31,株式会社テレビ東京ホールディングス
S100LKAB,2021-06-18,2021-06-18 09:38,80140,2020-04-01,2021-03-31,蝶理株式会社
S100LJQX,2021-06-18,2021-06-18 09:55,78370,2020-04-01,2021-03-31,株式会社アールシーコア
S100LIS3,2021-06-18,2021-06-18 10:07,47390,2020-04-01,2021-03-31,伊藤忠テクノソリューションズ株式会社
S100LJ5C,2021-06-18,2021-06-18 10:22,78570,2020-04-01,2021-03-31,セキ株式会社
S100LK4X,2021-06-18,2021-06-18 10:30,98160,2020-04-01,2021-03-31,株式会社　ストライダーズ
S100LJM2,2021-06-18,2021-06-18 10:53,64090,2020-04-01,2021-03-31,株式会社キトー
S100LK54,2021-06-18,2021-06-18 11:12,81310,2020-04-01,2021-03-31,株式会社ミツウロコグループホールディングス
S100LIQU,2021-06-18,2021-06-18 11:30,72410,2020-04-01,2021-03-31,フタバ産業株式会社
S100LKEV,2021-06-18,2021-06-18 11:49,75950,2020-04-01,2021-03-31,株式会社アルゴグラフィックス
S100LI20,2021-06-18,2021-06-18 11:56,15180,2020-04-01,2021-03-31,三井松島ホールディングス株式会社
S100LK7W,2021-06-18,2021-06-18 12:07,97280,2020-04-01,2021-03-31,日本管財株式会社
S100LKFA,2021-06-18,2021-06-18 12:08,94280,2020-04-01,2021-03-31,株式会社クロップス
S100LJXI,2021-06-18,2021-06-18 12:11,80010,2020-04-01,2021-03-31,伊藤忠商事株式会社
S100LJUR,2021-06-18,2021-06-18 12:23,80310,2020-04-01,2021-03-31,三井物産株式会社
S100LK5W,2021-06-18,2021-06-18 12:27,91010,2020-04-01,2021-03-31,日本郵船株式会社
S100LKG7,2021-06-18,2021-06-18 12:51,74120,2020-04-01,2021-03-31,株式会社アトム
S100LKFT,2021-06-18,2021-06-18 13:01,43450,2020-04-01,2021-03-31,株式会社シーティーエス
S100LKGH,2021-06-18,2021-06-18 13:09,59920,2020-04-01,2021-03-31,中央発條株式会社
S100LK4W,2021-06-18,2021-06-18 13:09,90640,2020-04-01,2021-03-31,ヤマトホールディングス株式会社
S100LJYZ,2021-06-18,2021-06-18 13:16,66410,2020-04-01,2021-03-31,日新電機株式会社
S100LJJ0,2021-06-18,2021-06-18 13:17,37380,2020-04-01,2021-03-31,株式会社ティーガイア
S100LKHI,2021-06-18,2021-06-18 13:18,39690,2020-04-01,2021-03-31,株式会社エイトレッド
S100LKB3,2021-06-18,2021-06-18 13:18,90580,2020-04-01,2021-03-31,トランコム株式会社
S100LK8S,2021-06-18,2021-06-18 13:32,67420,2020-04-01,2021-03-31,株式会社京三製作所
S100LK08,2021-06-18,2021-06-18 13:33,43440,2020-04-01,2021-03-31,ソースネクスト株式会社
S100LJFO,2021-06-18,2021-06-18 13:33,83560,2020-04-01,2021-03-31,株式会社十六銀行
S100LKIG,2021-06-18,2021-06-18 13:40,54860,2020-04-01,2021-03-31,日立金属株式会社
S100LKIB,2021-06-18,2021-06-18 13:40,38000,2020-04-01,2021-03-31,株式会社ユニリタ
S100LKIF,2021-06-18,2021-06-18 13:41,70890,2020-04-01,2021-03-31,フォースタートアップス株式会社
S100LKI5,2021-06-18,2021-06-18 13:42,44010,2020-04-01,2021-03-31,株式会社ＡＤＥＫＡ
S100LJP9,2021-06-18,2021-06-18 13:48,99140,2020-03-21,2021-03-20,株式会社　植松商会
S100LJT7,2021-06-18,2021-06-18 13:56,71800,2020-04-01,2021-03-31,株式会社九州フィナンシャルグループ
S100LK40,2021-06-18,2021-06-18 13:57,36350,2020-04-01,2021-03-31,株式会社コーエーテクモホールディングス
S100LI3C,2021-06-18,2021-06-18 14:00,49680,2020-04-01,2021-03-31,荒川化学工業株式会社
S100LJUZ,2021-06-18,2021-06-18 14:00,51910,2020-04-01,2021-03-31,住友理工株式会社
S100LK4G,2021-06-18,2021-06-18 14:00,54460,2020-04-01,2021-03-31,北越メタル株式会社
S100LJ4V,2021-06-18,2021-06-18 14:02,68340,2020-04-01,2021-03-31,株式会社　精工技研
S100LK7R,2021-06-18,2021-06-18 14:03,60350,2020-04-01,2021-03-31,株式会社アイ・アールジャパンホールディングス
S100LKI3,2021-06-18,2021-06-18 14:12,79610,2020-04-01,2021-03-31,兼松サステック株式会社
S100LK6S,2021-06-18,2021-06-18 14:19,49730,2020-04-01,2021-03-31,日本高純度化学株式会社
S100LK6D,2021-06-18,2021-06-18 14:48,80960,2020-04-01,2021-03-31,兼松エレクトロニクス株式会社
S100LJW1,2021-06-18,2021-06-18 14:48,80530,2020-04-01,2021-03-31,住友商事株式会社
S100LKMA,2021-06-18,2021-06-18 14:49,26920,2020-04-01,2021-03-31,伊藤忠食品株式会社
S100LIZD,2021-06-18,2021-06-18 14:53,58090,2020-04-01,2021-03-31,タツタ電線株式会社
S100LKI9,2021-06-18,2021-06-18 15:00,90450,2020-04-01,2021-03-31,京阪ホールディングス株式会社
S100LJD5,2021-06-18,2021-06-18 15:00,95190,2020-04-01,2021-03-31,株式会社レノバ
S100LK6A,2021-06-18,2021-06-18 15:00,92010,2020-04-01,2021-03-31,日本航空株式会社
S100LK9F,2021-06-18,2021-06-18 15:00,60980,2020-04-01,2021-03-31,株式会社リクルートホールディングス
S100LJOU,2021-06-18,2021-06-18 15:00,40620,2020-04-01,2021-03-31,イビデン株式会社
S100LK5M,2021-06-18,2021-06-18 15:03,36520,2020-04-01,2021-03-31,株式会社ディジタルメディアプロフェッショナル
S100LKLF,2021-06-18,2021-06-18 15:03,45560,2020-04-01,2021-03-31,株式会社カイノス
S100LKD1,2021-06-18,2021-06-18 15:06,19710,2020-04-01,2021-03-31,中央ビルト工業株式会社
S100LK6F,2021-06-18,2021-06-18 15:06,25990,2020-04-01,2021-03-31,ジャパンフーズ株式会社
S100LK5Q,2021-06-18,2021-06-18 15:08,42200,2020-04-01,2021-03-31,リケンテクノス株式会社
S100LKL8,2021-06-18,2021-06-18 15:09,69260,2020-04-01,2021-03-31,岡谷電機産業株式会社
S100LK7C,2021-06-18,2021-06-18 15:10,62010,2020-04-01,2021-03-31,株式会社豊田自動織機
S100LKG9,2021-06-18,2021-06-18 15:17,21750,2020-04-01,2021-03-31,株式会社エス・エム・エス
S100LK1O,2021-06-18,2021-06-18 15:21,46360,2020-04-01,2021-03-31,株式会社Ｔ＆Ｋ　ＴＯＫＡ
S100LJNH,2021-06-18,2021-06-18 15:24,27680,2020-04-01,2021-03-31,双日株式会社
S100LKNX,2021-06-18,2021-06-18 15:26,96130,2020-04-01,2021-03-31,株式会社エヌ・ティ・ティ・データ
S100LKNM,2021-06-18,2021-06-18 15:33,45230,2020-04-01,2021-03-31,エーザイ株式会社
S100LK94,2021-06-18,2021-06-18 15:37,45410,2020-04-01,2021-03-31,日医工株式会社
S100LK24,2021-06-18,2021-06-18 15:39,49800,2020-04-01,2021-03-31,デクセリアルズ株式会社
S100LK3M,2021-06-18,2021-06-18 15:40,69880,2020-04-01,2021-03-31,日東電工株式会社
S100LJKV,2021-06-18,2021-06-18 15:57,35930,2020-04-01,2021-03-31,株式会社ホギメディカル
S100LK46,2021-06-18,2021-06-18 16:00,42460,2020-04-01,2021-03-31,ダイキョーニシカワ株式会社
S100LKJA,2021-06-18,2021-06-18 16:00,79170,2020-04-01,2021-03-31,藤森工業株式会社
S100LK17,2021-06-18,2021-06-18 16:00,68030,2020-04-01,2021-03-31,ティアック株式会社
S100LIQN,2021-06-18,2021-06-18 16:11,45030,2020-04-01,2021-03-31,アステラス製薬株式会社
S100LK4E,2021-06-18,2021-06-18 16:15,72820,2020-04-01,2021-03-31,豊田合成株式会社
S100LK7G,2021-06-18,2021-06-18 16:19,80650,2020-04-01,2021-03-31,佐藤商事株式会社
S100LK2U,2021-06-18,2021-06-18 16:23,47430,2020-04-01,2021-03-31,株式会社アイティフォー
S100LJWD,2021-06-18,2021-06-18 16:42,32750,2020-04-01,2021-03-31,ハウスコム株式会社
S100LK8G,2021-06-18,2021-06-18 16:55,74720,2020-04-01,2021-03-31,株式会社鳥羽洋行
S100LKLE,2021-06-21,2021-06-21 09:00,46580,2020-04-01,2021-03-31,日本空調サービス株式会社
S100LJZ3,2021-06-21,2021-06-21 09:01,72590,2020-04-01,2021-03-31,株式会社アイシン
S100LKQ1,2021-06-21,2021-06-21 09:01,81500,2020-04-01,2021-03-31,三信電気株式会社
S100LK2K,2021-06-21,2021-06-21 09:03,47520,2020-04-01,2021-03-31,株式会社　昭和システムエンジニアリング
S100LIJL,2021-06-21,2021-06-21 09:06,53670,2020-04-01,2021-03-31,株式会社ニッカトー
S100LK7V,2021-06-21,2021-06-21 09:08,17260,2020-04-01,2021-03-31,株式会社ビーアールホールディングス
S100LKE9,2021-06-21,2021-06-21 09:11,47090,2020-04-01,2021-03-31,株式会社ＩＤホールディングス
S100LKKD,2021-06-21,2021-06-21 09:11,63170,2020-04-01,2021-03-31,株式会社北川鉄工所
S100LKEG,2021-06-21,2021-06-21 09:26,44710,2020-04-01,2021-03-31,三洋化成工業株式会社
S100LL0A,2021-06-21,2021-06-21 09:28,96860,2020-04-01,2021-03-31,東洋テック株式会社
S100LK0J,2021-06-21,2021-06-21 09:34,72500,2020-04-01,2021-03-31,太平洋工業株式会社
S100LKV5,2021-06-21,2021-06-21 09:36,43370,2020-04-01,2021-03-31,ぴあ株式会社
S100LL12,2021-06-21,2021-06-21 09:41,39290,2020-04-01,2021-03-31,ソーシャルワイヤー株式会社
S100LJSO,2021-06-21,2021-06-21 09:46,65180,2020-04-01,2021-03-31,三相電機株式会社
S100LKI7,2021-06-21,2021-06-21 09:48,64020,2020-04-01,2021-03-31,兼松エンジニアリング株式会社
S100LKZT,2021-06-21,2021-06-21 09:50,68990,2020-04-01,2021-03-31,ＡＳＴＩ株式会社
S100LJMF,2021-06-21,2021-06-21 09:56,83550,2020-04-01,2021-03-31,株式会社静岡銀行
S100LKNG,2021-06-21,2021-06-21 10:00,17980,2020-04-01,2021-03-31,株式会社守谷商会
S100LL1U,2021-06-21,2021-06-21 10:02,87830,2020-04-01,2021-03-31,ＧＦＡ株式会社
S100LJ2R,2021-06-21,2021-06-21 10:02,49230,2020-04-01,2021-03-31,コタ株式会社
S100LKML,2021-06-21,2021-06-21 10:09,26560,2020-04-01,2021-03-31,株式会社ベクター
S100LKH9,2021-06-21,2021-06-21 10:10,94780,2020-04-01,2021-03-31,ＳＥホールディングス・アンド・インキュベーションズ株式会社
S100LKGD,2021-06-21,2021-06-21 10:11,83630,2020-04-01,2021-03-31,株式会社　北國銀行
S100LL21,2021-06-21,2021-06-21 10:14,99320,2020-04-01,2021-03-31,杉本商事株式会社
S100LK7S,2021-06-21,2021-06-21 10:27,90100,2020-04-01,2021-03-31,富士急行株式会社
S100LL33,2021-06-21,2021-06-21 10:30,66520,2020-04-01,2021-03-31,ＩＤＥＣ株式会社
S100LKRB,2021-06-21,2021-06-21 10:31,46440,2020-04-01,2021-03-31,イマジニア株式会社
S100LKVC,2021-06-21,2021-06-21 10:37,90410,2020-04-01,2021-03-31,近鉄グループホールディングス株式会社
S100LK70,2021-06-21,2021-06-21 10:41,45390,2020-04-01,2021-03-31,日本ケミファ株式会社
S100LKAP,2021-06-21,2021-06-21 10:43,17380,2020-04-01,2021-03-31,株式会社ニットー
S100LKTU,2021-06-21,2021-06-21 10:43,21300,2020-04-01,2021-03-31,株式会社メンバーズ
S100LK3W,2021-06-21,2021-06-21 10:50,80870,2020-04-01,2021-03-31,フルサト工業株式会社
S100LJF4,2021-06-21,2021-06-21 10:54,42990,2020-04-01,2021-03-31,株式会社ハイマックス
S100LKH1,2021-06-21,2021-06-21 11:02,94740,2020-04-01,2021-03-31,株式会社ゼンリン
S100LKW1,2021-06-21,2021-06-21 11:06,69380,2020-04-01,2021-03-31,双信電機株式会社
S100LL5R,2021-06-21,2021-06-21 11:22,34200,2020-04-01,2021-03-31,株式会社ケー・エフ・シー
S100LKCI,2021-06-21,2021-06-21 11:26,40910,2020-04-01,2021-03-31,日本酸素ホールディングス株式会社
S100LKL0,2021-06-21,2021-06-21 11:40,46740,2020-04-01,2021-03-31,株式会社クレスコ
S100LKU5,2021-06-21,2021-06-21 12:00,60730,2020-04-01,2021-03-31,株式会社アサンテ
S100LKSX,2021-06-21,2021-06-21 12:00,46260,2020-04-01,2021-03-31,太陽ホールディングス株式会社
S100LJOJ,2021-06-21,2021-06-21 12:44,78320,2020-04-01,2021-03-31,株式会社バンダイナムコホールディングス
S100LKPH,2021-06-21,2021-06-21 12:51,63250,2020-04-01,2021-03-31,株式会社タカキタ
S100LJTZ,2021-06-21,2021-06-21 12:56,63220,2020-04-01,2021-03-31,株式会社タクミナ
S100LKQG,2021-06-21,2021-06-21 13:04,47260,2020-04-01,2021-03-31,ＳＢテクノロジー株式会社
S100LL8R,2021-06-21,2021-06-21 13:08,98890,2020-04-01,2021-03-31,ＪＢＣＣホールディングス株式会社
S100LKRX,2021-06-21,2021-06-21 13:18,57260,2020-04-01,2021-03-31,株式会社大阪チタニウムテクノロジーズ
S100LKJP,2021-06-21,2021-06-21 13:25,35530,2020-04-01,2021-03-31,共和レザー株式会社
S100LKA8,2021-06-21,2021-06-21 13:57,28150,2020-04-01,2021-03-31,アリアケジャパン株式会社
S100LJIS,2021-06-21,2021-06-21 14:13,79660,2020-04-01,2021-03-31,リンテック株式会社
S100LL1J,2021-06-21,2021-06-21 14:23,36860,2020-04-01,2021-03-31,株式会社ディー・エル・イー
S100LLC1,2021-06-21,2021-06-21 14:27,90390,2020-04-01,2021-03-31,株式会社サカイ引越センター
S100LKQX,2021-06-21,2021-06-21 14:37,33520,2020-04-01,2021-03-31,株式会社バッファロー
S100LKYF,2021-06-21,2021-06-21 14:43,72140,2020-04-01,2021-03-31,ＧＭＢ株式会社
S100LKFP,2021-06-21,2021-06-21 14:43,23270,2020-04-01,2021-03-31,日鉄ソリューションズ株式会社
S100LLDO,2021-06-21,2021-06-21 14:45,68940,2020-04-01,2021-03-31,パルステック工業株式会社
S100LKHU,2021-06-21,2021-06-21 15:00,77750,2020-04-01,2021-03-31,大研医器株式会社
S100LHP7,2021-06-21,2021-06-21 15:00,71820,2020-04-01,2021-03-31,株式会社ゆうちょ銀行
S100LJ0I,2021-06-21,2021-06-21 15:00,62870,2020-04-01,2021-03-31,サトーホールディングス株式会社
S100LKJ8,2021-06-21,2021-06-21 15:00,71810,2020-04-01,2021-03-31,株式会社かんぽ生命保険
S100LKVD,2021-06-21,2021-06-21 15:01,37960,2020-04-01,2021-03-31,株式会社いい生活
S100LKQD,2021-06-21,2021-06-21 15:02,96290,2020-04-01,2021-03-31,ピー・シー・エー株式会社
S100LL49,2021-06-21,2021-06-21 15:05,61040,2020-04-01,2021-03-31,芝浦機械株式会社
S100LKBH,2021-06-21,2021-06-21 15:06,31160,2020-04-01,2021-03-31,トヨタ紡織株式会社
S100LLBC,2021-06-21,2021-06-21 15:06,79400,2020-04-01,2021-03-31,ウェーブロックホールディングス株式会社
S100LL38,2021-06-21,2021-06-21 15:08,61780,2020-04-01,2021-03-31,日本郵政株式会社
S100LKPD,2021-06-21,2021-06-21 15:16,38470,2020-04-01,2021-03-31,パシフィックシステム株式会社
S100LKRJ,2021-06-21,2021-06-21 15:29,56310,2020-04-01,2021-03-31,株式会社日本製鋼所
S100LKUQ,2021-06-21,2021-06-21 15:30,24970,2020-04-01,2021-03-31,ユナイテッド株式会社
S100LLDU,2021-06-21,2021-06-21 15:34,42160,2020-04-01,2021-03-31,旭有機材株式会社
S100LKMI,2021-06-21,2021-06-21 15:35,49250,2020-04-01,2021-03-31,株式会社ハーバー研究所
S100LL9I,2021-06-21,2021-06-21 15:38,77330,2020-04-01,2021-03-31,オリンパス株式会社
S100LKST,2021-06-21,2021-06-21 15:42,86280,2020-04-01,2021-03-31,松井証券株式会社
S100LLHL,2021-06-21,2021-06-21 16:06,87320,2020-04-01,2021-03-31,株式会社マネーパートナーズグループ
S100LKCY,2021-06-21,2021-06-21 16:35,45690,2020-04-01,2021-03-31,キョーリン製薬ホールディングス株式会社
S100LLDA,2021-06-21,2021-06-21 16:46,87390,2020-04-01,2021-03-31,スパークス・グループ株式会社
S100LKS9,2021-06-21,2021-06-21 16:49,45680,2020-04-01,2021-03-31,第一三共株式会社
S100LKQ5,2021-06-21,2021-06-21 17:06,75540,2020-04-01,2021-03-31,株式会社幸楽苑ホールディングス
S100LKQM,2021-06-21,2021-06-21 17:10,63450,2020-04-01,2021-03-31,株式会社アイチコーポレーション
S100LI6O,2021-06-22,2021-06-22 09:13,87500,2020-04-01,2021-03-31,第一生命ホールディングス株式会社
S100LL7Y,2021-06-22,2021-06-22 09:24,47330,2020-04-01,2021-03-31,株式会社オービックビジネスコンサルタント
S100LKK4,2021-06-22,2021-06-22 09:57,89030,2020-04-01,2021-03-31,株式会社サンウッド
S100LIBI,2021-06-22,2021-06-22 10:09,99340,2020-04-01,2021-03-31,因幡電機産業株式会社
S100LLJR,2021-06-22,2021-06-22 10:27,76000,2020-04-01,2021-03-31,株式会社　日本エム・ディ・エム
S100LLIW,2021-06-22,2021-06-22 10:43,71640,2020-04-01,2021-03-31,全国保証株式会社
S100LLVB,2021-06-22,2021-06-22 11:00,24400,2020-04-01,2021-03-31,株式会社ぐるなび
S100LL2K,2021-06-22,2021-06-22 11:11,71830,2020-04-01,2021-03-31,あんしん保証株式会社
S100LLBW,2021-06-22,2021-06-22 11:15,73260,2020-04-01,2021-03-31,ＳＢＩインシュアランスグループ株式会社
S100LJRX,2021-06-22,2021-06-22 11:18,82790,2020-04-01,2021-03-31,株式会社ヤオコー
S100LL0Q,2021-06-22,2021-06-22 11:34,36480,2020-04-01,2021-03-31,ＡＧＳ株式会社
S100LL0L,2021-06-22,2021-06-22 11:41,98880,2020-04-01,2021-03-31,株式会社ＵＥＸ
S100LM1H,2021-06-22,2021-06-22 11:43,75060,2020-04-01,2021-03-31,株式会社　ハウス　オブ　ローゼ
S100LKWX,2021-06-22,2021-06-22 11:49,82280,2020-04-01,2021-03-31,株式会社マルイチ産商
S100LL71,2021-06-22,2021-06-22 11:55,21090,2020-04-01,2021-03-31,ＤＭ三井製糖ホールディングス株式会社
S100LLIN,2021-06-22,2021-06-22 11:55,59300,2020-04-01,2021-03-31,文化シヤッター株式会社
S100LHR6,2021-06-22,2021-06-22 12:03,98730,2020-04-01,2021-03-31,日本ＫＦＣホールディングス株式会社
S100LM33,2021-06-22,2021-06-22 12:45,26120,2020-04-01,2021-03-31,かどや製油株式会社
S100LL47,2021-06-22,2021-06-22 12:46,43880,2020-04-01,2021-03-31,株式会社エーアイ
S100LM0V,2021-06-22,2021-06-22 12:46,42490,2020-04-01,2021-03-31,森六ホールディングス株式会社
S100LJ13,2021-06-22,2021-06-22 12:51,68090,2020-04-01,2021-03-31,ＴＯＡ株式会社
S100LL4D,2021-06-22,2021-06-22 12:53,62380,2020-04-01,2021-03-31,フリュー株式会社
S100LLAD,2021-06-22,2021-06-22 12:59,31250,2020-03-26,2021-03-25,新内外綿株式会社
S100LL69,2021-06-22,2021-06-22 13:02,54510,2020-04-01,2021-03-31,株式会社淀川製鋼所
S100LKHD,2021-06-22,2021-06-22 13:03,84100,2020-04-01,2021-03-31,株式会社セブン銀行
S100LLET,2021-06-22,2021-06-22 13:15,74860,2020-04-01,2021-03-31,サンリン株式会社
S100LLLV,2021-06-22,2021-06-22 13:20,90240,2020-04-01,2021-03-31,株式会社西武ホールディングス
S100LLGA,2021-06-22,2021-06-22 13:20,93770,2020-04-01,2021-03-31,株式会社　エージーピー
S100LM5P,2021-06-22,2021-06-22 13:25,70220,2020-04-01,2021-03-31,サノヤスホールディングス株式会社
S100LLP3,2021-06-22,2021-06-22 13:26,63390,2020-04-01,2021-03-31,新東工業株式会社
S100LK9O,2021-06-22,2021-06-22 13:27,72990,2020-04-01,2021-03-31,フジオーゼックス株式会社
S100LKRP,2021-06-22,2021-06-22 13:29,56120,2020-04-01,2021-03-31,日本鋳鉄管株式会社
S100LM5W,2021-06-22,2021-06-22 13:29,43070,2020-04-01,2021-03-31,株式会社野村総合研究所
S100LLOV,2021-06-22,2021-06-22 13:37,64550,2020-04-01,2021-03-31,株式会社モリタホールディングス
S100LLHQ,2021-06-22,2021-06-22 13:43,81320,2020-04-01,2021-03-31,シナネンホールディングス株式会社
S100LM6W,2021-06-22,2021-06-22 13:47,33560,2020-04-01,2021-03-31,株式会社テリロジー
S100LL44,2021-06-22,2021-06-22 13:50,70450,2020-04-01,2021-03-31,株式会社ツクイスタッフ
S100LLKK,2021-06-22,2021-06-22 13:50,83990,2020-04-01,2021-03-31,株式会社琉球銀行
S100LLLW,2021-06-22,2021-06-22 13:54,67550,2020-04-01,2021-03-31,株式会社富士通ゼネラル
S100LM6Z,2021-06-22,2021-06-22 13:57,41140,2020-04-01,2021-03-31,株式会社日本触媒
S100LM4K,2021-06-22,2021-06-22 13:59,28010,2020-04-01,2021-03-31,キッコーマン株式会社
S100LLBG,2021-06-22,2021-06-22 14:00,45500,2020-04-01,2021-03-31,日水製薬株式会社
S100LL8A,2021-06-22,2021-06-22 14:01,78640,2020-04-01,2021-03-31,株式会社フジシールインターナショナル
S100LLD7,2021-06-22,2021-06-22 14:12,74660,2020-04-01,2021-03-31,ＳＰＫ株式会社
S100LL0B,2021-06-22,2021-06-22 14:14,57570,2020-04-01,2021-03-31,株式会社ＣＫサンエツ
S100LJ9G,2021-06-22,2021-06-22 14:20,69020,2020-04-01,2021-03-31,株式会社デンソー
S100LLLZ,2021-06-22,2021-06-22 14:26,45640,2020-04-01,2021-03-31,オンコセラピー・サイエンス株式会社
S100LKL1,2021-06-22,2021-06-22 14:52,74380,2020-04-01,2021-03-31,コンドーテック株式会社
S100LLOF,2021-06-22,2021-06-22 14:56,17750,2020-04-01,2021-03-31,富士古河Ｅ＆Ｃ株式会社
S100LLRE,2021-06-22,2021-06-22 14:58,46710,2020-04-01,2021-03-31,株式会社ファルコホールディングス
S100LM1Y,2021-06-22,2021-06-22 15:00,36580,2020-04-01,2021-03-31,株式会社イーブックイニシアティブジャパン
S100LL88,2021-06-22,2021-06-22 15:00,18710,2020-04-01,2021-03-31,株式会社ピーエス三菱
S100LL1R,2021-06-22,2021-06-22 15:01,91040,2020-04-01,2021-03-31,株式会社商船三井
S100LKAL,2021-06-22,2021-06-22 15:02,92320,2020-04-01,2021-03-31,株式会社パスコ
S100LLRU,2021-06-22,2021-06-22 15:06,24320,2020-04-01,2021-03-31,株式会社ディー・エヌ・エー
S100LLUQ,2021-06-22,2021-06-22 15:08,72980,2020-04-01,2021-03-31,八千代工業株式会社
S100LKEX,2021-06-22,2021-06-22 15:09,71910,2020-04-01,2021-03-31,株式会社イントラスト
S100LM5A,2021-06-22,2021-06-22 15:13,83610,2020-04-01,2021-03-31,株式会社　大垣共立銀行
S100LM4N,2021-06-22,2021-06-22 15:15,67580,2020-04-01,2021-03-31,ソニーグループ株式会社
S100LLJC,2021-06-22,2021-06-22 15:16,60890,2020-04-01,2021-03-31,株式会社ウィルグループ
S100LL0I,2021-06-22,2021-06-22 15:19,21620,2020-04-01,2021-03-31,ｎｍｓホールディングス株式会社
S100LIXH,2021-06-22,2021-06-22 15:20,90200,2020-04-01,2021-03-31,東日本旅客鉄道株式会社
S100LM5B,2021-06-22,2021-06-22 15:27,39100,2020-04-01,2021-03-31,株式会社エムケイシステム
S100LKKV,2021-06-22,2021-06-22 15:28,95510,2020-04-01,2021-03-31,メタウォーター株式会社
S100LM7D,2021-06-22,2021-06-22 15:31,40610,2020-04-01,2021-03-31,デンカ株式会社
S100LKVZ,2021-06-22,2021-06-22 15:34,82420,2020-04-01,2021-03-31,エイチ・ツー・オー　リテイリング株式会社
S100LKUL,2021-06-22,2021-06-22 15:34,79250,2020-04-01,2021-03-31,前澤化成工業株式会社
S100LLKR,2021-06-22,2021-06-22 15:39,77290,2020-04-01,2021-03-31,株式会社東京精密
S100LEXJ,2021-06-22,2021-06-22 15:40,36340,2020-04-01,2021-03-31,株式会社ソケッツ
S100LM0A,2021-06-22,2021-06-22 16:01,62810,2020-04-01,2021-03-31,株式会社前田製作所
S100LLYC,2021-06-22,2021-06-22 16:02,45260,2020-04-01,2021-03-31,理研ビタミン株式会社
S100LL2N,2021-06-22,2021-06-22 16:03,19690,2020-04-01,2021-03-31,高砂熱学工業株式会社
S100LLRO,2021-06-22,2021-06-22 16:04,43180,2020-04-01,2021-03-31,株式会社クイック
S100LLB7,2021-06-22,2021-06-22 16:05,34020,2020-04-01,2021-03-31,東レ株式会社
S100LLOC,2021-06-22,2021-06-22 16:07,78440,2020-04-01,2021-03-31,株式会社マーベラス
S100LLKO,2021-06-22,2021-06-22 16:09,61580,2020-04-01,2021-03-31,株式会社和井田製作所
S100LLJM,2021-06-22,2021-06-22 16:09,28710,2020-04-01,2021-03-31,株式会社ニチレイ
S100LLQ9,2021-06-22,2021-06-22 16:10,49560,2020-04-01,2021-03-31,コニシ株式会社
S100LMEC,2021-06-22,2021-06-22 16:15,97090,2020-04-01,2021-03-31,ＮＣＳ＆Ａ株式会社
S100LLDC,2021-06-22,2021-06-22 16:26,27150,2020-04-01,2021-03-31,エレマテック株式会社
S100LM1Z,2021-06-22,2021-06-22 16:31,46150,2020-04-01,2021-03-31,神東塗料株式会社
S100LM84,2021-06-22,2021-06-22 16:34,38580,2020-04-01,2021-03-31,株式会社ユビキタスＡＩコーポレーション
S100LLHV,2021-06-22,2021-06-22 17:10,67010,2020-04-01,2021-03-31,日本電気株式会社
S100LM6K,2021-06-23,2021-06-23 09:00,71750,2020-04-01,2021-03-31,今村証券株式会社
S100LLDQ,2021-06-23,2021-06-23 09:00,87060,2020-04-01,2021-03-31,極東証券株式会社
S100LK9P,2021-06-23,2021-06-23 09:00,22220,2020-04-01,2021-03-31,寿スピリッツ株式会社
S100LKDE,2021-06-23,2021-06-23 09:01,42310,2020-04-01,2021-03-31,タイガースポリマー株式会社
S100LKJ5,2021-06-23,2021-06-23 09:04,77230,2020-04-01,2021-03-31,愛知時計電機株式会社
S100LL14,2021-06-23,2021-06-23 09:05,86130,2020-04-01,2021-03-31,丸三証券株式会社
S100LKIZ,2021-06-23,2021-06-23 09:06,74170,2020-04-01,2021-03-31,株式会社南陽
S100LMBJ,2021-06-23,2021-06-23 09:06,90570,2020-04-01,2021-03-31,遠州トラック株式会社
S100LM7W,2021-06-23,2021-06-23 09:09,61570,2020-04-01,2021-03-31,日進工具株式会社
S100LL68,2021-06-23,2021-06-23 09:10,28760,2020-04-01,2021-03-31,株式会社デルソーレ
S100LM16,2021-06-23,2021-06-23 09:13,53860,2020-04-01,2021-03-31,株式会社鶴弥
S100LLD8,2021-06-23,2021-06-23 09:14,57020,2020-04-01,2021-03-31,株式会社大紀アルミニウム工業所
S100LKZ5,2021-06-23,2021-06-23 09:18,72130,2020-04-01,2021-03-31,レシップホールディングス株式会社
S100LLBS,2021-06-23,2021-06-23 09:19,42410,2020-04-01,2021-03-31,株式会社アテクト
S100LJ7B,2021-06-23,2021-06-23 09:19,96430,2020-04-01,2021-03-31,中日本興業株式会社
S100LLT8,2021-06-23,2021-06-23 09:26,52790,2020-04-01,2021-03-31,日本興業株式会社
S100LLV0,2021-06-23,2021-06-23 09:28,99670,2020-04-01,2021-03-31,堺商事株式会社
S100LMA8,2021-06-23,2021-06-23 09:30,90520,2020-04-01,2021-03-31,山陽電気鉄道株式会社
S100LMJ0,2021-06-23,2021-06-23 09:31,71860,2020-04-01,2021-03-31,株式会社コンコルディア・フィナンシャルグループ
S100LMGF,2021-06-23,2021-06-23 09:31,83810,2020-04-01,2021-03-31,株式会社山陰合同銀行
S100LMPJ,2021-06-23,2021-06-23 09:37,49620,2020-04-01,2021-03-31,互応化学工業株式会社
S100LMXG,2021-06-23,2021-06-23 09:43,90750,2020-04-01,2021-03-31,福山通運株式会社
S100LM6R,2021-06-23,2021-06-23 09:44,40820,2020-04-01,2021-03-31,第一稀元素化学工業株式会社
S100LM6I,2021-06-23,2021-06-23 09:48,38480,2020-04-01,2021-03-31,株式会社データ・アプリケーション
S100LLHE,2021-06-23,2021-06-23 09:49,61510,2020-04-01,2021-03-31,日東工器株式会社
S100LKBI,2021-06-23,2021-06-23 09:51,85620,2020-04-01,2021-03-31,株式会社　福島銀行
S100LMFT,2021-06-23,2021-06-23 09:52,59290,2020-04-01,2021-03-31,三和ホールディングス株式会社
S100LM9I,2021-06-23,2021-06-23 09:53,81580,2020-04-01,2021-03-31,ソーダニッカ株式会社
S100LK1P,2021-06-23,2021-06-23 10:00,31560,2020-04-01,2021-03-31,株式会社レスターホールディングス
S100LL41,2021-06-23,2021-06-23 10:00,45490,2020-04-01,2021-03-31,栄研化学株式会社
S100LM12,2021-06-23,2021-06-23 10:06,45440,2020-04-01,2021-03-31,Ｈ．Ｕ．グループホールディングス株式会社
S100LMAJ,2021-06-23,2021-06-23 10:08,46790,2020-04-01,2021-03-31,株式会社　田　谷
S100LM99,2021-06-23,2021-06-23 10:08,48390,2020-04-01,2021-03-31,株式会社ＷＯＷＯＷ
S100LMYP,2021-06-23,2021-06-23 10:30,45070,2020-04-01,2021-03-31,塩野義製薬株式会社
S100LM79,2021-06-23,2021-06-23 10:30,97440,2020-04-01,2021-03-31,株式会社メイテック
S100LKK1,2021-06-23,2021-06-23 10:38,74210,2020-04-01,2021-03-31,カッパ・クリエイト株式会社
S100LKEM,2021-06-23,2021-06-23 10:52,45310,2020-04-01,2021-03-31,有機合成薬品工業株式会社
S100LLMJ,2021-06-23,2021-06-23 11:03,67980,2020-04-01,2021-03-31,ＳＭＫ株式会社
S100LMH3,2021-06-23,2021-06-23 11:05,46670,2020-04-01,2021-03-31,アイサンテクノロジー株式会社
S100LN3L,2021-06-23,2021-06-23 11:09,59880,2020-04-01,2021-03-31,株式会社パイオラックス
S100LM7X,2021-06-23,2021-06-23 11:11,97390,2020-04-01,2021-03-31,日本システムウエア株式会社
S100LMCH,2021-06-23,2021-06-23 11:12,90220,2020-04-01,2021-03-31,東海旅客鉄道株式会社
S100LLEW,2021-06-23,2021-06-23 11:17,94230,2020-04-01,2021-03-31,株式会社フォーバル・リアルストレート
S100LMZC,2021-06-23,2021-06-23 11:19,18480,2020-04-01,2021-03-31,株式会社富士ピー・エス
S100LN4C,2021-06-23,2021-06-23 11:21,88030,2020-04-01,2021-03-31,平和不動産株式会社
S100LLW3,2021-06-23,2021-06-23 11:29,83490,2020-04-01,2021-03-31,株式会社　東北銀行
S100LMZ0,2021-06-23,2021-06-23 11:30,64060,2020-04-01,2021-03-31,フジテック株式会社
S100LMGZ,2021-06-23,2021-06-23 11:35,94790,2020-04-01,2021-03-31,株式会社インプレスホールディングス
S100LN5P,2021-06-23,2021-06-23 11:48,41120,2020-04-01,2021-03-31,保土谷化学工業株式会社
S100LMOU,2021-06-23,2021-06-23 11:56,27600,2020-04-01,2021-03-31,東京エレクトロンデバイス株式会社
S100LMPT,2021-06-23,2021-06-23 11:59,96970,2020-04-01,2021-03-31,株式会社カプコン
S100LMSX,2021-06-23,2021-06-23 12:00,94680,2020-04-01,2021-03-31,株式会社ＫＡＤＯＫＡＷＡ
S100LL90,2021-06-23,2021-06-23 12:05,85150,2020-04-01,2021-03-31,アイフル株式会社
S100LN6H,2021-06-23,2021-06-23 12:12,24680,2020-04-01,2021-03-31,株式会社フュートレック
S100LN33,2021-06-23,2021-06-23 12:33,25940,2020-04-01,2021-03-31,キーコーヒー株式会社
S100LMCM,2021-06-23,2021-06-23 12:35,60600,2020-04-01,2021-03-31,こころネット株式会社
S100LMOZ,2021-06-23,2021-06-23 12:37,30580,2020-04-01,2021-03-31,株式会社三洋堂ホールディングス
S100LJE5,2021-06-23,2021-06-23 12:37,29080,2020-04-01,2021-03-31,フジッコ株式会社
S100LJJU,2021-06-23,2021-06-23 12:38,29020,2020-04-01,2021-03-31,太陽化学株式会社
S100LN8L,2021-06-23,2021-06-23 12:41,31820,2020-04-01,2021-03-31,オイシックス・ラ・大地株式会社
S100LLAO,2021-06-23,2021-06-23 12:49,45430,2020-04-01,2021-03-31,テルモ株式会社
S100LN8I,2021-06-23,2021-06-23 12:52,96400,2020-04-01,2021-03-31,株式会社セゾン情報システムズ
S100LLER,2021-06-23,2021-06-23 12:57,35710,2020-04-01,2021-03-31,株式会社ソトー
S100LMSB,2021-06-23,2021-06-23 13:00,83460,2020-04-01,2021-03-31,株式会社東邦銀行
S100LN9V,2021-06-23,2021-06-23 13:04,89340,2020-04-01,2021-03-31,サンフロンティア不動産株式会社
S100LL7F,2021-06-23,2021-06-23 13:04,45520,2020-04-01,2021-03-31,ＪＣＲファーマ株式会社
S100LMN5,2021-06-23,2021-06-23 13:04,48000,2020-04-01,2021-03-31,オリコン株式会社
S100LMF9,2021-06-23,2021-06-23 13:11,59860,2020-04-01,2021-03-31,モリテックスチール株式会社
S100LM6L,2021-06-23,2021-06-23 13:15,56950,2020-04-01,2021-03-31,パウダーテック株式会社
S100LMJ8,2021-06-23,2021-06-23 13:16,93050,2020-04-01,2021-03-31,株式会社ヤマタネ
S100LLPH,2021-06-23,2021-06-23 13:16,21510,2020-04-01,2021-03-31,株式会社タケエイ
S100LLS1,2021-06-23,2021-06-23 13:21,72170,2020-04-01,2021-03-31,株式会社テイン
S100LM9X,2021-06-23,2021-06-23 13:22,90490,2020-04-01,2021-03-31,京福電気鉄道株式会社
S100LMFL,2021-06-23,2021-06-23 13:33,99590,2020-04-01,2021-03-31,アシードホールディングス株式会社
S100LIY5,2021-06-23,2021-06-23 13:33,90010,2020-04-01,2021-03-31,東武鉄道株式会社
S100LLZB,2021-06-23,2021-06-23 13:47,54060,2020-04-01,2021-03-31,株式会社　神戸製鋼所
S100LM2Z,2021-06-23,2021-06-23 13:47,88980,2020-04-01,2021-03-31,株式会社センチュリー２１・ジャパン
S100LLVM,2021-06-23,2021-06-23 13:48,83450,2020-04-01,2021-03-31,株式会社岩手銀行
S100LNDM,2021-06-23,2021-06-23 13:50,37630,2020-04-01,2021-03-31,株式会社プロシップ
S100LN19,2021-06-23,2021-06-23 13:51,21810,2020-04-01,2021-03-31,パーソルホールディングス株式会社
S100LMNA,2021-06-23,2021-06-23 13:53,18530,2020-04-01,2021-03-31,株式会社　森組
S100LMRV,2021-06-23,2021-06-23 13:55,25880,2020-04-01,2021-03-31,株式会社プレミアムウォーターホールディングス
S100LNCD,2021-06-23,2021-06-23 13:57,52170,2020-04-01,2021-03-31,テクノクオーツ株式会社
S100LME7,2021-06-23,2021-06-23 14:01,26070,2020-04-01,2021-03-31,不二製油グループ本社株式会社
S100LND8,2021-06-23,2021-06-23 14:04,13520,2020-04-01,2021-03-31,株式会社ホウスイ
S100LKU2,2021-06-23,2021-06-23 14:05,56070,2020-04-01,2021-03-31,中央可鍛工業株式会社
S100LJYD,2021-06-23,2021-06-23 14:06,61030,2020-04-01,2021-03-31,オークマ株式会社
S100LMEE,2021-06-23,2021-06-23 14:07,22700,2020-04-01,2021-03-31,雪印メグミルク株式会社
S100LM81,2021-06-23,2021-06-23 14:11,23170,2020-04-01,2021-03-31,株式会社システナ
S100LLIE,2021-06-23,2021-06-23 14:16,99840,2020-04-01,2021-03-31,ソフトバンクグループ株式会社
S100LN6O,2021-06-23,2021-06-23 14:20,23350,2020-04-01,2021-03-31,株式会社キューブシステム
S100LN4K,2021-06-23,2021-06-23 14:21,28020,2020-04-01,2021-03-31,味の素株式会社
S100LM32,2021-06-23,2021-06-23 14:24,79710,2020-04-01,2021-03-31,東リ株式会社
S100LNGG,2021-06-23,2021-06-23 14:25,97190,2020-04-01,2021-03-31,ＳＣＳＫ株式会社
S100LM3Q,2021-06-23,2021-06-23 14:27,80220,2020-04-01,2021-03-31,美津濃株式会社
S100LMCU,2021-06-23,2021-06-23 14:30,42040,2020-04-01,2021-03-31,積水化学工業株式会社
S100LLOK,2021-06-23,2021-06-23 14:30,59940,2020-04-01,2021-03-31,株式会社ファインシンター
S100LNI4,2021-06-23,2021-06-23 14:33,65840,2020-04-01,2021-03-31,三櫻工業株式会社
S100LMO4,2021-06-23,2021-06-23 14:34,51620,2020-04-01,2021-03-31,株式会社朝日ラバー
S100LMJ7,2021-06-23,2021-06-23 14:38,96630,2020-04-01,2021-03-31,株式会社ナガワ
S100LLOJ,2021-06-23,2021-06-23 14:48,31780,2020-04-01,2021-03-31,チムニー株式会社
S100LNCI,2021-06-23,2021-06-23 14:48,39560,2020-04-01,2021-03-31,国際チャート株式会社
S100LMQX,2021-06-23,2021-06-23 14:48,69610,2020-04-01,2021-03-31,株式会社エンプラス
S100LN0W,2021-06-23,2021-06-23 14:51,80590,2020-04-01,2021-03-31,第一実業株式会社
S100LMH9,2021-06-23,2021-06-23 14:51,67620,2020-04-01,2021-03-31,ＴＤＫ株式会社
S100LMVK,2021-06-23,2021-06-23 14:52,69080,2020-04-01,2021-03-31,イリソ電子工業株式会社
S100LLMF,2021-06-23,2021-06-23 14:52,91070,2020-04-01,2021-03-31,川崎汽船株式会社
S100LML3,2021-06-23,2021-06-23 14:53,80930,2020-04-01,2021-03-31,極東貿易株式会社
S100LNBX,2021-06-23,2021-06-23 14:54,82140,2020-04-01,2021-03-31,株式会社ＡＯＫＩホールディングス
S100LJ80,2021-06-23,2021-06-23 14:54,98820,2020-04-01,2021-03-31,株式会社イエローハット
S100LMJ6,2021-06-23,2021-06-23 14:55,23260,2020-04-01,2021-03-31,デジタルアーツ株式会社
S100LNFC,2021-06-23,2021-06-23 15:00,31370,2020-04-01,2021-03-31,株式会社ファンデリー
S100LMSL,2021-06-23,2021-06-23 15:00,76700,2020-04-01,2021-03-31,オーウエル株式会社
S100LM9K,2021-06-23,2021-06-23 15:00,18810,2020-04-01,2021-03-31,株式会社ＮＩＰＰＯ
S100LJ8C,2021-06-23,2021-06-23 15:00,91420,2020-04-01,2021-03-31,九州旅客鉄道株式会社
S100LMHZ,2021-06-23,2021-06-23 15:00,94340,2020-04-01,2021-03-31,ソフトバンク株式会社
S100LN7Q,2021-06-23,2021-06-23 15:00,82530,2020-04-01,2021-03-31,株式会社クレディセゾン
S100LLVL,2021-06-23,2021-06-23 15:00,60550,2020-04-01,2021-03-31,ジャパンマテリアル株式会社
S100LJNE,2021-06-23,2021-06-23 15:00,22960,2020-04-01,2021-03-31,伊藤ハム米久ホールディングス株式会社
S100LJDI,2021-06-23,2021-06-23 15:00,62620,2020-04-01,2021-03-31,ペガサスミシン製造株式会社
S100LLT7,2021-06-23,2021-06-23 15:01,50190,2020-04-01,2021-03-31,出光興産株式会社
S100LNII,2021-06-23,2021-06-23 15:01,65010,2020-04-01,2021-03-31,株式会社日立製作所
S100LN4H,2021-06-23,2021-06-23 15:01,72200,2020-04-01,2021-03-31,武蔵精密工業株式会社
S100LLYL,2021-06-23,2021-06-23 15:02,39080,2020-04-01,2021-03-31,株式会社コラボス
S100LME8,2021-06-23,2021-06-23 15:02,97150,2020-04-01,2021-03-31,トランス・コスモス株式会社
S100LNF6,2021-06-23,2021-06-23 15:03,72660,2020-04-01,2021-03-31,株式会社今仙電機製作所
S100LN5D,2021-06-23,2021-06-23 15:03,29190,2020-04-01,2021-03-31,株式会社　マルタイ
S100LLXS,2021-06-23,2021-06-23 15:05,61670,2020-04-01,2021-03-31,冨士ダイス株式会社
S100LLM8,2021-06-23,2021-06-23 15:05,18980,2020-04-01,2021-03-31,世紀東急工業株式会社
S100LLW5,2021-06-23,2021-06-23 15:05,72670,2020-04-01,2021-03-31,本田技研工業株式会社
S100LNJH,2021-06-23,2021-06-23 15:06,94220,2020-04-01,2021-03-31,コネクシオ株式会社
S100LMXV,2021-06-23,2021-06-23 15:06,65990,2020-04-01,2021-03-31,エブレン株式会社
S100LKTR,2021-06-23,2021-06-23 15:10,90860,2020-04-01,2021-03-31,株式会社日立物流
S100LMQC,2021-06-23,2021-06-23 15:11,90550,2020-04-01,2021-03-31,株式会社アルプス物流
S100LNDP,2021-06-23,2021-06-23 15:20,19510,2020-04-01,2021-03-31,株式会社協和エクシオ
S100LM6X,2021-06-23,2021-06-23 15:21,54010,2020-04-01,2021-03-31,日本製鉄株式会社
S100LMU8,2021-06-23,2021-06-23 15:21,48190,2020-04-01,2021-03-31,株式会社デジタルガレージ
S100LNHI,2021-06-23,2021-06-23 15:24,67940,2020-04-01,2021-03-31,フォスター電機株式会社
S100LJNG,2021-06-23,2021-06-23 15:27,40050,2020-04-01,2021-03-31,住友化学株式会社
S100LIZL,2021-06-23,2021-06-23 15:30,68410,2020-04-01,2021-03-31,横河電機株式会社
S100LM86,2021-06-23,2021-06-23 15:31,67880,2020-04-01,2021-03-31,株式会社日本トリム
S100LNMI,2021-06-23,2021-06-23 15:31,96250,2020-04-01,2021-03-31,株式会社セレスポ
S100LMP5,2021-06-23,2021-06-23 15:31,65940,2020-04-01,2021-03-31,日本電産株式会社
S100LM08,2021-06-23,2021-06-23 15:33,21960,2020-04-01,2021-03-31,株式会社エスクリ
S100LNN2,2021-06-23,2021-06-23 15:34,21520,2020-04-01,2021-03-31,幼児活動研究会株式会社
S100LLN6,2021-06-23,2021-06-23 15:36,37660,2020-04-01,2021-03-31,システムズ・デザイン株式会社
S100LNMD,2021-06-23,2021-06-23 15:37,67970,2020-04-01,2021-03-31,名古屋電機工業株式会社
S100LKCW,2021-06-23,2021-06-23 15:38,19610,2020-04-01,2021-03-31,三機工業株式会社
S100LMF2,2021-06-23,2021-06-23 15:38,94670,2020-04-01,2021-03-31,株式会社アルファポリス
S100LMEF,2021-06-23,2021-06-23 15:39,38390,2020-04-01,2021-03-31,株式会社ＯＤＫソリューションズ
S100LLJ4,2021-06-23,2021-06-23 15:39,72390,2020-04-01,2021-03-31,株式会社タチエス
S100LLCD,2021-06-23,2021-06-23 15:40,34010,2020-04-01,2021-03-31,帝人株式会社
S100LMQH,2021-06-23,2021-06-23 15:47,38300,2020-04-01,2021-03-31,株式会社ギガプライズ
S100LJTV,2021-06-23,2021-06-23 15:49,59380,2020-04-01,2021-03-31,株式会社ＬＩＸＩＬ
S100LNOI,2021-06-23,2021-06-23 15:52,70040,2020-04-01,2021-03-31,日立造船株式会社
S100LMY4,2021-06-23,2021-06-23 15:53,63490,2020-04-01,2021-03-31,株式会社小森コーポレーション
S100LNPF,2021-06-23,2021-06-23 15:53,48330,2020-04-01,2021-03-31,株式会社Ｓｕｃｃｅｓｓ　Ｈｏｌｄｅｒｓ
S100LNCU,2021-06-23,2021-06-23 15:53,19820,2020-04-01,2021-03-31,日比谷総合設備株式会社
S100LMOQ,2021-06-23,2021-06-23 16:00,69420,2020-04-01,2021-03-31,株式会社ソフィアホールディングス
S100LMOX,2021-06-23,2021-06-23 16:00,95170,2020-04-01,2021-03-31,イーレックス株式会社
S100LN7W,2021-06-23,2021-06-23 16:00,83500,2020-04-01,2021-03-31,株式会社　みちのく銀行
S100LMTA,2021-06-23,2021-06-23 16:01,32320,2020-04-01,2021-03-31,三重交通グループホールディングス株式会社
S100LN7N,2021-06-23,2021-06-23 16:03,77690,2020-04-01,2021-03-31,リズム株式会社
S100LLG7,2021-06-23,2021-06-23 16:04,80200,2020-04-01,2021-03-31,兼松株式会社
S100LLSZ,2021-06-23,2021-06-23 16:09,68070,2020-04-01,2021-03-31,日本航空電子工業株式会社
S100LM9O,2021-06-23,2021-06-23 16:12,38570,2020-04-01,2021-03-31,株式会社ラック
S100LIN3,2021-06-23,2021-06-23 16:18,59850,2020-04-01,2021-03-31,サンコール株式会社
S100LNSH,2021-06-23,2021-06-23 16:20,18240,2020-04-01,2021-03-31,前田建設工業株式会社
S100LNKX,2021-06-23,2021-06-23 16:20,72640,2020-04-01,2021-03-31,株式会社ムロコーポレーション
S100LMZK,2021-06-23,2021-06-23 16:21,49870,2020-04-01,2021-03-31,株式会社寺岡製作所
S100LMPM,2021-06-23,2021-06-23 16:26,63660,2020-04-01,2021-03-31,千代田化工建設株式会社
S100LNMP,2021-06-23,2021-06-23 16:30,32370,2020-04-01,2021-03-31,株式会社イントランス
S100LNT2,2021-06-23,2021-06-23 16:31,33920,2020-04-01,2021-03-31,デリカフーズホールディングス株式会社
S100LMVZ,2021-06-23,2021-06-23 16:35,59890,2020-04-01,2021-03-31,株式会社エイチワン
S100LNS3,2021-06-23,2021-06-23 16:37,76870,2020-04-01,2021-03-31,株式会社ミクリード
S100LM6H,2021-06-23,2021-06-23 16:50,69460,2020-04-01,2021-03-31,日本アビオニクス株式会社
S100LKVF,2021-06-23,2021-06-23 16:54,61550,2020-04-01,2021-03-31,高松機械工業株式会社
S100LM05,2021-06-23,2021-06-23 16:57,37990,2020-04-01,2021-03-31,キーウェアソリューションズ株式会社
S100LMKF,2021-06-24,2021-06-24 09:00,77480,2020-04-01,2021-03-31,株式会社ホロン
S100LLXQ,2021-06-24,2021-06-24 09:00,88600,2020-04-01,2021-03-31,フジ住宅株式会社
S100LKYU,2021-06-24,2021-06-24 09:00,28060,2020-04-01,2021-03-31,ユタカフーズ株式会社
S100LO26,2021-06-24,2021-06-24 09:01,85720,2020-04-01,2021-03-31,アコム株式会社
S100LOC4,2021-06-24,2021-06-24 09:05,17620,2020-04-01,2021-03-31,株式会社髙松コンストラクショングループ
S100LN4J,2021-06-24,2021-06-24 09:06,63550,2020-04-01,2021-03-31,住友精密工業株式会社
S100LH6H,2021-06-24,2021-06-24 09:07,97990,2020-04-01,2021-03-31,旭情報サービス株式会社
S100LL2S,2021-06-24,2021-06-24 09:10,81050,2020-04-01,2021-03-31,堀田丸正株式会社
S100LNTM,2021-06-24,2021-06-24 09:12,72680,2020-04-01,2021-03-31,株式会社タツミ
S100LJOD,2021-06-24,2021-06-24 09:13,43620,2020-04-01,2021-03-31,日本精化株式会社
S100LNCF,2021-06-24,2021-06-24 09:18,41200,2020-04-01,2021-03-31,スガイ化学工業株式会社
S100LMZF,2021-06-24,2021-06-24 09:18,59690,2020-04-01,2021-03-31,株式会社ロブテックス
S100LMPG,2021-06-24,2021-06-24 09:20,67500,2020-04-01,2021-03-31,エレコム株式会社
S100LO2C,2021-06-24,2021-06-24 09:23,70140,2020-04-01,2021-03-31,株式会社名村造船所
S100LODE,2021-06-24,2021-06-24 09:27,68590,2020-04-01,2021-03-31,エスペック株式会社
S100LNE6,2021-06-24,2021-06-24 09:29,82300,2020-04-01,2021-03-31,株式会社はせがわ
S100LNAA,2021-06-24,2021-06-24 09:29,31430,2020-04-01,2021-03-31,オーウイル株式会社
S100LOE7,2021-06-24,2021-06-24 09:31,62540,2020-04-01,2021-03-31,野村マイクロ・サイエンス株式会社
S100LOCW,2021-06-24,2021-06-24 09:34,46530,2020-04-01,2021-03-31,株式会社ダイオーズ
S100LNZX,2021-06-24,2021-06-24 09:36,93680,2020-04-01,2021-03-31,キムラユニティー株式会社
S100LNGM,2021-06-24,2021-06-24 09:37,74820,2020-04-01,2021-03-31,株式会社シモジマ
S100LMNS,2021-06-24,2021-06-24 09:37,83030,2020-04-01,2021-03-31,株式会社新生銀行
S100LODX,2021-06-24,2021-06-24 09:38,64670,2020-04-01,2021-03-31,株式会社ニチダイ
S100LM4O,2021-06-24,2021-06-24 09:41,36220,2020-04-01,2021-03-31,ネットイヤーグループ株式会社
S100LNTI,2021-06-24,2021-06-24 09:43,41670,2020-04-01,2021-03-31,株式会社ココペリ
S100LN7E,2021-06-24,2021-06-24 09:46,38770,2020-04-01,2021-03-31,中越パルプ工業株式会社
S100LMBC,2021-06-24,2021-06-24 09:54,78670,2020-04-01,2021-03-31,株式会社タカラトミー
S100LHY9,2021-06-24,2021-06-24 09:55,30360,2020-04-01,2021-03-31,アルコニックス株式会社
S100LNTP,2021-06-24,2021-06-24 10:00,49520,2020-04-01,2021-03-31,株式会社エス・ディー・エス　バイオテック
S100LNHS,2021-06-24,2021-06-24 10:00,13750,2020-04-01,2021-03-31,株式会社雪国まいたけ
S100LO2J,2021-06-24,2021-06-24 10:00,90210,2020-04-01,2021-03-31,西日本旅客鉄道株式会社
S100LJSY,2021-06-24,2021-06-24 10:00,80780,2020-04-01,2021-03-31,阪和興業株式会社
S100LOHA,2021-06-24,2021-06-24 10:07,65800,2020-04-01,2021-03-31,株式会社ライトアップ
S100LOET,2021-06-24,2021-06-24 10:08,27370,2020-04-01,2021-03-31,株式会社トーメンデバイス
S100LOHH,2021-06-24,2021-06-24 10:10,60390,2020-04-01,2021-03-31,株式会社日本動物高度医療センター
S100LNR3,2021-06-24,2021-06-24 10:12,49970,2020-04-01,2021-03-31,日本農薬株式会社
S100LNDZ,2021-06-24,2021-06-24 10:15,72960,2020-04-01,2021-03-31,株式会社エフ・シー・シー
S100LMI7,2021-06-24,2021-06-24 10:16,98850,2020-04-01,2021-03-31,株式会社　シャルレ
S100LOIJ,2021-06-24,2021-06-24 10:20,64940,2020-04-01,2021-03-31,株式会社ＮＦＫホールディングス
S100LLMW,2021-06-24,2021-06-24 10:26,76340,2020-04-01,2021-03-31,株式会社星医療酸器
S100LKZI,2021-06-24,2021-06-24 10:28,23340,2020-04-01,2021-03-31,株式会社イオレ
S100LL8D,2021-06-24,2021-06-24 10:28,81530,2020-04-01,2021-03-31,株式会社モスフードサービス
S100LNTL,2021-06-24,2021-06-24 10:28,43330,2020-04-01,2021-03-31,株式会社東邦システムサイエンス
S100LOGO,2021-06-24,2021-06-24 10:28,66550,2020-04-01,2021-03-31,東洋電機株式会社
S100LOHE,2021-06-24,2021-06-24 10:29,52770,2020-04-01,2021-03-31,株式会社スパンクリートコーポレーション
S100LLZD,2021-06-24,2021-06-24 10:31,22670,2020-04-01,2021-03-31,株式会社ヤクルト本社
S100LMEO,2021-06-24,2021-06-24 10:33,94050,2020-04-01,2021-03-31,朝日放送グループホールディングス株式会社
S100LNJA,2021-06-24,2021-06-24 10:34,93550,2020-04-01,2021-03-31,株式会社リンコーコーポレーション
S100LNNR,2021-06-24,2021-06-24 10:35,75090,2020-04-01,2021-03-31,アイエーグループ株式会社
S100LN47,2021-06-24,2021-06-24 10:36,28750,2020-04-01,2021-03-31,東洋水産株式会社
S100LLUU,2021-06-24,2021-06-24 10:38,96000,2020-04-01,2021-03-31,株式会社アイネット
S100LLH3,2021-06-24,2021-06-24 10:42,38950,2020-04-01,2021-03-31,ハビックス株式会社
S100LOLB,2021-06-24,2021-06-24 10:46,14510,2020-04-01,2021-03-31,株式会社ＫＨＣ
S100LNVJ,2021-06-24,2021-06-24 10:47,94080,2020-04-01,2021-03-31,株式会社　新潟放送
S100LN4E,2021-06-24,2021-06-24 10:51,36120,2020-04-01,2021-03-31,株式会社ワールド
S100LNGX,2021-06-24,2021-06-24 10:52,72120,2020-04-01,2021-03-31,株式会社エフテック
S100LOKU,2021-06-24,2021-06-24 10:53,72180,2020-04-01,2021-03-31,田中精密工業株式会社
S100LOGM,2021-06-24,2021-06-24 10:56,96390,2020-04-01,2021-03-31,三協フロンテア株式会社
S100LNJD,2021-06-24,2021-06-24 11:00,57140,2020-04-01,2021-03-31,ＤＯＷＡホールディングス株式会社
S100L7YW,2021-06-24,2021-06-24 11:00,64580,2020-04-01,2021-03-31,新晃工業株式会社
S100LNVO,2021-06-24,2021-06-24 11:02,81110,2020-04-01,2021-03-31,株式会社ゴールドウイン
S100LOBQ,2021-06-24,2021-06-24 11:04,23420,2020-04-01,2021-03-31,株式会社トランスジェニック
S100LMPB,2021-06-24,2021-06-24 11:06,83090,2020-04-01,2021-03-31,三井住友トラスト・ホールディングス株式会社
S100LN1R,2021-06-24,2021-06-24 11:07,64860,2020-04-01,2021-03-31,イーグル工業株式会社
S100LN0P,2021-06-24,2021-06-24 11:08,72240,2020-04-01,2021-03-31,新明和工業株式会社
S100LNWI,2021-06-24,2021-06-24 11:09,59530,2020-04-01,2021-03-31,昭和鉄工株式会社
S100LNJJ,2021-06-24,2021-06-24 11:10,76180,2020-04-01,2021-03-31,株式会社ピーシーデポコーポレーション
S100LN2M,2021-06-24,2021-06-24 11:13,80980,2020-04-01,2021-03-31,稲畑産業株式会社
S100LLGV,2021-06-24,2021-06-24 11:19,53840,2020-04-01,2021-03-31,株式会社フジミインコーポレーテッド
S100LGF1,2021-06-24,2021-06-24 11:20,23320,2020-04-01,2021-03-31,株式会社クエスト
S100LN68,2021-06-24,2021-06-24 11:25,59510,2020-04-01,2021-03-31,ダイニチ工業株式会社
S100LNVT,2021-06-24,2021-06-24 11:26,96960,2020-04-01,2021-03-31,株式会社ウィザス
S100LNRS,2021-06-24,2021-06-24 11:28,79380,2020-04-01,2021-03-31,株式会社リーガルコーポレーション
S100LOOI,2021-06-24,2021-06-24 11:28,47080,2020-04-01,2021-03-31,りらいあコミュニケーションズ株式会社
S100LNUS,2021-06-24,2021-06-24 11:29,86140,2020-04-01,2021-03-31,東洋証券株式会社
S100LO17,2021-06-24,2021-06-24 11:29,77020,2020-04-01,2021-03-31,株式会社ジェイ・エム・エス（称号　株式会社　ＪＭＳ）
S100LOFX,2021-06-24,2021-06-24 11:31,31010,2020-04-01,2021-03-31,東洋紡株式会社
S100LMD2,2021-06-24,2021-06-24 11:31,27820,2020-04-01,2021-03-31,株式会社セリア
S100LOI2,2021-06-24,2021-06-24 11:32,65480,2020-04-01,2021-03-31,株式会社旅工房
S100LNXM,2021-06-24,2021-06-24 11:33,98560,2020-04-01,2021-03-31,株式会社ケーユーホールディングス
S100LNIH,2021-06-24,2021-06-24 11:33,64480,2020-04-01,2021-03-31,ブラザー工業株式会社
S100LOPU,2021-06-24,2021-06-24 11:35,96980,2020-04-01,2021-03-31,株式会社クレオ
S100LJKE,2021-06-24,2021-06-24 11:38,49940,2020-04-01,2021-03-31,大成ラミック株式会社
S100LNJK,2021-06-24,2021-06-24 11:39,99900,2020-04-01,2021-03-31,株式会社サックスバーホールディングス
S100LNV4,2021-06-24,2021-06-24 11:39,89950,2020-04-01,2021-03-31,株式会社誠建設工業
S100LO1U,2021-06-24,2021-06-24 11:44,89350,2020-04-01,2021-03-31,株式会社エフ・ジェー・ネクスト
S100LON4,2021-06-24,2021-06-24 11:44,22910,2020-04-01,2021-03-31,福留ハム株式会社
S100LKWF,2021-06-24,2021-06-24 11:46,83640,2020-04-01,2021-03-31,株式会社清水銀行
S100LMZT,2021-06-24,2021-06-24 11:47,59360,2020-04-01,2021-03-31,東洋シヤッター株式会社
S100LOQ6,2021-06-24,2021-06-24 11:53,34340,2020-04-01,2021-03-31,株式会社アルファ
S100LM1O,2021-06-24,2021-06-24 11:54,87140,2020-04-01,2021-03-31,株式会社池田泉州ホールディングス
S100LN7V,2021-06-24,2021-06-24 11:56,31320,2020-04-01,2021-03-31,マクニカ・富士エレ　ホールディングス株式会社
S100LONH,2021-06-24,2021-06-24 11:59,61650,2020-04-01,2021-03-31,パンチ工業株式会社
S100LMPK,2021-06-24,2021-06-24 11:59,72700,2020-04-01,2021-03-31,株式会社ＳＵＢＡＲＵ
S100LJ1L,2021-06-24,2021-06-24 12:02,80880,2020-04-01,2021-03-31,岩谷産業株式会社
S100LOPK,2021-06-24,2021-06-24 12:03,63240,2020-04-01,2021-03-31,株式会社ハーモニック・ドライブ・システムズ
S100LLNF,2021-06-24,2021-06-24 12:05,31830,2020-04-01,2021-03-31,ウイン・パートナーズ株式会社
S100LOBZ,2021-06-24,2021-06-24 12:07,46190,2020-04-01,2021-03-31,日本特殊塗料株式会社
S100LN13,2021-06-24,2021-06-24 12:11,37790,2020-04-01,2021-03-31,ジェイ・エスコムホールディングス株式会社
S100LN1A,2021-06-24,2021-06-24 12:12,97130,2020-04-01,2021-03-31,株式会社ロイヤルホテル
S100LM1K,2021-06-24,2021-06-24 12:12,75970,2020-04-01,2021-03-31,東京貴宝株式会社
S100LOIL,2021-06-24,2021-06-24 12:17,29810,2020-04-01,2021-03-31,株式会社ランディックス
S100LM15,2021-06-24,2021-06-24 12:43,20530,2020-04-01,2021-03-31,中部飼料株式会社
S100LN6M,2021-06-24,2021-06-24 12:45,35830,2020-04-01,2021-03-31,オーベクス株式会社
S100LOU8,2021-06-24,2021-06-24 12:47,61860,2020-04-01,2021-03-31,株式会社一蔵
S100LLTI,2021-06-24,2021-06-24 12:48,45170,2020-04-01,2021-03-31,ビオフェルミン製薬株式会社
S100LOV8,2021-06-24,2021-06-24 12:54,23780,2020-04-01,2021-03-31,株式会社ルネサンス
S100LO0H,2021-06-24,2021-06-24 12:59,45470,2020-04-01,2021-03-31,キッセイ薬品工業株式会社
S100LOU6,2021-06-24,2021-06-24 12:59,39340,2020-04-01,2021-03-31,株式会社ベネフィットジャパン
S100LM4M,2021-06-24,2021-06-24 12:59,69180,2020-04-01,2021-03-31,株式会社アバールデータ
S100LNP8,2021-06-24,2021-06-24 13:01,72080,2020-04-01,2021-03-31,株式会社カネミツ
S100LMPB,2021-06-24,2021-06-24 11:06,83090,2020-04-01,2021-03-31,三井住友トラスト・ホールディングス株式会社
S100LMDW,2021-06-24,2021-06-24 13:02,24450,2020-04-01,2021-03-31,株式会社タカミヤ
S100LO3J,2021-06-24,2021-06-24 13:03,31530,2020-04-01,2021-03-31,八洲電機株式会社
S100LNDB,2021-06-24,2021-06-24 13:04,28120,2020-04-01,2021-03-31,焼津水産化学工業株式会社
S100LN04,2021-06-24,2021-06-24 13:07,46170,2020-04-01,2021-03-31,中国塗料株式会社
S100LNCT,2021-06-24,2021-06-24 13:10,74560,2020-04-01,2021-03-31,松田産業株式会社
S100LJ65,2021-06-24,2021-06-24 13:10,80150,2020-04-01,2021-03-31,豊田通商株式会社
S100LOD4,2021-06-24,2021-06-24 13:15,74330,2020-04-01,2021-03-31,伯東株式会社
S100LOLV,2021-06-24,2021-06-24 13:15,69990,2020-04-01,2021-03-31,ＫＯＡ株式会社
S100LNOQ,2021-06-24,2021-06-24 13:17,27490,2020-04-01,2021-03-31,株式会社ＪＰホールディングス
S100LKZV,2021-06-24,2021-06-24 13:17,46650,2020-04-01,2021-03-31,株式会社ダスキン
S100LN6P,2021-06-24,2021-06-24 13:19,93660,2020-04-01,2021-03-31,株式会社サンリツ
S100LO22,2021-06-24,2021-06-24 13:20,75180,2020-04-01,2021-03-31,ネットワンシステムズ株式会社
S100LN0A,2021-06-24,2021-06-24 13:20,75510,2020-04-01,2021-03-31,株式会社ウェッズ
S100LL5Y,2021-06-24,2021-06-24 13:20,79490,2020-04-01,2021-03-31,小松ウオール工業株式会社
S100LMQB,2021-06-24,2021-06-24 13:20,13330,2020-04-01,2021-03-31,マルハニチロ株式会社
S100LLM1,2021-06-24,2021-06-24 13:21,48320,2020-04-01,2021-03-31,ＪＦＥシステムズ株式会社
S100LOPG,2021-06-24,2021-06-24 13:21,46850,2020-04-01,2021-03-31,株式会社菱友システムズ
S100LKLA,2021-06-24,2021-06-24 13:21,79790,2020-04-01,2021-03-31,株式会社松風
S100LNIL,2021-06-24,2021-06-24 13:22,80740,2020-04-01,2021-03-31,ユアサ商事株式会社
S100LL2R,2021-06-24,2021-06-24 13:22,44090,2020-04-01,2021-03-31,東邦化学工業株式会社
S100LLI5,2021-06-24,2021-06-24 13:22,21070,2020-04-01,2021-03-31,東洋精糖株式会社
S100LN3S,2021-06-24,2021-06-24 13:25,79880,2020-04-01,2021-03-31,株式会社ニフコ
S100LO1L,2021-06-24,2021-06-24 13:25,40920,2020-04-01,2021-03-31,日本化学工業株式会社
S100LN5N,2021-06-24,2021-06-24 13:25,51860,2020-04-01,2021-03-31,ニッタ株式会社
S100LKIY,2021-06-24,2021-06-24 13:26,17860,2020-04-01,2021-03-31,オリエンタル白石株式会社
S100LJAN,2021-06-24,2021-06-24 13:26,97590,2020-04-01,2021-03-31,株式会社ＮＳＤ
S100LKYR,2021-06-24,2021-06-24 13:27,37720,2020-04-01,2021-03-31,ウェルス・マネジメント株式会社
S100LOYK,2021-06-24,2021-06-24 13:29,98500,2020-04-01,2021-03-31,株式会社グルメ杵屋
S100LOJF,2021-06-24,2021-06-24 13:29,24800,2020-04-01,2021-03-31,システム・ロケーション株式会社
S100LOF7,2021-06-24,2021-06-24 13:30,68570,2020-04-01,2021-03-31,株式会社アドバンテスト
S100LLHX,2021-06-24,2021-06-24 13:32,79450,2020-04-01,2021-03-31,コマニー株式会社
S100LOWL,2021-06-24,2021-06-24 13:34,68000,2020-04-01,2021-03-31,株式会社ヨコオ
S100LNDS,2021-06-24,2021-06-24 13:34,72220,2020-04-01,2021-03-31,日産車体株式会社
S100LM9R,2021-06-24,2021-06-24 13:35,81740,2020-04-01,2021-03-31,日本瓦斯株式会社
S100LOW1,2021-06-24,2021-06-24 13:38,62320,2020-04-01,2021-03-31,株式会社ＡＣＳＬ
S100LO45,2021-06-24,2021-06-24 13:40,81820,2020-04-01,2021-03-31,株式会社いなげや
S100LOZ7,2021-06-24,2021-06-24 13:40,33880,2020-04-01,2021-03-31,明治電機工業株式会社
S100LMX8,2021-06-24,2021-06-24 13:40,69550,2020-04-01,2021-03-31,ＦＤＫ株式会社
S100LNOH,2021-06-24,2021-06-24 13:41,64900,2020-04-01,2021-03-31,日本ピラー工業株式会社
S100LLTN,2021-06-24,2021-06-24 13:44,49140,2020-04-01,2021-03-31,高砂香料工業株式会社
S100LOU4,2021-06-24,2021-06-24 13:47,24350,2020-04-01,2021-03-31,株式会社シダー
S100LLRJ,2021-06-24,2021-06-24 13:51,54710,2020-04-01,2021-03-31,大同特殊鋼株式会社
S100LO43,2021-06-24,2021-06-24 13:52,91790,2020-04-01,2021-03-31,川崎近海汽船株式会社
S100LOOW,2021-06-24,2021-06-24 13:52,23310,2020-04-01,2021-03-31,綜合警備保障株式会社
S100LMK0,2021-06-24,2021-06-24 13:54,75380,2020-04-01,2021-03-31,株式会社大水
S100LOOR,2021-06-24,2021-06-24 13:55,26130,2020-04-01,2021-03-31,株式会社Ｊ－オイルミルズ
S100LMI6,2021-06-24,2021-06-24 13:56,42030,2020-04-01,2021-03-31,住友ベークライト株式会社
S100LOWE,2021-06-24,2021-06-24 13:56,80720,2020-04-01,2021-03-31,日本出版貿易株式会社
S100LLFC,2021-06-24,2021-06-24 13:57,19380,2020-04-01,2021-03-31,日本リーテック株式会社
S100LP1O,2021-06-24,2021-06-24 13:58,84110,2020-04-01,2021-03-31,株式会社みずほフィナンシャルグループ
S100LOPH,2021-06-24,2021-06-24 13:59,75590,2020-04-01,2021-03-31,ジーエフシー株式会社
S100LO2Z,2021-06-24,2021-06-24 13:59,73380,2020-04-01,2021-03-31,インヴァスト株式会社
S100LM0M,2021-06-24,2021-06-24 14:00,24640,2020-04-01,2021-03-31,株式会社ビジネス・ブレークスルー
S100LKW8,2021-06-24,2021-06-24 14:00,44100,2020-04-01,2021-03-31,ハリマ化成グループ株式会社
S100LO1Z,2021-06-24,2021-06-24 14:01,40970,2020-04-01,2021-03-31,高圧ガス工業株式会社
S100LMQ0,2021-06-24,2021-06-24 14:02,91270,2020-04-01,2021-03-31,玉井商船株式会社
S100LMSK,2021-06-24,2021-06-24 14:07,58010,2020-04-01,2021-03-31,古河電気工業株式会社
S100LNAE,2021-06-24,2021-06-24 14:09,82830,2020-04-01,2021-03-31,株式会社ＰＡＬＴＡＣ
S100LMFB,2021-06-24,2021-06-24 14:11,93110,2020-04-01,2021-03-31,アサガミ株式会社
S100LNFF,2021-06-24,2021-06-24 14:12,79270,2020-04-01,2021-03-31,ムトー精工株式会社
S100LOPS,2021-06-24,2021-06-24 14:14,88440,2020-04-01,2021-03-31,株式会社コスモスイニシア
S100LP4Y,2021-06-24,2021-06-24 14:14,88900,2020-04-01,2021-03-31,株式会社レーサム
S100LN74,2021-06-24,2021-06-24 14:14,54820,2020-04-01,2021-03-31,愛知製鋼株式会社
S100LN5L,2021-06-24,2021-06-24 14:14,68450,2020-04-01,2021-03-31,アズビル株式会社
S100LMGG,2021-06-24,2021-06-24 14:14,63320,2020-04-01,2021-03-31,月島機械株式会社
S100LJW3,2021-06-24,2021-06-24 14:15,83680,2020-04-01,2021-03-31,株式会社　百五銀行
S100LN3A,2021-06-24,2021-06-24 14:16,80810,2020-04-01,2021-03-31,株式会社カナデン
S100LN8T,2021-06-24,2021-06-24 14:16,67870,2020-04-01,2021-03-31,株式会社メイコー
S100LO6J,2021-06-24,2021-06-24 14:18,54230,2020-04-01,2021-03-31,東京製鐵株式会社
S100LOIN,2021-06-24,2021-06-24 14:24,97060,2020-04-01,2021-03-31,日本空港ビルデング株式会社
S100LP1V,2021-06-24,2021-06-24 14:25,30960,2020-04-01,2021-03-31,株式会社オーシャンシステム
S100LO3E,2021-06-24,2021-06-24 14:25,19640,2020-04-01,2021-03-31,中外炉工業株式会社
S100LNU1,2021-06-24,2021-06-24 14:27,78960,2020-04-01,2021-03-31,セブン工業株式会社
S100LN6K,2021-06-24,2021-06-24 14:28,80120,2020-04-01,2021-03-31,長瀬産業株式会社
S100LO32,2021-06-24,2021-06-24 14:31,38170,2020-04-01,2021-03-31,株式会社ＳＲＡホールディングス
S100LP82,2021-06-24,2021-06-24 14:35,93620,2020-04-01,2021-03-31,兵機海運株式会社
S100LM2S,2021-06-24,2021-06-24 14:35,83340,2020-04-01,2021-03-31,株式会社　群馬銀行
S100LNWL,2021-06-24,2021-06-24 14:36,82910,2020-04-01,2021-03-31,日産東京販売ホールディングス株式会社
S100LNFM,2021-06-24,2021-06-24 14:37,68230,2020-04-01,2021-03-31,リオン株式会社
S100LP8U,2021-06-24,2021-06-24 14:40,29150,2020-04-01,2021-03-31,ケンコーマヨネーズ株式会社
S100LP98,2021-06-24,2021-06-24 14:41,41880,2020-04-01,2021-03-31,株式会社三菱ケミカルホールディングス
S100LO78,2021-06-24,2021-06-24 14:44,80020,2020-04-01,2021-03-31,丸紅株式会社
S100LP9N,2021-06-24,2021-06-24 14:44,78230,2020-04-01,2021-03-31,株式会社アートネイチャー
S100LMRD,2021-06-24,2021-06-24 14:51,59230,2020-04-01,2021-03-31,高田機工株式会社
S100LNJ3,2021-06-24,2021-06-24 14:52,68480,2020-04-01,2021-03-31,東亜ディーケーケー株式会社
S100LNHY,2021-06-24,2021-06-24 14:54,93020,2020-04-01,2021-03-31,三井倉庫ホールディングス株式会社
S100LMB1,2021-06-24,2021-06-24 14:54,70600,2020-04-01,2021-03-31,ギークス株式会社
S100LM9E,2021-06-24,2021-06-24 14:58,83440,2020-04-01,2021-03-31,株式会社山形銀行
S100LLV3,2021-06-24,2021-06-24 15:00,40990,2020-04-01,2021-03-31,四国化成工業株式会社
S100LO6W,2021-06-24,2021-06-24 15:00,72030,2020-04-01,2021-03-31,トヨタ自動車株式会社
S100LG59,2021-06-24,2021-06-24 15:01,37080,2020-04-01,2021-03-31,特種東海製紙株式会社
S100LMLD,2021-06-24,2021-06-24 15:02,48370,2020-04-01,2021-03-31,シダックス株式会社
S100LO67,2021-06-24,2021-06-24 15:04,64180,2020-04-01,2021-03-31,日本金銭機械株式会社
S100LPBN,2021-06-24,2021-06-24 15:05,41150,2020-04-01,2021-03-31,本州化学工業株式会社
S100LLY8,2021-06-24,2021-06-24 15:05,83420,2020-04-01,2021-03-31,株式会社青森銀行
S100LI23,2021-06-24,2021-06-24 15:06,80840,2020-04-01,2021-03-31,菱電商事株式会社
S100LKT5,2021-06-24,2021-06-24 15:06,31840,2020-04-01,2021-03-31,ＩＣＤＡホールディングス株式会社
S100LPBU,2021-06-24,2021-06-24 15:07,70130,2020-04-01,2021-03-31,株式会社ＩＨＩ
S100LMJU,2021-06-24,2021-06-24 15:07,65080,2020-04-01,2021-03-31,株式会社明電舎
S100LME1,2021-06-24,2021-06-24 15:07,35690,2020-04-01,2021-03-31,セーレン株式会社
S100LPA6,2021-06-24,2021-06-24 15:08,98320,2020-04-01,2021-03-31,株式会社オートバックスセブン
S100LNOC,2021-06-24,2021-06-24 15:08,71610,2020-04-01,2021-03-31,株式会社じもとホールディングス
S100LPCI,2021-06-24,2021-06-24 15:08,70840,2020-04-01,2021-03-31,株式会社Ｋｉｄｓ　Ｓｍｉｌｅ　Ｈｏｌｄｉｎｇｓ
S100LOX3,2021-06-24,2021-06-24 15:09,68630,2020-04-01,2021-03-31,株式会社ニレコ
S100LNVA,2021-06-24,2021-06-24 15:09,39260,2020-04-01,2021-03-31,株式会社オープンドア
S100LNOV,2021-06-24,2021-06-24 15:09,50210,2020-04-01,2021-03-31,コスモエネルギーホールディングス株式会社
S100LNJC,2021-06-24,2021-06-24 15:12,94330,2020-04-01,2021-03-31,ＫＤＤＩ株式会社
S100LOMJ,2021-06-24,2021-06-24 15:18,33930,2020-04-01,2021-03-31,スターティアホールディングス株式会社
S100LLQZ,2021-06-24,2021-06-24 15:18,86010,2020-04-01,2021-03-31,株式会社大和証券グループ本社
S100LMNM,2021-06-24,2021-06-24 15:20,66700,2020-04-01,2021-03-31,株式会社ＭＣＪ
S100LNQC,2021-06-24,2021-06-24 15:20,32380,2020-04-01,2021-03-31,セントラル総合開発株式会社
S100LO23,2021-06-24,2021-06-24 15:20,97530,2020-04-01,2021-03-31,アイエックス・ナレッジ株式会社
S100LPFJ,2021-06-24,2021-06-24 15:22,39520,2020-04-01,2021-03-31,中央紙器工業株式会社
S100LKQF,2021-06-24,2021-06-24 15:22,56600,2020-04-01,2021-03-31,神鋼鋼線工業株式会社
S100LOBP,2021-06-24,2021-06-24 15:22,62970,2020-04-01,2021-03-31,鉱研工業株式会社
S100LNJV,2021-06-24,2021-06-24 15:24,70180,2020-04-01,2021-03-31,内海造船株式会社
S100LN1X,2021-06-24,2021-06-24 15:24,67150,2020-04-01,2021-03-31,株式会社ナカヨ
S100LNXZ,2021-06-24,2021-06-24 15:26,19490,2020-04-01,2021-03-31,住友電設株式会社
S100LOXA,2021-06-24,2021-06-24 15:26,31990,2020-04-01,2021-03-31,綿半ホールディングス株式会社
S100LOQ2,2021-06-24,2021-06-24 15:26,65020,2020-04-01,2021-03-31,株式会社　東芝
S100LN7G,2021-06-24,2021-06-24 15:27,96910,2020-04-01,2021-03-31,株式会社両毛システムズ
S100LJ87,2021-06-24,2021-06-24 15:27,69230,2020-04-01,2021-03-31,スタンレー電気株式会社
S100LO0J,2021-06-24,2021-06-24 15:27,22290,2020-04-01,2021-03-31,カルビー株式会社
S100LLAB,2021-06-24,2021-06-24 15:29,41130,2020-04-01,2021-03-31,田岡化学工業株式会社
S100LPBQ,2021-06-24,2021-06-24 15:30,23590,2020-04-01,2021-03-31,株式会社コア
S100LOTF,2021-06-24,2021-06-24 15:30,92660,2020-04-01,2021-03-31,株式会社　一家ダイニングプロジェクト
S100LMHG,2021-06-24,2021-06-24 15:30,19730,2020-04-01,2021-03-31,ＮＥＣネッツエスアイ株式会社
S100LNV7,2021-06-24,2021-06-24 15:30,31730,2020-04-01,2021-03-31,株式会社Ｃｏｍｉｎｉｘ
S100LNX6,2021-06-24,2021-06-24 15:31,13840,2020-04-01,2021-03-31,株式会社　ホクリヨウ
S100LPES,2021-06-24,2021-06-24 15:32,87690,2020-04-01,2021-03-31,株式会社アドバンテッジリスクマネジメント
S100LPGG,2021-06-24,2021-06-24 15:33,44360,2020-04-01,2021-03-31,株式会社ミンカブ・ジ・インフォノイド
S100LPH9,2021-06-24,2021-06-24 15:34,95370,2020-04-01,2021-03-31,北陸瓦斯株式会社
S100LNUK,2021-06-24,2021-06-24 15:43,36040,2020-04-01,2021-03-31,川本産業株式会社
S100LLEZ,2021-06-24,2021-06-24 15:48,70940,2020-04-01,2021-03-31,株式会社ＮｅｘＴｏｎｅ
S100LLIP,2021-06-24,2021-06-24 15:53,75610,2020-04-01,2021-03-31,株式会社ハークスレイ
S100LLB5,2021-06-24,2021-06-24 15:55,72780,2020-04-01,2021-03-31,株式会社エクセディ
S100LPH0,2021-06-24,2021-06-24 15:55,63030,2020-04-01,2021-03-31,株式会社ササクラ
S100LP3I,2021-06-24,2021-06-24 15:56,83930,2020-04-01,2021-03-31,株式会社宮崎銀行
S100LN0R,2021-06-24,2021-06-24 16:00,45060,2020-04-01,2021-03-31,大日本住友製薬株式会社
S100LO63,2021-06-24,2021-06-24 16:00,60960,2020-04-01,2021-03-31,株式会社レアジョブ
S100LMJY,2021-06-24,2021-06-24 16:00,57110,2020-04-01,2021-03-31,三菱マテリアル株式会社
S100LORS,2021-06-24,2021-06-24 16:05,61850,2020-04-01,2021-03-31,ＳＭＮ株式会社
S100LM38,2021-06-24,2021-06-24 16:05,37680,2020-04-01,2021-03-31,リスクモンスター株式会社
S100LNL2,2021-06-24,2021-06-24 16:09,21270,2020-04-01,2021-03-31,株式会社日本Ｍ＆Ａセンター
S100LO73,2021-06-24,2021-06-24 16:11,27330,2020-04-01,2021-03-31,株式会社あらた
S100LPLR,2021-06-24,2021-06-24 16:13,72110,2020-04-01,2021-03-31,三菱自動車工業株式会社
S100LNUV,2021-06-24,2021-06-24 16:15,90660,2020-04-01,2021-03-31,株式会社日新
S100LPI8,2021-06-24,2021-06-24 16:16,83380,2020-04-01,2021-03-31,株式会社筑波銀行
S100LNY6,2021-06-24,2021-06-24 16:17,98800,2020-04-01,2021-03-31,イノテック株式会社
S100LLOG,2021-06-24,2021-06-24 16:18,39460,2020-04-01,2021-03-31,株式会社トーモク
S100LO28,2021-06-24,2021-06-24 16:20,78200,2020-04-01,2021-03-31,ニホンフラッシュ株式会社
S100LPL8,2021-06-24,2021-06-24 16:21,71980,2020-04-01,2021-03-31,アルヒ株式会社
S100LNS1,2021-06-24,2021-06-24 16:22,72050,2020-04-01,2021-03-31,日野自動車株式会社
S100LPMY,2021-06-24,2021-06-24 16:24,72310,2020-04-01,2021-03-31,トピー工業株式会社
S100LOPJ,2021-06-24,2021-06-24 16:26,64610,2020-04-01,2021-03-31,日本ピストンリング株式会社
S100LNOK,2021-06-24,2021-06-24 16:29,99000,2020-04-01,2021-03-31,株式会社サガミホールディングス
S100LOLM,2021-06-24,2021-06-24 16:31,65900,2020-04-01,2021-03-31,芝浦メカトロニクス株式会社
S100LOFJ,2021-06-24,2021-06-24 16:40,50090,2020-04-01,2021-03-31,富士興産株式会社
S100LPPV,2021-06-24,2021-06-24 16:46,37500,2020-04-01,2021-03-31,ＦＲＡＣＴＡＬＥ株式会社
S100LO6S,2021-06-24,2021-06-24 16:52,39370,2020-04-01,2021-03-31,株式会社Ｕｂｉｃｏｍホールディングス
S100LJOA,2021-06-24,2021-06-24 16:54,67540,2020-04-01,2021-03-31,アンリツ株式会社
S100LPPB,2021-06-24,2021-06-24 16:57,64440,2020-04-01,2021-03-31,サンデンホールディングス株式会社
S100LNZD,2021-06-24,2021-06-24 17:00,21480,2020-04-01,2021-03-31,アイティメディア株式会社
S100LN6Y,2021-06-24,2021-06-24 17:00,32310,2020-04-01,2021-03-31,野村不動産ホールディングス株式会社
S100LLBI,2021-06-24,2021-06-24 17:06,81300,2020-04-01,2021-03-31,株式会社サンゲツ
S100LPSV,2021-06-24,2021-06-24 17:11,43810,2020-04-01,2021-03-31,ビープラッツ株式会社
S100LPR3,2021-06-24,2021-06-24 17:12,87130,2020-04-01,2021-03-31,フィデアホールディングス株式会社
S100LPTC,2021-06-24,2021-06-24 17:13,66160,2020-04-01,2021-03-31,トレックス・セミコンダクター株式会社
S100LMMO,2021-06-25,2021-06-25 09:00,81730,2020-04-01,2021-03-31,上新電機株式会社
S100LMWU,2021-06-25,2021-06-25 09:00,75250,2020-04-01,2021-03-31,リックス株式会社
S100LOQB,2021-06-25,2021-06-25 09:00,31310,2020-04-01,2021-03-31,シンデン・ハイテックス株式会社
S100LP5A,2021-06-25,2021-06-25 09:01,31130,2020-04-01,2021-03-31,Ｏａｋキャピタル株式会社
S100LPOX,2021-06-25,2021-06-25 09:02,83040,2020-04-01,2021-03-31,株式会社あおぞら銀行
S100LP3X,2021-06-25,2021-06-25 09:02,51040,2020-04-01,2021-03-31,日東化工株式会社
S100LMIB,2021-06-25,2021-06-25 09:02,43640,2020-04-01,2021-03-31,マナック株式会社
S100LPHH,2021-06-25,2021-06-25 09:02,43500,2020-04-01,2021-03-31,株式会社　メディカルシステムネットワーク
S100LJNX,2021-06-25,2021-06-25 09:03,62480,2020-04-01,2021-03-31,株式会社横田製作所
S100LNQ2,2021-06-25,2021-06-25 09:03,58200,2020-04-01,2021-03-31,株式会社三ッ星
S100LNBE,2021-06-25,2021-06-25 09:03,42880,2020-04-01,2021-03-31,株式会社アズジェント
S100LNAG,2021-06-25,2021-06-25 09:03,63060,2020-04-01,2021-03-31,日工株式会社
S100LK7A,2021-06-25,2021-06-25 09:03,84240,2020-04-01,2021-03-31,芙蓉総合リース株式会社
S100LOEZ,2021-06-25,2021-06-25 09:04,19410,2020-04-01,2021-03-31,株式会社中電工
S100LOTS,2021-06-25,2021-06-25 09:04,60590,2020-04-01,2021-03-31,株式会社ウチヤマホールディングス
S100LNJ5,2021-06-25,2021-06-25 09:04,96820,2020-04-01,2021-03-31,株式会社ＤＴＳ
S100LL7L,2021-06-25,2021-06-25 09:04,88180,2020-04-01,2021-03-31,京阪神ビルディング株式会社
S100LMW4,2021-06-25,2021-06-25 09:06,53550,2020-04-01,2021-03-31,日本坩堝株式会社
S100LGMH,2021-06-25,2021-06-25 09:08,53430,2020-04-01,2021-03-31,ニッコー株式会社
S100LP99,2021-06-25,2021-06-25 09:08,33170,2020-04-01,2021-03-31,株式会社フライングガーデン
S100LQ0K,2021-06-25,2021-06-25 09:08,49700,2020-04-01,2021-03-31,東洋合成工業株式会社
S100LMOY,2021-06-25,2021-06-25 09:08,68810,2020-04-01,2021-03-31,株式会社キョウデン
S100LPNV,2021-06-25,2021-06-25 09:10,24690,2020-04-01,2021-03-31,ヒビノ株式会社
S100LNO8,2021-06-25,2021-06-25 09:10,39510,2020-04-01,2021-03-31,朝日印刷株式会社
S100LPJF,2021-06-25,2021-06-25 09:12,19760,2020-04-01,2021-03-31,明星工業株式会社
S100LL72,2021-06-25,2021-06-25 09:12,63730,2020-04-01,2021-03-31,大同工業株式会社
S100LN03,2021-06-25,2021-06-25 09:13,53680,2020-04-01,2021-03-31,日本インシュレーション株式会社
S100LQC0,2021-06-25,2021-06-25 09:13,98870,2020-04-01,2021-03-31,株式会社松屋フーズホールディングス
S100LPGA,2021-06-25,2021-06-25 09:14,83920,2020-04-01,2021-03-31,株式会社大分銀行
S100LPA8,2021-06-25,2021-06-25 09:17,38420,2020-04-01,2021-03-31,株式会社ネクストジェン
S100LQ6U,2021-06-25,2021-06-25 09:18,17340,2020-04-01,2021-03-31,株式会社北弘電社
S100LMJG,2021-06-25,2021-06-25 09:18,45120,2020-04-01,2021-03-31,わかもと製薬株式会社
S100LOSS,2021-06-25,2021-06-25 09:21,21760,2020-04-01,2021-03-31,株式会社イナリサーチ
S100LPLW,2021-06-25,2021-06-25 09:21,43660,2020-04-01,2021-03-31,ダイトーケミックス株式会社
S100LNCL,2021-06-25,2021-06-25 09:21,68220,2020-04-01,2021-03-31,大井電気株式会社
S100LOSU,2021-06-25,2021-06-25 09:24,50080,2020-04-01,2021-03-31,東亜石油株式会社
S100LPGS,2021-06-25,2021-06-25 09:27,47650,2020-04-01,2021-03-31,モーニングスター株式会社
S100LQB2,2021-06-25,2021-06-25 09:28,28130,2020-04-01,2021-03-31,和弘食品株式会社
S100LQB8,2021-06-25,2021-06-25 09:28,33410,2020-04-01,2021-03-31,日本調剤株式会社
S100LOOH,2021-06-25,2021-06-25 09:29,23970,2020-04-01,2021-03-31,株式会社ＤＮＡチップ研究所
S100LP6V,2021-06-25,2021-06-25 09:29,43420,2020-04-01,2021-03-31,セコム上信越株式会社
S100LP7P,2021-06-25,2021-06-25 09:29,88060,2020-04-01,2021-03-31,ダイビル株式会社
S100LPTN,2021-06-25,2021-06-25 09:29,53570,2020-04-01,2021-03-31,株式会社　ヨータイ
S100LO5C,2021-06-25,2021-06-25 09:30,97230,2020-04-01,2021-03-31,株式会社京都ホテル
S100LO33,2021-06-25,2021-06-25 09:30,43360,2020-04-01,2021-03-31,株式会社クリエアナブキ
S100LPFQ,2021-06-25,2021-06-25 09:30,62580,2020-04-01,2021-03-31,平田機工株式会社
S100LM10,2021-06-25,2021-06-25 09:31,72610,2020-04-01,2021-03-31,マツダ株式会社
S100LPCF,2021-06-25,2021-06-25 09:32,85580,2020-04-01,2021-03-31,株式会社東和銀行
S100LHBB,2021-06-25,2021-06-25 09:35,82550,2020-04-01,2021-03-31,アクシアル　リテイリング株式会社
S100LPSO,2021-06-25,2021-06-25 09:35,68460,2020-04-01,2021-03-31,株式会社中央製作所
S100LPA7,2021-06-25,2021-06-25 09:36,38370,2020-04-01,2021-03-31,アドソル日進株式会社
S100LQAF,2021-06-25,2021-06-25 09:36,86220,2020-04-01,2021-03-31,水戸証券株式会社
S100LOE8,2021-06-25,2021-06-25 09:37,49170,2020-04-01,2021-03-31,株式会社マンダム
S100LPQX,2021-06-25,2021-06-25 09:37,77050,2020-04-01,2021-03-31,ジーエルサイエンス株式会社
S100LQ2J,2021-06-25,2021-06-25 09:38,81170,2020-04-01,2021-03-31,中央自動車工業株式会社
S100LMNP,2021-06-25,2021-06-25 09:38,85110,2020-04-01,2021-03-31,日本証券金融株式会社
S100LP7K,2021-06-25,2021-06-25 09:40,64820,2020-04-01,2021-03-31,株式会社ユーシン精機
S100LPFE,2021-06-25,2021-06-25 09:42,43410,2020-04-01,2021-03-31,西菱電機株式会社
S100LNVH,2021-06-25,2021-06-25 09:45,47050,2020-04-01,2021-03-31,株式会社クリップコーポレーション
S100LPO6,2021-06-25,2021-06-25 09:45,72870,2020-04-01,2021-03-31,日本精機株式会社
S100LN06,2021-06-25,2021-06-25 09:46,75520,2020-04-01,2021-03-31,株式会社ハピネット
S100LK65,2021-06-25,2021-06-25 09:46,67720,2020-04-01,2021-03-31,東京コスモス電機株式会社
S100LNWT,2021-06-25,2021-06-25 09:48,80510,2020-04-01,2021-03-31,株式会社山善
S100LQ4Z,2021-06-25,2021-06-25 09:55,54490,2020-04-01,2021-03-31,大阪製鐵株式会社
S100LIC2,2021-06-25,2021-06-25 09:56,49750,2020-04-01,2021-03-31,株式会社ＪＣＵ
S100LPY1,2021-06-25,2021-06-25 09:58,31660,2020-04-01,2021-03-31,ＯＣＨＩホールディングス株式会社
S100LPXZ,2021-06-25,2021-06-25 09:58,44920,2020-04-01,2021-03-31,株式会社ゼネテック
S100LMKW,2021-06-25,2021-06-25 09:59,44850,2020-04-01,2021-03-31,株式会社ＪＴＯＷＥＲ
S100LQDE,2021-06-25,2021-06-25 10:00,28180,2020-04-01,2021-03-31,株式会社ピエトロ
S100LPVM,2021-06-25,2021-06-25 10:00,66390,2020-04-01,2021-03-31,株式会社コンテック
S100LP60,2021-06-25,2021-06-25 10:00,59750,2020-04-01,2021-03-31,東プレ株式会社
S100LPEK,2021-06-25,2021-06-25 10:00,42280,2020-04-01,2021-03-31,積水化成品工業株式会社
S100LNY7,2021-06-25,2021-06-25 10:00,79060,2020-04-01,2021-03-31,ヨネックス株式会社
S100LOV9,2021-06-25,2021-06-25 10:00,83080,2020-04-01,2021-03-31,株式会社　りそなホールディングス
S100LPAD,2021-06-25,2021-06-25 10:02,33950,2020-04-01,2021-03-31,株式会社サンマルクホールディングス
S100LORK,2021-06-25,2021-06-25 10:05,18020,2020-04-01,2021-03-31,株式会社大林組
S100LM7O,2021-06-25,2021-06-25 10:05,77710,2020-04-01,2021-03-31,日本精密株式会社
S100LOB9,2021-06-25,2021-06-25 10:10,81360,2020-04-01,2021-03-31,株式会社サンリオ
S100LHLP,2021-06-25,2021-06-25 10:11,78630,2020-04-01,2021-03-31,株式会社平賀
S100LKU9,2021-06-25,2021-06-25 10:11,90350,2020-04-01,2021-03-31,第一交通産業株式会社
S100LNYJ,2021-06-25,2021-06-25 10:11,97080,2020-04-01,2021-03-31,株式会社帝国ホテル
S100LPVL,2021-06-25,2021-06-25 10:17,27540,2020-04-01,2021-03-31,株式会社東葛ホールディングス
S100LPOO,2021-06-25,2021-06-25 10:19,23490,2020-04-01,2021-03-31,株式会社エヌアイデイ
S100LPZU,2021-06-25,2021-06-25 10:21,65690,2020-04-01,2021-03-31,日総工産株式会社
S100LPPE,2021-06-25,2021-06-25 10:22,27080,2020-04-01,2021-03-31,株式会社久世
S100LQGA,2021-06-25,2021-06-25 10:22,76020,2020-04-01,2021-03-31,株式会社カーチスホールディングス
S100LOHD,2021-06-25,2021-06-25 10:29,72550,2020-04-01,2021-03-31,株式会社　桜井製作所
S100LP1N,2021-06-25,2021-06-25 10:30,67520,2020-04-01,2021-03-31,パナソニック株式会社
S100LOJH,2021-06-25,2021-06-25 10:31,17200,2020-04-01,2021-03-31,東急建設株式会社
S100LPAG,2021-06-25,2021-06-25 10:32,23740,2020-04-01,2021-03-31,セントケア・ホールディング株式会社
S100LQH8,2021-06-25,2021-06-25 10:35,18660,2020-04-01,2021-03-31,北野建設株式会社
S100LQH1,2021-06-25,2021-06-25 10:36,62460,2020-04-01,2021-03-31,株式会社テクノスマート
S100LNOU,2021-06-25,2021-06-25 10:37,63470,2020-04-01,2021-03-31,株式会社プラコー
S100LN9J,2021-06-25,2021-06-25 10:41,62080,2020-04-01,2021-03-31,株式会社石川製作所
S100LPGH,2021-06-25,2021-06-25 10:43,78220,2020-04-01,2021-03-31,永大産業株式会社
S100LQGW,2021-06-25,2021-06-25 10:45,61900,2020-04-01,2021-03-31,株式会社フェニックスバイオ
S100LML2,2021-06-25,2021-06-25 10:46,37390,2020-04-01,2021-03-31,コムシード株式会社
S100LPQ4,2021-06-25,2021-06-25 10:49,24120,2020-04-01,2021-03-31,株式会社ベネフィット・ワン
S100LQEL,2021-06-25,2021-06-25 10:49,59490,2020-04-01,2021-03-31,ユニプレス株式会社
S100LPH4,2021-06-25,2021-06-25 10:49,79430,2020-04-01,2021-03-31,ニチハ株式会社
S100LPY5,2021-06-25,2021-06-25 10:50,21170,2020-04-01,2021-03-31,日新製糖株式会社
S100LOPC,2021-06-25,2021-06-25 10:51,53870,2020-04-01,2021-03-31,チヨダウーテ株式会社
S100L6RJ,2021-06-25,2021-06-25 10:52,51610,2020-04-01,2021-03-31,西川ゴム工業株式会社
S100LP6G,2021-06-25,2021-06-25 10:52,80750,2020-04-01,2021-03-31,神鋼商事株式会社
S100LPUR,2021-06-25,2021-06-25 10:53,43490,2020-04-01,2021-03-31,株式会社テスク
S100LMC8,2021-06-25,2021-06-25 10:54,93630,2020-04-01,2021-03-31,株式会社大運
S100LQA0,2021-06-25,2021-06-25 10:56,18670,2020-04-01,2021-03-31,株式会社植木組
S100LOGF,2021-06-25,2021-06-25 10:57,28040,2020-04-01,2021-03-31,ブルドックソース株式会社
S100LPUS,2021-06-25,2021-06-25 10:58,42900,2020-04-01,2021-03-31,株式会社プレステージ・インターナショナル
S100LPKT,2021-06-25,2021-06-25 10:58,35370,2020-04-01,2021-03-31,昭栄薬品株式会社
S100LOW0,2021-06-25,2021-06-25 10:58,78550,2020-04-01,2021-03-31,カーディナル株式会社
S100LPPL,2021-06-25,2021-06-25 10:59,43040,2020-04-01,2021-03-31,株式会社Ｅストアー
S100LQ9W,2021-06-25,2021-06-25 10:59,54580,2020-04-01,2021-03-31,高砂鐵工株式会社
S100LN0D,2021-06-25,2021-06-25 10:59,99870,2020-04-01,2021-03-31,株式会社スズケン
S100LPP1,2021-06-25,2021-06-25 11:01,50170,2020-04-01,2021-03-31,富士石油株式会社
S100LMMW,2021-06-25,2021-06-25 11:01,69730,2020-04-01,2021-03-31,協栄産業株式会社
S100LNGO,2021-06-25,2021-06-25 11:03,93060,2020-04-01,2021-03-31,東陽倉庫株式会社
S100LPMS,2021-06-25,2021-06-25 11:04,43670,2020-04-01,2021-03-31,広栄化学株式会社
S100LQC1,2021-06-25,2021-06-25 11:04,76160,2020-04-01,2021-03-31,株式会社　コロワイド
S100LQD1,2021-06-25,2021-06-25 11:04,38510,2020-04-01,2021-03-31,株式会社日本一ソフトウェア
S100LK4M,2021-06-25,2021-06-25 11:05,54100,2020-04-01,2021-03-31,合同製鐵株式会社
S100LQ45,2021-06-25,2021-06-25 11:06,93670,2020-04-01,2021-03-31,大東港運株式会社
S100LOZE,2021-06-25,2021-06-25 11:08,36260,2020-04-01,2021-03-31,ＴＩＳ株式会社
S100LOOC,2021-06-25,2021-06-25 11:10,89200,2020-04-01,2021-03-31,株式会社　東　祥
S100LME5,2021-06-25,2021-06-25 11:10,22820,2020-04-01,2021-03-31,日本ハム株式会社
S100LPG1,2021-06-25,2021-06-25 11:10,81390,2020-04-01,2021-03-31,株式会社ナガホリ
S100LQEC,2021-06-25,2021-06-25 11:11,34350,2020-04-01,2021-03-31,サンコーテクノ株式会社
S100LKDB,2021-06-25,2021-06-25 11:12,24870,2020-04-01,2021-03-31,株式会社ＣＤＧ
S100LOXE,2021-06-25,2021-06-25 11:14,92680,2020-04-01,2021-03-31,株式会社オプティマスグループ
S100LLUI,2021-06-25,2021-06-25 11:14,34170,2020-04-01,2021-03-31,大木ヘルスケアホールディングス株式会社
S100LQKK,2021-06-25,2021-06-25 11:14,51950,2020-04-01,2021-03-31,バンドー化学株式会社
S100LP4S,2021-06-25,2021-06-25 11:15,75230,2020-04-01,2021-03-31,アールビバン株式会社
S100LLEU,2021-06-25,2021-06-25 11:22,72400,2020-04-01,2021-03-31,ＮＯＫ株式会社
S100LMB8,2021-06-25,2021-06-25 11:22,17680,2020-04-01,2021-03-31,株式会社ソネック
S100LQMC,2021-06-25,2021-06-25 11:24,67440,2020-04-01,2021-03-31,能美防災株式会社
S100LOQC,2021-06-25,2021-06-25 11:24,62860,2020-04-01,2021-03-31,靜甲株式会社
S100LP2U,2021-06-25,2021-06-25 11:25,61210,2020-04-01,2021-03-31,株式会社滝澤鉄工所
S100LPIW,2021-06-25,2021-06-25 11:26,18840,2020-04-01,2021-03-31,日本道路株式会社
S100LPK4,2021-06-25,2021-06-25 11:26,75370,2020-04-01,2021-03-31,丸文株式会社
S100LLZ6,2021-06-25,2021-06-25 11:26,80230,2020-04-01,2021-03-31,大興電子通信株式会社
S100LNCR,2021-06-25,2021-06-25 11:27,68200,2020-04-01,2021-03-31,アイコム株式会社
S100LKQ2,2021-06-25,2021-06-25 11:29,81070,2020-04-01,2021-03-31,株式会社キムラタン
S100LPKP,2021-06-25,2021-06-25 11:30,65750,2020-04-01,2021-03-31,ヒューマン・アソシエイツ・ホールディングス株式会社
S100LQMN,2021-06-25,2021-06-25 11:30,59830,2020-04-01,2021-03-31,イワブチ株式会社
S100LQ88,2021-06-25,2021-06-25 11:30,14170,2020-04-01,2021-03-31,株式会社ミライト・ホールディングス
S100LIEL,2021-06-25,2021-06-25 11:30,81410,2020-04-01,2021-03-31,新光商事株式会社
S100LQJZ,2021-06-25,2021-06-25 11:30,60330,2020-04-01,2021-03-31,株式会社エクストリーム
S100LOVW,2021-06-25,2021-06-25 11:31,90140,2020-04-01,2021-03-31,新京成電鉄株式会社
S100LOEK,2021-06-25,2021-06-25 11:32,93580,2020-04-01,2021-03-31,株式会社宇徳
S100LOQ0,2021-06-25,2021-06-25 11:33,90760,2020-04-01,2021-03-31,セイノーホールディングス株式会社
S100LOH1,2021-06-25,2021-06-25 11:35,68820,2020-04-01,2021-03-31,株式会社三社電機製作所
S100LN5Y,2021-06-25,2021-06-25 11:36,59110,2020-04-01,2021-03-31,株式会社横河ブリッジホールディングス
S100LL6R,2021-06-25,2021-06-25 11:36,39320,2020-04-01,2021-03-31,株式会社アカツキ
S100LQOL,2021-06-25,2021-06-25 11:36,99040,2020-04-01,2021-03-31,株式会社ベリテ
S100LQM7,2021-06-25,2021-06-25 11:37,99690,2020-04-01,2021-03-31,株式会社ショクブン
S100LPLM,2021-06-25,2021-06-25 11:41,19600,2020-04-01,2021-03-31,株式会社サンテック
S100LPMM,2021-06-25,2021-06-25 11:41,77340,2020-04-01,2021-03-31,理研計器株式会社
S100LMW6,2021-06-25,2021-06-25 11:43,18500,2020-04-01,2021-03-31,南海辰村建設株式会社
S100LOG9,2021-06-25,2021-06-25 11:44,97420,2020-04-01,2021-03-31,株式会社アイネス
S100LQJE,2021-06-25,2021-06-25 11:44,93530,2020-04-01,2021-03-31,櫻島埠頭株式会社
S100LQKI,2021-06-25,2021-06-25 11:46,98450,2020-04-01,2021-03-31,株式会社パーカーコーポレーション
S100LOL3,2021-06-25,2021-06-25 11:47,93510,2020-04-01,2021-03-31,東洋埠頭株式会社
S100LPBW,2021-06-25,2021-06-25 11:47,77270,2020-04-01,2021-03-31,株式会社オーバル
S100LOCQ,2021-06-25,2021-06-25 11:51,85270,2020-04-01,2021-03-31,株式会社愛知銀行
S100LOWS,2021-06-25,2021-06-25 11:51,62930,2020-04-01,2021-03-31,日精樹脂工業株式会社
S100LQAV,2021-06-25,2021-06-25 11:51,90670,2020-04-01,2021-03-31,株式会社丸運
S100LOXD,2021-06-25,2021-06-25 11:51,34420,2020-04-01,2021-03-31,株式会社ＭＩＥコーポレーション
S100LQ1X,2021-06-25,2021-06-25 11:54,94450,2020-04-01,2021-03-31,株式会社フォーバルテレコム
S100LLLQ,2021-06-25,2021-06-25 11:55,64710,2020-04-01,2021-03-31,日本精工株式会社
S100LPNO,2021-06-25,2021-06-25 11:56,62990,2020-04-01,2021-03-31,株式会社神鋼環境ソリューション
S100LLTP,2021-06-25,2021-06-25 11:57,90650,2020-04-01,2021-03-31,山九株式会社
S100LQI8,2021-06-25,2021-06-25 11:57,95360,2020-04-01,2021-03-31,西部ガスホールディングス株式会社
S100LLBA,2021-06-25,2021-06-25 11:59,19500,2020-04-01,2021-03-31,日本電設工業株式会社
S100LPU7,2021-06-25,2021-06-25 12:00,62470,2020-04-01,2021-03-31,株式会社日阪製作所
S100LPCZ,2021-06-25,2021-06-25 12:00,64070,2020-04-01,2021-03-31,ＣＫＤ株式会社
S100LNS2,2021-06-25,2021-06-25 12:02,72150,2020-04-01,2021-03-31,株式会社ファルテック
S100LOSA,2021-06-25,2021-06-25 12:04,46780,2020-04-01,2021-03-31,株式会社　秀英予備校
S100LOUB,2021-06-25,2021-06-25 12:05,69010,2020-04-01,2021-03-31,澤藤電機株式会社
S100LK8H,2021-06-25,2021-06-25 12:09,61380,2020-04-01,2021-03-31,ダイジェット工業株式会社
S100LPXB,2021-06-25,2021-06-25 12:10,74600,2020-04-01,2021-03-31,株式会社ヤギ
S100LQNE,2021-06-25,2021-06-25 12:12,99130,2020-04-01,2021-03-31,日邦産業株式会社
S100LNVK,2021-06-25,2021-06-25 12:12,28100,2020-04-01,2021-03-31,ハウス食品グループ本社株式会社
S100LQRK,2021-06-25,2021-06-25 12:13,70700,2020-04-01,2021-03-31,ＳＩホールディングス株式会社
S100LN1K,2021-06-25,2021-06-25 12:15,55410,2020-04-01,2021-03-31,大平洋金属株式会社
S100LPSW,2021-06-25,2021-06-25 12:17,79870,2020-04-01,2021-03-31,ナカバヤシ株式会社
S100LPF9,2021-06-25,2021-06-25 12:22,28970,2020-04-01,2021-03-31,日清食品ホールディングス株式会社
S100LQ1R,2021-06-25,2021-06-25 12:25,87070,2020-04-01,2021-03-31,岩井コスモホールディングス株式会社
S100LKWW,2021-06-25,2021-06-25 12:25,80450,2020-04-01,2021-03-31,横浜丸魚株式会社
S100LQRP,2021-06-25,2021-06-25 12:25,85600,2020-04-01,2021-03-31,株式会社　宮崎太陽銀行
S100LPMK,2021-06-25,2021-06-25 12:31,83360,2020-04-01,2021-03-31,株式会社武蔵野銀行
S100LPFO,2021-06-25,2021-06-25 12:34,22930,2020-04-01,2021-03-31,滝沢ハム株式会社
S100LNPR,2021-06-25,2021-06-25 12:34,74760,2020-04-01,2021-03-31,アズワン株式会社
S100LKSN,2021-06-25,2021-06-25 12:40,68190,2020-04-01,2021-03-31,伊豆シャボテンリゾート株式会社
S100LQ1Q,2021-06-25,2021-06-25 12:40,88970,2020-04-01,2021-03-31,株式会社タカラレーベン
S100LOQR,2021-06-25,2021-06-25 12:46,56030,2020-04-01,2021-03-31,虹技株式会社
S100LNBM,2021-06-25,2021-06-25 12:48,80760,2020-04-01,2021-03-31,株式会社カノークス
S100LP7H,2021-06-25,2021-06-25 12:48,81370,2020-04-01,2021-03-31,サンワテクノス株式会社
S100LP5X,2021-06-25,2021-06-25 12:51,79700,2020-04-01,2021-03-31,信越ポリマー株式会社
S100LQ3P,2021-06-25,2021-06-25 12:53,49260,2020-04-01,2021-03-31,株式会社シーボン
S100LMWI,2021-06-25,2021-06-25 12:53,69890,2020-04-01,2021-03-31,北陸電気工業株式会社
S100LQTD,2021-06-25,2021-06-25 12:56,42060,2020-04-01,2021-03-31,アイカ工業株式会社
S100LOYB,2021-06-25,2021-06-25 12:57,68060,2020-04-01,2021-03-31,ヒロセ電機株式会社
S100LQ2S,2021-06-25,2021-06-25 12:59,42340,2020-04-01,2021-03-31,株式会社サンエー化研
S100LQ0A,2021-06-25,2021-06-25 13:00,72420,2020-04-01,2021-03-31,ＫＹＢ株式会社
S100LKON,2021-06-25,2021-06-25 13:00,18350,2020-04-01,2021-03-31,東鉄工業株式会社
S100LIYH,2021-06-25,2021-06-25 13:02,39430,2020-04-01,2021-03-31,大石産業株式会社
S100KSGF,2021-06-25,2021-06-25 13:02,81520,2020-04-01,2021-03-31,ソマール株式会社
S100LQAG,2021-06-25,2021-06-25 13:03,19040,2020-04-01,2021-03-31,大成温調株式会社
S100LP14,2021-06-25,2021-06-25 13:03,71670,2020-04-01,2021-03-31,株式会社めぶきフィナンシャルグループ
S100LOLI,2021-06-25,2021-06-25 13:04,41820,2020-04-01,2021-03-31,三菱瓦斯化学株式会社
S100LPJ9,2021-06-25,2021-06-25 13:04,74080,2020-04-01,2021-03-31,株式会社ジャムコ
S100LPVH,2021-06-25,2021-06-25 13:04,98200,2020-04-01,2021-03-31,エムティジェネックス株式会社
S100LPNF,2021-06-25,2021-06-25 13:04,73270,2020-04-01,2021-03-31,株式会社第四北越フィナンシャルグループ
S100LOQ1,2021-06-25,2021-06-25 13:04,28770,2020-04-01,2021-03-31,日東ベスト株式会社
S100LOEE,2021-06-25,2021-06-25 13:06,58050,2020-04-01,2021-03-31,昭和電線ホールディングス株式会社
S100LQTS,2021-06-25,2021-06-25 13:06,26660,2020-04-01,2021-03-31,株式会社　オートウェーブ
S100LO2R,2021-06-25,2021-06-25 13:06,18690,2020-04-01,2021-03-31,名工建設株式会社
S100LMEB,2021-06-25,2021-06-25 13:06,97760,2020-04-01,2021-03-31,札幌臨床検査センター株式会社
S100LLLD,2021-06-25,2021-06-25 13:07,67710,2020-04-01,2021-03-31,池上通信機株式会社
S100LP3B,2021-06-25,2021-06-25 13:07,18830,2020-04-01,2021-03-31,前田道路株式会社
S100LOOP,2021-06-25,2021-06-25 13:08,69190,2020-04-01,2021-03-31,ケル株式会社
S100LPA9,2021-06-25,2021-06-25 13:08,97630,2020-04-01,2021-03-31,丸紅建材リース株式会社
S100LLYB,2021-06-25,2021-06-25 13:09,66220,2020-04-01,2021-03-31,株式会社ダイヘン
S100LOVN,2021-06-25,2021-06-25 13:10,20600,2020-04-01,2021-03-31,フィード・ワン株式会社
S100LPY2,2021-06-25,2021-06-25 13:10,21140,2020-04-01,2021-03-31,フジ日本精糖株式会社
S100LP04,2021-06-25,2021-06-25 13:10,42150,2020-04-01,2021-03-31,タキロンシーアイ株式会社
S100LGTD,2021-06-25,2021-06-25 13:12,30040,2020-04-01,2021-03-31,神栄株式会社
S100LLNX,2021-06-25,2021-06-25 13:12,17370,2020-04-01,2021-03-31,三井金属エンジニアリング株式会社
S100LOO8,2021-06-25,2021-06-25 13:12,38780,2020-04-01,2021-03-31,株式会社巴川製紙所
S100LNFK,2021-06-25,2021-06-25 13:12,79550,2020-04-01,2021-03-31,クリナップ株式会社
S100LPJZ,2021-06-25,2021-06-25 13:13,98960,2020-04-01,2021-03-31,ＪＫホールディングス株式会社
S100LQRJ,2021-06-25,2021-06-25 13:13,79470,2020-04-01,2021-03-31,株式会社エフピコ
S100LOWB,2021-06-25,2021-06-25 13:13,64930,2020-04-01,2021-03-31,日鍛バルブ株式会社
S100LLC7,2021-06-25,2021-06-25 13:14,60880,2020-04-01,2021-03-31,株式会社シグマクシス
S100LLOH,2021-06-25,2021-06-25 13:15,77350,2020-04-01,2021-03-31,株式会社ＳＣＲＥＥＮホールディングス
S100LPIX,2021-06-25,2021-06-25 13:15,63960,2020-04-01,2021-03-31,株式会社宇野澤組鐵工所
S100LQ2Y,2021-06-25,2021-06-25 13:17,96440,2020-04-01,2021-03-31,株式会社タナベ経営
S100LKIS,2021-06-25,2021-06-25 13:17,31100,2020-04-01,2021-03-31,日東紡績株式会社
S100LNFW,2021-06-25,2021-06-25 13:17,69280,2020-04-01,2021-03-31,株式会社エノモト
S100LNPJ,2021-06-25,2021-06-25 13:17,78850,2020-04-01,2021-03-31,タカノ株式会社
S100LQHX,2021-06-25,2021-06-25 13:17,74590,2020-04-01,2021-03-31,株式会社メディパルホールディングス
S100LQ5Q,2021-06-25,2021-06-25 13:18,72730,2020-04-01,2021-03-31,株式会社イクヨ
S100LORU,2021-06-25,2021-06-25 13:18,13320,2020-04-01,2021-03-31,日本水産株式会社
S100LQFN,2021-06-25,2021-06-25 13:19,20020,2020-04-01,2021-03-31,株式会社日清製粉グループ本社
S100LN3X,2021-06-25,2021-06-25 13:19,78870,2020-04-01,2021-03-31,南海プライウッド株式会社
S100LOF8,2021-06-25,2021-06-25 13:20,78400,2020-04-01,2021-03-31,フランスベッドホールディングス株式会社
S100LONS,2021-06-25,2021-06-25 13:20,40420,2020-04-01,2021-03-31,東ソー株式会社
S100LQ2P,2021-06-25,2021-06-25 13:21,30680,2020-04-01,2021-03-31,株式会社ＷＤＩ
S100LNUU,2021-06-25,2021-06-25 13:21,70590,2020-04-01,2021-03-31,株式会社コプロ・ホールディングス
S100LPFH,2021-06-25,2021-06-25 13:21,66780,2020-04-01,2021-03-31,株式会社テクノメディカ
S100LPRD,2021-06-25,2021-06-25 13:21,63810,2020-04-01,2021-03-31,アネスト岩田株式会社
S100LO1R,2021-06-25,2021-06-25 13:22,38640,2020-04-01,2021-03-31,三菱製紙株式会社
S100LPPG,2021-06-25,2021-06-25 13:23,36400,2020-04-01,2021-03-31,株式会社電算
S100LM8J,2021-06-25,2021-06-25 13:24,37710,2020-04-01,2021-03-31,株式会社システムリサーチ
S100LP7W,2021-06-25,2021-06-25 13:26,64600,2020-04-01,2021-03-31,セガサミーホールディングス株式会社
S100LKDZ,2021-06-25,2021-06-25 13:26,77520,2020-04-01,2021-03-31,株式会社リコー
S100LP0X,2021-06-25,2021-06-25 13:27,93240,2020-04-01,2021-03-31,安田倉庫株式会社
S100LQLC,2021-06-25,2021-06-25 13:28,63820,2020-04-01,2021-03-31,トリニティ工業株式会社
S100LN2C,2021-06-25,2021-06-25 13:30,93040,2020-04-01,2021-03-31,澁澤倉庫株式会社
S100LQVU,2021-06-25,2021-06-25 13:30,23510,2020-04-01,2021-03-31,株式会社ＡＳＪ
S100LQ1A,2021-06-25,2021-06-25 13:30,41090,2020-04-01,2021-03-31,ステラケミファ株式会社
S100LPSG,2021-06-25,2021-06-25 13:30,67370,2020-04-01,2021-03-31,ＥＩＺＯ株式会社
S100LPTB,2021-06-25,2021-06-25 13:31,41020,2020-04-01,2021-03-31,丸尾カルシウム株式会社
S100LP3Z,2021-06-25,2021-06-25 13:31,69320,2020-04-01,2021-03-31,株式会社遠藤照明
S100LODZ,2021-06-25,2021-06-25 13:32,19340,2020-04-01,2021-03-31,株式会社ユアテック
S100LM2E,2021-06-25,2021-06-25 13:32,68380,2020-04-01,2021-03-31,株式会社多摩川ホールディングス
S100LP4E,2021-06-25,2021-06-25 13:32,68690,2020-04-01,2021-03-31,シスメックス株式会社
S100LOZB,2021-06-25,2021-06-25 13:33,85850,2020-04-01,2021-03-31,株式会社オリエントコーポレーション
S100LPV3,2021-06-25,2021-06-25 13:33,85240,2020-04-01,2021-03-31,株式会社北洋銀行
S100LQ6F,2021-06-25,2021-06-25 13:33,51990,2020-04-01,2021-03-31,不二ラテックス株式会社
S100LJGA,2021-06-25,2021-06-25 13:33,40780,2020-04-01,2021-03-31,堺化学工業株式会社
S100LMK7,2021-06-25,2021-06-25 13:34,63640,2020-04-01,2021-03-31,北越工業株式会社
S100LMCN,2021-06-25,2021-06-25 13:34,49600,2020-04-01,2021-03-31,ケミプロ化成株式会社
S100LKZM,2021-06-25,2021-06-25 13:34,72540,2020-04-01,2021-03-31,株式会社ユニバンス
S100LQOK,2021-06-25,2021-06-25 13:35,81570,2020-04-01,2021-03-31,都築電気株式会社
S100LQ3C,2021-06-25,2021-06-25 13:35,83430,2020-04-01,2021-03-31,株式会社秋田銀行
S100LO2O,2021-06-25,2021-06-25 13:35,81030,2020-04-01,2021-03-31,明和産業株式会社
S100LQU4,2021-06-25,2021-06-25 13:37,86300,2020-04-01,2021-03-31,ＳＯＭＰＯホールディングス株式会社
S100LP72,2021-06-25,2021-06-25 13:37,19480,2020-04-01,2021-03-31,株式会社弘電社
S100LPXJ,2021-06-25,2021-06-25 13:39,87660,2020-04-01,2021-03-31,東京海上ホールディングス株式会社
S100LPX5,2021-06-25,2021-06-25 13:39,85440,2020-04-01,2021-03-31,株式会社　京葉銀行
S100LP05,2021-06-25,2021-06-25 13:42,81010,2020-04-01,2021-03-31,株式会社ＧＳＩクレオス
S100LPYS,2021-06-25,2021-06-25 13:43,81380,2020-04-01,2021-03-31,三京化成株式会社
S100LNZJ,2021-06-25,2021-06-25 13:45,85630,2020-04-01,2021-03-31,株式会社大東銀行
S100LQQY,2021-06-25,2021-06-25 13:45,34650,2020-04-01,2021-03-31,ケイアイスター不動産株式会社
S100LOVC,2021-06-25,2021-06-25 13:45,90440,2020-04-01,2021-03-31,南海電気鉄道株式会社
S100LP5H,2021-06-25,2021-06-25 13:45,47620,2020-04-01,2021-03-31,株式会社エックスネット
S100LQ6N,2021-06-25,2021-06-25 13:45,45940,2020-04-01,2021-03-31,ブライトパス・バイオ株式会社
S100LPTF,2021-06-25,2021-06-25 13:46,54760,2020-04-01,2021-03-31,日本高周波鋼業株式会社
S100LPWY,2021-06-25,2021-06-25 13:47,27900,2020-04-01,2021-03-31,株式会社ナフコ
S100LPHU,2021-06-25,2021-06-25 13:48,59010,2020-04-01,2021-03-31,東洋製罐グループホールディングス株式会社
S100LQU2,2021-06-25,2021-06-25 13:48,47180,2020-04-01,2021-03-31,株式会社早稲田アカデミー
S100LOS2,2021-06-25,2021-06-25 13:48,90770,2020-04-01,2021-03-31,名鉄運輸株式会社
S100LN98,2021-06-25,2021-06-25 13:48,47700,2020-04-01,2021-03-31,図研エルミック株式会社
S100LP7C,2021-06-25,2021-06-25 13:48,64800,2020-04-01,2021-03-31,日本トムソン株式会社
S100LQ14,2021-06-25,2021-06-25 13:49,69270,2020-04-01,2021-03-31,ヘリオス　テクノ　ホールディング株式会社
S100LP7X,2021-06-25,2021-06-25 13:49,67040,2020-04-01,2021-03-31,岩崎通信機株式会社
S100LK8Z,2021-06-25,2021-06-25 13:51,69070,2020-04-01,2021-03-31,ジオマテック株式会社
S100LQXY,2021-06-25,2021-06-25 13:52,63560,2020-04-01,2021-03-31,日本ギア工業株式会社
S100LPSA,2021-06-25,2021-06-25 13:54,93220,2020-04-01,2021-03-31,川西倉庫株式会社
S100LQXM,2021-06-25,2021-06-25 13:54,90830,2020-04-01,2021-03-31,神姫バス株式会社
S100LLV1,2021-06-25,2021-06-25 13:55,69370,2020-04-01,2021-03-31,古河電池株式会社
S100LQWS,2021-06-25,2021-06-25 13:55,63790,2020-04-01,2021-03-31,レイズネクスト株式会社
S100LPO1,2021-06-25,2021-06-25 13:56,63420,2020-04-01,2021-03-31,株式会社太平製作所
S100LOU7,2021-06-25,2021-06-25 13:59,77740,2020-04-01,2021-03-31,株式会社ジャパン・ティッシュ・エンジニアリング
S100LPVS,2021-06-25,2021-06-25 14:00,68550,2020-04-01,2021-03-31,日本電子材料株式会社
S100LQNW,2021-06-25,2021-06-25 14:00,60160,2020-04-01,2021-03-31,株式会社ジャパンエンジンコーポレーション
S100LNLH,2021-06-25,2021-06-25 14:00,77800,2020-04-01,2021-03-31,株式会社メニコン
S100LPO3,2021-06-25,2021-06-25 14:00,31570,2020-04-01,2021-03-31,ジューテックホールディングス株式会社
S100LPLC,2021-06-25,2021-06-25 14:01,59840,2020-04-01,2021-03-31,兼房株式会社
S100LMXR,2021-06-25,2021-06-25 14:02,67760,2020-04-01,2021-03-31,天昇電気工業株式会社
S100LOYE,2021-06-25,2021-06-25 14:02,42740,2020-04-01,2021-03-31,細谷火工株式会社
S100LQPV,2021-06-25,2021-06-25 14:03,32890,2020-04-01,2021-03-31,東急不動産ホールディングス株式会社
S100LPU2,2021-06-25,2021-06-25 14:04,99940,2020-04-01,2021-03-31,株式会社やまや
S100LM47,2021-06-25,2021-06-25 14:05,65700,2020-04-01,2021-03-31,株式会社共和コーポレーション
S100LQRQ,2021-06-25,2021-06-25 14:06,30990,2020-04-01,2021-03-31,株式会社三越伊勢丹ホールディングス
S100LKOT,2021-06-25,2021-06-25 14:08,72290,2020-04-01,2021-03-31,株式会社ユタカ技研
S100LQZT,2021-06-25,2021-06-25 14:08,76470,2020-04-01,2021-03-31,株式会社音通
S100LNIE,2021-06-25,2021-06-25 14:10,23070,2020-04-01,2021-03-31,株式会社クロスキャット
S100LLMX,2021-06-25,2021-06-25 14:10,46760,2020-04-01,2021-03-31,株式会社フジ・メディア・ホールディングス
S100LOGZ,2021-06-25,2021-06-25 14:10,45270,2020-04-01,2021-03-31,ロート製薬株式会社
S100LPKN,2021-06-25,2021-06-25 14:10,69240,2020-04-01,2021-03-31,岩崎電気株式会社
S100LPUP,2021-06-25,2021-06-25 14:10,82930,2020-04-01,2021-03-31,株式会社ＡＴグループ
S100LQ4H,2021-06-25,2021-06-25 14:12,68390,2020-04-01,2021-03-31,船井電機株式会社
S100LP06,2021-06-25,2021-06-25 14:15,91190,2020-04-01,2021-03-31,飯野海運株式会社
S100LR1R,2021-06-25,2021-06-25 14:17,81080,2020-04-01,2021-03-31,ヤマエ久野株式会社
S100LQT7,2021-06-25,2021-06-25 14:17,73050,2020-04-01,2021-03-31,新家工業株式会社
S100LON3,2021-06-25,2021-06-25 14:17,63930,2020-04-01,2021-03-31,油研工業株式会社
S100LQZA,2021-06-25,2021-06-25 14:17,18780,2020-04-01,2021-03-31,大東建託株式会社
S100LP6T,2021-06-25,2021-06-25 14:18,52730,2020-04-01,2021-03-31,三谷セキサン株式会社
S100LLVW,2021-06-25,2021-06-25 14:19,78830,2020-04-01,2021-03-31,サンメッセ株式会社
S100LOOX,2021-06-25,2021-06-25 14:20,18470,2020-04-01,2021-03-31,株式会社イチケン
S100LPER,2021-06-25,2021-06-25 14:20,43080,2020-04-01,2021-03-31,株式会社Ｊストリーム
S100LPZZ,2021-06-25,2021-06-25 14:21,77170,2020-04-01,2021-03-31,株式会社ブイ・テクノロジー
S100LQ2B,2021-06-25,2021-06-25 14:22,17300,2020-04-01,2021-03-31,麻生フオームクリート株式会社
S100LOOG,2021-06-25,2021-06-25 14:22,81600,2020-04-01,2021-03-31,株式会社　木曽路
S100LOUR,2021-06-25,2021-06-25 14:23,80070,2020-04-01,2021-03-31,高島株式会社
S100LPYL,2021-06-25,2021-06-25 14:23,23230,2020-04-01,2021-03-31,株式会社ｆｏｎｆｕｎ
S100LR29,2021-06-25,2021-06-25 14:24,59070,2020-04-01,2021-03-31,ＪＦＥコンテイナー株式会社
S100LR2Z,2021-06-25,2021-06-25 14:24,80610,2020-04-01,2021-03-31,西華産業株式会社
S100LQFI,2021-06-25,2021-06-25 14:25,76280,2020-04-01,2021-03-31,株式会社オーハシテクニカ
S100LPZL,2021-06-25,2021-06-25 14:25,61370,2020-04-01,2021-03-31,小池酸素工業株式会社
S100LPCB,2021-06-25,2021-06-25 14:27,22090,2020-04-01,2021-03-31,井村屋グループ株式会社
S100LQGH,2021-06-25,2021-06-25 14:28,20040,2020-04-01,2021-03-31,昭和産業株式会社
S100LOSP,2021-06-25,2021-06-25 14:29,30240,2020-04-01,2021-03-31,クリエイト株式会社
S100LNIK,2021-06-25,2021-06-25 14:29,78750,2020-04-01,2021-03-31,竹田印刷株式会社
S100LQ5R,2021-06-25,2021-06-25 14:30,42180,2020-04-01,2021-03-31,ニチバン株式会社
S100LMRI,2021-06-25,2021-06-25 14:30,83600,2020-04-01,2021-03-31,株式会社　山梨中央銀行
S100LR32,2021-06-25,2021-06-25 14:30,47920,2020-04-01,2021-03-31,山田コンサルティンググループ株式会社
S100LP0P,2021-06-25,2021-06-25 14:31,65040,2020-04-01,2021-03-31,富士電機株式会社
S100LOEN,2021-06-25,2021-06-25 14:32,40230,2020-04-01,2021-03-31,株式会社クレハ
S100LOCF,2021-06-25,2021-06-25 14:33,53310,2020-04-01,2021-03-31,株式会社ノリタケカンパニーリミテド
S100LP55,2021-06-25,2021-06-25 14:34,33750,2020-04-01,2021-03-31,株式会社ＺＯＡ
S100LQUD,2021-06-25,2021-06-25 14:35,27840,2020-04-01,2021-03-31,アルフレッサホールディングス株式会社
S100LP3T,2021-06-25,2021-06-25 14:36,99950,2020-04-01,2021-03-31,株式会社グローセル
S100LOTC,2021-06-25,2021-06-25 14:36,42290,2020-04-01,2021-03-31,群栄化学工業株式会社
S100LOKR,2021-06-25,2021-06-25 14:39,37870,2020-04-01,2021-03-31,株式会社テクノマセマティカル
S100LPG3,2021-06-25,2021-06-25 14:39,94120,2020-04-01,2021-03-31,株式会社スカパーＪＳＡＴホールディングス
S100LOOZ,2021-06-25,2021-06-25 14:41,50200,2020-04-01,2021-03-31,ＥＮＥＯＳホールディングス株式会社
S100LQ84,2021-06-25,2021-06-25 14:41,31750,2020-04-01,2021-03-31,株式会社エー・ピーホールディングス
S100LNZQ,2021-06-25,2021-06-25 14:42,34070,2020-04-01,2021-03-31,旭化成株式会社
S100LGS5,2021-06-25,2021-06-25 14:42,53340,2020-04-01,2021-03-31,日本特殊陶業株式会社
S100LP4A,2021-06-25,2021-06-25 14:44,50130,2020-04-01,2021-03-31,ユシロ化学工業株式会社
S100LHA9,2021-06-25,2021-06-25 14:46,80580,2020-04-01,2021-03-31,三菱商事株式会社
S100LN10,2021-06-25,2021-06-25 14:47,50710,2020-04-01,2021-03-31,株式会社ヴィス
S100LKT6,2021-06-25,2021-06-25 14:47,41180,2020-04-01,2021-03-31,株式会社カネカ
S100LJ79,2021-06-25,2021-06-25 14:49,54800,2020-04-01,2021-03-31,日本冶金工業株式会社
S100LQ06,2021-06-25,2021-06-25 14:49,26740,2020-04-01,2021-03-31,株式会社ハードオフコーポレーション
S100LOXM,2021-06-25,2021-06-25 14:52,65560,2020-04-01,2021-03-31,ウェルビー株式会社
S100LR6A,2021-06-25,2021-06-25 14:55,42220,2020-04-01,2021-03-31,児玉化学工業株式会社
S100LPFK,2021-06-25,2021-06-25 14:57,24250,2020-04-01,2021-03-31,株式会社ケアサービス
S100LR44,2021-06-25,2021-06-25 14:59,90360,2020-04-01,2021-03-31,東部ネットワーク株式会社
S100LOKE,2021-06-25,2021-06-25 14:59,97350,2020-04-01,2021-03-31,セコム株式会社
S100LR55,2021-06-25,2021-06-25 15:00,44970,2020-04-01,2021-03-31,株式会社ロコガイド
S100LQQT,2021-06-25,2021-06-25 15:00,89190,2020-04-01,2021-03-31,株式会社カチタス
S100LNXH,2021-06-25,2021-06-25 15:00,66980,2020-04-01,2021-03-31,ヴィスコ・テクノロジーズ株式会社
S100LP31,2021-06-25,2021-06-25 15:00,67700,2020-04-01,2021-03-31,アルプスアルパイン株式会社
S100LNZP,2021-06-25,2021-06-25 15:00,69580,2020-04-01,2021-03-31,日本シイエムケイ株式会社
S100LR67,2021-06-25,2021-06-25 15:00,43890,2020-04-01,2021-03-31,プロパティデータバンク株式会社
S100LP1H,2021-06-25,2021-06-25 15:00,44910,2020-04-01,2021-03-31,コンピューターマネージメント株式会社
S100LPQ1,2021-06-25,2021-06-25 15:00,60820,2020-04-01,2021-03-31,株式会社ライドオンエクスプレスホールディングス
S100LNGK,2021-06-25,2021-06-25 15:00,62300,2020-04-01,2021-03-31,ＳＡＮＥＩ株式会社
S100LNHM,2021-06-25,2021-06-25 15:00,61350,2020-04-01,2021-03-31,株式会社　牧野フライス製作所
S100LR6E,2021-06-25,2021-06-25 15:00,66130,2020-04-01,2021-03-31,株式会社ＱＤレーザ
S100LPC4,2021-06-25,2021-06-25 15:02,70920,2020-04-01,2021-03-31,株式会社Ｆａｓｔ　Ｆｉｔｎｅｓｓ　Ｊａｐａｎ
S100LQAO,2021-06-25,2021-06-25 15:02,33740,2020-04-01,2021-03-31,内外テック株式会社
S100LORW,2021-06-25,2021-06-25 15:02,13010,2020-04-01,2021-03-31,株式会社　極洋
S100LP7D,2021-06-25,2021-06-25 15:02,47360,2020-04-01,2021-03-31,日本ラッド株式会社
S100LR78,2021-06-25,2021-06-25 15:02,79500,2020-04-01,2021-03-31,日本デコラックス株式会社
S100LNU4,2021-06-25,2021-06-25 15:03,95050,2020-04-01,2021-03-31,北陸電力株式会社
S100LP5R,2021-06-25,2021-06-25 15:03,67410,2020-04-01,2021-03-31,日本信号株式会社
S100LR2Q,2021-06-25,2021-06-25 15:03,30420,2020-04-01,2021-03-31,株式会社セキュアヴェイル
S100LNIJ,2021-06-25,2021-06-25 15:03,54810,2020-04-01,2021-03-31,山陽特殊製鋼株式会社
S100LQ3D,2021-06-25,2021-06-25 15:04,24890,2020-04-01,2021-03-31,株式会社アドウェイズ
S100LMGQ,2021-06-25,2021-06-25 15:04,57530,2020-04-01,2021-03-31,日本伸銅株式会社
S100LQQD,2021-06-25,2021-06-25 15:05,72380,2020-04-01,2021-03-31,曙ブレーキ工業株式会社
S100LMW2,2021-06-25,2021-06-25 15:06,79510,2020-04-01,2021-03-31,ヤマハ株式会社
S100LQEI,2021-06-25,2021-06-25 15:06,53320,2020-04-01,2021-03-31,ＴＯＴＯ株式会社
S100LKLI,2021-06-25,2021-06-25 15:06,68750,2020-04-01,2021-03-31,株式会社メガチップス
S100LN1F,2021-06-25,2021-06-25 15:07,42720,2020-04-01,2021-03-31,日本化薬株式会社
S100LQ3R,2021-06-25,2021-06-25 15:08,54840,2020-04-01,2021-03-31,東北特殊鋼株式会社
S100LO4V,2021-06-25,2021-06-25 15:08,62030,2020-04-01,2021-03-31,豊和工業株式会社
S100LQS8,2021-06-25,2021-06-25 15:08,68640,2020-04-01,2021-03-31,株式会社エヌエフホールディングス
S100LLFK,2021-06-25,2021-06-25 15:09,40880,2020-04-01,2021-03-31,エア・ウォーター株式会社
S100LR83,2021-06-25,2021-06-25 15:09,21560,2020-04-01,2021-03-31,セーラー広告株式会社
S100LOUF,2021-06-25,2021-06-25 15:09,39270,2020-04-01,2021-03-31,株式会社フーバーブレイン
S100LQ77,2021-06-25,2021-06-25 15:09,39700,2020-04-01,2021-03-31,株式会社イノベーション
S100LPY8,2021-06-25,2021-06-25 15:10,82180,2020-04-01,2021-03-31,株式会社コメリ
S100LQED,2021-06-25,2021-06-25 15:10,43470,2020-04-01,2021-03-31,ブロードメディア株式会社
S100LQQ4,2021-06-25,2021-06-25 15:12,18900,2020-04-01,2021-03-31,東洋建設株式会社
S100LOJZ,2021-06-25,2021-06-25 15:12,28310,2020-04-01,2021-03-31,はごろもフーズ株式会社
S100LPZS,2021-06-25,2021-06-25 15:12,72020,2020-04-01,2021-03-31,いすゞ自動車株式会社
S100LQN6,2021-06-25,2021-06-25 15:12,75750,2020-04-01,2021-03-31,日本ライフライン株式会社
S100LOJ1,2021-06-25,2021-06-25 15:12,83370,2020-04-01,2021-03-31,株式会社千葉興業銀行
S100LQ15,2021-06-25,2021-06-25 15:13,36820,2020-04-01,2021-03-31,エンカレッジ・テクノロジ株式会社
S100LPP2,2021-06-25,2021-06-25 15:13,14200,2020-04-01,2021-03-31,サンヨーホームズ株式会社
S100LQMQ,2021-06-25,2021-06-25 15:14,69710,2020-04-01,2021-03-31,京セラ株式会社
S100LR8V,2021-06-25,2021-06-25 15:14,32940,2020-04-01,2021-03-31,株式会社イーグランド
S100LR8N,2021-06-25,2021-06-25 15:15,41830,2020-04-01,2021-03-31,三井化学株式会社
S100LELI,2021-06-25,2021-06-25 15:15,65680,2020-04-01,2021-03-31,神戸天然物化学株式会社
S100LMOC,2021-06-25,2021-06-25 15:15,85370,2020-04-01,2021-03-31,株式会社大光銀行
S100LPSC,2021-06-25,2021-06-25 15:15,67450,2020-04-01,2021-03-31,ホーチキ株式会社
S100LR5F,2021-06-25,2021-06-25 15:16,66580,2020-04-01,2021-03-31,シライ電子工業株式会社
S100LQ0C,2021-06-25,2021-06-25 15:16,58020,2020-04-01,2021-03-31,住友電気工業株式会社
S100LMWJ,2021-06-25,2021-06-25 15:16,19440,2020-04-01,2021-03-31,株式会社きんでん
S100LP24,2021-06-25,2021-06-25 15:18,18110,2020-04-01,2021-03-31,株式会社錢高組
S100LPQU,2021-06-25,2021-06-25 15:18,31670,2020-04-01,2021-03-31,株式会社ＴＯＫＡＩホールディングス
S100LPKB,2021-06-25,2021-06-25 15:19,85930,2020-04-01,2021-03-31,三菱ＨＣキャピタル株式会社
S100LNZH,2021-06-25,2021-06-25 15:19,67070,2020-04-01,2021-03-31,サンケン電気株式会社
S100LKWQ,2021-06-25,2021-06-25 15:19,86040,2020-04-01,2021-03-31,野村ホールディングス株式会社
S100LQ97,2021-06-25,2021-06-25 15:19,59810,2020-04-01,2021-03-31,東京製綱株式会社
S100LO07,2021-06-25,2021-06-25 15:20,78970,2020-04-01,2021-03-31,ホクシン株式会社
S100LLFL,2021-06-25,2021-06-25 15:20,66450,2020-04-01,2021-03-31,オムロン株式会社
S100LMLL,2021-06-25,2021-06-25 15:21,95060,2020-04-01,2021-03-31,東北電力株式会社
S100LR45,2021-06-25,2021-06-25 15:21,45710,2020-04-01,2021-03-31,ナノキャリア株式会社
S100LPRL,2021-06-25,2021-06-25 15:21,72690,2020-04-01,2021-03-31,スズキ株式会社
S100LQ0D,2021-06-25,2021-06-25 15:22,34890,2020-04-01,2021-03-31,株式会社フェイスネットワーク
S100LOO1,2021-06-25,2021-06-25 15:23,67680,2020-04-01,2021-03-31,株式会社タムラ製作所
S100LQ2R,2021-06-25,2021-06-25 15:24,72350,2020-04-01,2021-03-31,東京ラヂエーター製造株式会社
S100LRA7,2021-06-25,2021-06-25 15:25,64130,2020-04-01,2021-03-31,理想科学工業株式会社
S100LQSU,2021-06-25,2021-06-25 15:26,34670,2020-04-01,2021-03-31,アグレ都市デザイン株式会社
S100LL97,2021-06-25,2021-06-25 15:27,34220,2020-04-01,2021-03-31,株式会社　丸順
S100LPOS,2021-06-25,2021-06-25 15:28,85300,2020-04-01,2021-03-31,株式会社中京銀行
S100LQ5O,2021-06-25,2021-06-25 15:28,29760,2020-04-01,2021-03-31,日本グランデ株式会社
S100LRAE,2021-06-25,2021-06-25 15:29,94320,2020-04-01,2021-03-31,日本電信電話株式会社
S100LR7A,2021-06-25,2021-06-25 15:30,77790,2020-04-01,2021-03-31,ＣＹＢＥＲＤＹＮＥ株式会社
S100LPXX,2021-06-25,2021-06-25 15:30,96640,2020-04-01,2021-03-31,株式会社御園座
S100LPU5,2021-06-25,2021-06-25 15:31,78150,2020-04-01,2021-03-31,東京ボード工業株式会社
S100LNW4,2021-06-25,2021-06-25 15:31,70880,2020-04-01,2021-03-31,株式会社フォーラムエンジニアリング
S100LKSI,2021-06-25,2021-06-25 15:33,64730,2020-04-01,2021-03-31,株式会社ジェイテクト
S100LR9Y,2021-06-25,2021-06-25 15:35,96850,2020-04-01,2021-03-31,ＫＹＣＯＭホールディングス株式会社
S100LMEZ,2021-06-25,2021-06-25 15:36,54110,2020-04-01,2021-03-31,ジェイ　エフ　イー　ホールディングス株式会社
S100LOPL,2021-06-25,2021-06-25 15:36,74420,2020-04-01,2021-03-31,中山福株式会社
S100LNW9,2021-06-25,2021-06-25 15:36,99600,2020-04-01,2021-03-31,東テク株式会社
S100LPN7,2021-06-25,2021-06-25 15:42,90250,2020-04-01,2021-03-31,鴻池運輸株式会社
S100LOON,2021-06-25,2021-06-25 15:44,56320,2020-04-01,2021-03-31,三菱製鋼株式会社
S100LPZF,2021-06-25,2021-06-25 15:44,69410,2020-04-01,2021-03-31,山一電機株式会社
S100LRCU,2021-06-25,2021-06-25 15:53,71500,2020-04-01,2021-03-31,株式会社島根銀行
S100LQJ1,2021-06-25,2021-06-25 15:53,36760,2020-04-01,2021-03-31,株式会社デジタルハーツホールディングス
S100LOLZ,2021-06-25,2021-06-25 15:53,61130,2020-04-01,2021-03-31,株式会社アマダ
S100LLKX,2021-06-25,2021-06-25 15:54,60130,2020-04-01,2021-03-31,株式会社タクマ
S100LQHW,2021-06-25,2021-06-25 15:54,74190,2020-04-01,2021-03-31,株式会社ノジマ
S100LPKM,2021-06-25,2021-06-25 15:56,62400,2020-04-01,2021-03-31,ヤマシンフィルタ株式会社
S100LQZ9,2021-06-25,2021-06-25 15:57,49980,2020-04-01,2021-03-31,フマキラー株式会社
S100LQKX,2021-06-25,2021-06-25 15:57,66320,2020-04-01,2021-03-31,株式会社ＪＶＣケンウッド
S100LQX8,2021-06-25,2021-06-25 15:57,38250,2020-04-01,2021-03-31,株式会社リミックスポイント
S100LREX,2021-06-25,2021-06-25 15:58,88360,2020-04-01,2021-03-31,株式会社ＲＩＳＥ
S100LMYZ,2021-06-25,2021-06-25 15:59,65450,2020-04-01,2021-03-31,株式会社インターネットインフィニティー
S100LQN7,2021-06-25,2021-06-25 16:00,70470,2020-04-01,2021-03-31,ポート株式会社
S100LQM2,2021-06-25,2021-06-25 16:00,84620,2020-04-01,2021-03-31,フューチャーベンチャーキャピタル株式会社
S100LQVD,2021-06-25,2021-06-25 16:00,46860,2020-04-01,2021-03-31,株式会社ジャストシステム
S100LPLH,2021-06-25,2021-06-25 16:00,35260,2020-04-01,2021-03-31,芦森工業株式会社
S100LRCX,2021-06-25,2021-06-25 16:00,44350,2020-04-01,2021-03-31,株式会社カオナビ
S100LR7Q,2021-06-25,2021-06-25 16:00,90690,2020-04-01,2021-03-31,センコーグループホールディングス株式会社
S100LP8T,2021-06-25,2021-06-25 16:00,63780,2020-04-01,2021-03-31,木村化工機株式会社
S100LQI3,2021-06-25,2021-06-25 16:00,67360,2020-04-01,2021-03-31,サン電子株式会社
S100LPCU,2021-06-25,2021-06-25 16:00,44610,2020-04-01,2021-03-31,第一工業製薬株式会社
S100LQ46,2021-06-25,2021-06-25 16:01,34310,2020-04-01,2021-03-31,宮地エンジニアリンググループ株式会社
S100LR7N,2021-06-25,2021-06-25 16:01,35780,2020-04-01,2021-03-31,倉庫精練株式会社
S100LMLU,2021-06-25,2021-06-25 16:02,44250,2020-04-01,2021-03-31,Ｋｕｄａｎ株式会社
S100LP4G,2021-06-25,2021-06-25 16:02,18140,2020-04-01,2021-03-31,大末建設株式会社
S100LQME,2021-06-25,2021-06-25 16:02,64950,2020-04-01,2021-03-31,株式会社宮入バルブ製作所
S100LQ3U,2021-06-25,2021-06-25 16:03,40310,2020-04-01,2021-03-31,片倉コープアグリ株式会社
S100LI2X,2021-06-25,2021-06-25 16:03,70120,2020-04-01,2021-03-31,川崎重工業株式会社
S100LPN1,2021-06-25,2021-06-25 16:04,93190,2020-04-01,2021-03-31,株式会社中央倉庫
S100LRE9,2021-06-25,2021-06-25 16:05,32210,2020-04-01,2021-03-31,株式会社ヨシックスホールディングス
S100LL48,2021-06-25,2021-06-25 16:06,35040,2020-04-01,2021-03-31,株式会社丸八ホールディングス
S100LRFX,2021-06-25,2021-06-25 16:06,17170,2020-04-01,2021-03-31,明豊ファシリティワークス株式会社
S100LP9F,2021-06-25,2021-06-25 16:07,62920,2020-04-01,2021-03-31,株式会社カワタ
S100LPWV,2021-06-25,2021-06-25 16:08,86160,2020-04-01,2021-03-31,東海東京フィナンシャル・ホールディングス株式会社
S100LK29,2021-06-25,2021-06-25 16:11,77320,2020-04-01,2021-03-31,株式会社　トプコン
S100LQBT,2021-06-25,2021-06-25 16:12,73150,2020-04-01,2021-03-31,株式会社ＩＪＴＴ
S100LO3Z,2021-06-25,2021-06-25 16:12,69630,2020-04-01,2021-03-31,ローム株式会社
S100LQ66,2021-06-25,2021-06-25 16:13,69510,2020-04-01,2021-03-31,日本電子株式会社
S100LRHA,2021-06-25,2021-06-25 16:16,57130,2020-04-01,2021-03-31,住友金属鉱山株式会社
S100LPGD,2021-06-25,2021-06-25 16:17,57030,2020-04-01,2021-03-31,日本軽金属ホールディングス株式会社
S100LOY8,2021-06-25,2021-06-25 16:17,72560,2020-04-01,2021-03-31,河西工業株式会社
S100LQNI,2021-06-25,2021-06-25 16:17,94710,2020-04-01,2021-03-31,株式会社文溪堂
S100LRHG,2021-06-25,2021-06-25 16:19,19290,2020-04-01,2021-03-31,日特建設株式会社
S100LRH7,2021-06-25,2021-06-25 16:20,37930,2020-04-01,2021-03-31,株式会社ドリコム
S100LQ96,2021-06-25,2021-06-25 16:26,56440,2020-04-01,2021-03-31,株式会社メタルアート
S100LPX2,2021-06-25,2021-06-25 16:27,13790,2020-04-01,2021-03-31,ホクト株式会社
S100LL8G,2021-06-25,2021-06-25 16:30,77450,2020-04-01,2021-03-31,株式会社エー・アンド・デイ
S100LR1K,2021-06-25,2021-06-25 16:31,51940,2020-04-01,2021-03-31,相模ゴム工業株式会社
S100LQVL,2021-06-25,2021-06-25 16:32,65130,2020-04-01,2021-03-31,株式会社オリジン
S100LQIO,2021-06-25,2021-06-25 16:32,96160,2020-04-01,2021-03-31,株式会社共立メンテナンス
S100LKF5,2021-06-25,2021-06-25 16:33,72800,2020-04-01,2021-03-31,株式会社ミツバ
S100LQ48,2021-06-25,2021-06-25 16:36,44880,2020-04-01,2021-03-31,ＡＩ　ｉｎｓｉｄｅ株式会社
S100LRFG,2021-06-25,2021-06-25 16:38,27800,2020-04-01,2021-03-31,株式会社コメ兵ホールディングス
S100LRIF,2021-06-25,2021-06-25 16:41,99620,2020-04-01,2021-03-31,株式会社　ミスミグループ本社
S100LONJ,2021-06-25,2021-06-25 16:41,65660,2020-04-01,2021-03-31,株式会社要興業
S100LRJK,2021-06-25,2021-06-25 16:42,45360,2020-04-01,2021-03-31,参天製薬株式会社
S100LQ95,2021-06-25,2021-06-25 16:42,68790,2020-04-01,2021-03-31,株式会社ＩＭＡＧＩＣＡ　ＧＲＯＵＰ
S100LRF1,2021-06-25,2021-06-25 16:45,70030,2020-04-01,2021-03-31,株式会社三井Ｅ＆Ｓホールディングス
S100LR7B,2021-06-25,2021-06-25 16:46,40210,2020-04-01,2021-03-31,日産化学株式会社
S100LRKP,2021-06-25,2021-06-25 16:48,61930,2020-04-01,2021-03-31,バーチャレクス・ホールディングス株式会社
S100LR71,2021-06-25,2021-06-25 16:52,21830,2020-04-01,2021-03-31,株式会社リニカル
S100LRKY,2021-06-25,2021-06-25 16:53,31790,2020-04-01,2021-03-31,シュッピン株式会社
S100LQ00,2021-06-25,2021-06-25 16:54,95130,2020-04-01,2021-03-31,電源開発株式会社
S100LOJE,2021-06-25,2021-06-25 16:54,18930,2020-04-01,2021-03-31,五洋建設株式会社
S100LPP3,2021-06-25,2021-06-25 16:56,24540,2020-04-01,2021-03-31,株式会社オールアバウト
S100LO3R,2021-06-25,2021-06-25 16:57,67790,2020-04-01,2021-03-31,日本電波工業株式会社
S100LQTO,2021-06-25,2021-06-25 17:00,82520,2020-04-01,2021-03-31,株式会社　丸井グループ
S100LQ2D,2021-06-25,2021-06-25 17:00,34640,2020-04-01,2021-03-31,プロパティエージェント株式会社
S100LRAN,2021-06-25,2021-06-25 17:04,19090,2020-04-01,2021-03-31,日本ドライケミカル株式会社
S100LRKN,2021-06-25,2021-06-25 17:08,48490,2020-04-01,2021-03-31,エン・ジャパン株式会社
S100LQV8,2021-06-25,2021-06-25 17:10,88760,2020-04-01,2021-03-31,株式会社リログループ
S100LQ54,2021-06-25,2021-06-25 17:11,95350,2020-04-01,2021-03-31,広島ガス株式会社
S100LRIY,2021-06-28,2021-06-28 09:00,34370,2020-04-01,2021-03-31,特殊電極株式会社
S100LR1V,2021-06-28,2021-06-28 09:00,33060,2020-04-01,2021-03-31,日本製麻株式会社
S100LIYU,2021-06-28,2021-06-28 09:00,63950,2020-04-01,2021-03-31,株式会社タダノ
S100LREN,2021-06-28,2021-06-28 09:00,29050,2020-04-01,2021-03-31,オーケー食品工業株式会社
S100LNVX,2021-06-28,2021-06-28 09:00,64840,2020-04-01,2021-03-31,株式会社ＫＶＫ
S100LOJW,2021-06-28,2021-06-28 09:01,63430,2020-04-01,2021-03-31,フリージア・マクロス株式会社
S100LKG5,2021-06-28,2021-06-28 09:02,77090,2020-04-01,2021-03-31,クボテック株式会社
S100LQDD,2021-06-28,2021-06-28 09:03,54640,2020-04-01,2021-03-31,モリ工業株式会社
S100LRYV,2021-06-28,2021-06-28 09:03,75550,2020-04-01,2021-03-31,株式会社大田花き
S100LRVI,2021-06-28,2021-06-28 09:03,75500,2020-04-01,2021-03-31,株式会社ゼンショーホールディングス
S100LQU1,2021-06-28,2021-06-28 09:04,90590,2020-04-01,2021-03-31,カンダホールディングス株式会社
S100LQRO,2021-06-28,2021-06-28 09:05,17800,2020-04-01,2021-03-31,株式会社　ヤマウラ
S100LR5B,2021-06-28,2021-06-28 09:06,83830,2020-04-01,2021-03-31,株式会社　鳥取銀行
S100LR36,2021-06-28,2021-06-28 09:06,83980,2020-04-01,2021-03-31,株式会社筑邦銀行
S100LOFD,2021-06-28,2021-06-28 09:07,62940,2020-04-01,2021-03-31,オカダアイヨン株式会社
S100LPSL,2021-06-28,2021-06-28 09:07,44620,2020-04-01,2021-03-31,石原ケミカル株式会社
S100LM54,2021-06-28,2021-06-28 09:09,29240,2020-04-01,2021-03-31,イフジ産業株式会社
S100LP0Q,2021-06-28,2021-06-28 09:10,18880,2020-04-01,2021-03-31,若築建設株式会社
S100LQXR,2021-06-28,2021-06-28 09:10,45530,2020-04-01,2021-03-31,東和薬品株式会社
S100LS1X,2021-06-28,2021-06-28 09:11,74800,2020-04-01,2021-03-31,スズデン株式会社
S100LQKZ,2021-06-28,2021-06-28 09:12,93650,2020-04-01,2021-03-31,トレーディア株式会社
S100LQ3B,2021-06-28,2021-06-28 09:12,79050,2020-04-01,2021-03-31,大建工業株式会社
S100LPB0,2021-06-28,2021-06-28 09:12,85840,2020-04-01,2021-03-31,株式会社ジャックス
S100LNFO,2021-06-28,2021-06-28 09:13,46900,2020-04-01,2021-03-31,日本パレットプール株式会社
S100LNNF,2021-06-28,2021-06-28 09:14,86240,2020-04-01,2021-03-31,いちよし証券株式会社
S100LM2L,2021-06-28,2021-06-28 09:14,59660,2020-04-01,2021-03-31,京都機械工具株式会社
S100LOZU,2021-06-28,2021-06-28 09:15,36410,2020-04-01,2021-03-31,株式会社パピレス
S100LQSA,2021-06-28,2021-06-28 09:16,24750,2020-04-01,2021-03-31,ＷＤＢホールディングス株式会社
S100LQDY,2021-06-28,2021-06-28 09:17,22070,2020-04-01,2021-03-31,名糖産業株式会社
S100LPJI,2021-06-28,2021-06-28 09:17,22880,2020-04-01,2021-03-31,丸大食品株式会社
S100LO4G,2021-06-28,2021-06-28 09:20,52820,2020-04-01,2021-03-31,ジオスター株式会社
S100LRS9,2021-06-28,2021-06-28 09:20,29160,2020-04-01,2021-03-31,仙波糖化工業株式会社
S100LKB8,2021-06-28,2021-06-28 09:22,48270,2020-04-01,2021-03-31,ビジネス・ワンホールディングス株式会社
S100LPCK,2021-06-28,2021-06-28 09:22,58560,2020-04-01,2021-03-31,株式会社エルアイイーエイチ
S100LREW,2021-06-28,2021-06-28 09:23,23440,2020-04-01,2021-03-31,平安レイサービス株式会社
S100LOEG,2021-06-28,2021-06-28 09:23,85210,2020-04-01,2021-03-31,株式会社長野銀行
S100LR9D,2021-06-28,2021-06-28 09:24,78980,2020-04-01,2021-03-31,株式会社ウッドワン
S100LPY7,2021-06-28,2021-06-28 09:26,95070,2020-04-01,2021-03-31,四国電力株式会社
S100LRFL,2021-06-28,2021-06-28 09:26,62220,2020-04-01,2021-03-31,株式会社島精機製作所
S100LQUE,2021-06-28,2021-06-28 09:26,81630,2020-04-01,2021-03-31,ＳＲＳホールディングス株式会社
S100LPHN,2021-06-28,2021-06-28 09:28,59090,2020-04-01,2021-03-31,株式会社　コロナ
S100LRMQ,2021-06-28,2021-06-28 09:29,59760,2020-04-01,2021-03-31,高周波熱錬株式会社
S100LPSB,2021-06-28,2021-06-28 09:31,31330,2020-04-01,2021-03-31,株式会社海帆
S100LQYQ,2021-06-28,2021-06-28 09:32,40800,2020-04-01,2021-03-31,株式会社田中化学研究所
S100LPDN,2021-06-28,2021-06-28 09:35,81400,2020-04-01,2021-03-31,株式会社リョーサン
S100LS48,2021-06-28,2021-06-28 09:35,74140,2020-04-01,2021-03-31,小野建株式会社
S100LM0D,2021-06-28,2021-06-28 09:35,97900,2020-04-01,2021-03-31,福井コンピュータホールディングス株式会社
S100LRBW,2021-06-28,2021-06-28 09:36,84160,2020-04-01,2021-03-31,株式会社高知銀行
S100LQMY,2021-06-28,2021-06-28 09:37,64570,2020-04-01,2021-03-31,グローリー株式会社
S100LRPI,2021-06-28,2021-06-28 09:37,96840,2020-04-01,2021-03-31,株式会社スクウェア・エニックス・ホールディングス
S100LR7P,2021-06-28,2021-06-28 09:38,98280,2020-04-01,2021-03-31,元気寿司株式会社
S100LS1J,2021-06-28,2021-06-28 09:38,96280,2020-04-01,2021-03-31,燦ホールディングス株式会社
S100LMFQ,2021-06-28,2021-06-28 09:39,81150,2020-04-01,2021-03-31,ムーンバット株式会社
S100LKZ4,2021-06-28,2021-06-28 09:40,66440,2020-04-01,2021-03-31,大崎電気工業株式会社
S100LRD3,2021-06-28,2021-06-28 09:43,78510,2020-04-01,2021-03-31,カワセコンピュータサプライ株式会社
S100LRB8,2021-06-28,2021-06-28 09:45,74770,2020-04-01,2021-03-31,ムラキ株式会社
S100LQG3,2021-06-28,2021-06-28 09:46,94240,2020-04-01,2021-03-31,日本通信株式会社
S100LR8D,2021-06-28,2021-06-28 09:47,28190,2020-04-01,2021-03-31,エバラ食品工業株式会社
S100LRRQ,2021-06-28,2021-06-28 09:48,43160,2020-04-01,2021-03-31,株式会社ビーマップ
S100LKB5,2021-06-28,2021-06-28 09:49,95320,2020-04-01,2021-03-31,大阪瓦斯株式会社
S100LL3A,2021-06-28,2021-06-28 09:49,18260,2020-04-01,2021-03-31,佐田建設株式会社
S100LPWL,2021-06-28,2021-06-28 09:51,21210,2020-04-01,2021-03-31,株式会社ミクシィ
S100LP93,2021-06-28,2021-06-28 09:52,34080,2020-04-01,2021-03-31,サカイオーベックス株式会社
S100LLVF,2021-06-28,2021-06-28 09:52,54630,2020-04-01,2021-03-31,丸一鋼管株式会社
S100LLU3,2021-06-28,2021-06-28 09:53,54610,2020-04-01,2021-03-31,中部鋼鈑株式会社
S100LP97,2021-06-28,2021-06-28 09:55,61400,2020-04-01,2021-03-31,旭ダイヤモンド工業株式会社
S100LLO3,2021-06-28,2021-06-28 10:00,82090,2020-04-01,2021-03-31,株式会社フレンドリー
S100LRP5,2021-06-28,2021-06-28 10:00,17990,2020-04-01,2021-03-31,第一建設工業株式会社
S100LO59,2021-06-28,2021-06-28 10:01,37410,2020-04-01,2021-03-31,株式会社セック
S100LQ4P,2021-06-28,2021-06-28 10:01,43190,2020-04-01,2021-03-31,ＴＡＣ株式会社
S100LS1F,2021-06-28,2021-06-28 10:02,72260,2020-04-01,2021-03-31,極東開発工業株式会社
S100LKBT,2021-06-28,2021-06-28 10:02,90120,2020-04-01,2021-03-31,秩父鉄道株式会社
S100LS6M,2021-06-28,2021-06-28 10:02,21370,2020-04-01,2021-03-31,株式会社光ハイツ・ヴェラス
S100LQD7,2021-06-28,2021-06-28 10:03,68490,2020-04-01,2021-03-31,日本光電工業株式会社
S100LRZ0,2021-06-28,2021-06-28 10:04,46350,2020-04-01,2021-03-31,東京インキ株式会社
S100LR85,2021-06-28,2021-06-28 10:04,83590,2020-04-01,2021-03-31,株式会社八十二銀行
S100LRAW,2021-06-28,2021-06-28 10:07,52880,2020-04-01,2021-03-31,アジアパイルホールディングス株式会社
S100LP2Z,2021-06-28,2021-06-28 10:07,31510,2020-04-01,2021-03-31,株式会社バイタルケーエスケー・ホールディングス
S100LS7G,2021-06-28,2021-06-28 10:13,38020,2020-04-01,2021-03-31,株式会社エコミック
S100LS1G,2021-06-28,2021-06-28 10:16,95040,2020-04-01,2021-03-31,中国電力株式会社
S100LKZO,2021-06-28,2021-06-28 10:16,18520,2020-04-01,2021-03-31,株式会社淺沼組
S100LOZY,2021-06-28,2021-06-28 10:17,99020,2020-04-01,2021-03-31,株式会社日伝
S100LLTR,2021-06-28,2021-06-28 10:18,95090,2020-04-01,2021-03-31,北海道電力株式会社
S100LMM6,2021-06-28,2021-06-28 10:20,97830,2020-04-01,2021-03-31,株式会社ベネッセホールディングス
S100LN57,2021-06-28,2021-06-28 10:20,18120,2020-04-01,2021-03-31,鹿島建設株式会社
S100LS7D,2021-06-28,2021-06-28 10:21,76860,2020-04-01,2021-03-31,株式会社カクヤスグループ
S100LRLL,2021-06-28,2021-06-28 10:21,59910,2020-04-01,2021-03-31,日本発條株式会社
S100LR6S,2021-06-28,2021-06-28 10:22,49720,2020-04-01,2021-03-31,綜研化学株式会社
S100LS4A,2021-06-28,2021-06-28 10:22,42470,2020-04-01,2021-03-31,ポバール興業株式会社
S100LRBF,2021-06-28,2021-06-28 10:22,34470,2020-04-01,2021-03-31,信和株式会社
S100LRH6,2021-06-28,2021-06-28 10:24,59790,2020-04-01,2021-03-31,カネソウ株式会社
S100LQVB,2021-06-28,2021-06-28 10:24,35510,2020-04-01,2021-03-31,ダイニック株式会社
S100LL7D,2021-06-28,2021-06-28 10:25,56020,2020-04-01,2021-03-31,株式会社栗本鐵工所
S100LMW7,2021-06-28,2021-06-28 10:25,63840,2020-04-01,2021-03-31,株式会社昭和真空
S100LRR0,2021-06-28,2021-06-28 10:27,63510,2020-04-01,2021-03-31,株式会社鶴見製作所
S100LRP8,2021-06-28,2021-06-28 10:28,73220,2020-04-01,2021-03-31,株式会社三十三フィナンシャルグループ
S100LRM4,2021-06-28,2021-06-28 10:29,76880,2020-04-01,2021-03-31,ミアヘルサ株式会社
S100LS5S,2021-06-28,2021-06-28 10:35,19590,2020-04-01,2021-03-31,株式会社九電工
S100LS8T,2021-06-28,2021-06-28 10:35,90990,2020-04-01,2021-03-31,株式会社Ｃ＆Ｆロジホールディングス
S100LS62,2021-06-28,2021-06-28 10:36,83970,2020-04-01,2021-03-31,株式会社沖縄銀行
S100LRKO,2021-06-28,2021-06-28 10:37,99560,2020-04-01,2021-03-31,株式会社バローホールディングス
S100LQY9,2021-06-28,2021-06-28 10:37,79520,2020-04-01,2021-03-31,株式会社河合楽器製作所
S100LQSC,2021-06-28,2021-06-28 10:39,52100,2020-04-01,2021-03-31,日本山村硝子株式会社
S100LOER,2021-06-28,2021-06-28 10:40,49210,2020-04-01,2021-03-31,株式会社ファンケル
S100LRK8,2021-06-28,2021-06-28 10:43,46910,2020-04-01,2021-03-31,ワシントンホテル株式会社
S100LRQ8,2021-06-28,2021-06-28 10:44,59580,2020-04-01,2021-03-31,三洋工業株式会社
S100LORO,2021-06-28,2021-06-28 10:44,64880,2020-04-01,2021-03-31,株式会社ヨシタケ
S100LPSZ,2021-06-28,2021-06-28 10:44,77010,2020-04-01,2021-03-31,株式会社　島津製作所
S100LS1P,2021-06-28,2021-06-28 10:44,99860,2020-04-01,2021-03-31,蔵王産業株式会社
S100LSBB,2021-06-28,2021-06-28 10:45,65390,2020-04-01,2021-03-31,株式会社ＭＳ－Ｊａｐａｎ
S100LN0B,2021-06-28,2021-06-28 10:49,60320,2020-04-01,2021-03-31,株式会社インターワークス
S100LSAS,2021-06-28,2021-06-28 10:50,59990,2020-04-01,2021-03-31,イハラサイエンス株式会社
S100LPSK,2021-06-28,2021-06-28 10:51,74430,2020-04-01,2021-03-31,横浜魚類株式会社
S100LS1K,2021-06-28,2021-06-28 10:54,52080,2020-04-01,2021-03-31,株式会社有沢製作所
S100LRJW,2021-06-28,2021-06-28 10:55,85220,2020-04-01,2021-03-31,株式会社　名古屋銀行
S100LRFZ,2021-06-28,2021-06-28 10:57,74410,2020-04-01,2021-03-31,株式会社Ｍｉｓｕｍｉ
S100LRIJ,2021-06-28,2021-06-28 11:00,88930,2020-04-01,2021-03-31,株式会社新日本建物
S100LRGE,2021-06-28,2021-06-28 11:00,64850,2020-04-01,2021-03-31,前澤給装工業株式会社
S100LNYA,2021-06-28,2021-06-28 11:00,46800,2020-04-01,2021-03-31,株式会社ラウンドワン
S100LR0G,2021-06-28,2021-06-28 11:00,38960,2020-04-01,2021-03-31,阿波製紙株式会社
S100LRI5,2021-06-28,2021-06-28 11:01,77220,2020-04-01,2021-03-31,国際計測器株式会社
S100LS80,2021-06-28,2021-06-28 11:01,42020,2020-04-01,2021-03-31,株式会社ダイセル
S100LS50,2021-06-28,2021-06-28 11:03,64620,2020-04-01,2021-03-31,株式会社リケン
S100LSDT,2021-06-28,2021-06-28 11:05,99890,2020-04-01,2021-03-31,株式会社サンドラッグ
S100LRMV,2021-06-28,2021-06-28 11:05,87000,2020-04-01,2021-03-31,丸八証券株式会社
S100LOL5,2021-06-28,2021-06-28 11:05,74550,2020-04-01,2021-03-31,株式会社三城ホールディングス
S100LSDV,2021-06-28,2021-06-28 11:05,97820,2020-04-01,2021-03-31,株式会社ディーエムエス
S100LRVQ,2021-06-28,2021-06-28 11:06,23520,2020-04-01,2021-03-31,株式会社エイジア
S100LSDO,2021-06-28,2021-06-28 11:07,29110,2020-04-01,2021-03-31,旭松食品株式会社
S100LR3D,2021-06-28,2021-06-28 11:11,62570,2020-04-01,2021-03-31,株式会社藤商事
S100LMW1,2021-06-28,2021-06-28 11:11,18010,2020-04-01,2021-03-31,大成建設株式会社
S100LQ9V,2021-06-28,2021-06-28 11:12,60270,2020-04-01,2021-03-31,弁護士ドットコム株式会社
S100LSEZ,2021-06-28,2021-06-28 11:14,82150,2020-04-01,2021-03-31,株式会社銀座山形屋
S100LOJL,2021-06-28,2021-06-28 11:17,97290,2020-04-01,2021-03-31,株式会社トーカイ
S100LSFZ,2021-06-28,2021-06-28 11:20,44830,2020-04-01,2021-03-31,株式会社ＪＭＤＣ
S100LS2E,2021-06-28,2021-06-28 11:20,62450,2020-04-01,2021-03-31,株式会社ヒラノテクシード
S100LLKY,2021-06-28,2021-06-28 11:21,42950,2020-04-01,2021-03-31,株式会社フェイス
S100LRV5,2021-06-28,2021-06-28 11:22,90340,2020-04-01,2021-03-31,南総通運株式会社
S100LRPQ,2021-06-28,2021-06-28 11:25,26760,2020-04-01,2021-03-31,高千穂交易株式会社
S100LLGE,2021-06-28,2021-06-28 11:30,35770,2020-04-01,2021-03-31,東海染工株式会社
S100LR8L,2021-06-28,2021-06-28 11:30,43310,2020-04-01,2021-03-31,株式会社テイクアンドギヴ・ニーズ
S100LQWZ,2021-06-28,2021-06-28 11:31,95340,2020-04-01,2021-03-31,北海道瓦斯株式会社
S100LRO6,2021-06-28,2021-06-28 11:31,19460,2020-04-01,2021-03-31,株式会社トーエネック
S100LQWT,2021-06-28,2021-06-28 11:32,63150,2020-04-01,2021-03-31,ＴＯＷＡ株式会社
S100LRDX,2021-06-28,2021-06-28 11:33,48160,2020-04-01,2021-03-31,東映アニメーション株式会社
S100LMY1,2021-06-28,2021-06-28 11:36,99190,2020-04-01,2021-03-31,株式会社関西スーパーマーケット
S100LJPZ,2021-06-28,2021-06-28 11:37,80560,2020-04-01,2021-03-31,日本ユニシス株式会社
S100LSBZ,2021-06-28,2021-06-28 11:38,45580,2020-04-01,2021-03-31,株式会社中京医薬品
S100LM9S,2021-06-28,2021-06-28 11:40,30020,2020-04-01,2021-03-31,グンゼ株式会社
S100LR1A,2021-06-28,2021-06-28 11:40,80320,2020-04-01,2021-03-31,日本紙パルプ商事株式会社
S100LNU3,2021-06-28,2021-06-28 11:41,74750,2020-04-01,2021-03-31,アルビス株式会社
S100LRV0,2021-06-28,2021-06-28 11:44,76190,2020-04-01,2021-03-31,田中商事株式会社
S100LNQK,2021-06-28,2021-06-28 11:45,67240,2020-04-01,2021-03-31,セイコーエプソン株式会社
S100LPDK,2021-06-28,2021-06-28 11:46,42420,2020-04-01,2021-03-31,株式会社タカギセイコー
S100LREE,2021-06-28,2021-06-28 11:49,61180,2020-04-01,2021-03-31,アイダエンジニアリング株式会社
S100LSB0,2021-06-28,2021-06-28 11:51,82070,2020-04-01,2021-03-31,テンアライド株式会社
S100LRDU,2021-06-28,2021-06-28 11:51,99080,2020-04-01,2021-03-31,日本電計株式会社
S100LLAW,2021-06-28,2021-06-28 11:55,90480,2020-04-01,2021-03-31,名古屋鉄道株式会社
S100LNOY,2021-06-28,2021-06-28 11:55,31900,2020-04-01,2021-03-31,株式会社ホットマン
S100LRQ3,2021-06-28,2021-06-28 11:59,86980,2020-04-01,2021-03-31,マネックスグループ株式会社
S100LO7B,2021-06-28,2021-06-28 12:02,19520,2020-04-01,2021-03-31,新日本空調株式会社
S100LSBF,2021-06-28,2021-06-28 12:09,47830,2020-04-01,2021-03-31,日本コンピュータ・ダイナミクス株式会社
S100LS6L,2021-06-28,2021-06-28 12:09,32910,2020-04-01,2021-03-31,飯田グループホールディングス株式会社
S100LSIZ,2021-06-28,2021-06-28 12:10,92720,2020-04-01,2021-03-31,ブティックス株式会社
S100LQUJ,2021-06-28,2021-06-28 12:22,82980,2020-04-01,2021-03-31,株式会社ファミリー
S100LQRL,2021-06-28,2021-06-28 12:33,41000,2020-04-01,2021-03-31,戸田工業株式会社
S100LS36,2021-06-28,2021-06-28 12:36,35800,2020-04-01,2021-03-31,小松マテーレ株式会社
S100LRN8,2021-06-28,2021-06-28 12:37,77620,2020-04-01,2021-03-31,シチズン時計株式会社
S100LSMO,2021-06-28,2021-06-28 12:39,38030,2020-04-01,2021-03-31,イメージ情報開発株式会社
S100LSMF,2021-06-28,2021-06-28 12:40,68620,2020-04-01,2021-03-31,ミナトホールディングス株式会社
S100LRQL,2021-06-28,2021-06-28 12:46,43230,2020-04-01,2021-03-31,日本システム技術株式会社
S100LSHC,2021-06-28,2021-06-28 12:52,96580,2020-04-01,2021-03-31,株式会社ビジネスブレイン太田昭和
S100LRSW,2021-06-28,2021-06-28 12:53,73450,2020-04-01,2021-03-31,株式会社アイ・パートナーズフィナンシャル
S100LQCA,2021-06-28,2021-06-28 12:54,74810,2020-04-01,2021-03-31,尾家産業株式会社
S100LSMS,2021-06-28,2021-06-28 12:54,33720,2020-04-01,2021-03-31,株式会社関門海
S100LRV4,2021-06-28,2021-06-28 12:58,70790,2020-04-01,2021-03-31,ＷＤＢココ株式会社
S100LSO3,2021-06-28,2021-06-28 13:00,47770,2020-04-01,2021-03-31,株式会社ガーラ
S100LRZ9,2021-06-28,2021-06-28 13:01,30320,2020-04-01,2021-03-31,株式会社ゴルフ・ドゥ
S100LRCB,2021-06-28,2021-06-28 13:03,54450,2020-04-01,2021-03-31,東京鐵鋼株式会社
S100LSAO,2021-06-28,2021-06-28 13:09,43680,2020-04-01,2021-03-31,扶桑化学工業株式会社
S100LIP1,2021-06-28,2021-06-28 13:09,40430,2020-04-01,2021-03-31,株式会社トクヤマ
S100LQB0,2021-06-28,2021-06-28 13:10,58070,2020-04-01,2021-03-31,東京特殊電線株式会社
S100LR9J,2021-06-28,2021-06-28 13:11,73130,2020-04-01,2021-03-31,テイ・エス　テック株式会社
S100LQYI,2021-06-28,2021-06-28 13:11,59560,2020-04-01,2021-03-31,トーソー株式会社
S100LSK3,2021-06-28,2021-06-28 13:12,17280,2020-04-01,2021-03-31,ミサワホーム中国株式会社
S100LSHJ,2021-06-28,2021-06-28 13:12,69940,2020-04-01,2021-03-31,株式会社指月電機製作所
S100LSJ3,2021-06-28,2021-06-28 13:12,36110,2020-04-01,2021-03-31,株式会社マツオカコーポレーション
S100LRJE,2021-06-28,2021-06-28 13:18,63910,2020-04-01,2021-03-31,株式会社加地テック
S100LSE8,2021-06-28,2021-06-28 13:20,40280,2020-04-01,2021-03-31,石原産業株式会社
S100LSOR,2021-06-28,2021-06-28 13:20,80710,2020-04-01,2021-03-31,東海エレクトロニクス株式会社
S100LNG3,2021-06-28,2021-06-28 13:25,60220,2020-04-01,2021-03-31,株式会社　赤阪鐵工所
S100LRW2,2021-06-28,2021-06-28 13:27,34330,2020-04-01,2021-03-31,トーカロ株式会社
S100LOJA,2021-06-28,2021-06-28 13:28,65860,2020-04-01,2021-03-31,株式会社マキタ
S100LSK7,2021-06-28,2021-06-28 13:32,66260,2020-04-01,2021-03-31,ＳＥＭＩＴＥＣ株式会社
S100LS8W,2021-06-28,2021-06-28 13:34,24130,2020-04-01,2021-03-31,エムスリー株式会社
S100LSKG,2021-06-28,2021-06-28 13:36,70460,2020-04-01,2021-03-31,テクノスデータサイエンス・エンジニアリング株式会社
S100LSB6,2021-06-28,2021-06-28 13:37,65880,2020-04-01,2021-03-31,東芝テック株式会社
S100LOYU,2021-06-28,2021-06-28 13:40,72710,2020-04-01,2021-03-31,株式会社安永
S100LS7K,2021-06-28,2021-06-28 13:43,74620,2020-04-01,2021-03-31,ダイヤ通商株式会社
S100LQV4,2021-06-28,2021-06-28 13:45,72840,2020-04-01,2021-03-31,盟和産業株式会社
S100LRZ1,2021-06-28,2021-06-28 13:46,26730,2020-04-01,2021-03-31,夢みつけ隊株式会社
S100LR86,2021-06-28,2021-06-28 13:46,70400,2020-04-01,2021-03-31,株式会社サン・ライフホールディング
S100LSLN,2021-06-28,2021-06-28 13:46,20580,2020-04-01,2021-03-31,株式会社ヒガシマル
S100LKRF,2021-06-28,2021-06-28 13:49,95030,2020-04-01,2021-03-31,関西電力株式会社
S100LST1,2021-06-28,2021-06-28 13:49,98530,2020-04-01,2021-03-31,株式会社銀座ルノアール
S100LSO6,2021-06-28,2021-06-28 13:49,40270,2020-04-01,2021-03-31,テイカ株式会社
S100LSPF,2021-06-28,2021-06-28 13:51,99060,2020-04-01,2021-03-31,藤井産業株式会社
S100LSST,2021-06-28,2021-06-28 13:52,68320,2020-04-01,2021-03-31,アオイ電子株式会社
S100LR2W,2021-06-28,2021-06-28 13:53,60720,2020-04-01,2021-03-31,地盤ネットホールディングス株式会社
S100LRPH,2021-06-28,2021-06-28 13:55,95080,2020-04-01,2021-03-31,九州電力株式会社
S100LS6H,2021-06-28,2021-06-28 13:56,53580,2020-04-01,2021-03-31,イソライト工業株式会社
S100LS7I,2021-06-28,2021-06-28 13:57,75100,2020-04-01,2021-03-31,株式会社たけびし
S100LS6Y,2021-06-28,2021-06-28 14:00,63190,2020-04-01,2021-03-31,株式会社シンニッタン
S100LSUI,2021-06-28,2021-06-28 14:03,75240,2020-04-01,2021-03-31,マルシェ株式会社
S100LLG2,2021-06-28,2021-06-28 14:05,87250,2020-04-01,2021-03-31,ＭＳ＆ＡＤインシュアランスグループホールディングス株式会社
S100LS4I,2021-06-28,2021-06-28 14:06,79990,2020-04-01,2021-03-31,ＭＵＴＯＨホールディングス株式会社
S100LRSD,2021-06-28,2021-06-28 14:07,83310,2020-04-01,2021-03-31,株式会社千葉銀行
S100LRSU,2021-06-28,2021-06-28 14:10,64450,2020-04-01,2021-03-31,蛇の目ミシン工業株式会社
S100LRIQ,2021-06-28,2021-06-28 14:12,57210,2020-04-01,2021-03-31,株式会社エス・サイエンス
S100LR6Y,2021-06-28,2021-06-28 14:15,66200,2020-04-01,2021-03-31,宮越ホールディングス株式会社
S100LSVO,2021-06-28,2021-06-28 14:18,47710,2020-04-01,2021-03-31,株式会社エフアンドエム
S100LSWR,2021-06-28,2021-06-28 14:20,88910,2020-04-01,2021-03-31,ＡＭＧホールディングス株式会社
S100LSVG,2021-06-28,2021-06-28 14:20,38530,2020-04-01,2021-03-31,アステリア株式会社
S100LRT6,2021-06-28,2021-06-28 14:23,23930,2020-04-01,2021-03-31,株式会社日本ケアサプライ
S100LSWI,2021-06-28,2021-06-28 14:23,36920,2020-04-01,2021-03-31,株式会社ＦＦＲＩセキュリティ
S100LRUS,2021-06-28,2021-06-28 14:24,99960,2020-04-01,2021-03-31,株式会社サトー商会
S100LSS2,2021-06-28,2021-06-28 14:25,43900,2020-04-01,2021-03-31,株式会社アイ・ピー・エス
S100LR7X,2021-06-28,2021-06-28 14:26,59450,2020-04-01,2021-03-31,天龍製鋸株式会社
S100LRYF,2021-06-28,2021-06-28 14:28,14430,2020-04-01,2021-03-31,技研ホールディングス株式会社
S100LQYR,2021-06-28,2021-06-28 14:30,22210,2020-04-01,2021-03-31,岩塚製菓株式会社
S100LSVD,2021-06-28,2021-06-28 14:31,98570,2020-04-01,2021-03-31,英和株式会社
S100LLAJ,2021-06-28,2021-06-28 14:31,38340,2020-04-01,2021-03-31,株式会社朝日ネット
S100LRSI,2021-06-28,2021-06-28 14:34,66760,2020-04-01,2021-03-31,株式会社メルコホールディングス
S100LS6N,2021-06-28,2021-06-28 14:35,77460,2020-04-01,2021-03-31,岡本硝子株式会社
S100LSIS,2021-06-28,2021-06-28 14:37,87080,2020-04-01,2021-03-31,藍澤證券株式会社
S100LRGQ,2021-06-28,2021-06-28 14:40,60920,2020-04-01,2021-03-31,株式会社エンバイオ・ホールディングス
S100LSL9,2021-06-28,2021-06-28 14:46,65440,2020-04-01,2021-03-31,ジャパンエレベーターサービスホールディングス株式会社
S100LRNP,2021-06-28,2021-06-28 14:46,63830,2020-04-01,2021-03-31,株式会社ダイフク
S100LSZ8,2021-06-28,2021-06-28 14:51,59390,2020-04-01,2021-03-31,株式会社大谷工業
S100LSMW,2021-06-28,2021-06-28 14:53,17110,2020-04-01,2021-03-31,株式会社省電舎ホールディングス
S100LSIB,2021-06-28,2021-06-28 14:55,33700,2020-04-01,2021-03-31,株式会社フジタコーポレーション
S100LRPN,2021-06-28,2021-06-28 14:56,31500,2020-04-01,2021-03-31,株式会社グリムス
S100LSQ0,2021-06-28,2021-06-28 14:57,21460,2020-04-01,2021-03-31,ＵＴグループ株式会社
S100LR2H,2021-06-28,2021-06-28 14:57,28990,2020-04-01,2021-03-31,株式会社永谷園ホールディングス
S100LRVZ,2021-06-28,2021-06-28 14:59,84180,2020-04-01,2021-03-31,株式会社山口フィナンシャルグループ
S100LR6R,2021-06-28,2021-06-28 14:59,64140,2020-04-01,2021-03-31,川重冷熱工業株式会社
S100LSZJ,2021-06-28,2021-06-28 15:00,35420,2020-04-01,2021-03-31,株式会社ベガコーポレーション
S100LQ5L,2021-06-28,2021-06-28 15:00,78590,2020-04-01,2021-03-31,株式会社アルメディオ
S100LSXS,2021-06-28,2021-06-28 15:00,73680,2020-04-01,2021-03-31,表示灯株式会社
S100LSGG,2021-06-28,2021-06-28 15:00,64720,2020-04-01,2021-03-31,ＮＴＮ株式会社
S100LNJL,2021-06-28,2021-06-28 15:00,95020,2020-04-01,2021-03-31,中部電力株式会社
S100LPL7,2021-06-28,2021-06-28 15:00,21730,2020-04-01,2021-03-31,株式会社博展
S100LSIP,2021-06-28,2021-06-28 15:00,63300,2020-04-01,2021-03-31,東洋エンジニアリング株式会社
S100LSLA,2021-06-28,2021-06-28 15:00,77910,2020-04-01,2021-03-31,ドリームベッド株式会社
S100LSG9,2021-06-28,2021-06-28 15:00,70900,2020-04-01,2021-03-31,株式会社リグア
S100LISV,2021-06-28,2021-06-28 15:00,76980,2020-04-01,2021-03-31,株式会社アイスコ
S100LT1K,2021-06-28,2021-06-28 15:01,73180,2020-04-01,2021-03-31,セレンディップ・ホールディングス株式会社
S100LRPR,2021-06-28,2021-06-28 15:01,18280,2020-04-01,2021-03-31,田辺工業株式会社
S100LRP2,2021-06-28,2021-06-28 15:02,90900,2020-04-01,2021-03-31,株式会社丸和運輸機関
S100LSLF,2021-06-28,2021-06-28 15:02,49780,2020-04-01,2021-03-31,株式会社リプロセル
S100LRJZ,2021-06-28,2021-06-28 15:03,93250,2020-04-01,2021-03-31,ファイズホールディングス株式会社
S100LSMI,2021-06-28,2021-06-28 15:03,82750,2020-04-01,2021-03-31,株式会社フォーバル
S100LS9U,2021-06-28,2021-06-28 15:07,42120,2020-04-01,2021-03-31,積水樹脂株式会社
S100LRPB,2021-06-28,2021-06-28 15:07,16620,2020-04-01,2021-03-31,石油資源開発株式会社
S100LT1E,2021-06-28,2021-06-28 15:08,53440,2020-04-01,2021-03-31,株式会社ＭＡＲＵＷＡ
S100LT3H,2021-06-28,2021-06-28 15:09,91430,2020-04-01,2021-03-31,ＳＧホールディングス株式会社
S100LSOG,2021-06-28,2021-06-28 15:12,43870,2020-04-01,2021-03-31,株式会社ＺＵＵ
S100LSKL,2021-06-28,2021-06-28 15:12,76780,2020-04-01,2021-03-31,株式会社あさくま
S100LRKD,2021-06-28,2021-06-28 15:12,66590,2020-04-01,2021-03-31,株式会社メディアリンクス
S100LSEL,2021-06-28,2021-06-28 15:14,88810,2020-04-01,2021-03-31,株式会社日神グループホールディングス
S100LRO9,2021-06-28,2021-06-28 15:14,79460,2020-04-01,2021-03-31,株式会社光陽社
S100LS7L,2021-06-28,2021-06-28 15:15,62360,2020-04-01,2021-03-31,ＮＣホールディングス株式会社
S100LS9P,2021-06-28,2021-06-28 15:15,39230,2020-04-01,2021-03-31,株式会社ラクス
S100LPOL,2021-06-28,2021-06-28 15:16,99970,2020-04-01,2021-03-31,株式会社ベルーナ
S100LT4R,2021-06-28,2021-06-28 15:16,67020,2020-04-01,2021-03-31,富士通株式会社
S100LRLK,2021-06-28,2021-06-28 15:18,67400,2020-04-01,2021-03-31,株式会社ジャパンディスプレイ
S100LT56,2021-06-28,2021-06-28 15:21,66170,2020-04-01,2021-03-31,株式会社東光高岳
S100LOD1,2021-06-28,2021-06-28 15:22,30790,2020-04-01,2021-03-31,ディーブイエックス株式会社
S100LT4W,2021-06-28,2021-06-28 15:24,33580,2020-04-01,2021-03-31,ワイエスフード株式会社
S100LLX7,2021-06-28,2021-06-28 15:30,60850,2020-04-01,2021-03-31,アーキテクツ・スタジオ・ジャパン株式会社
S100LLJ7,2021-06-28,2021-06-28 15:30,32540,2020-04-01,2021-03-31,株式会社プレサンスコーポレーション
S100LRTP,2021-06-28,2021-06-28 15:30,85180,2020-04-01,2021-03-31,日本アジア投資株式会社
S100LP5F,2021-06-28,2021-06-28 15:31,61660,2020-04-01,2021-03-31,株式会社中村超硬
S100LS28,2021-06-28,2021-06-28 15:38,34770,2020-04-01,2021-03-31,フォーライフ株式会社
S100LS8E,2021-06-28,2021-06-28 15:40,83770,2020-04-01,2021-03-31,株式会社ほくほくフィナンシャルグループ
S100LL0Y,2021-06-28,2021-06-28 15:41,21390,2020-04-01,2021-03-31,株式会社中広
S100LT2E,2021-06-28,2021-06-28 15:41,75220,2020-04-01,2021-03-31,ワタミ株式会社
S100LR1P,2021-06-28,2021-06-28 15:42,28940,2020-04-01,2021-03-31,石井食品株式会社
S100LQOE,2021-06-28,2021-06-28 15:46,83620,2020-04-01,2021-03-31,株式会社福井銀行
S100LQFL,2021-06-28,2021-06-28 15:48,62310,2020-04-01,2021-03-31,木村工機株式会社
S100LS1Y,2021-06-28,2021-06-28 15:50,53330,2020-04-01,2021-03-31,日本碍子株式会社
S100LT96,2021-06-28,2021-06-28 15:52,44890,2020-04-01,2021-03-31,株式会社ペイロール
S100LRQE,2021-06-28,2021-06-28 15:56,52800,2020-04-01,2021-03-31,ヨシコン株式会社
S100LRUG,2021-06-28,2021-06-28 15:59,36660,2020-04-01,2021-03-31,株式会社テクノスジャパン
S100LRUO,2021-06-28,2021-06-28 16:00,66990,2020-04-01,2021-03-31,ダイヤモンドエレクトリックホールディングス株式会社
S100LSZR,2021-06-28,2021-06-28 16:00,38450,2020-04-01,2021-03-31,株式会社アイフリークモバイル
S100LQHZ,2021-06-28,2021-06-28 16:00,32840,2020-04-01,2021-03-31,株式会社フージャースホールディングス
S100LT6Z,2021-06-28,2021-06-28 16:03,76950,2020-04-01,2021-03-31,株式会社交換できるくん
S100LRT3,2021-06-28,2021-06-28 16:05,67860,2020-04-01,2021-03-31,株式会社ＲＶＨ
S100LQFJ,2021-06-28,2021-06-28 16:06,40930,2020-04-01,2021-03-31,東邦アセチレン株式会社
S100LR9A,2021-06-28,2021-06-28 16:08,54400,2020-04-01,2021-03-31,共英製鋼株式会社
S100LQBB,2021-06-28,2021-06-28 16:09,71870,2020-04-01,2021-03-31,ジェイリース株式会社
S100LS85,2021-06-28,2021-06-28 16:09,68370,2020-04-01,2021-03-31,株式会社京写
S100LT8H,2021-06-28,2021-06-28 16:10,27950,2020-04-01,2021-03-31,日本プリメックス株式会社
S100LT2O,2021-06-28,2021-06-28 16:12,69670,2020-04-01,2021-03-31,新光電気工業株式会社
S100LQYA,2021-06-28,2021-06-28 16:12,93080,2020-04-01,2021-03-31,乾汽船株式会社
S100LTC0,2021-06-28,2021-06-28 16:12,73390,2020-04-01,2021-03-31,アイペットホールディングス株式会社
S100LT29,2021-06-28,2021-06-28 16:13,84250,2020-04-01,2021-03-31,みずほリース株式会社
S100LT7F,2021-06-28,2021-06-28 16:14,64330,2020-04-01,2021-03-31,ヒーハイスト株式会社
S100LSM9,2021-06-28,2021-06-28 16:18,87370,2020-04-01,2021-03-31,株式会社あかつき本社
S100LRLX,2021-06-28,2021-06-28 16:26,91100,2020-04-01,2021-03-31,ＮＳユナイテッド海運株式会社
S100LS9W,2021-06-28,2021-06-28 16:30,71850,2020-04-01,2021-03-31,ヒロセ通商株式会社
S100LFSQ,2021-06-28,2021-06-28 16:30,76890,2020-04-01,2021-03-31,株式会社コパ・コーポレーション
S100LSTB,2021-06-28,2021-06-28 16:31,96330,2020-04-01,2021-03-31,東京テアトル株式会社
S100LQEU,2021-06-28,2021-06-28 16:32,75780,2020-04-01,2021-03-31,株式会社ニチリョク
S100LTEX,2021-06-28,2021-06-28 16:33,77430,2020-04-01,2021-03-31,株式会社シード
S100LN0E,2021-06-28,2021-06-28 16:33,28920,2020-04-01,2021-03-31,日本食品化工株式会社
S100LTCK,2021-06-28,2021-06-28 16:35,76210,2020-04-01,2021-03-31,株式会社うかい
S100LT2V,2021-06-28,2021-06-28 16:37,66480,2020-04-01,2021-03-31,株式会社かわでん
S100LTC8,2021-06-28,2021-06-28 16:38,35590,2020-04-01,2021-03-31,株式会社ピーバンドットコム
S100LMZV,2021-06-28,2021-06-28 16:41,48280,2020-04-01,2021-03-31,ビジネスエンジニアリング株式会社
S100LT78,2021-06-28,2021-06-28 16:41,78600,2020-04-01,2021-03-31,エイベックス株式会社
S100LTB2,2021-06-28,2021-06-28 16:48,32020,2020-04-01,2021-03-31,ダイトウボウ株式会社
S100LT8Y,2021-06-28,2021-06-28 16:50,73370,2020-04-01,2021-03-31,株式会社ひろぎんホールディングス
S100LLRR,2021-06-28,2021-06-28 16:53,84390,2020-04-01,2021-03-31,東京センチュリー株式会社
S100LTHJ,2021-06-28,2021-06-28 16:54,66250,2020-04-01,2021-03-31,ＪＡＬＣＯホールディングス株式会社
S100LLCW,2021-06-28,2021-06-28 17:03,23720,2020-04-01,2021-03-31,株式会社アイロムグループ
S100LTET,2021-06-28,2021-06-28 17:11,33470,2020-04-01,2021-03-31,株式会社トラスト
S100LTH1,2021-06-28,2021-06-28 17:13,29280,2020-04-01,2021-03-31,ＲＩＺＡＰグループ株式会社
S100LS9D,2021-06-29,2021-06-29 09:01,18410,2020-04-01,2021-03-31,サンユー建設株式会社
S100LTT6,2021-06-29,2021-06-29 09:14,61450,2020-04-01,2021-03-31,ＮＩＴＴＯＫＵ株式会社
S100LT12,2021-06-29,2021-06-29 09:15,42400,2020-04-01,2021-03-31,クラスターテクノロジー株式会社
S100LRH0,2021-06-29,2021-06-29 09:24,79190,2020-04-01,2021-03-31,野崎印刷紙業株式会社
S100LOIE,2021-06-29,2021-06-29 09:27,22860,2020-04-01,2021-03-31,林兼産業株式会社
S100LSTN,2021-06-29,2021-06-29 09:30,61970,2020-04-01,2021-03-31,株式会社ソラスト
S100LMVM,2021-06-29,2021-06-29 09:44,57420,2020-04-01,2021-03-31,エヌアイシ・オートテック株式会社
S100LSCQ,2021-06-29,2021-06-29 09:47,88710,2020-04-01,2021-03-31,株式会社ゴールドクレスト
S100LSZA,2021-06-29,2021-06-29 09:47,76150,2020-04-01,2021-03-31,京都きもの友禅株式会社
S100LTSZ,2021-06-29,2021-06-29 09:48,74510,2020-04-01,2021-03-31,三菱食品株式会社
S100LRQM,2021-06-29,2021-06-29 09:56,63350,2020-04-01,2021-03-31,株式会社東京機械製作所
S100LU21,2021-06-29,2021-06-29 10:01,85910,2020-04-01,2021-03-31,オリックス株式会社
S100LTRF,2021-06-29,2021-06-29 10:02,44840,2020-04-01,2021-03-31,ランサーズ株式会社
S100LNH5,2021-06-29,2021-06-29 10:02,59550,2020-04-01,2021-03-31,株式会社ヤマシナ
S100LSKX,2021-06-29,2021-06-29 10:08,74580,2020-04-01,2021-03-31,株式会社第一興商
S100LU2Z,2021-06-29,2021-06-29 10:10,76060,2020-04-01,2021-03-31,株式会社ユナイテッドアローズ
S100LTCN,2021-06-29,2021-06-29 10:23,68040,2020-04-01,2021-03-31,ホシデン株式会社
S100LRWJ,2021-06-29,2021-06-29 10:26,39530,2020-04-01,2021-03-31,大村紙業株式会社
S100LTA7,2021-06-29,2021-06-29 10:26,19650,2020-04-01,2021-03-31,株式会社テクノ菱和
S100LU0G,2021-06-29,2021-06-29 10:34,72010,2020-04-01,2021-03-31,日産自動車株式会社
S100LRL8,2021-06-29,2021-06-29 10:37,90870,2020-04-01,2021-03-31,タカセ株式会社
S100LSMH,2021-06-29,2021-06-29 10:40,97660,2020-04-01,2021-03-31,コナミホールディングス株式会社
S100LS3N,2021-06-29,2021-06-29 10:45,90730,2020-04-01,2021-03-31,京極運輸商事株式会社
S100LJF8,2021-06-29,2021-06-29 10:46,51420,2020-04-01,2021-03-31,アキレス株式会社
S100LMZX,2021-06-29,2021-06-29 10:49,93070,2020-04-01,2021-03-31,株式会社杉村倉庫
S100LLA8,2021-06-29,2021-06-29 10:53,79390,2020-04-01,2021-03-31,株式会社研創
S100LQFX,2021-06-29,2021-06-29 10:58,56580,2020-04-01,2021-03-31,日亜鋼業株式会社
S100LJZO,2021-06-29,2021-06-29 11:00,28050,2020-04-01,2021-03-31,ヱスビー食品株式会社
S100LKT4,2021-06-29,2021-06-29 11:00,19250,2020-04-01,2021-03-31,大和ハウス工業株式会社
S100LU6I,2021-06-29,2021-06-29 11:03,39240,2020-04-01,2021-03-31,株式会社ランドコンピュータ
S100LS4R,2021-06-29,2021-06-29 11:04,63580,2020-04-01,2021-03-31,酒井重工業株式会社
S100LT94,2021-06-29,2021-06-29 11:04,64120,2020-04-01,2021-03-31,株式会社平和
S100LTQL,2021-06-29,2021-06-29 11:07,53630,2020-04-01,2021-03-31,東京窯業株式会社
S100LSWG,2021-06-29,2021-06-29 11:08,77260,2020-04-01,2021-03-31,黒田精工株式会社
S100LTI1,2021-06-29,2021-06-29 11:10,64030,2020-04-01,2021-03-31,水道機工株式会社
S100LNFX,2021-06-29,2021-06-29 11:10,54080,2020-04-01,2021-03-31,株式会社中山製鋼所
S100LTJJ,2021-06-29,2021-06-29 11:11,84210,2020-04-01,2021-03-31,信金中央金庫
S100LTTN,2021-06-29,2021-06-29 11:12,94070,2020-04-01,2021-03-31,株式会社ＲＫＢ毎日ホールディングス
S100LQXB,2021-06-29,2021-06-29 11:13,61110,2020-04-01,2021-03-31,旭精機工業株式会社
S100LSRG,2021-06-29,2021-06-29 11:14,85540,2020-04-01,2021-03-31,株式会社南日本銀行
S100LSR8,2021-06-29,2021-06-29 11:14,40980,2020-04-01,2021-03-31,チタン工業株式会社
S100LSTA,2021-06-29,2021-06-29 11:15,69960,2020-04-01,2021-03-31,ニチコン株式会社
S100LQKR,2021-06-29,2021-06-29 11:16,61460,2020-04-01,2021-03-31,株式会社ディスコ
S100LT03,2021-06-29,2021-06-29 11:17,86170,2020-04-01,2021-03-31,光世証券株式会社
S100LOGX,2021-06-29,2021-06-29 11:18,18820,2020-04-01,2021-03-31,東亜道路工業株式会社
S100LU6Z,2021-06-29,2021-06-29 11:19,65790,2020-04-01,2021-03-31,ログリー株式会社
S100LSP1,2021-06-29,2021-06-29 11:19,42240,2020-04-01,2021-03-31,ロンシール工業株式会社
S100LS4Q,2021-06-29,2021-06-29 11:19,72920,2020-04-01,2021-03-31,株式会社村上開明堂
S100LRJB,2021-06-29,2021-06-29 11:20,66470,2020-04-01,2021-03-31,森尾電機株式会社
S100LSV6,2021-06-29,2021-06-29 11:20,46200,2020-04-01,2021-03-31,藤倉化成株式会社
S100LU4W,2021-06-29,2021-06-29 11:23,98310,2020-04-01,2021-03-31,株式会社ヤマダホールディングス
S100LS81,2021-06-29,2021-06-29 11:24,34230,2020-04-01,2021-03-31,株式会社エスイー
S100LSJN,2021-06-29,2021-06-29 11:24,99300,2020-04-01,2021-03-31,北沢産業株式会社
S100LSA1,2021-06-29,2021-06-29 11:26,79320,2020-04-01,2021-03-31,株式会社ニッピ
S100LPKO,2021-06-29,2021-06-29 11:26,98950,2020-04-01,2021-03-31,株式会社コンセック
S100LS7T,2021-06-29,2021-06-29 11:26,72460,2020-04-01,2021-03-31,プレス工業株式会社
S100LRFA,2021-06-29,2021-06-29 11:27,18220,2020-04-01,2021-03-31,大豊建設株式会社
S100LT3B,2021-06-29,2021-06-29 11:28,31070,2020-04-01,2021-03-31,ダイワボウホールディングス株式会社
S100LS1E,2021-06-29,2021-06-29 11:29,63920,2020-04-01,2021-03-31,株式会社　ヤマダコーポレーション
S100LU88,2021-06-29,2021-06-29 11:29,95330,2020-04-01,2021-03-31,東邦瓦斯株式会社
S100LRKL,2021-06-29,2021-06-29 11:31,80700,2020-04-01,2021-03-31,東京産業株式会社
S100LSU7,2021-06-29,2021-06-29 11:32,90510,2020-04-01,2021-03-31,センコン物流株式会社
S100LS0Q,2021-06-29,2021-06-29 11:33,82810,2020-04-01,2021-03-31,ゼビオホールディングス株式会社
S100LSNG,2021-06-29,2021-06-29 11:33,64630,2020-04-01,2021-03-31,ＴＰＲ株式会社
S100LH3X,2021-06-29,2021-06-29 11:34,79370,2020-04-01,2021-03-31,株式会社ツツミ
S100LSRI,2021-06-29,2021-06-29 11:34,83950,2020-04-01,2021-03-31,株式会社佐賀銀行
S100LTK2,2021-06-29,2021-06-29 11:35,35910,2020-04-01,2021-03-31,株式会社ワコールホールディングス
S100LR3J,2021-06-29,2021-06-29 11:36,71840,2020-04-01,2021-03-31,株式会社　富山第一銀行
S100LSGI,2021-06-29,2021-06-29 11:38,40440,2020-04-01,2021-03-31,セントラル硝子株式会社
S100LM70,2021-06-29,2021-06-29 11:38,64160,2020-04-01,2021-03-31,桂川電機株式会社
S100LSVE,2021-06-29,2021-06-29 11:38,54910,2020-04-01,2021-03-31,日本金属株式会社
S100LU8K,2021-06-29,2021-06-29 11:40,33220,2020-04-01,2021-03-31,アルファグループ株式会社
S100LS0G,2021-06-29,2021-06-29 11:42,78170,2020-04-01,2021-03-31,パラマウントベッドホールディングス株式会社
S100LT89,2021-06-29,2021-06-29 11:43,19210,2020-04-01,2021-03-31,株式会社　巴コーポレーション
S100LGZ7,2021-06-29,2021-06-29 11:44,87400,2020-04-01,2021-03-31,株式会社フジトミ
S100LNZ4,2021-06-29,2021-06-29 11:49,21080,2020-04-01,2021-03-31,日本甜菜製糖株式会社
S100LTMG,2021-06-29,2021-06-29 11:50,59520,2020-04-01,2021-03-31,アマテイ株式会社
S100LR17,2021-06-29,2021-06-29 11:50,68360,2020-04-01,2021-03-31,ぷらっとホーム株式会社
S100LT0E,2021-06-29,2021-06-29 11:52,46280,2020-04-01,2021-03-31,エスケー化研株式会社
S100LK5Z,2021-06-29,2021-06-29 11:53,93270,2020-04-01,2021-03-31,株式会社イー・ロジット
S100LTQ2,2021-06-29,2021-06-29 11:53,80390,2020-04-01,2021-03-31,築地魚市場株式会社
S100LTA4,2021-06-29,2021-06-29 11:55,76940,2020-04-01,2021-03-31,株式会社いつも
S100LO0P,2021-06-29,2021-06-29 11:55,77580,2020-04-01,2021-03-31,株式会社セコニック
S100LRPC,2021-06-29,2021-06-29 11:56,81180,2020-04-01,2021-03-31,株式会社　キング
S100LNLN,2021-06-29,2021-06-29 11:58,25310,2020-04-01,2021-03-31,宝ホールディングス株式会社
S100LIFH,2021-06-29,2021-06-29 12:00,17360,2020-04-01,2021-03-31,株式会社　オーテック
S100LOP4,2021-06-29,2021-06-29 12:00,61470,2020-04-01,2021-03-31,株式会社ヤマザキ
S100LQCM,2021-06-29,2021-06-29 12:02,97800,2020-04-01,2021-03-31,株式会社ハリマビステム
S100LRPS,2021-06-29,2021-06-29 12:02,36000,2020-04-01,2021-03-31,株式会社フジックス
S100LPWI,2021-06-29,2021-06-29 12:02,83870,2020-04-01,2021-03-31,株式会社四国銀行
S100LSB3,2021-06-29,2021-06-29 12:04,22690,2020-04-01,2021-03-31,明治ホールディングス株式会社
S100LTP4,2021-06-29,2021-06-29 12:06,68400,2020-04-01,2021-03-31,株式会社ＡＫＩＢＡホールディングス
S100LRNC,2021-06-29,2021-06-29 12:08,79140,2020-04-01,2021-03-31,共同印刷株式会社
S100LNAS,2021-06-29,2021-06-29 12:10,60230,2020-04-01,2021-03-31,ダイハツディーゼル株式会社
S100LU1K,2021-06-29,2021-06-29 12:10,62730,2020-04-01,2021-03-31,ＳＭＣ株式会社
S100LSTQ,2021-06-29,2021-06-29 12:13,57810,2020-04-01,2021-03-31,東邦金属株式会社
S100LTHK,2021-06-29,2021-06-29 12:14,64200,2020-04-01,2021-03-31,フクシマガリレイ株式会社
S100LTDB,2021-06-29,2021-06-29 12:19,60420,2020-04-01,2021-03-31,株式会社ニッキ
S100LRDO,2021-06-29,2021-06-29 12:20,71050,2020-04-01,2021-03-31,三菱ロジスネクスト株式会社
S100LSN4,2021-06-29,2021-06-29 12:20,22010,2020-04-01,2021-03-31,森永製菓株式会社
S100LM2F,2021-06-29,2021-06-29 12:29,80520,2020-04-01,2021-03-31,椿本興業株式会社
S100LR8S,2021-06-29,2021-06-29 12:30,91150,2020-04-01,2021-03-31,明治海運株式会社
S100LQIQ,2021-06-29,2021-06-29 12:33,85500,2020-04-01,2021-03-31,株式会社　栃木銀行
S100LST5,2021-06-29,2021-06-29 12:35,29010,2020-04-01,2021-03-31,石垣食品株式会社
S100LT8F,2021-06-29,2021-06-29 12:42,75700,2020-04-01,2021-03-31,橋本総業ホールディングス株式会社
S100LTUD,2021-06-29,2021-06-29 12:42,53930,2020-04-01,2021-03-31,ニチアス株式会社
S100LORG,2021-06-29,2021-06-29 12:43,79530,2020-04-01,2021-03-31,菊水化学工業株式会社
S100LRZ8,2021-06-29,2021-06-29 12:46,29070,2020-04-01,2021-03-31,株式会社あじかん
S100LTDM,2021-06-29,2021-06-29 12:47,39790,2020-04-01,2021-03-31,株式会社うるる
S100LS4B,2021-06-29,2021-06-29 12:49,72360,2020-04-01,2021-03-31,株式会社ティラド
S100LN76,2021-06-29,2021-06-29 12:50,70580,2020-04-01,2021-03-31,共栄セキュリティーサービス株式会社
S100LQB5,2021-06-29,2021-06-29 12:52,75640,2020-04-01,2021-03-31,株式会社ワークマン
S100LLIX,2021-06-29,2021-06-29 12:53,90090,2020-04-01,2021-03-31,京成電鉄株式会社
S100LR3T,2021-06-29,2021-06-29 12:54,59050,2020-04-01,2021-03-31,日本製罐株式会社
S100LLZL,2021-06-29,2021-06-29 12:55,59620,2020-04-01,2021-03-31,浅香工業株式会社
S100LNNK,2021-06-29,2021-06-29 12:55,68240,2020-04-01,2021-03-31,新コスモス電機株式会社
S100LRFW,2021-06-29,2021-06-29 12:55,74130,2020-04-01,2021-03-31,株式会社創健社
S100LTYH,2021-06-29,2021-06-29 12:56,90620,2020-04-01,2021-03-31,日本通運株式会社
S100LUCQ,2021-06-29,2021-06-29 12:59,87040,2020-04-01,2021-03-31,トレイダーズホールディングス株式会社
S100LT97,2021-06-29,2021-06-29 12:59,44640,2020-04-01,2021-03-31,株式会社ソフト９９コーポレーション
S100LUCB,2021-06-29,2021-06-29 13:00,81470,2020-04-01,2021-03-31,株式会社トミタ
S100LOVX,2021-06-29,2021-06-29 13:00,45240,2020-04-01,2021-03-31,森下仁丹株式会社
S100LTLI,2021-06-29,2021-06-29 13:01,65650,2020-04-01,2021-03-31,ＡＢホテル株式会社
S100LS9S,2021-06-29,2021-06-29 13:01,63020,2020-04-01,2021-03-31,住友重機械工業株式会社
S100LJX5,2021-06-29,2021-06-29 13:02,80910,2020-04-01,2021-03-31,ニチモウ株式会社
S100LTYR,2021-06-29,2021-06-29 13:02,98180,2020-04-01,2021-03-31,大丸エナウィン株式会社
S100LQH6,2021-06-29,2021-06-29 13:02,43650,2020-04-01,2021-03-31,松本油脂製薬株式会社
S100LQXL,2021-06-29,2021-06-29 13:02,37730,2020-04-01,2021-03-31,株式会社アドバンスト・メディア
S100LHA0,2021-06-29,2021-06-29 13:03,18330,2020-04-01,2021-03-31,株式会社奥村組
S100LTSE,2021-06-29,2021-06-29 13:03,45480,2020-04-01,2021-03-31,生化学工業株式会社
S100LSTC,2021-06-29,2021-06-29 13:03,97910,2020-04-01,2021-03-31,株式会社ビケンテクノ
S100LP0N,2021-06-29,2021-06-29 13:03,41190,2020-04-01,2021-03-31,日本ピグメント株式会社
S100LSIH,2021-06-29,2021-06-29 13:03,44030,2020-04-01,2021-03-31,日油株式会社
S100LM1W,2021-06-29,2021-06-29 13:03,79420,2020-04-01,2021-03-31,株式会社ジェイエスピー
S100LREG,2021-06-29,2021-06-29 13:04,21790,2020-04-01,2021-03-31,株式会社成学社
S100LKF3,2021-06-29,2021-06-29 13:04,93010,2020-04-01,2021-03-31,三菱倉庫株式会社
S100LQEF,2021-06-29,2021-06-29 13:04,79810,2020-04-01,2021-03-31,タカラスタンダード株式会社
S100LS1M,2021-06-29,2021-06-29 13:05,18700,2020-04-01,2021-03-31,矢作建設工業株式会社
S100LR5C,2021-06-29,2021-06-29 13:05,17210,2020-04-01,2021-03-31,コムシスホールディングス株式会社
S100LSZF,2021-06-29,2021-06-29 13:05,40950,2020-04-01,2021-03-31,日本パーカライジング株式会社
S100LTUF,2021-06-29,2021-06-29 13:06,61440,2020-04-01,2021-03-31,西部電機株式会社
S100LP54,2021-06-29,2021-06-29 13:06,39450,2020-04-01,2021-03-31,スーパーバッグ株式会社
S100LT5I,2021-06-29,2021-06-29 13:06,46940,2020-04-01,2021-03-31,株式会社ビー・エム・エル
S100LS8S,2021-06-29,2021-06-29 13:06,19800,2020-04-01,2021-03-31,ダイダン株式会社
S100LJ8L,2021-06-29,2021-06-29 13:08,91710,2020-04-01,2021-03-31,栗林商船株式会社
S100LSDP,2021-06-29,2021-06-29 13:08,98490,2020-04-01,2021-03-31,株式会社共同紙販ホールディングス
S100LSVZ,2021-06-29,2021-06-29 13:08,40410,2020-04-01,2021-03-31,日本曹達株式会社
S100LSH7,2021-06-29,2021-06-29 13:08,45380,2020-04-01,2021-03-31,扶桑薬品工業株式会社
S100LUDJ,2021-06-29,2021-06-29 13:09,60180,2020-04-01,2021-03-31,阪神内燃機工業株式会社
S100LSC8,2021-06-29,2021-06-29 13:09,88410,2020-04-01,2021-03-31,株式会社テーオーシー
S100LT6P,2021-06-29,2021-06-29 13:10,78380,2020-04-01,2021-03-31,共立印刷株式会社
S100LTG0,2021-06-29,2021-06-29 13:10,19260,2020-04-01,2021-03-31,ライト工業株式会社
S100LT7W,2021-06-29,2021-06-29 13:11,78930,2020-04-01,2021-03-31,株式会社プロネクサス
S100LPUK,2021-06-29,2021-06-29 13:11,31090,2020-04-01,2021-03-31,シキボウ株式会社
S100LIUX,2021-06-29,2021-06-29 13:11,70210,2020-04-01,2021-03-31,株式会社ニッチツ
S100LSRM,2021-06-29,2021-06-29 13:11,59400,2020-04-01,2021-03-31,不二サッシ株式会社
S100LNHZ,2021-06-29,2021-06-29 13:11,93800,2020-04-01,2021-03-31,東海運株式会社
S100LU1C,2021-06-29,2021-06-29 13:11,19680,2020-04-01,2021-03-31,太平電業株式会社
S100LTFS,2021-06-29,2021-06-29 13:11,40640,2020-04-01,2021-03-31,日本カーバイド工業株式会社
S100LRQ1,2021-06-29,2021-06-29 13:11,69470,2020-04-01,2021-03-31,株式会社図研
S100LGFP,2021-06-29,2021-06-29 13:12,19790,2020-04-01,2021-03-31,株式会社大気社
S100LTRK,2021-06-29,2021-06-29 13:12,63310,2020-04-01,2021-03-31,三菱化工機株式会社
S100LSU0,2021-06-29,2021-06-29 13:13,69600,2020-04-01,2021-03-31,フクダ電子株式会社
S100LT5X,2021-06-29,2021-06-29 13:13,18070,2020-04-01,2021-03-31,株式会社佐藤渡辺
S100LT8J,2021-06-29,2021-06-29 13:13,64790,2020-04-01,2021-03-31,ミネベアミツミ株式会社
S100LSGK,2021-06-29,2021-06-29 13:13,59980,2020-04-01,2021-03-31,株式会社　アドバネクス
S100LT0M,2021-06-29,2021-06-29 13:14,91930,2020-04-01,2021-03-31,東京汽船株式会社
S100LRWB,2021-06-29,2021-06-29 13:15,36790,2020-04-01,2021-03-31,株式会社じげん
S100LTLP,2021-06-29,2021-06-29 13:15,18610,2020-04-01,2021-03-31,株式会社　熊谷組
S100LQXN,2021-06-29,2021-06-29 13:15,51220,2020-04-01,2021-03-31,オカモト株式会社
S100LTMF,2021-06-29,2021-06-29 13:16,69970,2020-04-01,2021-03-31,日本ケミコン株式会社
S100LS1Z,2021-06-29,2021-06-29 13:16,46240,2020-04-01,2021-03-31,イサム塗料株式会社
S100LRD1,2021-06-29,2021-06-29 13:18,35120,2020-04-01,2021-03-31,日本フエルト株式会社
S100LQ85,2021-06-29,2021-06-29 13:18,42050,2020-04-01,2021-03-31,日本ゼオン株式会社
S100LR5S,2021-06-29,2021-06-29 13:19,59280,2020-04-01,2021-03-31,アルメタックス株式会社
S100LMIM,2021-06-29,2021-06-29 13:19,59470,2020-04-01,2021-03-31,リンナイ株式会社
S100LSVU,2021-06-29,2021-06-29 13:19,19050,2020-04-01,2021-03-31,株式会社テノックス
S100LU6R,2021-06-29,2021-06-29 13:19,46110,2020-04-01,2021-03-31,大日本塗料株式会社
S100LRH2,2021-06-29,2021-06-29 13:20,93100,2020-04-01,2021-03-31,日本トランスシティ株式会社
S100LSUS,2021-06-29,2021-06-29 13:21,63370,2020-04-01,2021-03-31,株式会社テセック
S100LRCK,2021-06-29,2021-06-29 13:23,63600,2020-04-01,2021-03-31,株式会社　東京自働機械製作所
S100LS8P,2021-06-29,2021-06-29 13:24,46590,2020-04-01,2021-03-31,株式会社エイジス
S100LSRY,2021-06-29,2021-06-29 13:27,72910,2020-04-01,2021-03-31,日本プラスト株式会社
S100LUFC,2021-06-29,2021-06-29 13:29,24790,2020-04-01,2021-03-31,株式会社ジェイテック
S100LRRJ,2021-06-29,2021-06-29 13:30,79940,2020-04-01,2021-03-31,株式会社オカムラ
S100LJ2W,2021-06-29,2021-06-29 13:30,19420,2020-04-01,2021-03-31,株式会社関電工
S100LOJI,2021-06-29,2021-06-29 13:31,73670,2020-04-01,2021-03-31,株式会社セルム
S100LUFP,2021-06-29,2021-06-29 13:31,90330,2020-04-01,2021-03-31,広島電鉄株式会社
S100LMPO,2021-06-29,2021-06-29 13:33,78620,2020-04-01,2021-03-31,トッパン・フォームズ株式会社
S100LSCX,2021-06-29,2021-06-29 13:33,76350,2020-04-01,2021-03-31,杉田エース株式会社
S100LQXX,2021-06-29,2021-06-29 13:33,26020,2020-04-01,2021-03-31,日清オイリオグループ株式会社
S100LTTC,2021-06-29,2021-06-29 13:34,21120,2020-04-01,2021-03-31,塩水港精糖株式会社
S100LTFZ,2021-06-29,2021-06-29 13:35,88350,2020-04-01,2021-03-31,太平洋興発株式会社
S100LIN0,2021-06-29,2021-06-29 13:37,69690,2020-04-01,2021-03-31,松尾電機株式会社
S100LU6X,2021-06-29,2021-06-29 13:38,15140,2020-04-01,2021-03-31,住石ホールディングス株式会社
S100LS79,2021-06-29,2021-06-29 13:39,42750,2020-04-01,2021-03-31,カーリットホールディングス株式会社
S100LTLN,2021-06-29,2021-06-29 13:41,51850,2020-04-01,2021-03-31,株式会社フコク
S100LRU2,2021-06-29,2021-06-29 13:41,49020,2020-04-01,2021-03-31,コニカミノルタ株式会社
S100LPAY,2021-06-29,2021-06-29 13:42,93590,2020-04-01,2021-03-31,伊勢湾海運株式会社
S100LUE2,2021-06-29,2021-06-29 13:42,19720,2020-04-01,2021-03-31,三晃金属工業株式会社
S100LT8P,2021-06-29,2021-06-29 13:45,20010,2020-04-01,2021-03-31,株式会社ニップン
S100LTPO,2021-06-29,2021-06-29 13:45,69860,2020-04-01,2021-03-31,双葉電子工業株式会社
S100LUHB,2021-06-29,2021-06-29 13:46,90680,2020-04-01,2021-03-31,丸全昭和運輸株式会社
S100LU86,2021-06-29,2021-06-29 13:46,24830,2020-04-01,2021-03-31,株式会社翻訳センター
S100LRBN,2021-06-29,2021-06-29 13:46,90740,2020-04-01,2021-03-31,日本石油輸送株式会社
S100LRIN,2021-06-29,2021-06-29 13:46,31060,2020-04-01,2021-03-31,倉敷紡績株式会社
S100LSQH,2021-06-29,2021-06-29 13:48,15150,2020-04-01,2021-03-31,日鉄鉱業株式会社
S100LRI3,2021-06-29,2021-06-29 13:48,90810,2020-04-01,2021-03-31,神奈川中央交通株式会社
S100LTDD,2021-06-29,2021-06-29 13:48,71220,2020-04-01,2021-03-31,近畿車輛株式会社
S100LSPV,2021-06-29,2021-06-29 13:49,93570,2020-04-01,2021-03-31,名港海運株式会社
S100LTB8,2021-06-29,2021-06-29 13:50,99640,2020-04-01,2021-03-31,株式会社アイ・テック
S100LTOO,2021-06-29,2021-06-29 13:50,30100,2020-04-01,2021-03-31,ポラリス・ホールディングス株式会社
S100LTV2,2021-06-29,2021-06-29 13:51,74630,2020-04-01,2021-03-31,株式会社アドヴァン
S100LRLW,2021-06-29,2021-06-29 13:51,31110,2020-04-01,2021-03-31,オーミケンシ株式会社
S100LTHC,2021-06-29,2021-06-29 13:51,98520,2020-04-01,2021-03-31,ＣＢグループマネジメント株式会社
S100LNQT,2021-06-29,2021-06-29 13:53,30110,2020-04-01,2021-03-31,株式会社バナーズ
S100LTKH,2021-06-29,2021-06-29 13:55,94010,2020-04-01,2021-03-31,株式会社ＴＢＳホールディングス
S100LRRM,2021-06-29,2021-06-29 13:56,53880,2020-04-01,2021-03-31,クニミネ工業株式会社
S100LTKV,2021-06-29,2021-06-29 13:57,51920,2020-04-01,2021-03-31,三ツ星ベルト株式会社
S100LU6C,2021-06-29,2021-06-29 13:59,39540,2020-04-01,2021-03-31,昭和パックス株式会社
S100LTMQ,2021-06-29,2021-06-29 13:59,63620,2020-04-01,2021-03-31,株式会社石井鐵工所
S100LUDD,2021-06-29,2021-06-29 13:59,25400,2020-04-01,2021-03-31,養命酒製造株式会社
S100LQX5,2021-06-29,2021-06-29 14:00,57150,2020-04-01,2021-03-31,古河機械金属株式会社
S100LU0J,2021-06-29,2021-06-29 14:00,84730,2020-04-01,2021-03-31,ＳＢＩホールディングス株式会社
S100LSAK,2021-06-29,2021-06-29 14:00,31030,2020-04-01,2021-03-31,ユニチカ株式会社
S100LTXX,2021-06-29,2021-06-29 14:01,38610,2020-04-01,2021-03-31,王子ホールディングス株式会社
S100LSTF,2021-06-29,2021-06-29 14:02,35280,2020-04-01,2021-03-31,株式会社プロスペクト
S100LJR0,2021-06-29,2021-06-29 14:05,94090,2020-04-01,2021-03-31,株式会社テレビ朝日ホールディングス
S100LSY1,2021-06-29,2021-06-29 14:06,17770,2020-04-01,2021-03-31,川崎設備工業株式会社
S100LUAE,2021-06-29,2021-06-29 14:07,79160,2020-04-01,2021-03-31,光村印刷株式会社
S100LRPU,2021-06-29,2021-06-29 14:07,38630,2020-04-01,2021-03-31,日本製紙株式会社
S100LT5J,2021-06-29,2021-06-29 14:07,52620,2020-04-01,2021-03-31,日本ヒューム株式会社
S100LT4T,2021-06-29,2021-06-29 14:07,64360,2020-04-01,2021-03-31,アマノ株式会社
S100LU3Y,2021-06-29,2021-06-29 14:08,78950,2020-04-01,2021-03-31,中央化学株式会社
S100LU7C,2021-06-29,2021-06-29 14:08,85660,2020-04-01,2021-03-31,リコーリース株式会社
S100LTRL,2021-06-29,2021-06-29 14:09,94750,2020-04-01,2021-03-31,株式会社昭文社ホールディングス
S100LTP0,2021-06-29,2021-06-29 14:09,53420,2020-04-01,2021-03-31,ジャニス工業株式会社
S100LUIX,2021-06-29,2021-06-29 14:13,81450,2020-04-01,2021-03-31,中部水産株式会社
S100LUEG,2021-06-29,2021-06-29 14:13,35130,2020-04-01,2021-03-31,イチカワ株式会社
S100LUGJ,2021-06-29,2021-06-29 14:14,89220,2020-04-01,2021-03-31,日本アセットマーケティング株式会社
S100LTOW,2021-06-29,2021-06-29 14:14,35980,2020-04-01,2021-03-31,山喜株式会社
S100LQVY,2021-06-29,2021-06-29 14:15,90630,2020-04-01,2021-03-31,岡山県貨物運送株式会社
S100LRYE,2021-06-29,2021-06-29 14:15,46810,2020-04-01,2021-03-31,リゾートトラスト株式会社
S100LUAT,2021-06-29,2021-06-29 14:17,68260,2020-04-01,2021-03-31,本多通信工業株式会社
S100LRJQ,2021-06-29,2021-06-29 14:19,52120,2020-04-01,2021-03-31,不二硝子株式会社
S100LSU2,2021-06-29,2021-06-29 14:22,62180,2020-04-01,2021-03-31,エンシュウ株式会社
S100LUL0,2021-06-29,2021-06-29 14:22,80850,2020-04-01,2021-03-31,ナラサキ産業株式会社
S100LT8N,2021-06-29,2021-06-29 14:22,80500,2020-04-01,2021-03-31,セイコーホールディングス株式会社
S100LUIA,2021-06-29,2021-06-29 14:23,82260,2020-04-01,2021-03-31,株式会社　理経
S100LTOC,2021-06-29,2021-06-29 14:23,53040,2020-04-01,2021-03-31,ＳＥＣカーボン株式会社
S100LUIF,2021-06-29,2021-06-29 14:24,31230,2020-04-01,2021-03-31,サイボー株式会社
S100LTRB,2021-06-29,2021-06-29 14:24,63050,2020-04-01,2021-03-31,日立建機株式会社
S100LTIP,2021-06-29,2021-06-29 14:24,33970,2020-04-01,2021-03-31,株式会社トリドールホールディングス
S100LTWH,2021-06-29,2021-06-29 14:25,90070,2020-04-01,2021-03-31,小田急電鉄株式会社
S100LUIY,2021-06-29,2021-06-29 14:25,66140,2020-04-01,2021-03-31,株式会社シキノハイテック
S100LSW2,2021-06-29,2021-06-29 14:26,80430,2020-04-01,2021-03-31,スターゼン株式会社
S100LM1S,2021-06-29,2021-06-29 14:27,97010,2020-04-01,2021-03-31,株式会社東京會舘
S100LM0Y,2021-06-29,2021-06-29 14:28,45210,2020-04-01,2021-03-31,科研製薬株式会社
S100LULS,2021-06-29,2021-06-29 14:29,38800,2020-04-01,2021-03-31,大王製紙株式会社
S100KY0O,2021-06-29,2021-06-29 14:29,64050,2020-04-01,2021-03-31,鈴茂器工株式会社
S100LUIO,2021-06-29,2021-06-29 14:30,22810,2020-04-01,2021-03-31,プリマハム株式会社
S100LR7D,2021-06-29,2021-06-29 14:30,45020,2020-04-01,2021-03-31,武田薬品工業株式会社
S100LUJJ,2021-06-29,2021-06-29 14:31,64540,2020-04-01,2021-03-31,マックス株式会社
S100LJQH,2021-06-29,2021-06-29 14:32,94020,2020-04-01,2021-03-31,中部日本放送株式会社
S100LTMW,2021-06-29,2021-06-29 14:32,90080,2020-04-01,2021-03-31,京王電鉄株式会社
S100LUKG,2021-06-29,2021-06-29 14:33,78770,2020-04-01,2021-03-31,永大化工株式会社
S100LTQ1,2021-06-29,2021-06-29 14:35,19750,2020-04-01,2021-03-31,株式会社朝日工業社
S100LUFQ,2021-06-29,2021-06-29 14:38,96100,2020-04-01,2021-03-31,ウィルソン・ラーニング　ワールドワイド株式会社
S100LRTZ,2021-06-29,2021-06-29 14:39,69300,2020-04-01,2021-03-31,日本アンテナ株式会社
S100LRJF,2021-06-29,2021-06-29 14:39,33150,2020-04-01,2021-03-31,日本コークス工業株式会社
S100LTOS,2021-06-29,2021-06-29 14:40,82080,2020-04-01,2021-03-31,株式会社エンチョー
S100LSW0,2021-06-29,2021-06-29 14:41,46870,2020-04-01,2021-03-31,ＴＤＣソフト株式会社
S100LR68,2021-06-29,2021-06-29 14:42,66230,2020-04-01,2021-03-31,愛知電機株式会社
S100LPQM,2021-06-29,2021-06-29 14:42,67430,2020-04-01,2021-03-31,大同信号株式会社
S100LUO3,2021-06-29,2021-06-29 14:42,64280,2020-04-01,2021-03-31,株式会社オーイズミ
S100LU1I,2021-06-29,2021-06-29 14:43,68100,2020-04-01,2021-03-31,マクセルホールディングス株式会社
S100LS0N,2021-06-29,2021-06-29 14:43,18150,2020-04-01,2021-03-31,鉄建建設株式会社
S100LSEU,2021-06-29,2021-06-29 14:43,81540,2020-04-01,2021-03-31,加賀電子株式会社
S100LUOG,2021-06-29,2021-06-29 14:46,81290,2020-04-01,2021-03-31,東邦ホールディングス株式会社
S100LTPA,2021-06-29,2021-06-29 14:47,79230,2020-04-01,2021-03-31,トーイン株式会社
S100LT2P,2021-06-29,2021-06-29 14:48,66430,2020-04-01,2021-03-31,株式会社戸上電機製作所
S100LRKG,2021-06-29,2021-06-29 14:50,45810,2020-04-01,2021-03-31,大正製薬ホールディングス株式会社
S100LTIV,2021-06-29,2021-06-29 14:53,85400,2020-04-01,2021-03-31,株式会社福岡中央銀行
S100LTOX,2021-06-29,2021-06-29 14:54,52370,2020-04-01,2021-03-31,株式会社ノザワ
S100LSRP,2021-06-29,2021-06-29 14:56,88640,2020-04-01,2021-03-31,空港施設株式会社
S100LSFV,2021-06-29,2021-06-29 14:57,74670,2020-04-01,2021-03-31,萩原電気ホールディングス株式会社
S100LTKO,2021-06-29,2021-06-29 15:00,82820,2020-04-01,2021-03-31,株式会社ケーズホールディングス
S100LLUY,2021-06-29,2021-06-29 15:00,19810,2020-04-01,2021-03-31,株式会社協和日成
S100LT7M,2021-06-29,2021-06-29 15:00,44370,2020-04-01,2021-03-31,ｇｏｏｄｄａｙｓホールディングス株式会社
S100LSMT,2021-06-29,2021-06-29 15:00,65070,2020-04-01,2021-03-31,シンフォニアテクノロジー株式会社
S100LPGY,2021-06-29,2021-06-29 15:00,17760,2020-04-01,2021-03-31,三井住建道路株式会社
S100LSD1,2021-06-29,2021-06-29 15:00,96950,2020-04-01,2021-03-31,株式会社鴨川グランドホテル
S100LSYI,2021-06-29,2021-06-29 15:00,42000,2020-04-01,2021-03-31,株式会社ＨＣＳホールディングス
S100LTC6,2021-06-29,2021-06-29 15:00,69250,2020-04-01,2021-03-31,ウシオ電機株式会社
S100LTJD,2021-06-29,2021-06-29 15:00,88480,2020-04-01,2021-03-31,株式会社レオパレス２１
S100LRFF,2021-06-29,2021-06-29 15:00,32930,2020-04-01,2021-03-31,アズマハウス株式会社
S100LRR4,2021-06-29,2021-06-29 15:00,69040,2020-04-01,2021-03-31,原田工業株式会社
S100LLY7,2021-06-29,2021-06-29 15:00,41930,2020-04-01,2021-03-31,株式会社ファブリカコミュニケーションズ
S100LSZW,2021-06-29,2021-06-29 15:00,59220,2020-04-01,2021-03-31,那須電機鉄工株式会社
S100LUJR,2021-06-29,2021-06-29 15:02,89990,2020-04-01,2021-03-31,グランディハウス株式会社
S100LPLB,2021-06-29,2021-06-29 15:02,83580,2020-04-01,2021-03-31,スルガ銀行株式会社
S100LTQV,2021-06-29,2021-06-29 15:03,49220,2020-04-01,2021-03-31,株式会社コーセー
S100LQ75,2021-06-29,2021-06-29 15:03,90050,2020-04-01,2021-03-31,東急株式会社
S100LSVX,2021-06-29,2021-06-29 15:03,87470,2020-04-01,2021-03-31,豊トラスティ証券株式会社
S100LUQQ,2021-06-29,2021-06-29 15:04,64390,2020-04-01,2021-03-31,中日本鋳工株式会社
S100LUGD,2021-06-29,2021-06-29 15:04,57070,2020-04-01,2021-03-31,東邦亜鉛株式会社
S100LTKW,2021-06-29,2021-06-29 15:04,35290,2020-04-01,2021-03-31,アツギ株式会社
S100LUQ8,2021-06-29,2021-06-29 15:05,71920,2020-04-01,2021-03-31,日本モーゲージサービス株式会社
S100LTIG,2021-06-29,2021-06-29 15:05,79850,2020-04-01,2021-03-31,ネポン株式会社
S100LSZ1,2021-06-29,2021-06-29 15:05,63700,2020-04-01,2021-03-31,栗田工業株式会社
S100LTRR,2021-06-29,2021-06-29 15:06,66740,2020-04-01,2021-03-31,株式会社　ジーエス・ユアサ　コーポレーション
S100LUE9,2021-06-29,2021-06-29 15:06,44230,2020-04-01,2021-03-31,アルテリア・ネットワークス株式会社
S100LSPA,2021-06-29,2021-06-29 15:07,18920,2020-04-01,2021-03-31,徳倉建設株式会社
S100LUFH,2021-06-29,2021-06-29 15:10,67090,2020-04-01,2021-03-31,明星電気株式会社
S100LRD4,2021-06-29,2021-06-29 15:10,60740,2020-04-01,2021-03-31,株式会社ジェイエスエス
S100LTYX,2021-06-29,2021-06-29 15:11,29330,2020-04-01,2021-03-31,株式会社紀文食品
S100LOUC,2021-06-29,2021-06-29 15:11,88010,2020-04-01,2021-03-31,三井不動産株式会社
S100LUR9,2021-06-29,2021-06-29 15:12,38490,2020-04-01,2021-03-31,日本テクノ・ラボ株式会社
S100LQYW,2021-06-29,2021-06-29 15:12,46610,2020-04-01,2021-03-31,株式会社オリエンタルランド
S100LRRP,2021-06-29,2021-06-29 15:14,45590,2020-04-01,2021-03-31,ゼリア新薬工業株式会社
S100LURW,2021-06-29,2021-06-29 15:14,53510,2020-04-01,2021-03-31,品川リフラクトリーズ株式会社
S100LQWP,2021-06-29,2021-06-29 15:14,79110,2020-04-01,2021-03-31,凸版印刷株式会社
S100LLYK,2021-06-29,2021-06-29 15:14,77310,2020-04-01,2021-03-31,株式会社ニコン
S100LMJB,2021-06-29,2021-06-29 15:16,52320,2020-04-01,2021-03-31,住友大阪セメント株式会社
S100LQVI,2021-06-29,2021-06-29 15:16,67630,2020-04-01,2021-03-31,帝国通信工業株式会社
S100LTLX,2021-06-29,2021-06-29 15:17,69980,2020-04-01,2021-03-31,日本タングステン株式会社
S100LPQ3,2021-06-29,2021-06-29 15:17,86000,2020-04-01,2021-03-31,トモニホールディングス株式会社
S100LUNW,2021-06-29,2021-06-29 15:18,87720,2020-04-01,2021-03-31,株式会社アサックス
S100LUSH,2021-06-29,2021-06-29 15:18,70780,2020-04-01,2021-03-31,ＩＮＣＬＵＳＩＶＥ株式会社
S100LPLG,2021-06-29,2021-06-29 15:19,65030,2020-04-01,2021-03-31,三菱電機株式会社
S100LK6C,2021-06-29,2021-06-29 15:19,62980,2020-04-01,2021-03-31,ワイエイシイホールディングス株式会社
S100LUQL,2021-06-29,2021-06-29 15:19,80300,2020-04-01,2021-03-31,中央魚類株式会社
S100LTMP,2021-06-29,2021-06-29 15:20,90310,2020-04-01,2021-03-31,西日本鉄道株式会社
S100LT5C,2021-06-29,2021-06-29 15:20,47810,2020-04-01,2021-03-31,日本ハウズイング株式会社
S100LUSR,2021-06-29,2021-06-29 15:20,39050,2020-04-01,2021-03-31,データセクション株式会社
S100LPZX,2021-06-29,2021-06-29 15:21,93120,2020-04-01,2021-03-31,ケイヒン株式会社
S100LUSI,2021-06-29,2021-06-29 15:21,60450,2020-04-01,2021-03-31,株式会社レントラックス
S100LRD2,2021-06-29,2021-06-29 15:21,22080,2020-04-01,2021-03-31,株式会社ブルボン
S100LTKQ,2021-06-29,2021-06-29 15:24,32240,2020-04-01,2021-03-31,株式会社ゼネラル・オイスター
S100LSQG,2021-06-29,2021-06-29 15:24,81190,2020-04-01,2021-03-31,株式会社三栄コーポレーション
S100LRLS,2021-06-29,2021-06-29 15:25,49770,2020-04-01,2021-03-31,新田ゼラチン株式会社
S100LRXC,2021-06-29,2021-06-29 15:25,20550,2020-04-01,2021-03-31,日和産業株式会社
S100LROV,2021-06-29,2021-06-29 15:26,63680,2020-04-01,2021-03-31,オルガノ株式会社
S100LTHE,2021-06-29,2021-06-29 15:26,88020,2020-04-01,2021-03-31,三菱地所株式会社
S100LOEP,2021-06-29,2021-06-29 15:26,27640,2020-04-01,2021-03-31,株式会社ひらまつ
S100LUQ9,2021-06-29,2021-06-29 15:27,58210,2020-04-01,2021-03-31,平河ヒューテック株式会社
S100LJCV,2021-06-29,2021-06-29 15:27,80460,2020-04-01,2021-03-31,丸藤シートパイル株式会社
S100LTV3,2021-06-29,2021-06-29 15:28,80890,2020-04-01,2021-03-31,ナイス株式会社
S100LUGG,2021-06-29,2021-06-29 15:28,51210,2020-04-01,2021-03-31,藤倉コンポジット株式会社
S100LPMX,2021-06-29,2021-06-29 15:28,99360,2020-04-01,2021-03-31,株式会社王将フードサービス
S100LPL1,2021-06-29,2021-06-29 15:29,24330,2020-04-01,2021-03-31,株式会社博報堂ＤＹホールディングス
S100LL8K,2021-06-29,2021-06-29 15:29,72450,2020-04-01,2021-03-31,大同メタル工業株式会社
S100L5HA,2021-06-29,2021-06-29 15:30,49660,2020-04-01,2021-03-31,上村工業株式会社
S100LT7P,2021-06-29,2021-06-29 15:30,83410,2020-04-01,2021-03-31,株式会社七十七銀行
S100LTCP,2021-06-29,2021-06-29 15:30,18210,2020-04-01,2021-03-31,三井住友建設株式会社
S100LRTY,2021-06-29,2021-06-29 15:32,45400,2020-04-01,2021-03-31,株式会社ツムラ
S100LTIN,2021-06-29,2021-06-29 15:32,43010,2020-04-01,2021-03-31,株式会社アミューズ
S100LUFW,2021-06-29,2021-06-29 15:32,87710,2020-04-01,2021-03-31,イー・ギャランティ株式会社
S100LUT3,2021-06-29,2021-06-29 15:33,97690,2020-04-01,2021-03-31,株式会社学究社
S100LSWX,2021-06-29,2021-06-29 15:35,41770,2020-04-01,2021-03-31,株式会社ｉ－ｐｌｕｇ
S100LSM8,2021-06-29,2021-06-29 15:36,83880,2020-04-01,2021-03-31,株式会社阿波銀行
S100LPWP,2021-06-29,2021-06-29 15:37,62100,2020-04-01,2021-03-31,東洋機械金属株式会社
S100LPV9,2021-06-29,2021-06-29 15:37,69810,2020-04-01,2021-03-31,株式会社村田製作所
S100LUS1,2021-06-29,2021-06-29 15:37,69930,2020-04-01,2021-03-31,大黒屋ホールディングス株式会社
S100LOG5,2021-06-29,2021-06-29 15:38,45340,2020-04-01,2021-03-31,持田製薬株式会社
S100LUHN,2021-06-29,2021-06-29 15:38,71020,2020-04-01,2021-03-31,日本車輌製造株式会社
S100LSYZ,2021-06-29,2021-06-29 15:39,42080,2020-04-01,2021-03-31,宇部興産株式会社
S100LU5N,2021-06-29,2021-06-29 15:39,83160,2020-04-01,2021-03-31,株式会社三井住友フィナンシャルグループ
S100LL3T,2021-06-29,2021-06-29 15:40,79120,2020-04-01,2021-03-31,大日本印刷株式会社
S100LTY1,2021-06-29,2021-06-29 15:41,88690,2020-04-01,2021-03-31,明和地所株式会社
S100LRBM,2021-06-29,2021-06-29 15:41,53520,2020-04-01,2021-03-31,黒崎播磨株式会社
S100LUVF,2021-06-29,2021-06-29 15:42,18080,2020-04-01,2021-03-31,株式会社　長谷工コーポレーション
S100LSOK,2021-06-29,2021-06-29 15:44,40220,2020-04-01,2021-03-31,ラサ工業株式会社
S100LT95,2021-06-29,2021-06-29 15:44,83060,2020-04-01,2021-03-31,株式会社三菱ＵＦＪフィナンシャル・グループ
S100LSQ9,2021-06-29,2021-06-29 15:45,66750,2020-04-01,2021-03-31,サクサホールディングス株式会社
S100LSTM,2021-06-29,2021-06-29 15:46,96870,2020-04-01,2021-03-31,株式会社ＫＳＫ
S100LT41,2021-06-29,2021-06-29 15:46,67030,2020-04-01,2021-03-31,沖電気工業株式会社
S100LTQN,2021-06-29,2021-06-29 15:46,61250,2020-04-01,2021-03-31,株式会社岡本工作機械製作所
S100LTRS,2021-06-29,2021-06-29 15:47,46510,2020-04-01,2021-03-31,株式会社サニックス
S100LLJO,2021-06-29,2021-06-29 15:49,93030,2020-04-01,2021-03-31,株式会社住友倉庫
S100LUGZ,2021-06-29,2021-06-29 15:50,46250,2020-04-01,2021-03-31,アトミクス株式会社
S100LU5U,2021-06-29,2021-06-29 15:51,36460,2020-04-01,2021-03-31,株式会社駅探
S100LRO3,2021-06-29,2021-06-29 15:51,30660,2020-04-01,2021-03-31,株式会社ＪＢイレブン
S100LNGN,2021-06-29,2021-06-29 15:54,63670,2020-04-01,2021-03-31,ダイキン工業株式会社
S100LTTL,2021-06-29,2021-06-29 15:55,92740,2020-04-01,2021-03-31,国際紙パルプ商事株式会社
S100LPQC,2021-06-29,2021-06-29 15:56,61310,2020-04-01,2021-03-31,浜井産業株式会社
S100LTTO,2021-06-29,2021-06-29 15:56,17700,2020-04-01,2021-03-31,藤田エンジニアリング株式会社
S100LRS0,2021-06-29,2021-06-29 15:56,47610,2020-04-01,2021-03-31,株式会社さくらケーシーエス
S100LS6I,2021-06-29,2021-06-29 15:57,90820,2020-04-01,2021-03-31,大和自動車交通株式会社
S100LSED,2021-06-29,2021-06-29 15:58,18030,2020-04-01,2021-03-31,清水建設株式会社
S100LHRJ,2021-06-29,2021-06-29 15:59,65170,2020-04-01,2021-03-31,デンヨー株式会社
S100LRHZ,2021-06-29,2021-06-29 15:59,49740,2020-04-01,2021-03-31,タカラバイオ株式会社
S100LN0M,2021-06-29,2021-06-29 16:00,79900,2020-04-01,2021-03-31,グローブライド株式会社
S100LR7W,2021-06-29,2021-06-29 16:00,30880,2020-04-01,2021-03-31,株式会社マツモトキヨシホールディングス
S100LTPN,2021-06-29,2021-06-29 16:00,71730,2020-04-01,2021-03-31,株式会社東京きらぼしフィナンシャルグループ
S100LU93,2021-06-29,2021-06-29 16:00,63690,2020-04-01,2021-03-31,トーヨーカネツ株式会社
S100LS54,2021-06-29,2021-06-29 16:00,66290,2020-04-01,2021-03-31,テクノホライゾン株式会社
S100LUVW,2021-06-29,2021-06-29 16:00,88500,2020-04-01,2021-03-31,スターツコーポレーション株式会社
S100LSA9,2021-06-29,2021-06-29 16:01,93600,2020-04-01,2021-03-31,鈴与シンワート株式会社
S100LTLF,2021-06-29,2021-06-29 16:01,72470,2020-04-01,2021-03-31,株式会社ミクニ
S100LTNA,2021-06-29,2021-06-29 16:01,79020,2020-04-01,2021-03-31,株式会社ソノコム
S100LSTE,2021-06-29,2021-06-29 16:02,95310,2020-04-01,2021-03-31,東京瓦斯株式会社
S100LUPR,2021-06-29,2021-06-29 16:03,70110,2020-04-01,2021-03-31,三菱重工業株式会社
S100LRGP,2021-06-29,2021-06-29 16:03,63650,2020-04-01,2021-03-31,株式会社電業社機械製作所
S100LTOE,2021-06-29,2021-06-29 16:03,19630,2020-04-01,2021-03-31,日揮ホールディングス株式会社
S100LUOV,2021-06-29,2021-06-29 16:03,18790,2020-04-01,2021-03-31,新日本建設株式会社
S100LUCS,2021-06-29,2021-06-29 16:03,97330,2020-04-01,2021-03-31,株式会社ナガセ
S100LUG2,2021-06-29,2021-06-29 16:04,30980,2020-04-01,2021-03-31,株式会社ココカラファイン
S100LF9T,2021-06-29,2021-06-29 16:04,90060,2020-04-01,2021-03-31,京浜急行電鉄株式会社
S100LP1F,2021-06-29,2021-06-29 16:04,98100,2020-04-01,2021-03-31,日鉄物産株式会社
S100LRTE,2021-06-29,2021-06-29 16:06,69520,2020-04-01,2021-03-31,カシオ計算機株式会社
S100LLWF,2021-06-29,2021-06-29 16:07,90700,2020-04-01,2021-03-31,トナミホールディングス株式会社
S100LSSP,2021-06-29,2021-06-29 16:10,42370,2020-04-01,2021-03-31,フジプレアム株式会社
S100LTFV,2021-06-29,2021-06-29 16:11,78740,2020-04-01,2021-03-31,レック株式会社
S100LPP7,2021-06-29,2021-06-29 16:11,57060,2020-04-01,2021-03-31,三井金属鉱業株式会社
S100LTA8,2021-06-29,2021-06-29 16:11,38350,2020-04-01,2021-03-31,ｅＢＡＳＥ株式会社
S100LUYF,2021-06-29,2021-06-29 16:12,70670,2020-04-01,2021-03-31,ブランディングテクノロジー株式会社
S100LTHD,2021-06-29,2021-06-29 16:13,98670,2020-04-01,2021-03-31,ソレキア株式会社
S100LRHF,2021-06-29,2021-06-29 16:13,40470,2020-04-01,2021-03-31,関東電化工業株式会社
S100LRT1,2021-06-29,2021-06-29 16:15,97670,2020-04-01,2021-03-31,日建工学株式会社
S100LUJY,2021-06-29,2021-06-29 16:16,17190,2020-04-01,2021-03-31,株式会社安藤・間
S100LSVI,2021-06-29,2021-06-29 16:16,37620,2020-04-01,2021-03-31,テクマトリックス株式会社
S100LT9J,2021-06-29,2021-06-29 16:17,27530,2020-04-01,2021-03-31,株式会社　あみやき亭
S100LUZB,2021-06-29,2021-06-29 16:18,73740,2020-04-01,2021-03-31,株式会社コンフィデンス
S100LR30,2021-06-29,2021-06-29 16:21,52870,2020-04-01,2021-03-31,株式会社イトーヨーギョー
S100LTPT,2021-06-29,2021-06-29 16:25,83540,2020-04-01,2021-03-31,株式会社ふくおかフィナンシャルグループ
S100LTL8,2021-06-29,2021-06-29 16:28,41160,2020-04-01,2021-03-31,大日精化工業株式会社
S100LUV6,2021-06-29,2021-06-29 16:28,96750,2020-04-01,2021-03-31,常磐興産株式会社
S100LTCC,2021-06-29,2021-06-29 16:28,36610,2020-04-01,2021-03-31,株式会社エムアップホールディングス
S100LM7P,2021-06-29,2021-06-29 16:36,38650,2020-04-01,2021-03-31,北越コーポレーション株式会社
S100LUX3,2021-06-29,2021-06-29 16:37,33600,2020-04-01,2021-03-31,シップヘルスケアホールディングス株式会社
S100LSTC,2021-06-29,2021-06-29 13:03,97910,2020-04-01,2021-03-31,株式会社ビケンテクノ
S100LV11,2021-06-29,2021-06-29 16:39,46230,2020-04-01,2021-03-31,株式会社アサヒペン
S100LSF1,2021-06-29,2021-06-29 16:39,85410,2020-04-01,2021-03-31,株式会社　愛媛銀行
S100LV0Y,2021-06-29,2021-06-29 16:45,71620,2020-04-01,2021-03-31,アストマックス株式会社
S100LTTP,2021-06-29,2021-06-29 16:47,73660,2020-04-01,2021-03-31,株式会社ＬＩＴＡＬＩＣＯ
S100LTA0,2021-06-29,2021-06-29 16:48,63630,2020-04-01,2021-03-31,株式会社酉島製作所
S100LTO4,2021-06-29,2021-06-29 16:48,34090,2020-04-01,2021-03-31,北日本紡績株式会社
S100LUZM,2021-06-29,2021-06-29 16:50,89380,2020-04-01,2021-03-31,グローム・ホールディングス株式会社
S100LTT9,2021-06-29,2021-06-29 16:51,23400,2020-04-01,2021-03-31,株式会社　極楽湯ホールディングス
S100LV27,2021-06-29,2021-06-29 16:52,99270,2020-04-01,2021-03-31,株式会社ワットマン
S100LTTS,2021-06-29,2021-06-29 16:53,19450,2020-04-01,2021-03-31,株式会社東京エネシス
S100LV1K,2021-06-29,2021-06-29 16:59,18850,2020-04-01,2021-03-31,東亜建設工業株式会社
S100LSPN,2021-06-29,2021-06-29 17:01,85590,2020-04-01,2021-03-31,株式会社豊和銀行
S100LV17,2021-06-29,2021-06-29 17:03,72940,2020-04-01,2021-03-31,株式会社ヨロズ
S100LUU9,2021-06-29,2021-06-29 17:04,70620,2020-04-01,2021-03-31,株式会社フレアス
S100LUZ5,2021-06-29,2021-06-29 17:05,44060,2020-04-01,2021-03-31,新日本理化株式会社
S100LTTA,2021-06-29,2021-06-29 17:05,69120,2020-04-01,2021-03-31,菊水電子工業株式会社
S100LV39,2021-06-29,2021-06-29 17:11,33900,2020-04-01,2021-03-31,ＩＮＥＳＴ株式会社
S100LQFJ,2021-06-30,2021-06-28 16:06,40930,2020-04-01,2021-03-31,東邦アセチレン株式会社
S100LRYP,2021-06-30,2021-06-30 09:00,34430,2020-04-01,2021-03-31,川田テクノロジーズ株式会社
S100LUYR,2021-06-30,2021-06-30 09:00,72770,2020-04-01,2021-03-31,株式会社ＴＢＫ
S100LUOZ,2021-06-30,2021-06-30 09:00,90600,2020-04-01,2021-03-31,日本ロジテム株式会社
S100LQJ9,2021-06-30,2021-06-30 09:00,30550,2020-04-01,2021-03-31,株式会社ほくやく・竹山ホールディングス
S100LUF2,2021-06-30,2021-06-30 09:00,59730,2020-04-01,2021-03-31,株式会社トーアミ
S100LSUY,2021-06-30,2021-06-30 09:00,87930,2020-04-01,2021-03-31,ＮＥＣキャピタルソリューション株式会社
S100LQ9X,2021-06-30,2021-06-30 09:01,75670,2020-04-01,2021-03-31,株式会社栄電子
S100LUM6,2021-06-30,2021-06-30 09:01,63460,2020-04-01,2021-03-31,キクカワエンタープライズ株式会社
S100LTFE,2021-06-30,2021-06-30 09:02,45700,2020-04-01,2021-03-31,株式会社免疫生物研究所
S100LN21,2021-06-30,2021-06-30 09:02,37980,2020-04-01,2021-03-31,ＵＬＳグループ株式会社
S100LUBS,2021-06-30,2021-06-30 09:02,62720,2020-04-01,2021-03-31,レオン自動機株式会社
S100LUSF,2021-06-30,2021-06-30 09:02,17930,2020-04-01,2021-03-31,株式会社大本組
S100LSNH,2021-06-30,2021-06-30 09:02,59410,2020-04-01,2021-03-31,株式会社　中西製作所
S100LMY0,2021-06-30,2021-06-30 09:03,81440,2020-04-01,2021-03-31,株式会社電響社
S100LUBT,2021-06-30,2021-06-30 09:03,27630,2020-04-01,2021-03-31,株式会社エフティグループ
S100LUUF,2021-06-30,2021-06-30 09:04,87420,2020-04-01,2021-03-31,株式会社小林洋行
S100LP42,2021-06-30,2021-06-30 09:04,52850,2020-04-01,2021-03-31,株式会社ヤマックス
S100LS97,2021-06-30,2021-06-30 09:04,40940,2020-04-01,2021-03-31,日本化学産業株式会社
S100LJJK,2021-06-30,2021-06-30 09:04,40080,2020-04-01,2021-03-31,住友精化株式会社
S100LT8D,2021-06-30,2021-06-30 09:04,70870,2020-04-01,2021-03-31,株式会社ウイルテック
S100LIS5,2021-06-30,2021-06-30 09:05,39410,2020-04-01,2021-03-31,レンゴー株式会社
S100LMBF,2021-06-30,2021-06-30 09:05,76370,2020-04-01,2021-03-31,白銅株式会社
S100LUB6,2021-06-30,2021-06-30 09:06,99290,2020-04-01,2021-03-31,平和紙業株式会社
S100LTZ8,2021-06-30,2021-06-30 09:06,13800,2020-04-01,2021-03-31,株式会社秋川牧園
S100LVBU,2021-06-30,2021-06-30 09:06,22180,2020-04-01,2021-03-31,日糧製パン株式会社
S100LRKK,2021-06-30,2021-06-30 09:06,27730,2020-04-01,2021-03-31,株式会社ミューチュアル
S100LPAW,2021-06-30,2021-06-30 09:08,83700,2020-04-01,2021-03-31,株式会社紀陽銀行
S100LUKD,2021-06-30,2021-06-30 09:08,20030,2020-04-01,2021-03-31,日東富士製粉株式会社
S100LTGJ,2021-06-30,2021-06-30 09:08,28160,2020-04-01,2021-03-31,株式会社ダイショー
S100LS2H,2021-06-30,2021-06-30 09:08,56970,2020-04-01,2021-03-31,株式会社サンユウ
S100LTQ5,2021-06-30,2021-06-30 09:09,94040,2020-04-01,2021-03-31,日本テレビホールディングス株式会社
S100LT4V,2021-06-30,2021-06-30 09:09,65380,2020-04-01,2021-03-31,株式会社キャリアインデックス
S100LTGA,2021-06-30,2021-06-30 09:09,63800,2020-04-01,2021-03-31,オリエンタルチエン工業株式会社
S100LU7N,2021-06-30,2021-06-30 09:10,22640,2020-04-01,2021-03-31,森永乳業株式会社
S100LRSE,2021-06-30,2021-06-30 09:11,67180,2020-04-01,2021-03-31,アイホン株式会社
S100LU2P,2021-06-30,2021-06-30 09:13,52680,2020-04-01,2021-03-31,旭コンクリート工業株式会社
S100LU0C,2021-06-30,2021-06-30 09:13,80410,2020-04-01,2021-03-31,ＯＵＧホールディングス株式会社
S100LU9A,2021-06-30,2021-06-30 09:13,74610,2020-04-01,2021-03-31,株式会社キムラ
S100LV99,2021-06-30,2021-06-30 09:14,78680,2020-04-01,2021-03-31,株式会社廣済堂
S100LSXW,2021-06-30,2021-06-30 09:14,26810,2020-04-01,2021-03-31,株式会社ゲオホールディングス
S100LUSG,2021-06-30,2021-06-30 09:15,69620,2020-04-01,2021-03-31,株式会社大真空
S100LUJP,2021-06-30,2021-06-30 09:15,63070,2020-04-01,2021-03-31,サンセイ株式会社
S100LUY9,2021-06-30,2021-06-30 09:16,35150,2020-04-01,2021-03-31,株式会社フジコー
S100LURN,2021-06-30,2021-06-30 09:16,85960,2020-04-01,2021-03-31,株式会社九州リースサービス
S100LTZW,2021-06-30,2021-06-30 09:17,66370,2020-04-01,2021-03-31,寺崎電気産業株式会社
S100LUUL,2021-06-30,2021-06-30 09:17,88300,2020-04-01,2021-03-31,住友不動産株式会社
S100LN26,2021-06-30,2021-06-30 09:17,19390,2020-04-01,2021-03-31,株式会社四電工
S100LSQT,2021-06-30,2021-06-30 09:17,87050,2020-04-01,2021-03-31,岡藤日産証券ホールディングス株式会社
S100LU3M,2021-06-30,2021-06-30 09:18,17870,2020-04-01,2021-03-31,株式会社ナカボーテック
S100LUUG,2021-06-30,2021-06-30 09:20,46210,2020-04-01,2021-03-31,ロックペイント株式会社
S100LUMQ,2021-06-30,2021-06-30 09:20,90170,2020-04-01,2021-03-31,新潟交通株式会社
S100LRBP,2021-06-30,2021-06-30 09:23,64170,2020-04-01,2021-03-31,株式会社三共
S100LU4F,2021-06-30,2021-06-30 09:24,59180,2020-04-01,2021-03-31,瀧上工業株式会社
S100LV9Q,2021-06-30,2021-06-30 09:25,63900,2020-04-01,2021-03-31,株式会社加藤製作所
S100LUDG,2021-06-30,2021-06-30 09:26,63330,2020-04-01,2021-03-31,株式会社帝国電機製作所
S100LS8Z,2021-06-30,2021-06-30 09:26,18320,2020-04-01,2021-03-31,北海電気工事株式会社
S100LUVS,2021-06-30,2021-06-30 09:27,25860,2020-04-01,2021-03-31,株式会社フルッタフルッタ
S100LV5Q,2021-06-30,2021-06-30 09:27,90780,2020-04-01,2021-03-31,株式会社エスライン
S100LR42,2021-06-30,2021-06-30 09:28,18200,2020-04-01,2021-03-31,西松建設株式会社
S100LVD1,2021-06-30,2021-06-30 09:28,59740,2020-04-01,2021-03-31,中国工業株式会社
S100LV0D,2021-06-30,2021-06-30 09:29,60050,2020-04-01,2021-03-31,三浦工業株式会社
S100LT42,2021-06-30,2021-06-30 09:29,69540,2020-04-01,2021-03-31,ファナック株式会社
S100LV0I,2021-06-30,2021-06-30 09:29,81350,2020-04-01,2021-03-31,ゼット株式会社
S100LVDO,2021-06-30,2021-06-30 09:30,69570,2020-04-01,2021-03-31,株式会社芝浦電子
S100LU7H,2021-06-30,2021-06-30 09:30,79800,2020-04-01,2021-03-31,株式会社　重松製作所
S100LTUN,2021-06-30,2021-06-30 09:30,68150,2020-04-01,2021-03-31,ユニデンホールディングス株式会社
S100LM8O,2021-06-30,2021-06-30 09:30,31850,2020-04-01,2021-03-31,夢展望株式会社
S100LUYE,2021-06-30,2021-06-30 09:31,73990,2020-04-01,2021-03-31,株式会社ナンシン
S100LRLG,2021-06-30,2021-06-30 09:32,64240,2020-04-01,2021-03-31,株式会社高見沢サイバネティックス
S100LQZE,2021-06-30,2021-06-30 09:32,80250,2020-04-01,2021-03-31,株式会社ツカモトコーポレーション
S100LI4D,2021-06-30,2021-06-30 09:32,75210,2020-04-01,2021-03-31,株式会社ムサシ
S100LTJM,2021-06-30,2021-06-30 09:32,74440,2020-04-01,2021-03-31,ハリマ共和物産株式会社
S100LM85,2021-06-30,2021-06-30 09:33,78860,2020-04-01,2021-03-31,ヤマト・インダストリー株式会社
S100LS3S,2021-06-30,2021-06-30 09:33,95110,2020-04-01,2021-03-31,沖縄電力株式会社
S100LUP4,2021-06-30,2021-06-30 09:35,49180,2020-04-01,2021-03-31,株式会社アイビー化粧品
S100LV8A,2021-06-30,2021-06-30 09:35,75080,2020-04-01,2021-03-31,株式会社Ｇ‐７ホールディングス
S100LMXH,2021-06-30,2021-06-30 09:36,46840,2020-04-01,2021-03-31,株式会社オービック
S100LTYN,2021-06-30,2021-06-30 09:37,18130,2020-04-01,2021-03-31,株式会社不動テトラ
S100LUDQ,2021-06-30,2021-06-30 09:39,51890,2020-04-01,2021-03-31,櫻護謨株式会社
S100LVBX,2021-06-30,2021-06-30 09:39,75960,2020-04-01,2021-03-31,株式会社魚力
S100LUK7,2021-06-30,2021-06-30 09:39,93640,2020-04-01,2021-03-31,株式会社上組
S100LSHB,2021-06-30,2021-06-30 09:39,80060,2020-04-01,2021-03-31,ユアサ・フナショク株式会社
S100LV50,2021-06-30,2021-06-30 09:40,56590,2020-04-01,2021-03-31,日本精線株式会社
S100LTRX,2021-06-30,2021-06-30 09:40,62290,2020-04-01,2021-03-31,株式会社オーケーエム
S100LT7Y,2021-06-30,2021-06-30 09:40,18100,2020-04-01,2021-03-31,松井建設株式会社
S100LV5U,2021-06-30,2021-06-30 09:40,47190,2020-04-01,2021-03-31,株式会社アルファシステムズ
S100LSPD,2021-06-30,2021-06-30 09:42,74830,2020-04-01,2021-03-31,株式会社ドウシシャ
S100LUCH,2021-06-30,2021-06-30 09:43,74640,2020-04-01,2021-03-31,セフテック株式会社
S100LU8I,2021-06-30,2021-06-30 09:48,75650,2020-04-01,2021-03-31,萬世電機株式会社
S100LVFC,2021-06-30,2021-06-30 09:49,74260,2020-04-01,2021-03-31,株式会社　山大
S100LV7T,2021-06-30,2021-06-30 09:49,66510,2020-04-01,2021-03-31,日東工業株式会社
S100LUU7,2021-06-30,2021-06-30 09:51,59350,2020-04-01,2021-03-31,元旦ビューティ工業株式会社
S100LS8D,2021-06-30,2021-06-30 09:53,78360,2020-04-01,2021-03-31,アビックス株式会社
S100LV2N,2021-06-30,2021-06-30 09:53,74900,2020-04-01,2021-03-31,日新商事株式会社
S100LUNQ,2021-06-30,2021-06-30 09:53,19300,2020-04-01,2021-03-31,北陸電気工事株式会社
S100LV47,2021-06-30,2021-06-30 09:54,68500,2020-04-01,2021-03-31,株式会社チノー
S100LRGL,2021-06-30,2021-06-30 09:54,83650,2020-04-01,2021-03-31,株式会社　富山銀行
S100LV3K,2021-06-30,2021-06-30 10:00,82250,2020-04-01,2021-03-31,株式会社タカチホ
S100LS0Y,2021-06-30,2021-06-30 10:00,44960,2020-04-01,2021-03-31,株式会社コマースＯｎｅホールディングス
S100LULU,2021-06-30,2021-06-30 10:00,28140,2020-04-01,2021-03-31,佐藤食品工業株式会社
S100LS47,2021-06-30,2021-06-30 10:01,83860,2020-04-01,2021-03-31,株式会社百十四銀行
S100LTAT,2021-06-30,2021-06-30 10:01,80970,2020-04-01,2021-03-31,三愛石油株式会社
S100LUL7,2021-06-30,2021-06-30 10:01,96050,2020-04-01,2021-03-31,東映株式会社
S100LV1T,2021-06-30,2021-06-30 10:03,43860,2020-04-01,2021-03-31,株式会社ＳＩＧ
S100LUR4,2021-06-30,2021-06-30 10:03,24150,2020-04-01,2021-03-31,ヒューマンホールディングス株式会社
S100LU9W,2021-06-30,2021-06-30 10:03,90720,2020-04-01,2021-03-31,ニッコンホールディングス株式会社
S100LVD4,2021-06-30,2021-06-30 10:05,46620,2020-04-01,2021-03-31,株式会社フォーカスシステムズ
S100LV46,2021-06-30,2021-06-30 10:06,52840,2020-04-01,2021-03-31,株式会社ヤマウ
S100LV8E,2021-06-30,2021-06-30 10:06,75020,2020-04-01,2021-03-31,株式会社プラザクリエイト本社
S100LV9P,2021-06-30,2021-06-30 10:06,18050,2020-04-01,2021-03-31,飛島建設株式会社
S100LMYN,2021-06-30,2021-06-30 10:06,27300,2020-04-01,2021-03-31,株式会社エディオン
S100LRHE,2021-06-30,2021-06-30 10:07,22040,2020-04-01,2021-03-31,株式会社中村屋
S100LVGA,2021-06-30,2021-06-30 10:07,45160,2020-04-01,2021-03-31,日本新薬株式会社
S100LVCG,2021-06-30,2021-06-30 10:07,30340,2020-04-01,2021-03-31,クオールホールディングス株式会社
S100LN00,2021-06-30,2021-06-30 10:11,48010,2020-04-01,2021-03-31,セントラルスポーツ株式会社
S100LV6P,2021-06-30,2021-06-30 10:11,92060,2020-04-01,2021-03-31,株式会社スターフライヤー
S100LUXJ,2021-06-30,2021-06-30 10:12,21360,2020-04-01,2021-03-31,株式会社ヒップ
S100LQYG,2021-06-30,2021-06-30 10:12,35210,2020-04-01,2021-03-31,エコナックホールディングス株式会社
S100LUTM,2021-06-30,2021-06-30 10:17,65490,2020-04-01,2021-03-31,ディーエムソリューションズ株式会社
S100LR4P,2021-06-30,2021-06-30 10:20,22240,2020-04-01,2021-03-31,株式会社コモ
S100LVHB,2021-06-30,2021-06-30 10:22,24880,2020-04-01,2021-03-31,ＪＴＰ株式会社
S100LU9J,2021-06-30,2021-06-30 10:23,67270,2020-04-01,2021-03-31,株式会社ワコム
S100LVHD,2021-06-30,2021-06-30 10:23,98540,2020-04-01,2021-03-31,愛眼株式会社
S100LUYO,2021-06-30,2021-06-30 10:25,37740,2020-04-01,2021-03-31,株式会社インターネットイニシアティブ
S100LU2Y,2021-06-30,2021-06-30 10:25,17230,2020-04-01,2021-03-31,日本電技株式会社
S100LUYS,2021-06-30,2021-06-30 10:29,83670,2020-04-01,2021-03-31,株式会社南都銀行
S100LUPQ,2021-06-30,2021-06-30 10:30,46640,2020-04-01,2021-03-31,株式会社アール・エス・シー
S100LV6U,2021-06-30,2021-06-30 10:34,95010,2020-04-01,2021-03-31,東京電力ホールディングス株式会社
S100LSDW,2021-06-30,2021-06-30 10:35,63570,2020-04-01,2021-03-31,三精テクノロジーズ株式会社
S100LV5Z,2021-06-30,2021-06-30 10:38,88770,2020-04-01,2021-03-31,エスリード株式会社
S100LUY5,2021-06-30,2021-06-30 10:39,68440,2020-04-01,2021-03-31,新電元工業株式会社
S100LE79,2021-06-30,2021-06-30 10:41,59640,2020-04-01,2021-03-31,東洋刄物株式会社
S100LVJ2,2021-06-30,2021-06-30 10:42,19140,2020-04-01,2021-03-31,日本基礎技術株式会社
S100LUEF,2021-06-30,2021-06-30 10:43,29220,2020-04-01,2021-03-31,株式会社なとり
S100LM8B,2021-06-30,2021-06-30 10:44,30590,2020-04-01,2021-03-31,ヒラキ株式会社
S100LSJ4,2021-06-30,2021-06-30 10:46,77490,2020-04-01,2021-03-31,メディキット株式会社
S100LSF7,2021-06-30,2021-06-30 10:46,50110,2020-04-01,2021-03-31,ニチレキ株式会社
S100LUWX,2021-06-30,2021-06-30 10:48,54440,2020-04-01,2021-03-31,大和工業株式会社
S100LV84,2021-06-30,2021-06-30 10:49,79220,2020-04-01,2021-03-31,三光産業株式会社
S100LCUK,2021-06-30,2021-06-30 10:50,61340,2020-04-01,2021-03-31,株式会社ＦＵＪＩ
S100LVHL,2021-06-30,2021-06-30 10:50,62820,2020-04-01,2021-03-31,オイレス工業株式会社
S100LTDT,2021-06-30,2021-06-30 10:55,77210,2020-04-01,2021-03-31,東京計器株式会社
S100LSQ5,2021-06-30,2021-06-30 10:56,18600,2020-04-01,2021-03-31,戸田建設株式会社
S100LUVK,2021-06-30,2021-06-30 11:00,14500,2020-04-01,2021-03-31,田中建設工業株式会社
S100LUXD,2021-06-30,2021-06-30 11:03,86090,2020-04-01,2021-03-31,株式会社岡三証券グループ
S100LVCC,2021-06-30,2021-06-30 11:04,39170,2020-04-01,2021-03-31,株式会社アイリッジ
S100LTBL,2021-06-30,2021-06-30 11:04,59020,2020-04-01,2021-03-31,ホッカンホールディングス株式会社
S100LU5R,2021-06-30,2021-06-30 11:05,80860,2020-04-01,2021-03-31,ニプロ株式会社
S100LIHJ,2021-06-30,2021-06-30 11:06,85510,2020-04-01,2021-03-31,株式会社　北日本銀行
S100LUN9,2021-06-30,2021-06-30 11:06,98900,2020-04-01,2021-03-31,株式会社マキヤ
S100LVKO,2021-06-30,2021-06-30 11:08,46290,2020-04-01,2021-03-31,大伸化学株式会社
S100LLVZ,2021-06-30,2021-06-30 11:08,30690,2020-04-01,2021-03-31,株式会社　ＪＦＬＡホールディングス
S100LS0U,2021-06-30,2021-06-30 11:08,23210,2020-04-01,2021-03-31,株式会社ソフトフロントホールディングス
S100LV8Y,2021-06-30,2021-06-30 11:14,40630,2020-04-01,2021-03-31,信越化学工業株式会社
S100LO1Y,2021-06-30,2021-06-30 11:18,75710,2020-04-01,2021-03-31,株式会社ヤマノホールディングス
S100LUIR,2021-06-30,2021-06-30 11:19,70310,2020-04-01,2021-03-31,株式会社インバウンドテック
S100LU1A,2021-06-30,2021-06-30 11:22,91300,2020-04-01,2021-03-31,共栄タンカー株式会社
S100LVLB,2021-06-30,2021-06-30 11:23,42980,2020-04-01,2021-03-31,株式会社プロトコーポレーション
S100LQHO,2021-06-30,2021-06-30 11:28,52900,2020-04-01,2021-03-31,株式会社ベルテクスコーポレーション
S100LV7M,2021-06-30,2021-06-30 11:29,99280,2020-04-01,2021-03-31,株式会社ミロク情報サービス
S100LVKC,2021-06-30,2021-06-30 11:29,64190,2020-04-01,2021-03-31,株式会社マースグループホールディングス
S100LUGA,2021-06-30,2021-06-30 11:29,19920,2020-04-01,2021-03-31,神田通信機株式会社
S100LVME,2021-06-30,2021-06-30 11:31,97610,2020-04-01,2021-03-31,東海リース株式会社
S100LUGF,2021-06-30,2021-06-30 11:31,27500,2020-04-01,2021-03-31,石光商事株式会社
S100LVL9,2021-06-30,2021-06-30 11:32,66660,2020-04-01,2021-03-31,リバーエレテック株式会社
S100LVK5,2021-06-30,2021-06-30 11:34,45840,2020-04-01,2021-03-31,株式会社ジーンテクノサイエンス
S100LVKH,2021-06-30,2021-06-30 11:36,59150,2020-04-01,2021-03-31,株式会社駒井ハルテック
S100LVLA,2021-06-30,2021-06-30 11:37,14480,2020-04-01,2021-03-31,株式会社スペースバリューホールディングス
S100LV4A,2021-06-30,2021-06-30 11:39,75930,2020-04-01,2021-03-31,ＶＴホールディングス株式会社
S100LMB3,2021-06-30,2021-06-30 11:42,53910,2020-04-01,2021-03-31,株式会社エーアンドエーマテリアル
S100LVLS,2021-06-30,2021-06-30 11:44,53810,2020-04-01,2021-03-31,Ｍｉｐｏｘ株式会社
S100LUUZ,2021-06-30,2021-06-30 11:48,48380,2020-04-01,2021-03-31,株式会社スペースシャワーネットワーク
S100LVDC,2021-06-30,2021-06-30 11:48,53560,2020-04-01,2021-03-31,美濃窯業株式会社
S100LTYU,2021-06-30,2021-06-30 11:52,72760,2020-04-01,2021-03-31,株式会社小糸製作所
S100LVNR,2021-06-30,2021-06-30 11:58,67300,2020-04-01,2021-03-31,株式会社アクセル
S100LVH5,2021-06-30,2021-06-30 12:09,83690,2020-04-01,2021-03-31,株式会社京都銀行
S100LVA5,2021-06-30,2021-06-30 12:10,52020,2020-04-01,2021-03-31,日本板硝子株式会社
S100LSX0,2021-06-30,2021-06-30 12:12,31040,2020-04-01,2021-03-31,富士紡ホールディングス株式会社
S100LK4Y,2021-06-30,2021-06-30 12:15,79740,2020-04-01,2021-03-31,任天堂株式会社
S100LRV7,2021-06-30,2021-06-30 12:16,63710,2020-04-01,2021-03-31,株式会社椿本チエイン
S100LV9H,2021-06-30,2021-06-30 12:18,96350,2020-04-01,2021-03-31,武蔵野興業株式会社
S100LV7W,2021-06-30,2021-06-30 12:20,23290,2020-04-01,2021-03-31,株式会社東北新社
S100LV68,2021-06-30,2021-06-30 12:28,33460,2020-04-01,2021-03-31,２１ＬＡＤＹ株式会社
S100LT5N,2021-06-30,2021-06-30 12:29,24110,2020-04-01,2021-03-31,ゲンダイエージェンシー株式会社
S100LUOI,2021-06-30,2021-06-30 12:35,47200,2020-04-01,2021-03-31,株式会社城南進学研究社
S100LV41,2021-06-30,2021-06-30 12:40,90270,2020-04-01,2021-03-31,株式会社ロジネットジャパン
S100LVPY,2021-06-30,2021-06-30 12:47,36940,2020-04-01,2021-03-31,株式会社オプティム
S100LUNF,2021-06-30,2021-06-30 12:48,64080,2020-04-01,2021-03-31,小倉クラッチ株式会社
S100LTD5,2021-06-30,2021-06-30 12:50,81590,2020-04-01,2021-03-31,株式会社立花エレテック
S100LV2D,2021-06-30,2021-06-30 12:51,49010,2020-04-01,2021-03-31,富士フイルムホールディングス株式会社
S100LH2M,2021-06-30,2021-06-30 13:00,80180,2020-04-01,2021-03-31,三共生興株式会社
S100LUIT,2021-06-30,2021-06-30 13:00,48880,2020-04-01,2021-03-31,ステラファーマ株式会社
S100LSFQ,2021-06-30,2021-06-30 13:02,75620,2020-04-01,2021-03-31,株式会社安楽亭
S100LV8O,2021-06-30,2021-06-30 13:03,52610,2020-04-01,2021-03-31,リソルホールディングス株式会社
S100LUIC,2021-06-30,2021-06-30 13:03,46130,2020-04-01,2021-03-31,関西ペイント株式会社
S100LQYD,2021-06-30,2021-06-30 13:10,78720,2020-04-01,2021-03-31,エステールホールディングス株式会社
S100LVO3,2021-06-30,2021-06-30 13:10,57290,2020-04-01,2021-03-31,日本精鉱株式会社
S100LSNT,2021-06-30,2021-06-30 13:10,39250,2020-04-01,2021-03-31,株式会社ダブルスタンダード
S100LVQ7,2021-06-30,2021-06-30 13:13,29030,2020-04-01,2021-03-31,シノブフーズ株式会社
S100LV2Q,2021-06-30,2021-06-30 13:17,32050,2020-04-01,2021-03-31,株式会社ダイドーリミテッド
S100LSJ9,2021-06-30,2021-06-30 13:26,52330,2020-04-01,2021-03-31,太平洋セメント株式会社
S100LUFG,2021-06-30,2021-06-30 13:29,17570,2020-04-01,2021-03-31,中小企業ホールディングス株式会社
S100LUJE,2021-06-30,2021-06-30 13:30,81040,2020-04-01,2021-03-31,クワザワホールディングス株式会社
S100LVSH,2021-06-30,2021-06-30 13:35,92020,2020-04-01,2021-03-31,ＡＮＡホールディングス株式会社
S100LVSL,2021-06-30,2021-06-30 13:40,76770,2020-04-01,2021-03-31,株式会社ヤシマキザイ
S100LVSR,2021-06-30,2021-06-30 13:40,80370,2020-04-01,2021-03-31,カメイ株式会社
S100LUWN,2021-06-30,2021-06-30 13:40,82190,2020-04-01,2021-03-31,青山商事株式会社
S100LULY,2021-06-30,2021-06-30 13:44,85420,2020-04-01,2021-03-31,株式会社トマト銀行
S100LVT7,2021-06-30,2021-06-30 13:52,49900,2020-04-01,2021-03-31,昭和化学工業株式会社
S100LKBD,2021-06-30,2021-06-30 13:56,19660,2020-04-01,2021-03-31,株式会社　高田工業所
S100LV4N,2021-06-30,2021-06-30 14:02,58030,2020-04-01,2021-03-31,株式会社フジクラ
S100LVU7,2021-06-30,2021-06-30 14:03,90850,2020-04-01,2021-03-31,北海道中央バス株式会社
S100LQEO,2021-06-30,2021-06-30 14:03,90030,2020-04-01,2021-03-31,相鉄ホールディングス株式会社
S100LVAF,2021-06-30,2021-06-30 14:08,74160,2020-04-01,2021-03-31,株式会社はるやまホールディングス
S100LVSN,2021-06-30,2021-06-30 14:09,94350,2020-04-01,2021-03-31,株式会社光通信
S100LVTG,2021-06-30,2021-06-30 14:10,69760,2020-04-01,2021-03-31,太陽誘電株式会社
S100LVV3,2021-06-30,2021-06-30 14:14,45980,2020-04-01,2021-03-31,ＤｅｌｔａーＦｌｙ　Ｐｈａｒｍａ株式会社
S100LVTY,2021-06-30,2021-06-30 14:14,99800,2020-04-01,2021-03-31,ＭＲＫホールディングス株式会社
S100LVOU,2021-06-30,2021-06-30 14:15,51030,2020-04-01,2021-03-31,昭和ホールディングス株式会社
S100LVV7,2021-06-30,2021-06-30 14:15,73430,2020-04-01,2021-03-31,ブロードマインド株式会社
S100LVV1,2021-06-30,2021-06-30 14:16,63340,2020-04-01,2021-03-31,明治機械株式会社
S100LUKI,2021-06-30,2021-06-30 14:18,37510,2020-04-01,2021-03-31,日本アジアグループ株式会社
S100LUIB,2021-06-30,2021-06-30 14:23,52690,2020-04-01,2021-03-31,日本コンクリート工業株式会社
S100LVT6,2021-06-30,2021-06-30 14:25,24670,2020-04-01,2021-03-31,株式会社バルクホールディングス
S100LUZJ,2021-06-30,2021-06-30 14:25,68670,2020-04-01,2021-03-31,リーダー電子株式会社
S100LVWO,2021-06-30,2021-06-30 14:26,86990,2020-04-01,2021-03-31,澤田ホールディングス株式会社
S100LV4U,2021-06-30,2021-06-30 14:28,18270,2020-04-01,2021-03-31,株式会社ナカノフドー建設
S100LSJT,2021-06-30,2021-06-30 14:31,69820,2020-04-01,2021-03-31,株式会社リード
S100LVF6,2021-06-30,2021-06-30 14:32,23760,2020-04-01,2021-03-31,株式会社　サイネックス
S100LVXS,2021-06-30,2021-06-30 14:34,14910,2020-04-01,2021-03-31,中外鉱業株式会社
S100LVO7,2021-06-30,2021-06-30 14:34,26540,2020-04-01,2021-03-31,株式会社アスモ
S100LVX8,2021-06-30,2021-06-30 14:43,65500,2020-04-01,2021-03-31,Ｆｒｉｎｇｅ８１株式会社
S100LVYU,2021-06-30,2021-06-30 14:54,57410,2020-04-01,2021-03-31,株式会社ＵＡＣＪ
S100LVAM,2021-06-30,2021-06-30 14:55,40690,2020-04-01,2021-03-31,株式会社ＢｌｕｅＭｅｍｅ
S100LVND,2021-06-30,2021-06-30 14:59,77150,2020-04-01,2021-03-31,長野計器株式会社
S100LVEH,2021-06-30,2021-06-30 15:00,70910,2020-04-01,2021-03-31,株式会社リビングプラットフォーム
S100LVQY,2021-06-30,2021-06-30 15:00,35610,2020-04-01,2021-03-31,株式会社力の源ホールディングス
S100LVLZ,2021-06-30,2021-06-30 15:00,60690,2020-04-01,2021-03-31,トレンダーズ株式会社
S100LV8L,2021-06-30,2021-06-30 15:00,65740,2020-04-01,2021-03-31,株式会社コンヴァノ
S100LVFB,2021-06-30,2021-06-30 15:00,49320,2020-04-01,2021-03-31,株式会社アルマード
S100LVU5,2021-06-30,2021-06-30 15:00,66150,2020-04-01,2021-03-31,ユー・エム・シー・エレクトロニクス株式会社
S100LU6Q,2021-06-30,2021-06-30 15:00,41790,2020-04-01,2021-03-31,株式会社ジーネクスト
S100LVQW,2021-06-30,2021-06-30 15:00,71690,2020-04-01,2021-03-31,株式会社ＮＦＣホールディングス
S100LVO1,2021-06-30,2021-06-30 15:01,65640,2020-04-01,2021-03-31,株式会社ミダック
S100LVPM,2021-06-30,2021-06-30 15:02,21380,2020-04-01,2021-03-31,クルーズ株式会社
S100LV3Z,2021-06-30,2021-06-30 15:02,73170,2020-04-01,2021-03-31,株式会社松屋アールアンドディ
S100LVDM,2021-06-30,2021-06-30 15:03,80660,2020-04-01,2021-03-31,三谷商事株式会社
S100LLQF,2021-06-30,2021-06-30 15:03,64300,2020-04-01,2021-03-31,ダイコク電機株式会社
S100LT7X,2021-06-30,2021-06-30 15:03,44440,2020-04-01,2021-03-31,株式会社インフォネット
S100LSFD,2021-06-30,2021-06-30 15:04,44420,2020-04-01,2021-03-31,バルテス株式会社
S100LUV9,2021-06-30,2021-06-30 15:05,37530,2020-04-01,2021-03-31,株式会社フライトホールディングス
S100LVO9,2021-06-30,2021-06-30 15:05,14470,2020-04-01,2021-03-31,ＩＴｂｏｏｋホールディングス株式会社
S100LVYC,2021-06-30,2021-06-30 15:10,72970,2020-04-01,2021-03-31,株式会社カーメイト
S100LW0R,2021-06-30,2021-06-30 15:17,65620,2020-04-01,2021-03-31,株式会社ジーニー
S100LVGX,2021-06-30,2021-06-30 15:20,70960,2020-04-01,2021-03-31,株式会社ステムセル研究所
S100LUYD,2021-06-30,2021-06-30 15:20,69430,2020-04-01,2021-03-31,ＮＫＫスイッチズ株式会社
S100LW0A,2021-06-30,2021-06-30 15:21,67750,2020-04-01,2021-03-31,株式会社ＴＢグループ
S100LVFY,2021-06-30,2021-06-30 15:26,30200,2020-04-01,2021-03-31,アプライド株式会社
S100LRPT,2021-06-30,2021-06-30 15:30,31360,2020-04-01,2021-03-31,株式会社エコノス
S100LW21,2021-06-30,2021-06-30 15:31,94660,2020-04-01,2021-03-31,株式会社アイドママーケティングコミュニケーション
S100LULM,2021-06-30,2021-06-30 15:32,62370,2020-04-01,2021-03-31,株式会社イワキ
S100LVYK,2021-06-30,2021-06-30 15:37,31210,2020-04-01,2021-03-31,マーチャント・バンカーズ株式会社
S100LSPM,2021-06-30,2021-06-30 15:37,39330,2020-04-01,2021-03-31,チエル株式会社
S100LV85,2021-06-30,2021-06-30 15:37,68900,2020-04-01,2021-03-31,株式会社フェローテックホールディングス
S100LVJR,2021-06-30,2021-06-30 15:37,66180,2020-04-01,2021-03-31,株式会社大泉製作所
S100LVE0,2021-06-30,2021-06-30 15:38,71990,2020-04-01,2021-03-31,プレミアグループ株式会社
S100LVIF,2021-06-30,2021-06-30 15:44,83850,2020-04-01,2021-03-31,株式会社伊予銀行
S100LW30,2021-06-30,2021-06-30 15:45,76380,2020-04-01,2021-03-31,株式会社ＮＥＷ　ＡＲＴ　ＨＯＬＤＩＮＧＳ
S100LV57,2021-06-30,2021-06-30 15:50,39630,2020-04-01,2021-03-31,株式会社シンクロ・フード
S100LVZ9,2021-06-30,2021-06-30 15:51,69640,2020-04-01,2021-03-31,株式会社サンコー
S100LVAQ,2021-06-30,2021-06-30 15:52,71890,2020-04-01,2021-03-31,株式会社西日本フィナンシャルホールディングス
S100LV7U,2021-06-30,2021-06-30 15:57,79580,2020-04-01,2021-03-31,天馬株式会社
S100LVZL,2021-06-30,2021-06-30 15:59,61810,2020-04-01,2021-03-31,タメニー株式会社
S100LPYH,2021-06-30,2021-06-30 16:00,21580,2020-04-01,2021-03-31,株式会社ＦＲＯＮＴＥＯ
S100LVDD,2021-06-30,2021-06-30 16:00,79180,2020-04-01,2021-03-31,株式会社ヴィア・ホールディングス
S100LVUN,2021-06-30,2021-06-30 16:00,97880,2020-04-01,2021-03-31,株式会社ナック
S100LTP2,2021-06-30,2021-06-30 16:04,66380,2020-04-01,2021-03-31,株式会社ミマキエンジニアリング
S100LS12,2021-06-30,2021-06-30 16:06,48140,2020-04-01,2021-03-31,ネクストウェア株式会社
S100LNRP,2021-06-30,2021-06-30 16:10,30770,2020-04-01,2021-03-31,ホリイフードサービス株式会社
S100LVDN,2021-06-30,2021-06-30 16:11,75190,2020-04-01,2021-03-31,五洋インテックス株式会社
S100LVYS,2021-06-30,2021-06-30 16:12,87460,2020-04-01,2021-03-31,第一商品株式会社
S100LW4W,2021-06-30,2021-06-30 16:13,93180,2020-04-01,2021-03-31,アジア開発キャピタル株式会社
S100LVTL,2021-06-30,2021-06-30 16:14,40460,2020-04-01,2021-03-31,株式会社大阪ソーダ
S100LW3A,2021-06-30,2021-06-30 16:21,97600,2020-04-01,2021-03-31,株式会社　進学会ホールディングス
S100LV8V,2021-06-30,2021-06-30 16:26,67060,2020-04-01,2021-03-31,電気興業株式会社
S100LW58,2021-06-30,2021-06-30 16:26,46500,2020-04-01,2021-03-31,ＳＤエンターテイメント株式会社
S100LW24,2021-06-30,2021-06-30 16:28,79910,2020-04-01,2021-03-31,マミヤ・オーピー株式会社
S100LW5A,2021-06-30,2021-06-30 16:37,81230,2020-04-01,2021-03-31,川辺株式会社
S100LVIP,2021-06-30,2021-06-30 16:38,26940,2020-04-01,2021-03-31,株式会社ジー・テイスト
S100LW5O,2021-06-30,2021-06-30 16:39,70570,2020-04-01,2021-03-31,株式会社エヌ・シー・エヌ
S100LVP4,2021-06-30,2021-06-30 16:43,45910,2020-04-01,2021-03-31,株式会社リボミック
S100LVCO,2021-06-30,2021-06-30 16:47,23950,2020-04-01,2021-03-31,株式会社新日本科学
S100LV8Q,2021-06-30,2021-06-30 16:58,67530,2020-04-01,2021-03-31,シャープ株式会社
S100LW71,2021-06-30,2021-06-30 17:15,65410,2020-04-01,2021-03-31,グレイステクノロジー株式会社
S100LW66,2021-06-30,2021-06-30 17:15,38400,2020-04-01,2021-03-31,パス株式会社
S100LXKD,2021-07-06,2021-07-06 14:10,47500,2020-04-21,2021-04-20,株式会社ダイサン
S100LZWA,2021-07-15,2021-07-15 09:21,74880,2020-04-21,2021-04-20,株式会社ヤガミ
S100LZSN,2021-07-16,2021-07-16 16:00,40260,2020-05-01,2021-04-30,神島化学工業株式会社
S100LZYD,2021-07-16,2021-07-16 16:00,31610,2020-05-01,2021-04-30,アゼアス株式会社
S100M0R3,2021-07-20,2021-07-20 14:58,29230,2020-05-01,2021-04-30,サトウ食品株式会社
S100M13D,2021-07-21,2021-07-21 13:31,59710,2020-05-01,2021-04-30,株式会社共和工業所
S100M1FQ,2021-07-26,2021-07-26 14:08,76230,2020-05-01,2021-04-30,株式会社サンオータス
S100M1NA,2021-07-27,2021-07-27 10:18,33290,2020-05-01,2021-04-30,東和フードサービス株式会社
S100M1N4,2021-07-28,2021-07-28 09:18,24380,2020-05-01,2021-04-30,株式会社アスカネット
S100M1X3,2021-07-28,2021-07-28 10:36,34440,2020-05-01,2021-04-30,株式会社菊池製作所
S100M23K,2021-07-28,2021-07-28 10:41,76040,2020-05-01,2021-04-30,株式会社　梅の花
S100M1R5,2021-07-28,2021-07-28 10:43,79010,2020-05-01,2021-04-30,株式会社マツモト
S100M1N8,2021-07-28,2021-07-28 12:18,74350,2020-05-01,2021-04-30,株式会社ナ・デックス
S100M1Z8,2021-07-28,2021-07-28 13:06,25930,2020-05-01,2021-04-30,株式会社伊藤園
S100M1PE,2021-07-28,2021-07-28 14:19,35240,2020-05-01,2021-04-30,日東製網株式会社
S100M29C,2021-07-28,2021-07-28 15:09,39030,2020-05-01,2021-04-30,株式会社ｇｕｍｉ
S100M29Z,2021-07-28,2021-07-28 15:34,66560,2020-05-01,2021-04-30,インスペック株式会社
S100M20Q,2021-07-28,2021-07-28 15:53,70950,2020-05-01,2021-04-30,株式会社Ｍａｃｂｅｅ　Ｐｌａｎｅｔ
S100M2BO,2021-07-28,2021-07-28 16:47,61920,2020-05-01,2021-04-30,ハイアス・アンド・カンパニー株式会社
S100M2C2,2021-07-29,2021-07-29 10:11,37700,2020-05-01,2021-04-30,株式会社ザッパラス
S100M2D6,2021-07-29,2021-07-29 10:18,30310,2020-05-01,2021-04-30,株式会社ラクーンホールディングス
S100M1U4,2021-07-29,2021-07-29 10:24,29100,2020-05-01,2021-04-30,株式会社ロック・フィールド
S100M1UA,2021-07-29,2021-07-29 11:17,66300,2020-05-01,2021-04-30,ヤーマン株式会社
S100M2HC,2021-07-29,2021-07-29 11:27,75330,2020-05-01,2021-04-30,株式会社グリーンクロス
S100M27Y,2021-07-29,2021-07-29 11:55,27510,2020-05-01,2021-04-30,株式会社テンポスホールディングス
S100M2B8,2021-07-29,2021-07-29 12:23,21590,2020-05-01,2021-04-30,株式会社フルスピード
S100M2AT,2021-07-29,2021-07-29 15:11,44310,2020-05-01,2021-04-30,株式会社スマレジ
S100M2B7,2021-07-29,2021-07-29 15:50,21340,2020-04-01,2021-03-31,燦キャピタルマネージメント株式会社
S100M29Y,2021-07-29,2021-07-29 16:02,81860,2020-05-01,2021-04-30,株式会社大塚家具
S100M238,2021-07-30,2021-07-30 09:12,78990,2020-05-01,2021-04-30,ＭＩＣＳ化学株式会社
S100M2R1,2021-07-30,2021-07-30 09:51,96270,2020-05-01,2021-04-30,株式会社アインホールディングス
S100M2J5,2021-07-30,2021-07-30 11:13,38430,2020-05-01,2021-04-30,フリービット株式会社
S100M2TV,2021-07-30,2021-07-30 11:15,33610,2020-05-01,2021-04-30,株式会社トーエル
S100M2VD,2021-07-30,2021-07-30 12:37,92630,2020-05-01,2021-04-30,株式会社ビジョナリーホールディングス
S100M2VM,2021-07-30,2021-07-30 13:30,31800,2020-05-01,2021-04-30,株式会社ビューティガレージ
S100M2VU,2021-07-30,2021-07-30 13:40,70500,2020-05-01,2021-04-30,株式会社フロンティアインターナショナル
S100M2W4,2021-07-30,2021-07-30 13:51,17660,2020-05-01,2021-04-30,東建コーポレーション株式会社
S100M2V5,2021-07-30,2021-07-30 14:13,31340,2020-05-01,2021-04-30,Ｈａｍｅｅ株式会社
S100M2WB,2021-07-30,2021-07-30 14:18,14360,2020-05-01,2021-04-30,株式会社フィット
S100M24U,2021-07-30,2021-07-30 15:36,77770,2020-05-01,2021-04-30,株式会社スリー・ディー・マトリックス
S100M2HF,2021-07-30,2021-07-30 15:43,94250,2020-05-01,2021-04-30,日本テレホン株式会社
S100M30G,2021-07-30,2021-07-30 15:54,93850,2020-04-01,2021-03-31,株式会社ショーエイコーポレーション
S100M2X2,2021-07-30,2021-07-30 16:20,66280,2020-04-01,2021-03-31,オンキヨーホームエンターテイメント株式会社
S100M2W8,2021-07-30,2021-07-30 16:21,94440,2020-05-01,2021-04-30,株式会社トーシンホールディングス
S100M2R6,2021-07-30,2021-07-30 16:30,26780,2020-05-21,2021-05-20,アスクル株式会社
S100M2WR,2021-07-30,2021-07-30 16:42,43820,2020-05-01,2021-04-30,ＨＥＲＯＺ株式会社
S100M414,2021-08-06,2021-08-06 15:01,30750,2020-05-16,2021-05-15,株式会社銚子丸
S100M67H,2021-08-10,2021-08-10 11:18,69050,2020-05-21,2021-05-20,コーセル株式会社
S100M6MQ,2021-08-10,2021-08-10 15:00,33910,2020-05-16,2021-05-15,株式会社ツルハホールディングス
S100M5NQ,2021-08-11,2021-08-11 12:31,35440,2020-05-16,2021-05-15,サツドラホールディングス株式会社
S100MASZ,2021-08-18,2021-08-18 13:13,31600,2020-06-01,2021-05-31,株式会社大光
S100MB91,2021-08-19,2021-08-19 09:32,27610,2020-05-21,2021-05-20,トシン・グループ株式会社
S100MB5Y,2021-08-19,2021-08-19 14:12,74200,2020-06-01,2021-05-31,佐鳥電機株式会社
S100MB7M,2021-08-19,2021-08-19 16:14,35490,2020-05-21,2021-05-20,株式会社クスリのアオキホールディングス
S100MB2G,2021-08-20,2021-08-20 13:53,89080,2020-06-01,2021-05-31,株式会社毎日コムネット
S100MBE8,2021-08-20,2021-08-20 14:01,27220,2020-06-01,2021-05-31,株式会社アイケイ
S100MBLG,2021-08-20,2021-08-20 16:13,47160,2020-06-01,2021-05-31,日本オラクル株式会社
S100MB9N,2021-08-23,2021-08-23 15:30,21680,2020-06-01,2021-05-31,株式会社パソナグループ
S100MB3B,2021-08-24,2021-08-24 14:50,13770,2020-06-01,2021-05-31,株式会社　サカタのタネ
S100MC0R,2021-08-25,2021-08-25 09:04,24590,2020-06-01,2021-05-31,アウンコンサルティング株式会社
S100MC0O,2021-08-25,2021-08-25 11:32,27920,2020-06-01,2021-05-31,株式会社ハニーズホールディングス
S100MBX5,2021-08-25,2021-08-25 13:14,74340,2020-06-01,2021-05-31,株式会社オータケ
S100MC5U,2021-08-25,2021-08-25 15:59,88860,2020-06-01,2021-05-31,株式会社ウッドフレンズ
S100MC1N,2021-08-25,2021-08-25 16:18,27910,2020-06-01,2021-05-31,大黒天物産株式会社
S100MCAT,2021-08-26,2021-08-26 09:34,73700,2020-06-01,2021-05-31,株式会社Ｅｎｊｉｎ
S100MBT5,2021-08-26,2021-08-26 09:56,65520,2020-06-01,2021-05-31,株式会社ＧａｍｅＷｉｔｈ
S100MBUN,2021-08-26,2021-08-26 10:59,77130,2020-06-01,2021-05-31,シグマ光機株式会社
S100MCBH,2021-08-26,2021-08-26 11:48,45770,2020-06-01,2021-05-31,ダイト株式会社
S100MBRC,2021-08-26,2021-08-26 13:27,97650,2020-06-01,2021-05-31,株式会社オオバ
S100MC37,2021-08-26,2021-08-26 13:46,81550,2020-06-01,2021-05-31,三益半導体工業株式会社
S100MCFL,2021-08-26,2021-08-26 15:00,18870,2020-06-01,2021-05-31,日本国土開発株式会社
S100MC9M,2021-08-26,2021-08-26 15:03,39900,2020-06-01,2021-05-31,ＵＵＵＭ株式会社
S100MCGA,2021-08-26,2021-08-26 15:06,14190,2020-06-01,2021-05-31,タマホーム株式会社
S100MCAV,2021-08-26,2021-08-26 15:32,77250,2020-06-01,2021-05-31,株式会社インターアクション
S100MCIN,2021-08-26,2021-08-26 16:26,70680,2020-06-01,2021-05-31,株式会社フィードフォース
S100MCFV,2021-08-27,2021-08-27 09:07,44650,2020-06-01,2021-05-31,株式会社ニイタカ
S100MCJM,2021-08-27,2021-08-27 09:18,78880,2020-06-01,2021-05-31,三光合成株式会社
S100MCMC,2021-08-27,2021-08-27 09:20,40570,2020-06-01,2021-05-31,株式会社インターファクトリー
S100MCFK,2021-08-27,2021-08-27 09:40,23030,2020-06-01,2021-05-31,株式会社ドーン
S100MCMR,2021-08-27,2021-08-27 09:45,38240,2020-06-01,2021-05-31,メディアファイブ株式会社
S100MCK8,2021-08-27,2021-08-27 10:09,14300,2020-06-01,2021-05-31,ファーストコーポレーション株式会社
S100MC74,2021-08-27,2021-08-27 11:18,96510,2020-06-01,2021-05-31,日本プロセス株式会社
S100MCO1,2021-08-27,2021-08-27 11:41,47350,2020-06-01,2021-05-31,株式会社京進
S100MAYB,2021-08-27,2021-08-27 12:06,88870,2020-06-01,2021-05-31,リベレステ株式会社
S100MC1V,2021-08-27,2021-08-27 12:25,65670,2020-06-01,2021-05-31,株式会社ＳＥＲＩＯホールディングス
S100MCJU,2021-08-27,2021-08-27 12:42,59670,2020-06-01,2021-05-31,ＴＯＮＥ株式会社
S100MCQL,2021-08-27,2021-08-27 13:31,98120,2020-06-01,2021-05-31,株式会社テーオーホールディングス
S100MC4H,2021-08-27,2021-08-27 14:21,48850,2020-06-01,2021-05-31,室町ケミカル株式会社
S100MCJA,2021-08-27,2021-08-27 14:26,89400,2020-06-01,2021-05-31,株式会社インテリックス
S100MCNT,2021-08-27,2021-08-27 14:46,48250,2020-06-01,2021-05-31,株式会社ウェザーニューズ
S100MC4T,2021-08-27,2021-08-27 15:00,60830,2020-06-01,2021-05-31,ＥＲＩホールディングス株式会社
S100MCF3,2021-08-27,2021-08-27 15:01,44300,2020-06-01,2021-05-31,東海ソフト株式会社
S100MCL5,2021-08-27,2021-08-27 15:06,32360,2020-06-01,2021-05-31,株式会社プロパスト
S100MCHU,2021-08-27,2021-08-27 15:37,79210,2020-06-01,2021-05-31,株式会社ＴＡＫＡＲＡ　＆　ＣＯＭＰＡＮＹ
S100MCR4,2021-08-27,2021-08-27 15:39,24370,2020-06-01,2021-05-31,Ｓｈｉｎｗａ　Ｗｉｓｅ　Ｈｏｌｄｉｎｇｓ株式会社
S100MCTA,2021-08-27,2021-08-27 15:39,27960,2020-06-01,2021-05-31,ファーマライズホールディングス株式会社
S100MC69,2021-08-27,2021-08-27 15:40,35010,2020-06-01,2021-05-31,住江織物株式会社
S100MC9K,2021-08-27,2021-08-27 16:01,64890,2020-06-01,2021-05-31,前澤工業株式会社
S100MCAA,2021-08-27,2021-08-27 16:02,92650,2020-06-01,2021-05-31,ヤマシタヘルスケアホールディングス株式会社
S100MCL9,2021-08-27,2021-08-27 16:36,30230,2020-04-01,2021-03-31,ラサ商事株式会社
S100MCLE,2021-08-27,2021-08-27 16:54,48290,2020-06-01,2021-05-31,日本エンタープライズ株式会社
S100MCQF,2021-08-30,2021-08-30 09:20,74870,2020-06-01,2021-05-31,小津産業株式会社
S100MC5N,2021-08-30,2021-08-30 09:47,76730,2020-06-01,2021-05-31,ダイコー通産株式会社
S100MCUY,2021-08-30,2021-08-30 09:52,33210,2020-06-01,2021-05-31,ミタチ産業株式会社
S100MCFR,2021-08-30,2021-08-30 10:10,13760,2020-06-01,2021-05-31,カネコ種苗株式会社
S100MCP1,2021-08-30,2021-08-30 10:11,31480,2020-06-01,2021-05-31,株式会社クリエイトＳＤホールディングス
S100MCRS,2021-08-30,2021-08-30 10:14,92780,2020-04-01,2021-05-31,ブックオフグループホールディングス株式会社
S100MCU7,2021-08-30,2021-08-30 10:19,21530,2020-06-01,2021-05-31,Ｅ・Ｊホールディングス株式会社
S100MCVE,2021-08-30,2021-08-30 10:26,64960,2020-06-01,2021-05-31,株式会社中北製作所
S100MCVB,2021-08-30,2021-08-30 10:32,32970,2020-06-01,2021-05-31,株式会社東武住販
S100MCVO,2021-08-30,2021-08-30 10:56,65050,2020-06-01,2021-05-31,東洋電機製造株式会社
S100MCUK,2021-08-30,2021-08-30 11:05,38920,2020-06-01,2021-05-31,株式会社岡山製紙
S100MCG4,2021-08-30,2021-08-30 11:12,48340,2020-06-01,2021-05-31,キャリアバンク株式会社
S100MCUA,2021-08-30,2021-08-30 11:34,14010,2020-06-01,2021-05-31,株式会社エムビーエス
S100MCZA,2021-08-30,2021-08-30 12:56,70860,2020-06-01,2021-05-31,株式会社きずなホールディングス
S100MD0J,2021-08-30,2021-08-30 13:36,24620,2020-06-01,2021-05-31,ライク株式会社
S100MCWI,2021-08-30,2021-08-30 13:52,41980,2020-06-01,2021-05-31,株式会社テンダ
S100MCYU,2021-08-30,2021-08-30 15:00,60470,2020-06-01,2021-05-31,株式会社Ｇｕｎｏｓｙ
S100MD1T,2021-08-30,2021-08-30 15:00,30210,2020-06-01,2021-05-31,株式会社パシフィックネット
S100MD02,2021-08-30,2021-08-30 15:00,60440,2020-06-01,2021-05-31,株式会社三機サービス
S100MCTW,2021-08-30,2021-08-30 15:30,38100,2020-06-01,2021-05-31,サイバーステップ株式会社
S100MCIO,2021-08-30,2021-08-30 16:00,59320,2020-06-01,2021-05-31,三協立山株式会社
S100MD3N,2021-08-30,2021-08-30 16:00,27690,2020-06-01,2021-05-31,株式会社ヴィレッジヴァンガードコーポレーション
S100MD0R,2021-08-30,2021-08-30 17:04,33490,2020-06-01,2021-05-31,株式会社コスモス薬品
S100MCPL,2021-08-31,2021-08-31 09:21,78080,2020-06-01,2021-05-31,株式会社シー・エス・ランバー
S100MCUN,2021-08-31,2021-08-31 09:29,37910,2020-06-01,2021-05-31,株式会社ＩＧポート
S100MD32,2021-08-31,2021-08-31 11:46,40760,2020-06-01,2021-05-31,株式会社シイエヌエス
S100MD7O,2021-08-31,2021-08-31 12:46,61500,2020-06-01,2021-05-31,タケダ機械株式会社
S100MD7Q,2021-08-31,2021-08-31 14:46,36450,2020-06-01,2021-05-31,株式会社メディカルネット
S100MDBL,2021-08-31,2021-08-31 15:43,29340,2020-06-01,2021-05-31,ジェイフロンティア株式会社
S100MD50,2021-08-31,2021-08-31 16:00,22300,2020-06-01,2021-05-31,五洋食品産業株式会社
S100MD8G,2021-08-31,2021-08-31 16:00,44430,2020-06-01,2021-05-31,Ｓａｎｓａｎ株式会社
S100MDB7,2021-08-31,2021-08-31 16:12,37600,2020-06-01,2021-05-31,株式会社ケイブ
S100MDON,2021-09-06,2021-09-06 11:07,92670,2020-06-21,2021-06-20,Ｇｅｎｋｙ　ＤｒｕｇＳｔｏｒｅｓ株式会社
S100MF05,2021-09-09,2021-09-09 15:12,47480,2020-07-01,2021-06-30,株式会社　構造計画研究所
S100MEZ7,2021-09-13,2021-09-13 09:00,99420,2020-07-01,2021-06-30,株式会社ジョイフル
S100MGBK,2021-09-16,2021-09-16 09:04,13810,2020-07-01,2021-06-30,株式会社アクシーズ
S100MG98,2021-09-16,2021-09-16 12:57,48260,2020-07-01,2021-06-30,株式会社ＣＩＪ
S100MG7J,2021-09-16,2021-09-16 15:20,79620,2020-06-21,2021-06-20,株式会社キングジム
S100ME6G,2021-09-17,2021-09-17 09:43,31910,2020-06-21,2021-06-20,株式会社ジョイフル本田
S100MGEE,2021-09-17,2021-09-17 15:01,43980,2020-07-01,2021-06-30,株式会社ブロードバンドセキュリティ
S100MGNV,2021-09-21,2021-09-21 13:56,17390,2020-07-01,2021-06-30,シード平和株式会社
S100ME69,2021-09-21,2021-09-21 15:02,24770,2020-07-01,2021-06-30,手間いらず株式会社
S100MGTF,2021-09-22,2021-09-22 11:00,29040,2020-07-01,2021-06-30,一正蒲鉾株式会社
S100MG4K,2021-09-22,2021-09-22 15:00,76710,2020-07-01,2021-06-30,株式会社ＡｍｉｄＡホールディングス
S100MH6F,2021-09-22,2021-09-22 16:29,39840,2020-07-01,2021-06-30,株式会社ユーザーローカル
S100MH8K,2021-09-24,2021-09-24 09:46,24810,2020-07-01,2021-06-30,株式会社タウンニュース社
S100MGY2,2021-09-24,2021-09-24 10:06,26890,2020-07-01,2021-06-30,オルバヘルスケアホールディングス株式会社
S100MGRS,2021-09-24,2021-09-24 10:36,69160,2020-07-01,2021-06-30,株式会社アイ・オー・データ機器
S100MH2S,2021-09-24,2021-09-24 11:21,65710,2020-07-01,2021-06-30,キュービーネットホールディングス株式会社
S100MH0O,2021-09-24,2021-09-24 11:30,67850,2020-07-01,2021-06-30,株式会社鈴木
S100MH6V,2021-09-24,2021-09-24 15:03,60300,2020-07-01,2021-06-30,株式会社アドベンチャー
S100MHA2,2021-09-24,2021-09-24 15:30,24280,2020-07-01,2021-06-30,ウェルネット株式会社
S100MHFL,2021-09-24,2021-09-24 16:00,75850,2020-07-01,2021-06-30,株式会社かんなん丸
S100MHGB,2021-09-24,2021-09-24 16:13,66620,2020-07-01,2021-06-30,株式会社ユビテック
S100MHHY,2021-09-27,2021-09-27 09:06,17880,2020-07-01,2021-06-30,株式会社三東工業社
S100MHJ6,2021-09-27,2021-09-27 09:44,89450,2020-07-01,2021-06-30,サンネクスタグループ株式会社
S100MGLI,2021-09-27,2021-09-27 11:26,61560,2020-07-01,2021-06-30,株式会社エーワン精密
S100MHND,2021-09-27,2021-09-27 12:01,32420,2020-07-01,2021-06-30,株式会社アーバネットコーポレーション
S100MC1C,2021-09-27,2021-09-27 13:00,78130,2020-07-01,2021-06-30,株式会社プラッツ
S100MHMX,2021-09-27,2021-09-27 13:15,59030,2020-07-01,2021-06-30,シンポ株式会社
S100MHNX,2021-09-27,2021-09-27 13:25,47670,2020-07-01,2021-06-30,株式会社テー・オー・ダブリュー
S100MHKD,2021-09-27,2021-09-27 15:18,60900,2020-07-01,2021-06-30,ヒューマン・メタボローム・テクノロジーズ株式会社
S100MH9C,2021-09-27,2021-09-27 15:33,65470,2020-07-01,2021-06-30,株式会社グリーンズ
S100MHC9,2021-09-27,2021-09-27 16:04,48450,2020-07-01,2021-06-30,株式会社スカラ
S100MHF9,2021-09-27,2021-09-27 16:50,61750,2020-07-01,2021-06-30,株式会社ネットマーケティング
S100MHQH,2021-09-27,2021-09-27 17:01,60610,2020-07-01,2021-06-30,株式会社ユニバーサル園芸社
S100MHRS,2021-09-27,2021-09-27 17:11,38360,2020-07-01,2021-06-30,株式会社アバント
S100MH92,2021-09-28,2021-09-28 11:08,53800,2020-07-01,2021-06-30,新東株式会社
S100MHTD,2021-09-28,2021-09-28 11:09,70630,2020-07-01,2021-06-30,株式会社Ｂｉｒｄｍａｎ
S100MHSY,2021-09-28,2021-09-28 11:59,30760,2020-07-01,2021-06-30,あいホールディングス株式会社
S100MHTQ,2021-09-28,2021-09-28 13:04,43910,2020-07-01,2021-06-30,ロジザード株式会社
S100MI0Z,2021-09-28,2021-09-28 13:49,78120,2020-07-01,2021-06-30,株式会社クレステック
S100MHJL,2021-09-28,2021-09-28 14:04,30970,2020-07-01,2021-06-30,株式会社物語コーポレーション
S100MHLU,2021-09-28,2021-09-28 14:08,95140,2020-07-01,2021-06-30,株式会社エフオン
S100MHMY,2021-09-28,2021-09-28 15:01,62390,2020-07-01,2021-06-30,株式会社ナガオカ
S100MHTV,2021-09-28,2021-09-28 15:01,45750,2020-07-01,2021-06-30,株式会社キャンバス
S100MHL2,2021-09-28,2021-09-28 15:03,78090,2020-07-01,2021-06-30,株式会社壽屋
S100MH3Z,2021-09-28,2021-09-28 15:05,30280,2020-07-01,2021-06-30,株式会社アルペン
S100MHA4,2021-09-28,2021-09-28 15:06,77810,2020-07-01,2021-06-30,株式会社平山ホールディングス
S100MI48,2021-09-28,2021-09-28 15:12,73200,2020-07-01,2021-06-30,日本リビング保証株式会社
S100MHSH,2021-09-28,2021-09-28 15:17,78260,2020-07-01,2021-06-30,株式会社フルヤ金属
S100MHJY,2021-09-28,2021-09-28 15:32,56980,2020-07-01,2021-06-30,株式会社エンビプロ・ホールディングス
S100MART,2021-09-28,2021-09-28 15:39,94390,2020-07-01,2021-06-30,株式会社エム・エイチ・グループ
S100MI4V,2021-09-28,2021-09-28 15:41,65420,2020-07-01,2021-06-30,株式会社ＦＣホールディングス
S100MGPA,2021-09-28,2021-09-28 15:51,94210,2020-07-01,2021-06-30,株式会社エヌジェイホールディングス
S100MI33,2021-09-28,2021-09-28 16:06,94170,2020-07-01,2021-06-30,株式会社スマートバリュー
S100MH53,2021-09-29,2021-09-29 09:02,68740,2020-07-01,2021-06-30,協立電機株式会社
S100MI7Y,2021-09-29,2021-09-29 09:03,69200,2020-07-01,2021-06-30,レーザーテック株式会社
S100MI43,2021-09-29,2021-09-29 09:03,43960,2020-07-01,2021-06-30,株式会社システムサポート
S100MHP3,2021-09-29,2021-09-29 09:11,90280,2020-07-01,2021-06-30,株式会社ゼロ
S100MHFG,2021-09-29,2021-09-29 09:17,23850,2020-07-01,2021-06-30,株式会社総医研ホールディングス
S100MI7W,2021-09-29,2021-09-29 09:19,52830,2020-07-01,2021-06-30,株式会社高見澤
S100MIBM,2021-09-29,2021-09-29 09:22,17640,2020-07-01,2021-06-30,工藤建設株式会社
S100MIC3,2021-09-29,2021-09-29 09:23,78030,2020-08-01,2021-06-30,株式会社ブシロード
S100MIBF,2021-09-29,2021-09-29 09:27,59870,2020-07-01,2021-06-30,株式会社オーネックス
S100MIC2,2021-09-29,2021-09-29 09:41,14140,2020-07-01,2021-06-30,ショーボンドホールディングス株式会社
S100MHLC,2021-09-29,2021-09-29 09:51,34260,2020-07-01,2021-06-30,アトムリビンテック株式会社
S100MI94,2021-09-29,2021-09-29 09:53,68880,2020-07-01,2021-06-30,アクモス株式会社
S100MICX,2021-09-29,2021-09-29 09:59,46570,2020-07-01,2021-06-30,株式会社環境管理センター
S100MH16,2021-09-29,2021-09-29 09:59,35380,2020-07-01,2021-06-30,株式会社ウイルプラスホールディングス
S100MGMQ,2021-09-29,2021-09-29 10:01,99660,2020-07-01,2021-06-30,藤久株式会社
S100MHVR,2021-09-29,2021-09-29 10:02,14310,2020-07-01,2021-06-30,株式会社Ｌｉｂ　Ｗｏｒｋ
S100MI55,2021-09-29,2021-09-29 10:25,63270,2020-07-01,2021-06-30,北川精機株式会社
S100MHLS,2021-09-29,2021-09-29 10:39,93610,2020-07-01,2021-06-30,伏木海陸運送株式会社
S100MH9Q,2021-09-29,2021-09-29 10:57,19990,2020-07-01,2021-06-30,サイタホールディングス株式会社
S100MI3E,2021-09-29,2021-09-29 11:05,22260,2020-07-01,2021-06-30,株式会社湖池屋
S100MGVY,2021-09-29,2021-09-29 11:14,13820,2020-07-01,2021-06-30,株式会社ホーブ
S100MGTA,2021-09-29,2021-09-29 11:16,48470,2020-07-01,2021-06-30,株式会社インテリジェント　ウェイブ
S100MIEI,2021-09-29,2021-09-29 11:36,63400,2020-07-01,2021-06-30,澁谷工業株式会社
S100MIEB,2021-09-29,2021-09-29 11:39,89280,2020-07-01,2021-06-30,穴吹興産株式会社
S100MIEX,2021-09-29,2021-09-29 11:41,21800,2020-07-01,2021-06-30,株式会社サニーサイドアップ
S100MHZ6,2021-09-29,2021-09-29 11:59,34390,2020-07-01,2021-06-30,株式会社三ツ知
S100MIEA,2021-09-29,2021-09-29 12:18,32860,2020-07-01,2021-06-30,トラストホールディングス株式会社
S100MIHB,2021-09-29,2021-09-29 12:39,76740,2020-07-01,2021-06-30,株式会社ＮＡＴＴＹ　ＳＷＡＮＫＹ
S100MI1M,2021-09-29,2021-09-29 13:05,36280,2020-07-01,2021-06-30,株式会社データホライゾン
S100MI7L,2021-09-29,2021-09-29 13:09,43350,2020-07-01,2021-06-30,株式会社アイ・ピー・エス
S100MIHH,2021-09-29,2021-09-29 13:17,31540,2020-07-01,2021-06-30,メディアスホールディングス株式会社
S100MIG0,2021-09-29,2021-09-29 13:22,36600,2020-07-01,2021-06-30,株式会社アイスタイル
S100MI8Q,2021-09-29,2021-09-29 14:02,60380,2020-07-01,2021-06-30,株式会社イード
S100MIFG,2021-09-29,2021-09-29 14:03,36250,2020-07-01,2021-06-30,テックファームホールディングス株式会社
S100MIIM,2021-09-29,2021-09-29 14:13,89120,2020-07-01,2021-06-30,株式会社エリアクエスト
S100MIID,2021-09-29,2021-09-29 14:25,60620,2020-07-01,2021-06-30,株式会社チャーム・ケア・コーポレーション
S100MI6R,2021-09-29,2021-09-29 14:25,27620,2020-07-01,2021-06-30,株式会社　三光マーケティングフーズ
S100MHE4,2021-09-29,2021-09-29 14:28,49760,2020-07-01,2021-06-30,東洋ドライルーブ株式会社
S100MI9H,2021-09-29,2021-09-29 14:59,34570,2020-07-01,2021-06-30,株式会社ハウスドゥ
S100MI8W,2021-09-29,2021-09-29 15:00,50740,2020-07-01,2021-06-30,テスホールディングス株式会社
S100MIGF,2021-09-29,2021-09-29 15:00,43850,2020-07-01,2021-06-30,株式会社メルカリ
S100MI56,2021-09-29,2021-09-29 15:00,44780,2020-07-01,2021-06-30,フリー株式会社
S100MI3G,2021-09-29,2021-09-29 15:00,73710,2020-07-01,2021-06-30,全研本社株式会社
S100MI4T,2021-09-29,2021-09-29 15:00,40540,2020-07-01,2021-06-30,日本情報クリエイト株式会社
S100MICD,2021-09-29,2021-09-29 15:01,38560,2020-07-01,2021-06-30,Ａｂａｌａｎｃｅ株式会社
S100MIC4,2021-09-29,2021-09-29 15:01,21540,2020-07-01,2021-06-30,株式会社夢真ビーネックスグループ
S100MI7C,2021-09-29,2021-09-29 15:05,36550,2020-07-01,2021-06-30,株式会社ブレインパッド
S100MILA,2021-09-29,2021-09-29 15:12,65970,2020-07-01,2021-06-30,ＨＰＣシステムズ株式会社
S100MIK5,2021-09-29,2021-09-29 15:14,62270,2020-07-01,2021-06-30,ＡＩメカテック株式会社
S100MILJ,2021-09-29,2021-09-29 15:18,94500,2020-07-01,2021-06-30,株式会社ファイバーゲート
S100MICV,2021-09-29,2021-09-29 15:22,56900,2020-07-01,2021-06-30,リバーホールディングス株式会社
S100MIM6,2021-09-29,2021-09-29 15:25,32710,2020-07-01,2021-06-30,株式会社　ＴＨＥグローバル社
S100MIBH,2021-09-29,2021-09-29 15:30,43260,2020-07-01,2021-06-30,株式会社インテージホールディングス
S100MIFN,2021-09-29,2021-09-29 15:40,61950,2020-07-01,2021-06-30,株式会社ホープ
S100MIKO,2021-09-29,2021-09-29 15:41,28200,2020-07-01,2021-06-30,株式会社やまみ
S100MILL,2021-09-29,2021-09-29 15:41,21720,2020-07-01,2021-06-30,株式会社インサイト
S100MIMR,2021-09-29,2021-09-29 15:42,39160,2020-07-01,2021-06-30,デジタル・インフォメーション・テクノロジー株式会社
S100MIDS,2021-09-29,2021-09-29 15:51,75320,2020-07-01,2021-06-30,株式会社パン・パシフィック・インターナショナルホールディングス
S100MIMZ,2021-09-29,2021-09-29 16:00,60280,2020-07-01,2021-06-30,テクノプロ・ホールディングス株式会社
S100MI5C,2021-09-29,2021-09-29 16:02,36750,2021-01-01,2021-06-30,株式会社クロス・マーケティンググループ
S100MI77,2021-09-29,2021-09-29 16:06,36320,2020-07-01,2021-06-30,グリー株式会社
S100MI9D,2021-09-29,2021-09-29 16:08,30820,2020-07-01,2021-06-30,株式会社きちりホールディングス
S100MHFX,2021-09-29,2021-09-29 16:11,19540,2020-07-01,2021-06-30,日本工営株式会社
S100MI7U,2021-09-29,2021-09-29 16:14,31350,2020-07-01,2021-06-30,株式会社マーケットエンタープライズ
S100MHRU,2021-09-29,2021-09-29 16:30,44950,2020-07-01,2021-06-30,株式会社アイキューブドシステムズ
S100MIHV,2021-09-29,2021-09-29 16:44,77070,2020-07-01,2021-06-30,プレシジョン・システム・サイエンス株式会社
S100MIIC,2021-09-29,2021-09-29 16:46,60360,2020-07-01,2021-06-30,ＫｅｅＰｅｒ技研株式会社
S100MIOS,2021-09-29,2021-09-29 17:00,31400,2020-07-01,2021-06-30,株式会社イデアインターナショナル
S100MINL,2021-09-29,2021-09-29 17:00,67280,2020-07-01,2021-06-30,株式会社　アルバック
S100MI75,2021-09-30,2021-09-30 09:02,75000,2020-07-01,2021-06-30,西川計測株式会社
S100MIQN,2021-09-30,2021-09-30 09:15,77470,2020-07-01,2021-06-30,朝日インテック株式会社
S100MIMP,2021-09-30,2021-09-30 09:38,76360,2020-07-01,2021-06-30,株式会社ハンズマン
S100MISG,2021-09-30,2021-09-30 10:15,40680,2020-07-01,2021-06-30,ベイシス株式会社
S100MHTP,2021-09-30,2021-09-30 11:32,39860,2020-07-01,2021-06-30,株式会社ビーブレイクシステムズ
S100MIUT,2021-09-30,2021-09-30 11:34,34690,2020-07-01,2021-06-30,株式会社デュアルタップ
S100MIVJ,2021-09-30,2021-09-30 12:20,34460,2020-07-01,2021-06-30,株式会社ジェイテックコーポレーション
S100MIVZ,2021-09-30,2021-09-30 13:15,49300,2020-07-01,2021-06-30,株式会社グラフィコ
S100MHRI,2021-09-30,2021-09-30 13:38,76990,2020-04-01,2021-03-31,オムニ・プラス・システム・リミテッド
S100MIPZ,2021-09-30,2021-09-30 13:40,35970,2020-07-01,2021-06-30,株式会社自重堂
S100MHSR,2021-09-30,2021-09-30 13:57,38080,2020-07-01,2021-06-30,株式会社オウケイウェイヴ
S100MIIQ,2021-09-30,2021-09-30 14:00,33260,2020-07-01,2021-06-30,株式会社ランシステム
S100MIY1,2021-09-30,2021-09-30 14:35,36390,2020-07-01,2021-06-30,株式会社ボルテージ
S100MIIN,2021-09-30,2021-09-30 14:41,40180,2020-07-01,2021-06-30,株式会社Ｇｅｏｌｏｃａｔｉｏｎ　Ｔｅｃｈｎｏｌｏｇｙ
S100MHPY,2021-09-30,2021-09-30 15:00,30410,2020-07-01,2021-06-30,株式会社ビューティ花壇
S100MIK9,2021-09-30,2021-09-30 15:00,33000,2020-07-01,2021-06-30,株式会社ＡＭＢＩＴＩＯＮ
S100MHP1,2021-09-30,2021-09-30 15:00,39600,2020-07-01,2021-06-30,株式会社バリューデザイン
S100MIY7,2021-09-30,2021-09-30 15:00,40520,2020-07-01,2021-06-30,フィーチャ株式会社
S100MIYR,2021-09-30,2021-09-30 15:03,40730,2020-07-01,2021-06-30,株式会社ジィ・シィ企画
S100MIXD,2021-09-30,2021-09-30 15:10,39780,2020-07-01,2021-06-30,株式会社マクロミル
S100MIZJ,2021-09-30,2021-09-30 15:22,92730,2020-07-01,2021-06-30,コーア商事ホールディングス株式会社
S100MJ08,2021-09-30,2021-09-30 15:39,73250,2020-07-01,2021-06-30,株式会社アイリックコーポレーション
S100MINW,2021-09-30,2021-09-30 16:00,60310,2020-07-01,2021-06-30,サイジニア株式会社
S100MJ1E,2021-09-30,2021-09-30 16:00,73690,2020-07-01,2021-06-30,株式会社メイホーホールディングス
S100MK2A,2021-10-06,2021-10-06 15:00,62050,2020-04-01,2021-03-31,ＯＫＫ株式会社
S100MLTC,2021-10-14,2021-10-14 13:24,46990,2020-07-21,2021-07-20,ウチダエスコ株式会社
S100MM3Q,2021-10-18,2021-10-18 14:03,80570,2020-07-21,2021-07-20,株式会社内田洋行
S100MMP3,2021-10-20,2021-10-20 16:21,29290,2020-08-01,2021-07-31,株式会社ファーマフーズ
S100MMYW,2021-10-21,2021-10-21 16:15,34210,2020-08-01,2021-07-31,株式会社稲葉製作所
S100MN4V,2021-10-22,2021-10-22 14:39,63870,2020-08-01,2021-07-31,サムコ　株式会社
S100MNBZ,2021-10-22,2021-10-22 15:00,43840,2020-08-01,2021-07-31,ラクスル株式会社
S100MNE8,2021-10-22,2021-10-22 16:46,60370,2020-08-01,2021-07-31,株式会社ファーストロジック
S100MLZ5,2021-10-25,2021-10-25 09:04,62670,2020-08-01,2021-07-31,ゼネラルパッカー株式会社
S100MMXZ,2021-10-25,2021-10-25 11:37,48240,2020-08-01,2021-07-31,株式会社メディアシーク
S100MNIW,2021-10-25,2021-10-25 14:53,92420,2020-08-01,2021-07-31,メディア総研株式会社
S100MN8C,2021-10-25,2021-10-25 15:03,65350,2020-08-01,2021-07-31,株式会社アイモバイル
S100MLKF,2021-10-26,2021-10-26 11:08,18440,2020-08-01,2021-07-31,株式会社大盛工業
S100MN8N,2021-10-26,2021-10-26 13:35,23910,2020-08-01,2021-07-31,株式会社プラネット
S100MNFM,2021-10-26,2021-10-26 14:22,31720,2020-08-01,2021-07-31,ティーライフ株式会社
S100MN3S,2021-10-26,2021-10-26 14:46,71260,2020-08-01,2021-07-31,タンゴヤ株式会社
S100MNPN,2021-10-26,2021-10-26 15:44,78500,2020-08-01,2021-07-31,総合商研株式会社
S100MM3H,2021-10-26,2021-10-26 16:03,35390,2020-08-01,2021-07-31,株式会社ＪＭホールディングス
S100MNJF,2021-10-26,2021-10-26 17:00,70970,2020-08-01,2021-07-31,株式会社さくらさくプラス
S100MNRH,2021-10-26,2021-10-26 17:00,73790,2020-08-01,2021-07-31,株式会社サーキュレーション
S100MNY5,2021-10-27,2021-10-27 11:52,92620,2020-08-01,2021-07-31,株式会社シルバーライフ
S100MNHQ,2021-10-27,2021-10-27 13:00,31930,2020-08-01,2021-07-31,株式会社鳥貴族ホールディングス
S100MI2F,2021-10-27,2021-10-27 13:01,65770,2020-08-01,2021-07-31,株式会社ベストワンドットコム
S100MM3H,2021-10-27,2021-10-26 16:03,35390,2020-08-01,2021-07-31,株式会社ＪＭホールディングス
S100MNW3,2021-10-27,2021-10-27 15:00,41940,2020-08-01,2021-07-31,ビジョナル株式会社
S100MNUQ,2021-10-27,2021-10-27 15:02,40140,2020-08-01,2021-07-31,株式会社カラダノート
S100MO13,2021-10-27,2021-10-27 15:15,44460,2020-08-01,2021-07-31,株式会社Ｌｉｎｋ－Ｕ
S100MNLM,2021-10-28,2021-10-28 10:18,60910,2020-08-01,2021-07-31,株式会社ウエスコホールディングス
S100MO41,2021-10-28,2021-10-28 10:38,45990,2020-08-01,2021-07-31,株式会社ステムリム
S100MO6X,2021-10-28,2021-10-28 10:58,34410,2020-08-01,2021-07-31,株式会社山王
S100MNZL,2021-10-28,2021-10-28 11:06,34580,2020-08-01,2021-07-31,株式会社シーアールイー
S100MO2R,2021-10-28,2021-10-28 13:02,60400,2020-08-01,2021-07-31,日本スキー場開発株式会社
S100MO3Y,2021-10-28,2021-10-28 14:04,29780,2020-08-01,2021-07-31,株式会社ツクルバ
S100MNRI,2021-10-28,2021-10-28 15:00,36620,2020-08-01,2021-07-31,株式会社エイチーム
S100MOA7,2021-10-28,2021-10-28 15:00,76920,2020-08-01,2021-07-31,株式会社アースインフィニティ
S100MNOK,2021-10-28,2021-10-28 15:00,76820,2020-08-01,2021-07-31,株式会社浜木綿
S100MOAO,2021-10-28,2021-10-28 15:10,39300,2020-08-01,2021-07-31,株式会社はてな
S100MO9D,2021-10-28,2021-10-28 15:18,34180,2020-08-01,2021-07-31,株式会社バルニバービ
S100MOAZ,2021-10-28,2021-10-28 15:21,38540,2020-08-01,2021-07-31,株式会社アイル
S100MMZY,2021-10-28,2021-10-28 15:33,24240,2020-08-01,2021-07-31,株式会社ブラス
S100MOBO,2021-10-28,2021-10-28 15:49,92400,2020-08-01,2021-07-31,株式会社デリバリーコンサルティング
S100MO78,2021-10-28,2021-10-28 15:49,49360,2020-08-01,2021-07-31,株式会社アクシージア
S100MOBG,2021-10-28,2021-10-28 16:00,44220,2020-08-01,2021-07-31,ＶＡＬＵＥＮＥＸ株式会社
S100MO8P,2021-10-28,2021-10-28 16:17,67780,2020-08-01,2021-07-31,株式会社アルチザネットワークス
S100MODX,2021-10-29,2021-10-29 10:34,89270,2020-08-01,2021-07-31,株式会社明豊エンタープライズ
S100MOE5,2021-10-29,2021-10-29 11:23,38160,2020-08-01,2021-07-31,株式会社大和コンピューター
S100MMXV,2021-10-29,2021-10-29 12:37,34970,2020-08-01,2021-07-31,株式会社ＬｅＴｅｃｈ
S100MOEB,2021-10-29,2021-10-29 13:08,78100,2020-08-01,2021-07-31,株式会社クロスフォー
S100MOIQ,2021-10-29,2021-10-29 13:14,40750,2020-08-01,2021-07-31,ブレインズテクノロジー株式会社
S100MN98,2021-10-29,2021-10-29 13:16,89250,2020-08-01,2021-07-31,株式会社アルデプロ
S100MOK9,2021-10-29,2021-10-29 14:38,49340,2020-08-01,2021-07-31,プレミアアンチエイジング株式会社
S100MOKI,2021-10-29,2021-10-29 15:02,39880,2020-08-01,2021-07-31,株式会社ＳＹＳホールディングス
S100MO5Z,2021-10-29,2021-10-29 15:12,17160,2020-07-01,2021-06-30,第一カッター興業株式会社
S100MO54,2021-10-29,2021-10-29 15:20,23530,2020-08-01,2021-07-31,日本駐車場開発株式会社
S100MOAA,2021-10-29,2021-10-29 15:30,14440,2020-08-01,2021-07-31,株式会社ニッソウ
S100MOET,2021-10-29,2021-10-29 16:00,29910,2020-08-01,2021-07-31,株式会社ランドネット
S100MOIM,2021-11-12,2021-11-12 13:58,30350,2020-08-21,2021-08-20,ケイティケイ株式会社
S100MWIQ,2021-11-18,2021-11-18 12:02,94140,2020-09-01,2021-08-31,日本ＢＳ放送株式会社
S100MWGX,2021-11-19,2021-11-19 09:02,78700,2020-08-21,2021-08-20,福島印刷株式会社
S100MWWV,2021-11-19,2021-11-19 11:11,76070,2020-09-01,2021-08-31,株式会社進和
S100MWNT,2021-11-19,2021-11-19 13:28,19970,2020-09-01,2021-08-31,暁飯島工業株式会社
S100MWJU,2021-11-19,2021-11-19 15:22,61590,2020-09-01,2021-08-31,ミクロン精密株式会社
S100MVMK,2021-11-22,2021-11-22 10:01,81270,2020-09-01,2021-08-31,ヤマトインターナショナル株式会社
S100MX66,2021-11-22,2021-11-22 10:05,75130,2020-09-01,2021-08-31,株式会社コジマ
S100MX71,2021-11-22,2021-11-22 11:10,30480,2020-09-01,2021-08-31,株式会社ビックカメラ
S100MWSQ,2021-11-22,2021-11-22 15:32,35600,2020-09-01,2021-08-31,株式会社ほぼ日
S100MXCF,2021-11-22,2021-11-22 16:23,38150,2020-09-01,2021-08-31,株式会社メディア工房
S100MXEX,2021-11-24,2021-11-24 09:31,46680,2020-09-01,2021-08-31,株式会社明光ネットワークジャパン
S100MXMQ,2021-11-24,2021-11-24 15:40,24490,2020-09-01,2021-08-31,株式会社プラップジャパン
S100MXQ1,2021-11-25,2021-11-25 10:00,62890,2020-09-01,2021-08-31,株式会社技研製作所
S100MXJV,2021-11-25,2021-11-25 10:03,77300,2020-09-01,2021-08-31,マニー株式会社
S100MXLW,2021-11-25,2021-11-25 11:29,74470,2020-09-01,2021-08-31,ナガイレーベン株式会社
S100MXRC,2021-11-25,2021-11-25 11:59,34400,2020-09-01,2021-08-31,日創プロニティ株式会社
S100MX84,2021-11-25,2021-11-25 14:11,31680,2020-09-01,2021-08-31,黒谷株式会社
S100MXPX,2021-11-25,2021-11-25 14:44,75810,2020-09-01,2021-08-31,株式会社サイゼリヤ
S100MXLE,2021-11-25,2021-11-25 15:00,27350,2020-09-01,2021-08-31,株式会社ワッツ
S100MXXD,2021-11-25,2021-11-25 15:15,39910,2020-09-01,2021-08-31,ウォンテッドリー株式会社
S100MXHE,2021-11-25,2021-11-25 15:40,92700,2020-09-01,2021-08-31,バリュエンスホールディングス株式会社
S100MXC3,2021-11-25,2021-11-25 15:52,29270,2020-09-01,2021-08-31,株式会社ＡＦＣ－ＨＤアムスライフサイエンス
S100MXYZ,2021-11-25,2021-11-25 16:23,30460,2020-09-01,2021-08-31,株式会社ジンズホールディングス
S100MXVN,2021-11-25,2021-11-25 16:24,89040,2020-09-01,2021-08-31,株式会社ＡＶＡＮＴＩＡ
S100MXVG,2021-11-25,2021-11-25 16:43,30450,2020-09-01,2021-08-31,株式会社カワサキ
S100MXXW,2021-11-26,2021-11-26 09:00,99830,2020-09-01,2021-08-31,株式会社ファーストリテイリング
S100MWG3,2021-11-26,2021-11-26 09:00,35360,2020-09-01,2021-08-31,アクサスホールディングス株式会社
S100MX7Z,2021-11-26,2021-11-26 09:22,47600,2020-09-01,2021-08-31,株式会社アルファ
S100MXWQ,2021-11-26,2021-11-26 09:26,47280,2020-09-01,2021-08-31,株式会社トーセ
S100MXYN,2021-11-26,2021-11-26 09:27,62550,2020-09-01,2021-08-31,株式会社エヌ・ピー・シー
S100MXW3,2021-11-26,2021-11-26 09:35,92410,2020-09-01,2021-08-31,株式会社フューチャーリンクネットワーク
S100MXXO,2021-11-26,2021-11-26 09:50,99780,2020-09-01,2021-08-31,株式会社文教堂グループホールディングス
S100MY2X,2021-11-26,2021-11-26 10:29,79280,2020-09-01,2021-08-31,旭化学工業株式会社
S100MY3S,2021-11-26,2021-11-26 10:49,21640,2020-09-01,2021-08-31,株式会社地域新聞社
S100MY55,2021-11-26,2021-11-26 12:19,27360,2020-09-01,2021-08-31,フェスタリアホールディングス株式会社
S100MXY8,2021-11-26,2021-11-26 13:00,70850,2020-09-01,2021-08-31,株式会社カーブスホールディングス
S100MXT2,2021-11-26,2021-11-26 13:52,72190,2020-09-01,2021-08-31,株式会社エッチ・ケー・エス
S100MY7C,2021-11-26,2021-11-26 13:55,60480,2020-09-01,2021-08-31,株式会社デザインワン・ジャパン
S100MXZF,2021-11-26,2021-11-26 13:57,75140,2020-09-01,2021-08-31,株式会社　ヒマラヤ
S100MY85,2021-11-26,2021-11-26 14:14,44390,2020-09-01,2021-08-31,株式会社東名
S100MY7V,2021-11-26,2021-11-26 14:16,78050,2020-11-01,2021-08-31,プリントネット株式会社
S100MY8W,2021-11-26,2021-11-26 15:00,70650,2020-09-01,2021-08-31,ユーピーアール株式会社
S100MXKS,2021-11-26,2021-11-26 15:00,14070,2020-09-01,2021-08-31,株式会社ウエストホールディングス
S100MXZV,2021-11-26,2021-11-26 15:01,36070,2020-09-01,2021-08-31,株式会社クラウディアホールディングス
S100MXV2,2021-11-26,2021-11-26 15:03,78180,2020-09-01,2021-08-31,株式会社トランザクション
S100MY4L,2021-11-26,2021-11-26 15:07,31740,2020-09-01,2021-08-31,株式会社ハピネス・アンド・ディ
S100MY9X,2021-11-26,2021-11-26 15:07,41760,2020-09-01,2021-08-31,株式会社ココナラ
S100MY0L,2021-11-26,2021-11-26 15:09,24040,2020-09-01,2021-08-31,株式会社鉄人化計画
S100MY93,2021-11-26,2021-11-26 15:15,74450,2020-09-01,2021-08-31,株式会社ライトオン
S100MXKN,2021-11-26,2021-11-26 15:29,14340,2020-09-01,2021-08-31,ＪＥＳＣＯホールディングス株式会社
S100MYAI,2021-11-26,2021-11-26 15:35,39870,2020-09-01,2021-08-31,エコモット株式会社
S100MYB6,2021-11-26,2021-11-26 15:48,60250,2020-09-01,2021-08-31,日本ＰＣサービス株式会社
S100MYCS,2021-11-26,2021-11-26 17:05,41990,2020-09-01,2021-08-31,ワンダープラネット株式会社
S100MY7A,2021-11-26,2021-11-26 17:08,44400,2020-09-01,2021-08-31,株式会社ヴィッツ
S100MYG9,2021-11-29,2021-11-29 09:46,62640,2020-09-01,2021-08-31,株式会社マルマエ
S100MYFI,2021-11-29,2021-11-29 10:04,74530,2020-09-01,2021-08-31,株式会社　良品計画
S100MYJ5,2021-11-29,2021-11-29 11:03,33760,2020-09-01,2021-08-31,株式会社オンリー
S100MYLK,2021-11-29,2021-11-29 12:40,21570,2020-09-01,2021-08-31,株式会社コシダカホールディングス
S100MYCE,2021-11-29,2021-11-29 12:54,61990,2020-09-01,2021-08-31,株式会社セラク
S100MXDV,2021-11-29,2021-11-29 13:01,34980,2020-09-01,2021-08-31,霞ヶ関キャピタル株式会社
S100MYNF,2021-11-29,2021-11-29 14:50,66680,2020-09-01,2021-08-31,株式会社アドテックプラズマテクノロジー
S100MY4V,2021-11-29,2021-11-29 15:00,92640,2020-09-01,2021-08-31,ポエック株式会社
S100MYGV,2021-11-29,2021-11-29 15:01,44330,2020-09-01,2021-08-31,株式会社ヒト・コミュニケーションズ・ホールディングス
S100MYMI,2021-11-29,2021-11-29 15:01,73730,2020-09-01,2021-08-31,株式会社アイドマ・ホールディングス
S100MYHQ,2021-11-29,2021-11-29 15:30,65220,2020-09-01,2021-08-31,株式会社アスタリスク
S100MYOP,2021-11-29,2021-11-29 15:31,38230,2020-09-01,2021-08-31,株式会社アクロディア
S100MYQA,2021-11-29,2021-11-29 16:09,43700,2020-09-01,2021-08-31,モビルス株式会社
S100MYQQ,2021-11-29,2021-11-29 16:15,40150,2020-09-01,2021-08-31,アララ株式会社
S100MYNI,2021-11-29,2021-11-29 16:44,36970,2020-09-01,2021-08-31,株式会社ＳＨＩＦＴ
S100MYLT,2021-11-29,2021-11-29 16:57,73520,2020-09-01,2021-08-31,株式会社Ｂｒａｎｄｉｎｇ　Ｅｎｇｉｎｅｅｒ
S100MXNR,2021-11-30,2021-11-30 09:00,31890,2020-09-01,2021-08-31,株式会社ＡＮＡＰ
S100MYWF,2021-11-30,2021-11-30 12:33,43970,2020-09-01,2021-08-31,株式会社チームスピリット
S100MYO7,2021-11-30,2021-11-30 13:27,94180,2020-09-01,2021-08-31,株式会社ＵＳＥＮ－ＮＥＸＴ　ＨＯＬＤＩＮＧＳ
S100MYNP,2021-11-30,2021-11-30 15:01,73510,2020-09-01,2021-08-31,株式会社グッドパッチ
S100MYHF,2021-11-30,2021-11-30 15:24,32280,2020-09-01,2021-08-31,株式会社三栄建築設計
S100MYZX,2021-11-30,2021-11-30 15:58,35410,2020-09-01,2021-08-31,株式会社農業総合研究所
S100MYTK,2021-11-30,2021-11-30 16:00,70350,2020-09-01,2021-08-31,ａｎｄ　ｆａｃｔｏｒｙ株式会社
S100MYUE,2021-11-30,2021-11-30 16:02,99790,2020-09-01,2021-08-31,株式会社大庄
S100MYPB,2021-12-06,2021-12-06 17:00,49280,2020-10-01,2021-09-30,株式会社ノエビアホールディングス
S100N1HA,2021-12-10,2021-12-10 15:03,44790,2020-10-01,2021-09-30,株式会社マクアケ
S100N0OD,2021-12-10,2021-12-10 15:13,47510,2020-10-01,2021-09-30,株式会社サイバーエージェント
S100N20J,2021-12-14,2021-12-14 11:51,61760,2020-10-01,2021-09-30,株式会社ブランジスタ
S100N25A,2021-12-15,2021-12-15 13:21,23090,2020-10-01,2021-09-30,シミックホールディングス株式会社
S100N2F3,2021-12-15,2021-12-15 16:07,43460,2020-10-01,2021-09-30,株式会社ネクシィーズグループ
S100N2I6,2021-12-16,2021-12-16 10:05,70690,2020-10-01,2021-09-30,株式会社サイバー・バズ
S100N2K9,2021-12-16,2021-12-16 10:22,61940,2020-10-01,2021-09-30,株式会社アトラエ
S100N2ET,2021-12-16,2021-12-16 11:51,92330,2020-10-01,2021-09-30,アジア航測株式会社
S100N2IM,2021-12-16,2021-12-16 11:53,94760,2020-10-01,2021-09-30,株式会社中央経済社ホールディングス
S100N1YB,2021-12-16,2021-12-16 13:19,25510,2020-09-21,2021-09-20,マルサンアイ株式会社
S100N2MB,2021-12-16,2021-12-16 15:00,73610,2020-10-01,2021-09-30,株式会社ヒューマンクリエイションホールディングス
S100N29M,2021-12-16,2021-12-16 15:01,39200,2020-10-01,2021-09-30,アイビーシー株式会社
S100N2FD,2021-12-16,2021-12-16 15:03,60950,2020-10-01,2021-09-30,メドピア株式会社
S100N2N2,2021-12-16,2021-12-16 15:05,23700,2020-10-01,2021-09-30,株式会社メディネット
S100N29A,2021-12-16,2021-12-16 15:07,78210,2020-09-21,2021-09-20,前田工繊株式会社
S100N2QK,2021-12-17,2021-12-17 09:27,48090,2020-10-01,2021-09-30,パラカ株式会社
S100N225,2021-12-17,2021-12-17 09:31,75390,2020-10-01,2021-09-30,株式会社アイナボホールディングス
S100N2B5,2021-12-17,2021-12-17 09:33,62770,2020-10-01,2021-09-30,ホソカワミクロン株式会社
S100N2TA,2021-12-17,2021-12-17 10:29,77110,2020-10-01,2021-09-30,助川電気工業株式会社
S100N2VD,2021-12-17,2021-12-17 10:38,37230,2020-10-01,2021-09-30,日本ファルコム株式会社
S100N2Q0,2021-12-17,2021-12-17 11:07,36900,2020-10-01,2021-09-30,株式会社イルグルム
S100N2UA,2021-12-17,2021-12-17 11:09,98230,2020-10-01,2021-09-30,株式会社マミーマート
S100N2FU,2021-12-17,2021-12-17 12:07,75050,2020-10-01,2021-09-30,扶桑電通株式会社
S100N2TF,2021-12-17,2021-12-17 13:03,36980,2020-10-01,2021-09-30,株式会社ＣＲＩ・ミドルウェア
S100N2CM,2021-12-17,2021-12-17 13:06,76460,2020-09-21,2021-09-20,株式会社ＰＬＡＮＴ
S100N2I8,2021-12-17,2021-12-17 13:12,69650,2020-10-01,2021-09-30,浜松ホトニクス株式会社
S100N2TC,2021-12-17,2021-12-17 13:37,37120,2020-10-01,2021-09-30,株式会社　情報企画
S100N2TT,2021-12-17,2021-12-17 13:56,62840,2020-10-01,2021-09-30,日精エー・エス・ビー機械株式会社
S100N2RP,2021-12-17,2021-12-17 14:09,36360,2020-10-01,2021-09-30,株式会社三菱総合研究所
S100N2T2,2021-12-17,2021-12-17 15:00,60870,2020-10-01,2021-09-30,株式会社アビスト
S100N2RN,2021-12-17,2021-12-17 15:00,40710,2020-10-01,2021-09-30,株式会社プラスアルファ・コンサルティング
S100N2KD,2021-12-17,2021-12-17 15:09,66770,2020-10-01,2021-09-30,株式会社エスケーエレクトロニクス
S100N2IG,2021-12-17,2021-12-17 15:21,92440,2020-10-01,2021-09-30,株式会社デジタリフト
S100N2XS,2021-12-17,2021-12-17 16:02,96790,2020-10-01,2021-09-30,ホウライ株式会社
S100N334,2021-12-17,2021-12-17 16:24,41240,2020-10-01,2021-09-30,大阪油化工業株式会社
S100N33T,2021-12-17,2021-12-17 16:40,60460,2020-10-01,2021-09-30,株式会社リンクバル
S100N32A,2021-12-17,2021-12-17 16:42,33280,2020-10-01,2021-09-30,ＢＥＥＮＯＳ株式会社
S100N30W,2021-12-20,2021-12-20 09:04,47690,2020-10-01,2021-09-30,株式会社インフォメーションクリエーティブ
S100N2LZ,2021-12-20,2021-12-20 09:25,45540,2020-10-01,2021-09-30,富士製薬工業株式会社
S100N37U,2021-12-20,2021-12-20 09:47,97950,2020-10-01,2021-09-30,株式会社ステップ
S100N391,2021-12-20,2021-12-20 10:12,42430,2020-10-01,2021-09-30,株式会社ニックス
S100N31B,2021-12-20,2021-12-20 10:28,78000,2020-10-01,2021-09-30,株式会社アミファ
S100N1H7,2021-12-20,2021-12-20 10:52,98690,2020-10-01,2021-09-30,加藤産業株式会社
S100N38O,2021-12-20,2021-12-20 11:30,62000,2020-10-01,2021-09-30,株式会社インソース
S100N3C0,2021-12-20,2021-12-20 14:34,36680,2020-10-01,2021-09-30,株式会社コロプラ
S100N33H,2021-12-20,2021-12-20 14:36,43930,2020-10-01,2021-09-30,株式会社バンク・オブ・イノベーション
S100N39C,2021-12-20,2021-12-20 15:00,94380,2020-10-01,2021-09-30,株式会社エムティーアイ
S100N2VN,2021-12-20,2021-12-20 15:01,24100,2020-10-01,2021-09-30,株式会社キャリアデザインセンター
S100N31W,2021-12-20,2021-12-20 15:34,97460,2020-10-01,2021-09-30,株式会社　ＴＫＣ
S100N3FE,2021-12-20,2021-12-20 15:41,32540,2021-04-01,2021-09-30,株式会社プレサンスコーポレーション
S100N34M,2021-12-20,2021-12-20 16:20,37690,2020-10-01,2021-09-30,ＧＭＯペイメントゲートウェイ株式会社
S100N3GR,2021-12-20,2021-12-20 17:06,40510,2020-10-01,2021-09-30,ＧＭＯフィナンシャルゲート株式会社
S100N2XQ,2021-12-21,2021-12-21 09:40,96990,2020-10-01,2021-09-30,西尾レントオール株式会社
S100N3CZ,2021-12-21,2021-12-21 10:05,74460,2020-10-01,2021-09-30,東北化学薬品株式会社
S100N3NM,2021-12-21,2021-12-21 12:10,26670,2020-10-01,2021-09-30,株式会社イメージワン
S100N3GF,2021-12-21,2021-12-21 13:14,17710,2020-10-01,2021-09-30,日本乾溜工業株式会社
S100N3IV,2021-12-21,2021-12-21 14:05,17430,2020-10-01,2021-09-30,コーアツ工業株式会社
S100N2O2,2021-12-21,2021-12-21 14:37,78190,2020-10-01,2021-09-30,粧美堂株式会社
S100N33W,2021-12-21,2021-12-21 14:40,89440,2020-10-01,2021-09-30,株式会社ランドビジネス
S100N3QF,2021-12-21,2021-12-21 15:00,44990,2020-10-01,2021-09-30,株式会社Ｓｐｅｅｅ
S100N1Z2,2021-12-21,2021-12-21 15:01,34960,2020-10-01,2021-09-30,株式会社アズーム
S100N3A0,2021-12-21,2021-12-21 15:30,43200,2020-10-01,2021-09-30,株式会社ＣＥホールディングス
S100N3Q2,2021-12-21,2021-12-21 15:47,43270,2020-10-01,2021-09-30,日本エス・エイチ・エル株式会社
S100N3SY,2021-12-21,2021-12-21 16:36,63160,2020-10-01,2021-09-30,株式会社丸山製作所
S100N38C,2021-12-22,2021-12-22 09:00,68770,2020-10-01,2021-09-30,ＯＢＡＲＡ　ＧＲＯＵＰ株式会社
S100N3IB,2021-12-22,2021-12-22 10:11,29170,2020-10-01,2021-09-30,株式会社大森屋
S100N3P1,2021-12-22,2021-12-22 12:39,65630,2020-10-01,2021-09-30,株式会社みらいワークス
S100N3T8,2021-12-22,2021-12-22 13:54,59210,2020-10-01,2021-09-30,川岸工業株式会社
S100N3TH,2021-12-22,2021-12-22 14:08,75270,2020-10-01,2021-09-30,株式会社システムソフト
S100N42V,2021-12-22,2021-12-22 14:43,24850,2020-10-01,2021-09-30,株式会社ティア
S100N36C,2021-12-22,2021-12-22 14:57,31760,2020-10-01,2021-09-30,三洋貿易株式会社
S100N3Z9,2021-12-22,2021-12-22 15:00,36910,2020-10-01,2021-09-30,株式会社リアルワールド
S100N3RX,2021-12-22,2021-12-22 15:07,49370,2020-10-01,2021-09-30,株式会社Ｗａｑｏｏ
S100N3SJ,2021-12-22,2021-12-22 15:08,61890,2020-10-01,2021-09-30,株式会社グローバルキッズＣＯＭＰＡＮＹ
S100N3U9,2021-12-22,2021-12-22 15:14,42930,2020-10-01,2021-09-30,株式会社セプテーニ・ホールディングス
S100N43Q,2021-12-22,2021-12-22 15:27,39990,2020-10-01,2021-09-30,ナレッジスイート株式会社
S100N3ZB,2021-12-22,2021-12-22 15:30,44210,2020-10-01,2021-09-30,株式会社ディ・アイ・システム
S100N444,2021-12-22,2021-12-22 15:30,39920,2020-10-01,2021-09-30,株式会社ニーズウェル
S100N44P,2021-12-22,2021-12-22 15:44,37260,2020-10-01,2021-09-30,株式会社フォーシーズＨＤ
S100N3JF,2021-12-22,2021-12-22 16:00,36770,2020-10-01,2021-09-30,株式会社システム情報
S100N3OQ,2021-12-22,2021-12-22 16:42,34610,2020-10-01,2021-09-30,株式会社パルマ
S100N45V,2021-12-22,2021-12-22 16:50,57240,2020-10-01,2021-09-30,株式会社アサカ理研
S100N45M,2021-12-22,2021-12-22 16:56,87890,2020-10-01,2021-09-30,フィンテック　グローバル株式会社
S100N47A,2021-12-22,2021-12-22 17:12,23040,2020-10-01,2021-09-30,株式会社ＣＳＳホールディングス
S100N45K,2021-12-23,2021-12-23 09:26,29260,2020-10-01,2021-09-30,株式会社　篠崎屋
S100N4B4,2021-12-23,2021-12-23 09:52,49580,2020-10-01,2021-09-30,長谷川香料株式会社
S100N443,2021-12-23,2021-12-23 10:00,70720,2020-10-01,2021-09-30,株式会社インティメート・マージャー
S100N489,2021-12-23,2021-12-23 10:01,39390,2020-10-01,2021-09-30,株式会社カナミックネットワーク
S100N41U,2021-12-23,2021-12-23 11:01,96410,2020-10-01,2021-09-30,サコス株式会社
S100N4EI,2021-12-23,2021-12-23 12:03,70410,2020-10-01,2021-09-30,ＣＲＧホールディングス株式会社
S100N4FY,2021-12-23,2021-12-23 13:07,36870,2020-10-01,2021-09-30,株式会社フィックスターズ
S100N49U,2021-12-23,2021-12-23 13:18,61980,2020-10-01,2021-09-30,株式会社キャリア
S100N48A,2021-12-23,2021-12-23 13:29,61960,2020-09-01,2021-09-30,株式会社ストライク
S100N43K,2021-12-23,2021-12-23 13:40,39000,2020-10-01,2021-09-30,株式会社クラウドワークス
S100N3F7,2021-12-23,2021-12-23 13:52,76810,2020-10-01,2021-09-30,株式会社レオクラン
S100N4ET,2021-12-23,2021-12-23 14:35,29870,2020-10-01,2021-09-30,株式会社タスキ
S100N4IA,2021-12-23,2021-12-23 15:00,41650,2020-10-01,2021-09-30,株式会社プレイド
S100N4IB,2021-12-23,2021-12-23 15:00,37470,2020-10-01,2021-09-30,株式会社インタートレード
S100N3KD,2021-12-23,2021-12-23 15:00,60800,2020-10-01,2021-09-30,Ｍ＆Ａキャピタルパートナーズ株式会社
S100N4HF,2021-12-23,2021-12-23 15:00,40590,2020-10-01,2021-09-30,株式会社まぐまぐ
S100N34G,2021-12-23,2021-12-23 15:00,49310,2020-10-01,2021-09-30,新日本製薬株式会社
S100N3CE,2021-12-23,2021-12-23 15:10,24980,2020-10-01,2021-09-30,株式会社オリエンタルコンサルタンツホールディングス
S100N48S,2021-12-23,2021-12-23 15:15,36240,2020-10-01,2021-09-30,アクセルマーク株式会社
S100N4FX,2021-12-23,2021-12-23 15:16,44750,2020-10-01,2021-09-30,ＨＥＮＮＧＥ株式会社
S100N49E,2021-12-23,2021-12-23 15:28,28740,2020-10-01,2021-09-30,横浜冷凍株式会社
S100N395,2021-12-23,2021-12-23 15:30,32880,2020-10-01,2021-09-30,株式会社オープンハウス
S100N49B,2021-12-23,2021-12-23 15:42,26520,2020-10-01,2021-09-30,株式会社まんだらけ
S100N4FO,2021-12-23,2021-12-23 16:00,36740,2020-10-01,2021-09-30,株式会社オークファン
S100N4F0,2021-12-23,2021-12-23 16:00,39850,2020-10-01,2021-09-30,テモナ株式会社
S100N4KS,2021-12-23,2021-12-23 16:05,78060,2020-10-01,2021-09-30,株式会社ＭＴＧ
S100N3XC,2021-12-23,2021-12-23 16:10,71480,2020-10-01,2021-09-30,株式会社ＦＰＧ
S100N479,2021-12-23,2021-12-23 16:30,39180,2020-10-01,2021-09-30,ＰＣＩホールディングス株式会社
S100N4L8,2021-12-23,2021-12-23 16:57,92490,2020-10-01,2021-09-30,日本エコシステム株式会社
S100N3ZX,2021-12-24,2021-12-24 09:02,77920,2020-10-01,2021-09-30,株式会社コラントッテ
S100N3X2,2021-12-24,2021-12-24 09:31,76430,2020-10-01,2021-09-30,株式会社ダイイチ
S100N42X,2021-12-24,2021-12-24 10:01,62330,2020-10-01,2021-09-30,極東産機株式会社
S100N4O0,2021-12-24,2021-12-24 10:22,74940,2020-10-01,2021-09-30,株式会社コナカ
S100N4JZ,2021-12-24,2021-12-24 10:38,36720,2020-10-01,2021-09-30,株式会社オルトプラス
S100N1OR,2021-12-24,2021-12-24 11:08,17730,2020-07-01,2021-06-30,ワイ・ティー・エル・コーポレーション・バーハッド
S100N4OM,2021-12-24,2021-12-24 11:08,65540,2020-10-01,2021-09-30,株式会社エスユーエス
S100N44D,2021-12-24,2021-12-24 11:20,77600,2020-10-01,2021-09-30,ＩＭＶ株式会社
S100N4EV,2021-12-24,2021-12-24 11:28,94460,2020-10-01,2021-09-30,株式会社サカイホールディングス
S100N4SO,2021-12-24,2021-12-24 11:41,78390,2020-10-01,2021-09-30,株式会社ＳＨＯＥＩ
S100N4MM,2021-12-24,2021-12-24 11:53,34940,2020-10-01,2021-09-30,株式会社マリオン
S100N4RU,2021-12-24,2021-12-24 12:00,44450,2020-10-01,2021-09-30,リビン・テクノロジーズ株式会社
S100N4T3,2021-12-24,2021-12-24 12:17,47540,2020-10-01,2021-09-30,株式会社トスネット
S100N4E1,2021-12-24,2021-12-24 12:43,17950,2020-10-01,2021-09-30,株式会社マサル
S100N3BJ,2021-12-24,2021-12-24 13:48,60500,2020-10-01,2021-09-30,イー・ガーディアン株式会社
S100N4R0,2021-12-24,2021-12-24 14:09,94700,2020-10-01,2021-09-30,株式会社学研ホールディングス
S100N4EL,2021-12-24,2021-12-24 14:10,81510,2020-10-01,2021-09-30,株式会社東陽テクニカ
S100N4KJ,2021-12-24,2021-12-24 14:14,61920,2021-05-01,2021-09-30,ハイアス・アンド・カンパニー株式会社
S100N48F,2021-12-24,2021-12-24 14:31,17890,2020-10-01,2021-09-30,株式会社ＥＴＳホールディングス
S100N2ZE,2021-12-24,2021-12-24 15:00,21850,2020-10-01,2021-09-30,株式会社シイエム・シイ
S100N4TI,2021-12-24,2021-12-24 15:00,35630,2020-10-01,2021-09-30,株式会社ＦＯＯＤ　＆　ＬＩＦＥ　ＣＯＭＰＡＮＩＥＳ
S100N431,2021-12-24,2021-12-24 15:00,73760,2020-10-01,2021-09-30,ＢＣＣ株式会社
S100N4KM,2021-12-24,2021-12-24 15:01,44240,2020-10-01,2021-09-30,株式会社Ａｍａｚｉａ
S100N42Y,2021-12-24,2021-12-24 15:10,73560,2020-10-01,2021-09-30,Ｒｅｔｔｙ株式会社
S100N4VV,2021-12-24,2021-12-24 15:20,65510,2020-10-01,2021-09-30,株式会社ツナググループ・ホールディングス
S100N4P3,2021-12-24,2021-12-24 15:27,39650,2020-10-01,2021-09-30,株式会社キャピタル・アセット・プランニング
S100N4N1,2021-12-24,2021-12-24 15:28,14460,2020-10-01,2021-09-30,株式会社キャンディル
S100N4WC,2021-12-24,2021-12-24 15:38,29740,2020-10-01,2021-09-30,大英産業株式会社
S100N4X2,2021-12-24,2021-12-24 15:45,32450,2020-10-01,2021-09-30,株式会社ディア・ライフ
S100N474,2021-12-24,2021-12-24 15:47,64660,2020-10-01,2021-09-30,株式会社ＴＶＥ
S100N4IF,2021-12-24,2021-12-24 16:00,60940,2020-10-01,2021-09-30,株式会社フリークアウト・ホールディングス
S100N4US,2021-12-24,2021-12-24 16:00,70420,2020-10-01,2021-09-30,株式会社アクセスグループ・ホールディングス
S100N47D,2021-12-24,2021-12-24 16:00,73720,2020-10-01,2021-09-30,株式会社デコルテ・ホールディングス
S100N4XU,2021-12-24,2021-12-24 16:24,70300,2020-10-01,2021-09-30,株式会社スプリックス
S100N4MP,2021-12-24,2021-12-24 16:34,31870,2020-10-01,2021-09-30,株式会社サンワカンパニー
S100N4YF,2021-12-24,2021-12-24 16:34,73650,2020-10-01,2021-09-30,株式会社シック・ホールディングス
S100N4YS,2021-12-24,2021-12-24 16:53,35560,2020-10-01,2021-09-30,リネットジャパングループ株式会社
S100N4O3,2021-12-24,2021-12-24 17:00,39620,2020-10-01,2021-09-30,株式会社チェンジ
S100N4YX,2021-12-24,2021-12-24 17:05,21200,2020-10-01,2021-09-30,株式会社ＬＩＦＵＬＬ
S100N4VB,2021-12-27,2021-12-27 09:38,34950,2020-10-01,2021-09-30,香陵住販株式会社
S100N519,2021-12-27,2021-12-27 09:43,93760,2020-10-01,2021-09-30,株式会社ユーラシア旅行社
S100N4GN,2021-12-27,2021-12-27 09:46,70760,2020-10-01,2021-09-30,名南Ｍ＆Ａ株式会社
S100N4U9,2021-12-27,2021-12-27 10:05,24530,2020-10-01,2021-09-30,ジャパンベストレスキューシステム株式会社
S100N50Z,2021-12-27,2021-12-27 10:10,48840,2020-10-01,2021-09-30,クリングルファーマ株式会社
S100N51O,2021-12-27,2021-12-27 10:23,14380,2020-10-01,2021-09-30,株式会社岐阜造園
S100N537,2021-12-27,2021-12-27 11:29,70660,2020-10-01,2021-09-30,株式会社ピアズ
S100N4M2,2021-12-27,2021-12-27 11:45,29610,2020-10-01,2021-09-30,日本調理機株式会社
S100N4W4,2021-12-27,2021-12-27 11:56,33230,2020-10-01,2021-09-30,レカム株式会社
S100N53X,2021-12-27,2021-12-27 12:33,39930,2020-10-01,2021-09-30,株式会社ＰＫＳＨＡ　Ｔｅｃｈｎｏｌｏｇｙ
S100N4WN,2021-12-27,2021-12-27 13:03,41960,2020-10-01,2021-09-30,株式会社ネオマーケティング
S100N53R,2021-12-27,2021-12-27 13:59,21220,2020-10-01,2021-09-30,株式会社インタースペース
S100N4X0,2021-12-27,2021-12-27 14:39,32640,2020-10-01,2021-09-30,株式会社アスコット
S100N52A,2021-12-27,2021-12-27 14:45,33590,2020-10-01,2021-09-30,株式会社ｃｏｔｔａ
S100N4JX,2021-12-27,2021-12-27 15:00,41720,2020-10-01,2021-09-30,東和ハイシステム株式会社
S100N57B,2021-12-27,2021-12-27 15:00,76760,2020-10-01,2021-09-30,株式会社グッドスピード
S100N3OV,2021-12-27,2021-12-27 15:09,30670,2020-10-01,2021-09-30,株式会社東京一番フーズ
S100N557,2021-12-27,2021-12-27 15:34,44470,2020-10-01,2021-09-30,株式会社ピー・ビーシステムズ
S100N57Z,2021-12-27,2021-12-27 15:38,38140,2020-10-01,2021-09-30,株式会社アルファクス・フード・システム
S100N50H,2021-12-27,2021-12-27 15:39,63380,2020-10-01,2021-09-30,株式会社タカトリ
S100N4XM,2021-12-27,2021-12-27 16:34,92120,2020-10-01,2021-09-30,Ｇｒｅｅｎ　Ｅａｒｔｈ　Ｉｎｓｔｉｔｕｔｅ株式会社
S100N540,2021-12-27,2021-12-27 17:01,87980,2020-10-01,2021-09-30,株式会社アドバンスクリエイト
S100N50A,2021-12-28,2021-12-28 09:14,67310,2020-10-01,2021-09-30,株式会社ピクセラ
S100N5GD,2021-12-28,2021-12-28 13:14,92580,2020-10-01,2021-09-30,株式会社ＣＳ－Ｃ
S100N5G2,2021-12-28,2021-12-28 13:23,23880,2020-10-01,2021-09-30,株式会社ウェッジホールディングス
S100N5CH,2021-12-28,2021-12-28 15:00,39890,2020-10-01,2021-09-30,シェアリングテクノロジー株式会社
S100N5F8,2021-12-28,2021-12-28 15:00,17830,2020-10-01,2021-09-30,株式会社アジアゲートホールディングス
S100N5EF,2021-12-28,2021-12-28 15:16,24840,2020-09-01,2021-08-31,株式会社出前館
S100N5I0,2021-12-28,2021-12-28 15:40,88890,2020-10-01,2021-09-30,ＡＰＡＭＡＮ株式会社
S100N4Z6,2021-12-28,2021-12-28 15:55,70710,2020-10-01,2021-09-30,株式会社アンビスホールディングス
S100N522,2021-12-28,2021-12-28 16:01,61910,2020-10-01,2021-09-30,株式会社エアトリ
S100N5HC,2021-12-28,2021-12-28 16:54,92590,2020-10-01,2021-09-30,株式会社タカヨシ
S100N54C,2021-12-28,2021-12-28 16:55,37100,2020-10-01,2021-09-30,ジョルダン株式会社
