id,date,submit,sec,period_start,period_end,filer
S100XDNQ,2026-01-05,2026-01-05 16:00,95520,2024-10-01,2025-09-30,株式会社Ｍ＆Ａ総研ホールディングス
S100XFRF,2026-01-19,2026-01-19 09:38,47070,2024-10-21,2025-10-20,株式会社キタック
S100XGOW,2026-01-21,2026-01-21 13:13,96780,2024-11-01,2025-10-31,株式会社カナモト
S100XGG2,2026-01-22,2026-01-22 09:20,23010,2024-11-01,2025-10-31,株式会社学情
S100XH4J,2026-01-22,2026-01-22 17:12,89170,2024-11-01,2025-10-31,ファースト住建株式会社
S100XGCL,2026-01-23,2026-01-23 15:33,72790,2024-11-01,2025-10-31,株式会社ハイレックスコーポレーション
S100XH8O,2026-01-23,2026-01-23 16:21,32480,2024-11-01,2025-10-31,株式会社アールエイジ
S100XHCP,2026-01-26,2026-01-26 12:18,37330,2024-11-01,2025-10-31,株式会社ソフトウェア・サービス
S100XH0G,2026-01-26,2026-01-26 13:07,72650,2024-11-01,2025-10-31,エイケン工業株式会社
S100XHE7,2026-01-26,2026-01-26 14:00,71310,2024-11-01,2025-10-31,のむら産業株式会社
S100XH69,2026-01-26,2026-01-26 14:38,46270,2024-11-01,2025-10-31,ナトコ株式会社
S100XHBD,2026-01-26,2026-01-26 14:45,18400,2024-11-01,2025-10-31,株式会社土屋ホールディングス
S100XH65,2026-01-26,2026-01-26 15:00,21980,2024-11-01,2025-10-31,アイ・ケイ・ケイホールディングス株式会社
S100XH0H,2026-01-26,2026-01-26 15:02,39740,2024-11-01,2025-10-31,ＳＣＡＴ株式会社
S100XH5R,2026-01-26,2026-01-26 15:30,51340,2024-11-01,2025-10-31,株式会社ＰＯＰＥＲ
S100XHEY,2026-01-26,2026-01-26 15:30,51320,2024-11-01,2025-10-31,株式会社ｐｌｕｓｚｅｒｏ
S100XH92,2026-01-26,2026-01-26 15:39,51360,2024-11-01,2025-10-31,ｔｒｉｐｌａ株式会社
S100XHE2,2026-01-26,2026-01-26 15:55,34800,2024-11-01,2025-10-31,株式会社ジェイ・エス・ビー
S100XH6J,2026-01-26,2026-01-26 16:00,44410,2024-11-01,2025-10-31,トビラシステムズ株式会社
S100XH23,2026-01-27,2026-01-27 09:15,49960,2024-11-01,2025-10-31,クミアイ化学工業株式会社
S100XHK4,2026-01-27,2026-01-27 13:30,92790,2024-11-01,2025-10-31,株式会社ギフトホールディングス
S100XHE6,2026-01-27,2026-01-27 13:42,79830,2024-11-01,2025-10-31,株式会社ミロク
S100XHO2,2026-01-27,2026-01-27 15:27,73780,2024-11-01,2025-10-31,株式会社アシロ
S100XHI8,2026-01-27,2026-01-27 15:30,92510,2024-11-01,2025-10-31,株式会社ＡＢ＆Ｃｏｍｐａｎｙ
S100XHDP,2026-01-27,2026-01-27 15:31,96030,2024-11-01,2025-10-31,株式会社エイチ・アイ・エス
S100XHL0,2026-01-27,2026-01-27 15:31,460A0,2024-11-01,2025-10-31,ＢＲＡＮＵ株式会社
S100XHKO,2026-01-27,2026-01-27 15:41,92540,2024-11-01,2025-10-31,株式会社ラバブルマーケティンググループ
S100XHNU,2026-01-27,2026-01-27 15:42,70340,2024-11-01,2025-10-31,株式会社プロレド・パートナーズ
S100XHJG,2026-01-27,2026-01-27 16:08,80770,2024-11-01,2025-10-31,トルク株式会社
S100XHP5,2026-01-27,2026-01-27 17:09,26950,2024-11-01,2025-10-31,くら寿司株式会社
S100XHGC,2026-01-28,2026-01-28 09:20,38040,2024-11-01,2025-10-31,株式会社システム　ディ
S100XHFP,2026-01-28,2026-01-28 09:37,78270,2024-11-01,2025-10-31,株式会社オービス
S100XHSU,2026-01-28,2026-01-28 10:23,78560,2024-11-01,2025-10-31,萩原工業株式会社
S100XHQ6,2026-01-28,2026-01-28 10:58,63090,2024-11-01,2025-10-31,巴工業株式会社
S100XHUJ,2026-01-28,2026-01-28 12:24,30380,2024-11-01,2025-10-31,株式会社神戸物産
S100XHU7,2026-01-28,2026-01-28 13:04,80790,2024-11-01,2025-10-31,正栄食品工業株式会社
S100XHVC,2026-01-28,2026-01-28 13:15,78040,2024-11-01,2025-10-31,株式会社ビーアンドピー
S100XHR6,2026-01-28,2026-01-28 13:17,95650,2024-11-01,2025-10-31,ＧＬＯＥ株式会社
S100XHVV,2026-01-28,2026-01-28 13:19,98240,2024-11-01,2025-10-31,泉州電業株式会社
S100XGYG,2026-01-28,2026-01-28 13:30,91630,2024-11-01,2025-10-31,株式会社ナレルグループ
S100XHDT,2026-01-28,2026-01-28 13:53,92360,2024-11-01,2025-10-31,ジャパンＭ＆Ａソリューション株式会社
S100XHRP,2026-01-28,2026-01-28 15:24,23750,2024-11-01,2025-10-31,ギグワークス株式会社
S100XHS4,2026-01-28,2026-01-28 15:25,34750,2024-11-01,2025-10-31,株式会社グッドコムアセット
S100XHWF,2026-01-28,2026-01-28 15:37,48800,2024-11-01,2025-10-31,セルソース株式会社
S100XHNB,2026-01-28,2026-01-28 15:59,43780,2024-11-01,2025-10-31,株式会社ＣＩＮＣ
S100XHMO,2026-01-28,2026-01-28 16:00,46660,2024-11-01,2025-10-31,パーク二四株式会社（定款上の商号　パーク２４株式会社）
S100XHQ8,2026-01-28,2026-01-28 16:03,31210,2024-11-01,2025-10-31,マーチャント・バンカーズ株式会社
S100XHX5,2026-01-28,2026-01-28 16:08,13830,2024-11-01,2025-10-31,ベルグアース株式会社
S100XHR9,2026-01-28,2026-01-28 16:15,68380,2024-11-01,2025-10-31,株式会社多摩川ホールディングス
S100XHZH,2026-01-28,2026-01-28 16:28,36530,2024-11-01,2025-10-31,株式会社モルフォ
S100XHWU,2026-01-28,2026-01-28 17:12,34910,2024-11-01,2025-10-31,株式会社ＧＡ　ｔｅｃｈｎｏｌｏｇｉｅｓ
S100XHNL,2026-01-28,2026-01-28 17:14,23730,2024-11-01,2025-10-31,株式会社ケア２１
S100XI3C,2026-01-29,2026-01-29 11:33,88940,2024-11-01,2025-10-31,株式会社ＲＥＶＯＬＵＴＩＯＮ
S100XI2U,2026-01-29,2026-01-29 11:44,78310,2024-11-01,2025-10-31,株式会社ウイルコホールディングス
S100XI5B,2026-01-29,2026-01-29 13:52,462A0,2024-11-01,2025-10-31,株式会社ＦＵＮＤＩＮＮＯ
S100XHU3,2026-01-29,2026-01-29 15:23,31950,2024-11-01,2025-10-31,株式会社ジェネレーションパス
S100XI4H,2026-01-29,2026-01-29 15:31,76400,2024-11-01,2025-10-31,株式会社トップカルチャー
S100XHTP,2026-01-29,2026-01-29 15:42,52180,2024-11-01,2025-10-31,株式会社オハラ
S100XHWN,2026-01-29,2026-01-29 16:05,212A0,2024-11-01,2025-10-31,フィットイージー株式会社
S100XHYM,2026-01-29,2026-01-29 16:12,34190,2024-11-01,2025-10-31,アートグリーン株式会社
S100XHQT,2026-01-29,2026-01-29 16:51,23150,2024-11-01,2025-10-31,株式会社ＣＡＩＣＡ　ＤＩＧＩＴＡＬ
S100XHX1,2026-01-30,2026-01-30 13:11,60490,2024-11-01,2025-10-31,株式会社イトクロ
S100XIHR,2026-01-30,2026-01-30 14:39,23450,2024-11-01,2025-10-31,株式会社クシム
S100XII9,2026-01-30,2026-01-30 15:13,66950,2024-11-01,2025-10-31,株式会社キャストリコ
S100XI7V,2026-01-30,2026-01-30 15:30,442A0,2024-11-01,2025-10-31,クラシコ株式会社
S100XI0W,2026-01-30,2026-01-30 15:30,215A0,2024-11-01,2025-10-31,株式会社タイミー
S100XIBW,2026-01-30,2026-01-30 16:00,94250,2024-11-01,2025-10-31,ＲｅＹｕｕ　Ｊａｐａｎ株式会社
S100XIJD,2026-01-30,2026-01-30 16:29,92370,2024-11-01,2025-10-31,株式会社笑美面
S100XL6L,2026-02-16,2026-02-16 10:09,27340,2024-12-01,2025-11-30,株式会社サーラコーポレーション
S100XL0K,2026-02-18,2026-02-18 09:19,79650,2024-11-21,2025-11-20,象印マホービン株式会社
S100XM1D,2026-02-18,2026-02-18 13:43,98720,2024-11-21,2025-11-20,北恵株式会社
S100XLTO,2026-02-18,2026-02-18 15:19,33770,2024-12-01,2025-11-30,株式会社バイク王＆カンパニー
S100XM3S,2026-02-19,2026-02-19 10:01,61360,2024-12-01,2025-11-30,オーエスジー株式会社
S100XM43,2026-02-19,2026-02-19 11:21,29750,2024-12-01,2025-11-30,スター・マイカ・ホールディングス株式会社
S100XM4Q,2026-02-19,2026-02-19 15:30,39940,2024-12-01,2025-11-30,株式会社マネーフォワード
S100XM1X,2026-02-19,2026-02-19 15:30,31860,2024-12-01,2025-11-30,株式会社ネクステージ
S100XMEJ,2026-02-20,2026-02-20 15:30,60760,2024-12-01,2025-11-30,株式会社アメイズ
S100XMF0,2026-02-20,2026-02-20 15:30,49920,2024-12-01,2025-11-30,北興化学工業株式会社
S100XLV8,2026-02-20,2026-02-20 15:58,32010,2024-12-01,2025-11-30,日本毛織株式会社
S100XMOI,2026-02-20,2026-02-20 16:18,46160,2024-12-01,2025-11-30,川上塗料株式会社
S100XLSD,2026-02-20,2026-02-20 16:42,43610,2024-12-01,2025-11-30,川口化学工業株式会社
S100XLS3,2026-02-24,2026-02-24 09:06,41870,2024-12-01,2025-11-30,大阪有機化学工業株式会社
S100XMO8,2026-02-24,2026-02-24 12:49,93690,2024-12-01,2025-11-30,株式会社キユーソー流通システム
S100XMJD,2026-02-24,2026-02-24 13:20,62170,2024-12-01,2025-11-30,津田駒工業株式会社
S100XMJE,2026-02-24,2026-02-24 13:25,28090,2024-12-01,2025-11-30,キユーピー株式会社
S100XMVG,2026-02-24,2026-02-24 13:30,40160,2024-12-01,2025-11-30,ＭＩＴホールディングス株式会社
S100XMUD,2026-02-24,2026-02-24 14:17,31390,2024-12-01,2025-11-30,株式会社ラクト・ジャパン
S100XMFU,2026-02-24,2026-02-24 14:42,98370,2024-12-01,2025-11-30,モリト株式会社
S100XMRN,2026-02-24,2026-02-24 15:03,64740,2024-12-01,2025-11-30,株式会社不二越
S100XMTU,2026-02-24,2026-02-24 15:04,73600,2024-12-01,2025-11-30,株式会社オンデック
S100XMNZ,2026-02-24,2026-02-24 15:21,99720,2024-12-01,2025-11-30,アルテック株式会社
S100XMX3,2026-02-24,2026-02-24 15:25,138A0,2024-12-01,2025-11-30,光フードサービス株式会社
S100XMZE,2026-02-25,2026-02-25 09:13,32670,2024-12-01,2025-11-30,株式会社フィル・カンパニー
S100XN0E,2026-02-25,2026-02-25 10:00,55270,2024-12-01,2025-11-30,株式会社ｐｒｏｐｅｒｔｙ　ｔｅｃｈｎｏｌｏｇｉｅｓ
S100XN26,2026-02-25,2026-02-25 10:30,228A0,2024-12-01,2025-11-30,株式会社オプロ
S100XN1B,2026-02-25,2026-02-25 10:45,93130,2024-12-01,2025-11-30,丸八倉庫株式会社
S100XN3A,2026-02-25,2026-02-25 11:47,43940,2024-12-01,2025-11-30,株式会社エクスモーション
S100XN00,2026-02-25,2026-02-25 12:14,24710,2024-12-01,2025-11-30,株式会社エスプール
S100XN3N,2026-02-25,2026-02-25 12:34,79970,2024-12-01,2025-11-30,株式会社くろがね工作所
S100XMSL,2026-02-25,2026-02-25 13:20,97200,2024-12-01,2025-11-30,株式会社ホテル、ニューグランド
S100XN4S,2026-02-25,2026-02-25 13:27,30890,2024-12-01,2025-11-30,テクノアルファ株式会社
S100XMRB,2026-02-25,2026-02-25 14:00,59420,2024-12-01,2025-11-30,日本フイルコン株式会社
S100XMC1,2026-02-25,2026-02-25 14:30,89230,2024-12-01,2025-11-30,トーセイ株式会社
S100XN61,2026-02-25,2026-02-25 15:03,95580,2024-12-01,2025-11-30,ジャパニアス株式会社
S100XN2T,2026-02-25,2026-02-25 15:05,80950,2024-12-01,2025-11-30,アステナホールディングス株式会社
S100XMWH,2026-02-25,2026-02-25 15:30,42500,2024-12-01,2025-11-30,株式会社フロンティア
S100XMWX,2026-02-25,2026-02-25 15:31,52430,2024-12-01,2025-11-30,ｎｏｔｅ株式会社
S100XMYW,2026-02-25,2026-02-25 15:46,78790,2024-12-01,2025-11-30,株式会社ノダ
S100XMVL,2026-02-25,2026-02-25 16:02,32660,2024-12-01,2025-11-30,株式会社ファンドクリエーショングループ
S100XMZ1,2026-02-25,2026-02-25 16:03,70830,2024-12-01,2025-11-30,ＡＨＣグループ株式会社
S100XMUN,2026-02-25,2026-02-25 16:09,52460,2024-12-01,2025-11-30,株式会社ＥＬＥＭＥＮＴＳ
S100XMR5,2026-02-25,2026-02-25 16:12,34540,2024-12-01,2025-11-30,ファーストブラザーズ株式会社
S100XN95,2026-02-25,2026-02-25 16:31,30770,2025-04-01,2025-11-30,ホリイフードサービス株式会社
S100XN3U,2026-02-25,2026-02-25 16:35,46730,2024-12-01,2025-11-30,川崎地質株式会社
S100XN24,2026-02-25,2026-02-25 16:37,35470,2024-12-01,2025-11-30,株式会社串カツ田中ホールディングス
S100XN9A,2026-02-25,2026-02-25 16:39,52500,2024-12-01,2025-11-30,プライム・ストラテジー株式会社
S100XMVS,2026-02-25,2026-02-25 16:44,92150,2024-12-01,2025-11-30,株式会社ＣａＳｙ
S100XN0W,2026-02-25,2026-02-25 16:59,66340,2024-12-01,2025-11-30,株式会社ネクスグループ
S100XNCR,2026-02-26,2026-02-26 09:17,49950,2024-12-01,2025-11-30,サンケイ化学株式会社
S100XNBS,2026-02-26,2026-02-26 09:24,24930,2024-12-01,2025-11-30,イーサポートリンク株式会社
S100XNA6,2026-02-26,2026-02-26 10:00,72270,2024-12-01,2025-11-30,アスカ株式会社
S100XNEI,2026-02-26,2026-02-26 10:47,92500,2024-12-01,2025-11-30,株式会社ＧＲＣＳ
S100XMV5,2026-02-26,2026-02-26 13:07,75010,2024-12-01,2025-11-30,株式会社ティムコ
S100XN8S,2026-02-26,2026-02-26 14:06,73880,2024-12-01,2025-11-30,株式会社ＦＰパートナー
S100XNL3,2026-02-26,2026-02-26 15:12,39070,2024-12-01,2025-11-30,シリコンスタジオ株式会社
S100XNDX,2026-02-26,2026-02-26 15:30,65580,2024-12-01,2025-11-30,クックビズ株式会社
S100XN60,2026-02-26,2026-02-26 15:30,418A0,2024-12-01,2025-11-30,ウリドキ株式会社
S100XMZO,2026-02-26,2026-02-26 15:32,96470,2024-12-01,2025-11-30,株式会社協和コンサルタンツ
S100XMWM,2026-02-26,2026-02-26 16:00,70740,2024-12-01,2025-11-30,株式会社トゥエンティーフォーセブンホールディングス
S100XNIW,2026-02-26,2026-02-26 16:37,66640,2024-12-01,2025-11-30,株式会社オプトエレクトロニクス
S100XNR4,2026-02-27,2026-02-27 10:11,53410,2024-12-01,2025-11-30,ＡＳＡＨＩ　ＥＩＴＯホールディングス株式会社
S100XNPA,2026-02-27,2026-02-27 12:18,41970,2024-12-01,2025-11-30,株式会社アスマーク
S100XNNG,2026-02-27,2026-02-27 12:52,68660,2025-01-01,2025-12-31,日置電機株式会社
S100XNNH,2026-02-27,2026-02-27 15:35,280A0,2024-12-01,2025-11-30,株式会社ＴＭＨ
S100XO08,2026-02-27,2026-02-27 16:54,469A0,2024-12-01,2025-11-30,株式会社フィットクルー
S100XN0D,2026-02-27,2026-02-27 16:56,31920,2025-03-01,2025-11-30,株式会社白鳩
S100XOKI,2026-03-04,2026-03-04 09:01,79360,2025-01-01,2025-12-31,株式会社アシックス
S100XNYW,2026-03-05,2026-03-05 12:30,79440,2025-01-01,2025-12-31,ローランド株式会社
S100XPFN,2026-03-09,2026-03-09 11:06,24080,2024-12-21,2025-12-20,株式会社ＫＧ情報
S100XPJL,2026-03-09,2026-03-09 16:57,63280,2025-01-01,2025-12-31,荏原実業株式会社
S100XPTY,2026-03-10,2026-03-10 15:30,41510,2025-01-01,2025-12-31,協和キリン株式会社
S100XQ8M,2026-03-13,2026-03-13 14:16,39120,2025-01-01,2025-12-31,株式会社モバイルファクトリー
S100XQN0,2026-03-13,2026-03-13 15:43,28110,2025-01-01,2025-12-31,カゴメ株式会社
S100XQT8,2026-03-16,2026-03-16 10:00,68170,2025-01-01,2025-12-31,スミダコーポレーション株式会社
S100XQHI,2026-03-16,2026-03-16 13:30,22680,2025-01-01,2025-12-31,Ｂ－Ｒ　サーティワン　アイスクリーム株式会社
S100XR40,2026-03-16,2026-03-16 14:20,61800,2025-01-01,2025-12-31,ＧＭＯメディア株式会社
S100XR0M,2026-03-16,2026-03-16 15:00,63260,2025-01-01,2025-12-31,株式会社　クボタ
S100XR70,2026-03-16,2026-03-16 15:52,93380,2025-01-01,2025-12-31,株式会社ＩＮＦＯＲＩＣＨ
S100XR77,2026-03-16,2026-03-16 16:01,68580,2025-01-01,2025-12-31,株式会社小野測器
S100XQSE,2026-03-17,2026-03-17 09:25,73090,2025-01-01,2025-12-31,株式会社シマノ
S100XQYR,2026-03-17,2026-03-17 09:57,33020,2025-01-01,2025-12-31,帝国繊維株式会社
S100XRD8,2026-03-17,2026-03-17 13:19,74220,2024-12-21,2025-12-20,東邦レマック株式会社
S100XRF9,2026-03-17,2026-03-17 13:36,66630,2024-12-21,2025-12-20,太洋テクノレックス株式会社
S100XR5L,2026-03-17,2026-03-17 15:30,30030,2025-01-01,2025-12-31,ヒューリック株式会社
S100XR0F,2026-03-17,2026-03-17 15:31,410A0,2025-01-01,2025-12-31,ＧＭＯコマース株式会社
S100XQP3,2026-03-18,2026-03-18 09:21,63950,2025-01-01,2025-12-31,株式会社タダノ
S100XRMD,2026-03-18,2026-03-18 09:31,47840,2025-01-01,2025-12-31,ＧＭＯインターネット株式会社
S100XRBT,2026-03-18,2026-03-18 09:42,58190,2025-01-01,2025-12-31,カナレ電気株式会社
S100XRJW,2026-03-18,2026-03-18 10:00,98300,2025-01-01,2025-12-31,トラスコ中山株式会社
S100XRH4,2026-03-18,2026-03-18 10:07,59460,2025-01-01,2025-12-31,株式会社長府製作所
S100XRR0,2026-03-18,2026-03-18 11:33,33860,2025-01-01,2025-12-31,コスモ・バイオ株式会社
S100XQKR,2026-03-18,2026-03-18 12:19,93370,2025-01-01,2025-12-31,株式会社トリドリ
S100XRJK,2026-03-18,2026-03-18 13:23,48120,2025-01-01,2025-12-31,株式会社電通総研
S100XRDM,2026-03-18,2026-03-18 13:32,51840,2025-01-01,2025-12-31,株式会社ニチリン
S100XRA9,2026-03-18,2026-03-18 13:42,36950,2025-01-01,2025-12-31,ＧＭＯプロダクトプラットフォーム株式会社
S100XREJ,2026-03-18,2026-03-18 14:14,37880,2025-01-01,2025-12-31,ＧＭＯグローバルサイン・ホールディングス株式会社
S100XRE0,2026-03-18,2026-03-18 15:05,30470,2025-01-01,2025-12-31,株式会社ＴＲＵＣＫ－ＯＮＥ
S100XRPR,2026-03-18,2026-03-18 15:24,51080,2025-01-01,2025-12-31,株式会社ブリヂストン
S100XRIU,2026-03-18,2026-03-18 15:30,79720,2025-01-01,2025-12-31,株式会社イトーキ
S100XRRA,2026-03-18,2026-03-18 15:30,71720,2025-01-01,2025-12-31,株式会社ジャパンインベストメントアドバイザー
S100XRWE,2026-03-18,2026-03-18 16:00,79890,2025-01-01,2025-12-31,立川ブラインド工業株式会社
S100XRUO,2026-03-18,2026-03-18 16:16,24290,2025-01-01,2025-12-31,株式会社ワールドホールディングス
S100XRP4,2026-03-18,2026-03-18 16:38,45870,2025-01-01,2025-12-31,ペプチドリーム株式会社
S100XRWN,2026-03-18,2026-03-18 16:58,64810,2025-01-01,2025-12-31,ＴＨＫ株式会社
S100XRPZ,2026-03-19,2026-03-19 09:55,39440,2025-01-01,2025-12-31,古林紙工株式会社
S100XS2Y,2026-03-19,2026-03-19 10:44,58670,2025-01-01,2025-12-31,株式会社エスネットワークス
S100XRLA,2026-03-19,2026-03-19 11:14,46340,2025-01-01,2025-12-31,ａｒｔｉｅｎｃｅ株式会社
S100XS40,2026-03-19,2026-03-19 11:35,79560,2025-01-01,2025-12-31,ピジョン株式会社
S100XRU1,2026-03-19,2026-03-19 11:35,44860,2025-01-01,2025-12-31,ユナイトアンドグロウ株式会社
S100XS5R,2026-03-19,2026-03-19 12:49,36330,2025-01-01,2025-12-31,ＧＭＯペパボ株式会社
S100XS3C,2026-03-19,2026-03-19 13:01,77440,2025-01-01,2025-12-31,ノーリツ鋼機株式会社
S100XS6L,2026-03-19,2026-03-19 13:28,70800,2025-01-01,2025-12-31,株式会社スポーツフィールド
S100WZGB,2026-03-19,2026-03-19 13:39,37760,2025-01-01,2025-12-31,株式会社ブロードバンドタワー
S100XRYQ,2026-03-19,2026-03-19 13:59,70370,2025-01-01,2025-12-31,株式会社テノ．ホールディングス
S100XR06,2026-03-19,2026-03-19 14:22,67230,2025-01-01,2025-12-31,ルネサスエレクトロニクス株式会社
S100XRFQ,2026-03-19,2026-03-19 15:00,25330,2025-01-01,2025-12-31,オエノンホールディングス株式会社
S100XS5K,2026-03-19,2026-03-19 15:01,29820,2025-01-01,2025-12-31,株式会社ＡＤワークスグループ
S100XRXN,2026-03-19,2026-03-19 15:30,22060,2025-01-01,2025-12-31,江崎グリコ株式会社
S100XR7V,2026-03-19,2026-03-19 15:31,40130,2025-01-01,2025-12-31,勤次郎株式会社
S100XS7V,2026-03-19,2026-03-19 15:32,45860,2025-01-01,2025-12-31,株式会社メドレックス
S100XOZ3,2026-03-19,2026-03-19 15:45,58420,2025-01-01,2025-12-31,インテグラル株式会社
S100XS6X,2026-03-19,2026-03-19 15:59,64980,2025-01-01,2025-12-31,株式会社キッツ
S100XR9Z,2026-03-19,2026-03-19 16:05,39830,2025-01-01,2025-12-31,株式会社オロ
S100XSAX,2026-03-19,2026-03-19 16:06,91600,2025-01-01,2025-12-31,株式会社ノバレーゼ
S100XS22,2026-03-19,2026-03-19 16:10,27020,2025-01-01,2025-12-31,日本マクドナルドホールディングス株式会社
S100XS80,2026-03-19,2026-03-19 16:14,415A0,2025-01-01,2025-12-31,ＧＭＯ　ＴＥＣＨホールディングス株式会社
S100XR1L,2026-03-19,2026-03-19 16:26,25790,2025-01-01,2025-12-31,コカ・コーラボトラーズジャパンホールディングス株式会社
S100XS04,2026-03-19,2026-03-19 16:36,40120,2025-01-01,2025-12-31,株式会社アクシス
S100XRW5,2026-03-19,2026-03-19 16:57,37650,2025-01-01,2025-12-31,ガンホー・オンライン・エンターテイメント株式会社
S100XSEU,2026-03-23,2026-03-23 09:00,81130,2025-01-01,2025-12-31,ユニ・チャーム株式会社
S100XRW4,2026-03-23,2026-03-23 09:02,65600,2025-01-01,2025-12-31,株式会社エル・ティー・エス
S100XS06,2026-03-23,2026-03-23 10:00,79150,2025-01-01,2025-12-31,ＮＩＳＳＨＡ株式会社
S100XS9W,2026-03-23,2026-03-23 10:05,22110,2025-01-01,2025-12-31,株式会社不二家
S100XSCO,2026-03-23,2026-03-23 10:08,85940,2025-01-01,2025-12-31,中道リース株式会社
S100XSIT,2026-03-23,2026-03-23 10:36,130A0,2025-01-01,2025-12-31,株式会社Ｖｅｒｉｔａｓ　Ｉｎ　Ｓｉｌｉｃｏ
S100XS94,2026-03-23,2026-03-23 10:51,89960,2025-01-01,2025-12-31,株式会社ハウスフリーダム
S100XS2D,2026-03-23,2026-03-23 11:00,93430,2025-01-01,2025-12-31,株式会社アイビス
S100XS43,2026-03-23,2026-03-23 11:40,36730,2025-01-01,2025-12-31,株式会社ブロードリーフ
S100XS3W,2026-03-23,2026-03-23 11:54,92450,2025-01-01,2025-12-31,株式会社リベロ
S100XSML,2026-03-23,2026-03-23 12:32,42480,2025-01-01,2025-12-31,竹本容器株式会社
S100XSGJ,2026-03-23,2026-03-23 13:09,39010,2025-01-01,2025-12-31,マークラインズ株式会社
S100XSIJ,2026-03-23,2026-03-23 13:31,68560,2025-01-01,2025-12-31,株式会社堀場製作所
S100XSOA,2026-03-23,2026-03-23 13:44,25870,2025-01-01,2025-12-31,サントリー食品インターナショナル株式会社
S100XSO1,2026-03-23,2026-03-23 13:47,24920,2025-01-01,2025-12-31,株式会社インフォマート
S100XS2N,2026-03-23,2026-03-23 14:02,46310,2025-01-01,2025-12-31,ＤＩＣ株式会社
S100XSOI,2026-03-23,2026-03-23 14:08,61710,2025-01-01,2025-12-31,株式会社土木管理総合試験所
S100XSP4,2026-03-23,2026-03-23 14:21,48930,2025-01-01,2025-12-31,ノイルイミューン・バイオテック株式会社
S100XSP9,2026-03-23,2026-03-23 14:36,46330,2025-01-01,2025-12-31,サカタインクス株式会社
S100XSPB,2026-03-23,2026-03-23 14:37,78490,2025-01-01,2025-12-31,スターツ出版株式会社
S100XSJU,2026-03-23,2026-03-23 15:08,64400,2025-01-01,2025-12-31,ＪＵＫＩ株式会社
S100XSK6,2026-03-23,2026-03-23 15:22,56990,2025-01-01,2025-12-31,株式会社イボキン
S100XSDA,2026-03-23,2026-03-23 15:30,39640,2025-01-01,2025-12-31,株式会社オークネット
S100XSQX,2026-03-23,2026-03-23 15:30,45790,2025-01-01,2025-12-31,ラクオリア創薬株式会社
S100XS4G,2026-03-23,2026-03-23 15:30,45760,2025-01-01,2025-12-31,株式会社デ・ウエスタン・セラピテクス研究所
S100XS71,2026-03-23,2026-03-23 15:31,97220,2025-01-01,2025-12-31,藤田観光株式会社
S100XSOH,2026-03-23,2026-03-23 15:32,51260,2025-01-01,2025-12-31,ポーターズ株式会社
S100XSJP,2026-03-23,2026-03-23 15:33,44480,2025-01-01,2025-12-31,株式会社ｋｕｂｅｌｌ
S100XRVX,2026-03-23,2026-03-23 15:34,79760,2025-01-01,2025-12-31,三菱鉛筆株式会社
S100XS0T,2026-03-23,2026-03-23 15:35,32520,2025-01-01,2025-12-31,地主株式会社
S100XSMS,2026-03-23,2026-03-23 15:39,44770,2025-01-01,2025-12-31,ＢＡＳＥ株式会社
S100XS15,2026-03-23,2026-03-23 15:40,62660,2025-01-01,2025-12-31,タツモ株式会社
S100XSCU,2026-03-23,2026-03-23 15:45,49110,2025-01-01,2025-12-31,株式会社資生堂
S100XSQQ,2026-03-23,2026-03-23 15:45,471A0,2025-01-01,2025-12-31,ＮＳグループ株式会社
S100XSFM,2026-03-23,2026-03-23 15:49,71770,2025-01-01,2025-12-31,ＧＭＯフィナンシャルホールディングス株式会社
S100XSKF,2026-03-23,2026-03-23 15:53,88040,2025-01-01,2025-12-31,東京建物株式会社
S100XSSA,2026-03-23,2026-03-23 16:00,29140,2025-01-01,2025-12-31,日本たばこ産業株式会社
S100XSR6,2026-03-23,2026-03-23 16:00,60340,2025-01-01,2025-12-31,ＭＲＴ株式会社
S100XRJV,2026-03-23,2026-03-23 16:00,49710,2025-01-01,2025-12-31,メック株式会社
S100XSNI,2026-03-23,2026-03-23 16:01,42210,2025-01-01,2025-12-31,大倉工業株式会社
S100XSGS,2026-03-23,2026-03-23 16:03,44150,2025-01-01,2025-12-31,株式会社ブロードエンタープライズ
S100XS6E,2026-03-23,2026-03-23 16:13,63610,2025-01-01,2025-12-31,株式会社荏原製作所
S100XSJZ,2026-03-23,2026-03-23 16:30,50380,2025-01-01,2025-12-31,株式会社ｅＷｅＬＬ
S100XSG3,2026-03-23,2026-03-23 16:33,94490,2025-01-01,2025-12-31,ＧＭＯインターネットグループ株式会社
S100XRTH,2026-03-23,2026-03-23 16:41,72720,2025-01-01,2025-12-31,ヤマハ発動機株式会社
S100XSL3,2026-03-23,2026-03-23 16:48,29310,2025-01-01,2025-12-31,株式会社ユーグレナ
S100XS6Z,2026-03-23,2026-03-23 16:50,42510,2025-01-01,2025-12-31,恵和株式会社
S100XSRU,2026-03-23,2026-03-23 16:55,36230,2025-01-01,2025-12-31,ビリングシステム株式会社
S100XSV4,2026-03-23,2026-03-23 17:00,70480,2025-01-01,2025-12-31,ベルトラ株式会社
S100XSUV,2026-03-24,2026-03-24 09:23,43440,2025-04-01,2025-12-31,ソースネクスト株式会社
S100XSL6,2026-03-24,2026-03-24 09:25,81790,2025-01-01,2025-12-31,ロイヤルホールディングス株式会社
S100XSUO,2026-03-24,2026-03-24 09:42,94190,2025-01-01,2025-12-31,株式会社ワイヤレスゲート
S100XSJW,2026-03-24,2026-03-24 09:43,40720,2025-01-01,2025-12-31,株式会社電算システムホールディングス
S100XSV5,2026-03-24,2026-03-24 10:06,21700,2025-01-01,2025-12-31,株式会社リンクアンドモチベーション
S100XSP5,2026-03-24,2026-03-24 10:09,89140,2025-01-01,2025-12-31,エリアリンク株式会社
S100XT1E,2026-03-24,2026-03-24 10:27,71150,2025-01-01,2025-12-31,株式会社アルファパーチェス
S100XQ5C,2026-03-24,2026-03-24 10:28,22120,2025-01-01,2025-12-31,山崎製パン株式会社
S100XSVP,2026-03-24,2026-03-24 10:30,48960,2025-01-01,2025-12-31,株式会社ケイファーマ
S100XT1W,2026-03-24,2026-03-24 10:52,39130,2025-01-01,2025-12-31,ＧｒｅｅｎＢｅｅ株式会社
S100XT2X,2026-03-24,2026-03-24 10:55,175A0,2025-01-01,2025-12-31,株式会社Ｗｉｌｌ　Ｓｍａｒｔ
S100XSNC,2026-03-24,2026-03-24 11:07,61490,2025-01-01,2025-12-31,株式会社小田原エンジニアリング
S100XRPJ,2026-03-24,2026-03-24 11:42,30400,2025-01-01,2025-12-31,株式会社ソリトンシステムズ
S100XSHI,2026-03-24,2026-03-24 12:43,49790,2025-01-01,2025-12-31,ＯＡＴアグリオ株式会社
S100XSPG,2026-03-24,2026-03-24 12:44,23110,2025-01-01,2025-12-31,株式会社エプコ
S100XT1L,2026-03-24,2026-03-24 12:59,32990,2025-01-01,2025-12-31,株式会社ムゲンエステート
S100XT68,2026-03-24,2026-03-24 13:07,45970,2025-01-01,2025-12-31,ソレイジア・ファーマ株式会社
S100XSTU,2026-03-24,2026-03-24 13:32,52010,2025-01-01,2025-12-31,ＡＧＣ株式会社
S100XS8C,2026-03-24,2026-03-24 13:40,80600,2025-01-01,2025-12-31,キヤノンマーケティングジャパン株式会社
S100XSVW,2026-03-24,2026-03-24 14:01,32770,2025-01-01,2025-12-31,株式会社サンセイランディック
S100XSY8,2026-03-24,2026-03-24 14:44,44040,2025-01-01,2025-12-31,ミヨシ油脂株式会社
S100XT7A,2026-03-24,2026-03-24 14:45,51100,2025-01-01,2025-12-31,住友ゴム工業株式会社
S100XSPO,2026-03-24,2026-03-24 15:00,40990,2025-01-01,2025-12-31,四国化成ホールディングス株式会社
S100XT5I,2026-03-24,2026-03-24 15:12,73140,2025-01-01,2025-12-31,株式会社小田原機器
S100XS1A,2026-03-24,2026-03-24 15:30,40580,2025-01-01,2025-12-31,トヨクモ株式会社
S100XRTM,2026-03-24,2026-03-24 15:30,145A0,2025-01-01,2025-12-31,株式会社Ｌ　ｉｓ　Ｂ
S100XRZ8,2026-03-24,2026-03-24 15:30,21950,2025-01-01,2025-12-31,アミタホールディングス株式会社
S100XSYD,2026-03-24,2026-03-24 15:30,14350,2025-01-01,2025-12-31,株式会社ｒｏｂｏｔ　ｈｏｍｅ
S100XTB1,2026-03-24,2026-03-24 15:30,268A0,2025-01-01,2025-12-31,リガク・ホールディングス株式会社
S100XT2Q,2026-03-24,2026-03-24 15:30,262A0,2025-01-01,2025-12-31,株式会社インターメスティック
S100XSXU,2026-03-24,2026-03-24 15:30,24890,2025-01-01,2025-12-31,株式会社アドウェイズ
S100XSRL,2026-03-24,2026-03-24 15:30,421A0,2025-01-01,2025-12-31,株式会社ムービン・ストラテジック・キャリア
S100XT9C,2026-03-24,2026-03-24 15:30,96220,2025-01-01,2025-12-31,株式会社スペース
S100XSCJ,2026-03-24,2026-03-24 15:30,298A0,2025-01-01,2025-12-31,ＧＶＡ　ＴＥＣＨ株式会社
S100XSBE,2026-03-24,2026-03-24 15:31,57040,2025-01-01,2025-12-31,株式会社ＪＭＣ
S100XSVU,2026-03-24,2026-03-24 15:31,47120,2025-01-01,2025-12-31,株式会社ＫｅｙＨｏｌｄｅｒ
S100XSRQ,2026-03-24,2026-03-24 15:31,73530,2025-01-01,2025-12-31,ＫＩＹＯラーニング株式会社
S100XSUL,2026-03-24,2026-03-24 15:31,43560,2025-01-01,2025-12-31,応用技術株式会社
S100XSMG,2026-03-24,2026-03-24 15:31,50280,2025-01-01,2025-12-31,セカンドサイトアナリティカ株式会社
S100XT4W,2026-03-24,2026-03-24 15:31,63830,2025-01-01,2025-12-31,株式会社ダイフク
S100XSUW,2026-03-24,2026-03-24 15:35,49220,2025-01-01,2025-12-31,株式会社コーセーホールディングス
S100XT2K,2026-03-24,2026-03-24 15:39,97310,2025-01-01,2025-12-31,株式会社白洋舍
S100XSJ2,2026-03-24,2026-03-24 15:39,45740,2025-01-01,2025-12-31,大幸薬品株式会社
S100XTBP,2026-03-24,2026-03-24 15:39,45930,2025-01-01,2025-12-31,株式会社ヘリオス
S100XSLS,2026-03-24,2026-03-24 15:40,49850,2025-01-01,2025-12-31,アース製薬株式会社
S100XTBZ,2026-03-24,2026-03-24 15:43,58910,2025-01-01,2025-12-31,株式会社魁力屋
S100XT2O,2026-03-24,2026-03-24 15:57,70330,2025-01-01,2025-12-31,株式会社マネジメントソリューションズ
S100XT1Y,2026-03-24,2026-03-24 15:58,91450,2025-01-01,2025-12-31,株式会社ビーイングホールディングス
S100XRYC,2026-03-24,2026-03-24 16:00,66330,2025-01-01,2025-12-31,株式会社ＣＧＳホールディングス
S100XT2J,2026-03-24,2026-03-24 16:00,70430,2025-01-01,2025-12-31,アルー株式会社
S100XT30,2026-03-24,2026-03-24 16:00,41920,2025-01-01,2025-12-31,スパイダープラス株式会社
S100XTAQ,2026-03-24,2026-03-24 16:00,55890,2025-01-01,2025-12-31,株式会社オートサーバー
S100XT0N,2026-03-24,2026-03-24 16:00,41860,2025-01-01,2025-12-31,東京応化工業株式会社
S100XSVD,2026-03-24,2026-03-24 16:00,39140,2025-01-01,2025-12-31,ＪＩＧ－ＳＡＷ株式会社
S100XSU7,2026-03-24,2026-03-24 16:00,62780,2025-01-01,2025-12-31,ユニオンツール株式会社
S100XSDT,2026-03-24,2026-03-24 16:02,85080,2025-01-01,2025-12-31,Ｊトラスト株式会社
S100XSYR,2026-03-24,2026-03-24 16:04,62500,2025-01-01,2025-12-31,株式会社やまびこ
S100XT60,2026-03-24,2026-03-24 16:06,60780,2025-01-01,2025-12-31,株式会社バリューＨＲ
S100XTDI,2026-03-24,2026-03-24 16:10,51390,2025-01-01,2025-12-31,オープンワーク株式会社
S100XSM4,2026-03-24,2026-03-24 16:14,36590,2025-01-01,2025-12-31,株式会社ネクソン
S100XTDG,2026-03-24,2026-03-24 16:14,25970,2025-01-01,2025-12-31,株式会社ユニカフェ
S100XTDE,2026-03-24,2026-03-24 16:20,89290,2025-01-01,2025-12-31,株式会社青山財産ネットワークス
S100XS7T,2026-03-24,2026-03-24 16:24,41780,2025-01-01,2025-12-31,株式会社Ｓｈａｒｉｎｇ　Ｉｎｎｏｖａｔｉｏｎｓ
S100XSXL,2026-03-24,2026-03-24 16:33,23840,2025-01-01,2025-12-31,ＳＢＳホールディングス株式会社
S100XSN5,2026-03-24,2026-03-24 16:34,39020,2025-01-01,2025-12-31,メディカル・データ・ビジョン株式会社
S100XNE5,2026-03-24,2026-03-24 16:37,45820,2025-01-01,2025-12-31,シンバイオ製薬株式会社
S100XTDT,2026-03-24,2026-03-24 17:00,48810,2025-01-01,2025-12-31,株式会社ファンペップ
S100XT6D,2026-03-25,2026-03-25 09:00,52570,2025-01-01,2025-12-31,ノバシステム株式会社
S100XTDL,2026-03-25,2026-03-25 09:00,36670,2025-01-01,2025-12-31,株式会社ｅｎｉｓｈ
S100XS6V,2026-03-25,2026-03-25 09:02,40250,2025-01-01,2025-12-31,多木化学株式会社
S100XT6G,2026-03-25,2026-03-25 09:14,44520,2025-01-01,2025-12-31,花王株式会社
S100XTLN,2026-03-25,2026-03-25 09:19,44630,2025-01-01,2025-12-31,日華化学株式会社
S100XTFR,2026-03-25,2026-03-25 09:20,70380,2025-01-01,2025-12-31,フロンティア・マネジメント株式会社
S100XSYM,2026-03-25,2026-03-25 09:28,77390,2025-01-01,2025-12-31,キヤノン電子株式会社
S100XTFP,2026-03-25,2026-03-25 09:46,47220,2025-01-01,2025-12-31,フューチャー株式会社
S100XSXS,2026-03-25,2026-03-25 10:00,49670,2025-01-01,2025-12-31,小林製薬株式会社
S100XTJV,2026-03-25,2026-03-25 10:01,97550,2025-01-01,2025-12-31,応用地質株式会社
S100XT0W,2026-03-25,2026-03-25 10:03,18970,2025-01-01,2025-12-31,金下建設株式会社
S100XTMG,2026-03-25,2026-03-25 10:04,45880,2025-01-01,2025-12-31,オンコリスバイオファーマ株式会社
S100XTMQ,2026-03-25,2026-03-25 10:06,45630,2025-01-01,2025-12-31,アンジェス株式会社
S100XSS6,2026-03-25,2026-03-25 10:15,75310,2025-01-01,2025-12-31,清和中央ホールディングス株式会社
S100XSX2,2026-03-25,2026-03-25 10:30,72280,2025-01-01,2025-12-31,株式会社デイトナ
S100XSJ5,2026-03-25,2026-03-25 10:38,58680,2025-01-01,2025-12-31,株式会社ロココ
S100XTNM,2026-03-25,2026-03-25 10:38,21930,2025-01-01,2025-12-31,クックパッド株式会社
S100XTDX,2026-03-25,2026-03-25 10:40,95430,2025-01-01,2025-12-31,静岡ガス株式会社
S100XSVY,2026-03-25,2026-03-25 10:54,39480,2025-01-01,2025-12-31,光ビジネスフォーム株式会社
S100XTNK,2026-03-25,2026-03-25 11:18,36490,2025-01-01,2025-12-31,株式会社ファインデックス
S100XTGV,2026-03-25,2026-03-25 11:26,36640,2025-01-01,2025-12-31,株式会社モブキャストホールディングス
S100XTP9,2026-03-25,2026-03-25 11:28,53100,2025-01-01,2025-12-31,東洋炭素株式会社
S100XRKS,2026-03-25,2026-03-25 11:30,81650,2025-01-01,2025-12-31,株式会社千趣会
S100XTGC,2026-03-25,2026-03-25 11:31,32610,2025-01-01,2025-12-31,株式会社グランディーズ
S100XTPB,2026-03-25,2026-03-25 11:33,17180,2025-01-01,2025-12-31,美樹工業株式会社
S100XTD8,2026-03-25,2026-03-25 11:42,68710,2025-01-01,2025-12-31,株式会社日本マイクロニクス
S100XRYY,2026-03-25,2026-03-25 11:51,24610,2025-01-01,2025-12-31,株式会社ファンコミュニケーションズ
S100XTHD,2026-03-25,2026-03-25 12:00,41710,2025-01-01,2025-12-31,株式会社グローバルインフォメーション
S100XTPW,2026-03-25,2026-03-25 12:00,261A0,2025-01-01,2025-12-31,株式会社日水コン
S100XSDL,2026-03-25,2026-03-25 12:04,49270,2025-01-01,2025-12-31,株式会社ポーラ・オルビスホールディングス
S100XT5G,2026-03-25,2026-03-25 12:08,94410,2025-01-01,2025-12-31,株式会社ベルパーク
S100XTC0,2026-03-25,2026-03-25 12:11,24180,2025-01-01,2025-12-31,株式会社ツカダ・グローバルホールディング
S100XS86,2026-03-25,2026-03-25 12:30,43720,2025-01-01,2025-12-31,ユミルリンク株式会社
S100XSGM,2026-03-25,2026-03-25 12:48,68530,2025-01-01,2025-12-31,株式会社共和電業
S100XSQ8,2026-03-25,2026-03-25 12:55,27000,2025-01-01,2025-12-31,木徳神糧株式会社
S100XTGN,2026-03-25,2026-03-25 12:57,46410,2025-01-01,2025-12-31,株式会社アルプス技研
S100XTH1,2026-03-25,2026-03-25 13:00,78410,2025-01-01,2025-12-31,株式会社遠藤製作所
S100XT40,2026-03-25,2026-03-25 13:04,58510,2025-01-01,2025-12-31,リョービ株式会社
S100XTT0,2026-03-25,2026-03-25 13:08,47720,2025-01-01,2025-12-31,株式会社ＳＭ　ＥＮＴＥＲＴＡＩＮＭＥＮＴ　ＪＡＰＡＮ
S100XT0V,2026-03-25,2026-03-25 13:09,18990,2025-01-01,2025-12-31,株式会社福田組
S100XTT8,2026-03-25,2026-03-25 13:14,40040,2025-01-01,2025-12-31,株式会社レゾナック・ホールディングス
S100XTIP,2026-03-25,2026-03-25 13:17,39400,2025-01-01,2025-12-31,株式会社ノムラシステムコーポレーション
S100XTTR,2026-03-25,2026-03-25 13:27,42580,2025-01-01,2025-12-31,株式会社網屋
S100XT97,2026-03-25,2026-03-25 13:28,17240,2025-01-01,2025-12-31,シンクレイヤ株式会社
S100XTUB,2026-03-25,2026-03-25 13:44,50100,2025-01-01,2025-12-31,日本精蝋株式会社
S100XTBY,2026-03-25,2026-03-25 14:03,76850,2025-01-01,2025-12-31,株式会社ＢｕｙＳｅｌｌ　Ｔｅｃｈｎｏｌｏｇｉｅｓ
S100XT3M,2026-03-25,2026-03-25 14:07,53020,2025-01-01,2025-12-31,日本カーボン株式会社
S100XTSL,2026-03-25,2026-03-25 14:18,62350,2025-01-01,2025-12-31,株式会社オプトラン
S100XSWN,2026-03-25,2026-03-25 14:27,53370,2025-01-01,2025-12-31,ダントーホールディングス株式会社
S100XTVO,2026-03-25,2026-03-25 14:31,19110,2025-01-01,2025-12-31,住友林業株式会社
S100XSHO,2026-03-25,2026-03-25 14:32,48830,2025-01-01,2025-12-31,株式会社モダリス
S100XT28,2026-03-25,2026-03-25 14:35,41890,2025-01-01,2025-12-31,ＫＨネオケム株式会社
S100XTI8,2026-03-25,2026-03-25 14:37,40450,2025-01-01,2025-12-31,東亞合成株式会社
S100XTJA,2026-03-25,2026-03-25 14:45,96720,2025-01-01,2025-12-31,東京都競馬株式会社
S100XSLT,2026-03-25,2026-03-25 14:53,26930,2025-01-01,2025-12-31,ＹＫＴ株式会社
S100XRPQ,2026-03-25,2026-03-25 14:57,42840,2025-01-01,2025-12-31,株式会社　ソルクシーズ
S100XTX9,2026-03-25,2026-03-25 14:59,40530,2025-01-01,2025-12-31,株式会社Ｓｕｎ　Ａｓｔｅｒｉｓｋ
S100XTH9,2026-03-25,2026-03-25 15:00,79630,2025-01-01,2025-12-31,興研株式会社
S100XTCV,2026-03-25,2026-03-25 15:00,69290,2025-01-01,2025-12-31,日本セラミック株式会社
S100XTTY,2026-03-25,2026-03-25 15:04,78140,2025-01-01,2025-12-31,株式会社日本創発グループ
S100XTM0,2026-03-25,2026-03-25 15:08,25010,2025-01-01,2025-12-31,サッポロホールディングス株式会社
S100XTP6,2026-03-25,2026-03-25 15:10,62760,2025-01-01,2025-12-31,シリウスビジョン株式会社
S100XSMJ,2026-03-25,2026-03-25 15:11,51010,2025-01-01,2025-12-31,横浜ゴム株式会社
S100XTG9,2026-03-25,2026-03-25 15:13,33550,2025-01-01,2025-12-31,クリヤマホールディングス株式会社
S100XSYQ,2026-03-25,2026-03-25 15:15,22660,2025-01-01,2025-12-31,六甲バター株式会社
S100XTN4,2026-03-25,2026-03-25 15:30,248A0,2025-01-01,2025-12-31,株式会社キッズスター
S100XTGG,2026-03-25,2026-03-25 15:30,29700,2025-01-01,2025-12-31,ＧＬＣ　ＧＲＯＵＰ株式会社
S100XTGZ,2026-03-25,2026-03-25 15:30,55900,2025-01-01,2025-12-31,株式会社ネットスターズ
S100XTLJ,2026-03-25,2026-03-25 15:30,77510,2025-01-01,2025-12-31,キヤノン株式会社
S100XSOT,2026-03-25,2026-03-25 15:30,64650,2025-01-01,2025-12-31,ホシザキ株式会社
S100XTYS,2026-03-25,2026-03-25 15:30,431A0,2025-01-01,2025-12-31,ユーソナー株式会社
S100XTY6,2026-03-25,2026-03-25 15:30,44930,2025-01-01,2025-12-31,株式会社サイバーセキュリティクラウド
S100XTK0,2026-03-25,2026-03-25 15:30,73580,2025-01-01,2025-12-31,株式会社ポピンズ
S100XQSG,2026-03-25,2026-03-25 15:30,76750,2025-01-01,2025-12-31,セントラルフォレストグループ株式会社
S100XSEW,2026-03-25,2026-03-25 15:30,485A0,2025-01-01,2025-12-31,株式会社パワーエックス
S100XTMW,2026-03-25,2026-03-25 15:30,70610,2025-01-01,2025-12-31,日本ホスピスホールディングス株式会社
S100XTAR,2026-03-25,2026-03-25 15:31,479A0,2025-01-01,2025-12-31,ＰＲＯＮＩ株式会社
S100XTWQ,2026-03-25,2026-03-25 15:31,155A0,2025-01-01,2025-12-31,株式会社情報戦略テクノロジー
S100XTGF,2026-03-25,2026-03-25 15:33,52410,2025-01-01,2025-12-31,株式会社日本オーエー研究所
S100XTA7,2026-03-25,2026-03-25 15:34,65400,2025-01-01,2025-12-31,株式会社船場
S100XT6S,2026-03-25,2026-03-25 15:34,69150,2025-01-01,2025-12-31,千代田インテグレ株式会社
S100XTG8,2026-03-25,2026-03-25 15:35,91470,2025-01-01,2025-12-31,ＮＩＰＰＯＮ　ＥＸＰＲＥＳＳホールディングス株式会社
S100XTKE,2026-03-25,2026-03-25 15:36,42550,2025-01-01,2025-12-31,ＴＨＥＣＯＯ株式会社
S100XTT5,2026-03-25,2026-03-25 15:38,63100,2025-01-01,2025-12-31,井関農機株式会社
S100XT7F,2026-03-25,2026-03-25 15:39,42930,2025-01-01,2025-12-31,株式会社セプテーニ・ホールディングス
S100XTZB,2026-03-25,2026-03-25 15:39,265A0,2025-01-01,2025-12-31,Ｈｍｃｏｍｍ株式会社
S100XTBJ,2026-03-25,2026-03-25 15:42,45190,2025-01-01,2025-12-31,中外製薬株式会社
S100XSYP,2026-03-25,2026-03-25 15:43,30640,2025-01-01,2025-12-31,株式会社ＭｏｎｏｔａＲＯ
S100XTL0,2026-03-25,2026-03-25 15:44,77900,2025-01-01,2025-12-31,株式会社バルコス
S100XTYD,2026-03-25,2026-03-25 15:45,70810,2025-01-01,2025-12-31,コーユーレンティア株式会社
S100XT4I,2026-03-25,2026-03-25 15:47,480A0,2025-01-01,2025-12-31,株式会社リブ・コンサルティング
S100XTR2,2026-03-25,2026-03-25 15:49,65330,2025-01-01,2025-12-31,株式会社Ｏｒｃｈｅｓｔｒａ　Ｈｏｌｄｉｎｇｓ
S100XTWJ,2026-03-25,2026-03-25 15:56,70820,2025-01-01,2025-12-31,株式会社ジモティー
S100XTSA,2026-03-25,2026-03-25 15:59,93390,2025-01-01,2025-12-31,株式会社コーチ・エィ
S100XU0K,2026-03-25,2026-03-25 16:00,478A0,2025-01-01,2025-12-31,株式会社フツパー
S100XU06,2026-03-25,2026-03-25 16:00,34860,2025-01-01,2025-12-31,株式会社グローバル・リンク・マネジメント
S100XTRE,2026-03-25,2026-03-25 16:00,41660,2025-01-01,2025-12-31,かっこ株式会社
S100XTOY,2026-03-25,2026-03-25 16:00,62680,2025-01-01,2025-12-31,ナブテスコ株式会社
S100XTL6,2026-03-25,2026-03-25 16:00,71120,2025-01-01,2025-12-31,株式会社キューブ
S100XSRF,2026-03-25,2026-03-25 16:00,58710,2025-01-01,2025-12-31,ＳＯＬＩＺＥ　Ｈｏｌｄｉｎｇｓ株式会社
S100XTLM,2026-03-25,2026-03-25 16:00,64640,2025-01-01,2025-12-31,株式会社ツバキ・ナカシマ
S100XTYN,2026-03-25,2026-03-25 16:01,45650,2025-01-01,2025-12-31,ネクセラファーマ株式会社
S100XU05,2026-03-25,2026-03-25 16:02,48400,2025-01-01,2025-12-31,株式会社トライアイズ
S100XTA9,2026-03-25,2026-03-25 16:02,95390,2025-01-01,2025-12-31,京葉瓦斯株式会社
S100XTY8,2026-03-25,2026-03-25 16:04,37440,2025-01-01,2025-12-31,サイオス株式会社
S100XSXA,2026-03-25,2026-03-25 16:06,47250,2025-01-01,2025-12-31,株式会社ＣＡＣ　Ｈｏｌｄｉｎｇｓ
S100XU0E,2026-03-25,2026-03-25 16:09,95630,2025-01-01,2025-12-31,Ａｔｌａｓ　Ｔｅｃｈｎｏｌｏｇｉｅｓ株式会社
S100XTE7,2026-03-25,2026-03-25 16:12,39040,2025-01-01,2025-12-31,株式会社カヤック
S100XTCP,2026-03-25,2026-03-25 16:20,66120,2025-01-01,2025-12-31,バルミューダ株式会社
S100XT84,2026-03-25,2026-03-25 16:22,14490,2025-01-01,2025-12-31,株式会社ＦＵＪＩジャパン
S100XT8X,2026-03-25,2026-03-25 16:26,30910,2025-01-01,2025-12-31,株式会社ブロンコビリー
S100XU0T,2026-03-25,2026-03-25 16:29,377A0,2025-07-01,2025-12-31,株式会社エージェントＩＧホールディングス
S100XTOJ,2026-03-25,2026-03-25 16:29,66270,2025-01-01,2025-12-31,株式会社テラプローブ
S100XT5L,2026-03-25,2026-03-25 16:30,50150,2025-01-01,2025-12-31,ビーピー・カストロール株式会社
S100XTYP,2026-03-25,2026-03-25 16:39,72440,2025-01-01,2025-12-31,市光工業株式会社
S100XSSZ,2026-03-25,2026-03-25 16:52,34050,2025-01-01,2025-12-31,株式会社クラレ
S100XU2H,2026-03-25,2026-03-25 17:02,39500,2025-01-01,2025-12-31,ザ・パック株式会社
S100XU72,2026-03-26,2026-03-26 09:00,56190,2025-01-01,2025-12-31,マーソ株式会社
S100XSM3,2026-03-26,2026-03-26 09:00,96560,2025-01-01,2025-12-31,グリーンランドリゾート株式会社
S100XTV5,2026-03-26,2026-03-26 09:03,62230,2025-01-01,2025-12-31,株式会社　西部技研
S100XT3I,2026-03-26,2026-03-26 09:04,74250,2025-01-01,2025-12-31,初穂商事株式会社
S100XTF0,2026-03-26,2026-03-26 09:10,45950,2025-01-01,2025-12-31,株式会社ミズホメディー
S100XU17,2026-03-26,2026-03-26 09:10,52140,2025-01-01,2025-12-31,日本電気硝子株式会社
S100XTWS,2026-03-26,2026-03-26 09:14,22160,2025-01-01,2025-12-31,カンロ株式会社
S100XT3K,2026-03-26,2026-03-26 09:27,65240,2025-01-01,2025-12-31,湖北工業株式会社
S100XT1R,2026-03-26,2026-03-26 09:29,63020,2025-01-01,2025-12-31,住友重機械工業株式会社
S100XU8Z,2026-03-26,2026-03-26 09:38,31960,2025-01-01,2025-12-31,株式会社ホットランドホールディングス
S100XTTU,2026-03-26,2026-03-26 09:43,48480,2025-01-01,2025-12-31,株式会社フルキャストホールディングス
S100XU5I,2026-03-26,2026-03-26 10:01,78460,2025-01-01,2025-12-31,株式会社パイロットコーポレーション
S100XTR8,2026-03-26,2026-03-26 10:02,35660,2025-01-01,2025-12-31,ユニフォームネクスト株式会社
S100XTWL,2026-03-26,2026-03-26 10:02,97680,2025-01-01,2025-12-31,いであ株式会社
S100XSWS,2026-03-26,2026-03-26 10:04,60540,2025-01-01,2025-12-31,株式会社リブセンス
S100XU5J,2026-03-26,2026-03-26 10:06,24910,2025-01-01,2025-12-31,バリューコマース株式会社
S100XU3R,2026-03-26,2026-03-26 10:06,63760,2025-01-01,2025-12-31,日機装株式会社
S100XTN7,2026-03-26,2026-03-26 10:13,32040,2025-01-01,2025-12-31,株式会社トーア紡コーポレーション
S100XUA7,2026-03-26,2026-03-26 10:13,45780,2025-01-01,2025-12-31,大塚ホールディングス株式会社
S100XTAP,2026-03-26,2026-03-26 10:22,20090,2025-01-01,2025-12-31,鳥越製粉株式会社
S100XS9S,2026-03-26,2026-03-26 10:36,59500,2025-01-01,2025-12-31,日本パワーファスニング株式会社
S100XUB4,2026-03-26,2026-03-26 10:42,77400,2025-01-01,2025-12-31,株式会社タムロン
S100XTWY,2026-03-26,2026-03-26 11:00,33500,2025-01-01,2025-12-31,株式会社メタプラネット
S100XUAO,2026-03-26,2026-03-26 11:06,19940,2025-01-01,2025-12-31,高橋カーテンウォール工業株式会社
S100XU2F,2026-03-26,2026-03-26 11:10,65610,2025-01-01,2025-12-31,株式会社ＨＡＮＡＴＯＵＲ　ＪＡＰＡＮ
S100XU39,2026-03-26,2026-03-26 11:11,52420,2025-01-01,2025-12-31,株式会社アイズ
S100XSSJ,2026-03-26,2026-03-26 11:17,66300,2025-05-01,2025-12-31,ヤーマン株式会社
S100XU3Y,2026-03-26,2026-03-26 11:18,52400,2025-01-01,2025-12-31,ｍｏｎｏＡＩ　ｔｅｃｈｎｏｌｏｇｙ株式会社
S100XU87,2026-03-26,2026-03-26 11:28,60990,2025-01-01,2025-12-31,株式会社エラン
S100XRR5,2026-03-26,2026-03-26 11:30,34360,2025-01-01,2025-12-31,株式会社ＳＵＭＣＯ
S100XUCR,2026-03-26,2026-03-26 11:31,79920,2025-01-01,2025-12-31,セーラー万年筆株式会社
S100XTYE,2026-03-26,2026-03-26 11:44,51050,2025-01-01,2025-12-31,ＴＯＹＯ　ＴＩＲＥ株式会社
S100XTPA,2026-03-26,2026-03-26 11:50,91730,2025-01-01,2025-12-31,東海汽船株式会社
S100XSFK,2026-03-26,2026-03-26 11:54,45720,2025-01-01,2025-12-31,カルナバイオサイエンス株式会社
S100XUDU,2026-03-26,2026-03-26 11:59,96210,2025-01-01,2025-12-31,株式会社建設技術研究所
S100XUDS,2026-03-26,2026-03-26 12:01,66350,2025-01-01,2025-12-31,株式会社大日光・エンジニアリング
S100XU2G,2026-03-26,2026-03-26 12:28,97020,2025-01-01,2025-12-31,株式会社アイ・エス・ビー
S100XUDW,2026-03-26,2026-03-26 12:31,31380,2025-01-01,2025-12-31,株式会社富士山マガジンサービス
S100XUF0,2026-03-26,2026-03-26 12:53,29860,2025-01-01,2025-12-31,株式会社ＬＡホールディングス
S100XT1X,2026-03-26,2026-03-26 12:54,39470,2025-01-01,2025-12-31,ダイナパック株式会社
S100XU6C,2026-03-26,2026-03-26 12:59,62690,2025-01-01,2025-12-31,三井海洋開発株式会社
S100XU1E,2026-03-26,2026-03-26 13:00,49120,2025-01-01,2025-12-31,ライオン株式会社
S100XU5A,2026-03-26,2026-03-26 13:01,64590,2025-01-01,2025-12-31,大和冷機工業株式会社
S100XU8N,2026-03-26,2026-03-26 13:04,52160,2025-01-01,2025-12-31,株式会社倉元製作所
S100XTK8,2026-03-26,2026-03-26 13:06,30010,2025-01-01,2025-12-31,片倉工業株式会社
S100XU1Y,2026-03-26,2026-03-26 13:17,73590,2025-01-01,2025-12-31,株式会社東京通信グループ
S100XT95,2026-03-26,2026-03-26 13:30,78330,2025-01-01,2025-12-31,株式会社アイフィスジャパン
S100XTUG,2026-03-26,2026-03-26 13:42,66940,2025-01-01,2025-12-31,株式会社ズーム
S100XU4V,2026-03-26,2026-03-26 13:49,42350,2025-01-01,2025-12-31,ウルトラファブリックス・ホールディングス株式会社
S100XUGF,2026-03-26,2026-03-26 13:53,44820,2025-01-01,2025-12-31,株式会社ウィルズ
S100XUGX,2026-03-26,2026-03-26 13:54,149A0,2025-01-01,2025-12-31,株式会社シンカ
S100XU5X,2026-03-26,2026-03-26 13:57,73620,2025-01-01,2025-12-31,株式会社Ｔ．Ｓ．Ｉ
S100XU6D,2026-03-26,2026-03-26 14:01,44500,2025-01-01,2025-12-31,株式会社パワーソリューションズ
S100XUBY,2026-03-26,2026-03-26 14:04,37750,2025-01-01,2025-12-31,株式会社ガイアックス
S100XUGB,2026-03-26,2026-03-26 14:11,89460,2025-01-01,2025-12-31,株式会社ＡＳＩＡＮ　ＳＴＡＲ
S100XUHN,2026-03-26,2026-03-26 14:16,47040,2025-01-01,2025-12-31,トレンドマイクロ株式会社
S100XTRA,2026-03-26,2026-03-26 14:22,76250,2025-01-01,2025-12-31,株式会社グローバルダイニング
S100XRTE,2026-03-26,2026-03-26 14:26,25730,2025-01-01,2025-12-31,北海道コカ・コーラボトリング株式会社
S100XU0X,2026-03-26,2026-03-26 14:26,47680,2025-01-01,2025-12-31,株式会社　大塚商会
S100XUIC,2026-03-26,2026-03-26 14:27,146A0,2025-01-01,2025-12-31,コロンビア・ワークス株式会社
S100XUBI,2026-03-26,2026-03-26 14:40,31970,2025-01-01,2025-12-31,株式会社すかいらーくホールディングス
S100XTHX,2026-03-26,2026-03-26 14:46,67690,2025-01-01,2025-12-31,ザインエレクトロニクス株式会社
S100XTS2,2026-03-26,2026-03-26 14:47,24990,2025-01-01,2025-12-31,日本和装ホールディングス株式会社
S100XUEF,2026-03-26,2026-03-26 14:52,51870,2025-01-01,2025-12-31,クリエートメディック株式会社
S100XU4M,2026-03-26,2026-03-26 14:59,50350,2025-01-01,2025-12-31,ＨＯＵＳＥＩ株式会社
S100XUJ9,2026-03-26,2026-03-26 15:00,64000,2025-01-01,2025-12-31,不二精機株式会社
S100XU07,2026-03-26,2026-03-26 15:02,71280,2025-01-01,2025-12-31,ユニソルホールディングス株式会社
S100XUE1,2026-03-26,2026-03-26 15:02,79840,2025-01-01,2025-12-31,コクヨ株式会社
S100XU8H,2026-03-26,2026-03-26 15:10,34490,2025-01-01,2025-12-31,株式会社テクノフレックス
S100XU2S,2026-03-26,2026-03-26 15:16,46120,2025-01-01,2025-12-31,日本ペイントホールディングス株式会社
S100XUKD,2026-03-26,2026-03-26 15:16,77760,2025-01-01,2025-12-31,株式会社セルシード
S100XU9L,2026-03-26,2026-03-26 15:17,16050,2025-01-01,2025-12-31,株式会社ＩＮＰＥＸ
S100XUK7,2026-03-26,2026-03-26 15:22,55630,2025-01-01,2025-12-31,新日本電工株式会社
S100XU33,2026-03-26,2026-03-26 15:22,46420,2025-01-01,2025-12-31,オリジナル設計株式会社
S100XUKL,2026-03-26,2026-03-26 15:24,59430,2025-01-01,2025-12-31,株式会社ノーリツ
S100XUAQ,2026-03-26,2026-03-26 15:25,98270,2025-01-01,2025-12-31,リリカラ株式会社
S100XUBZ,2026-03-26,2026-03-26 15:30,34820,2025-01-01,2025-12-31,ロードスターキャピタル株式会社
S100XUL3,2026-03-26,2026-03-26 15:30,59590,2025-01-01,2025-12-31,岡部株式会社
S100XUJP,2026-03-26,2026-03-26 15:30,29320,2025-01-01,2025-12-31,株式会社ＳＴＩフードホールディングス
S100XTNW,2026-03-26,2026-03-26 15:30,47550,2025-01-01,2025-12-31,楽天グループ株式会社
S100XUL5,2026-03-26,2026-03-26 15:30,219A0,2024-11-01,2025-12-31,Ｈｅａｒｔｓｅｅｄ株式会社
S100XUK8,2026-03-26,2026-03-26 15:30,93450,2025-01-01,2025-12-31,ビズメイツ株式会社
S100XTWZ,2026-03-26,2026-03-26 15:30,34520,2025-01-01,2025-12-31,株式会社ビーロット
S100XU41,2026-03-26,2026-03-26 15:30,50390,2025-01-01,2025-12-31,株式会社キットアライブ
S100XUHI,2026-03-26,2026-03-26 15:30,73540,2025-01-01,2025-12-31,株式会社ダイレクトマーケティングミックス
S100XU6G,2026-03-26,2026-03-26 15:30,39110,2025-01-01,2025-12-31,株式会社Ａｉｍｉｎｇ
S100XUFT,2026-03-26,2026-03-26 15:31,24360,2025-01-01,2025-12-31,共同ピーアール株式会社
S100XUA2,2026-03-26,2026-03-26 15:31,34450,2025-01-01,2025-12-31,株式会社ＲＳ　Ｔｅｃｈｎｏｌｏｇｉｅｓ
S100XUHG,2026-03-26,2026-03-26 15:31,50270,2025-01-01,2025-12-31,ＡｎｙＭｉｎｄ　Ｇｒｏｕｐ株式会社
S100XUID,2026-03-26,2026-03-26 15:33,60710,2025-01-01,2025-12-31,株式会社ＩＢＪ
S100XTNG,2026-03-26,2026-03-26 15:34,41800,2025-01-01,2025-12-31,Ａｐｐｉｅｒ　Ｇｒｏｕｐ株式会社
S100XU9B,2026-03-26,2026-03-26 15:34,66530,2025-01-01,2025-12-31,株式会社正興電機製作所
S100XU6Z,2026-03-26,2026-03-26 15:38,21240,2025-01-01,2025-12-31,株式会社ジェイエイシーリクルートメント
S100XULB,2026-03-26,2026-03-26 15:38,55910,2025-01-01,2025-12-31,株式会社ＡＶＩＬＥＮ
S100XTVB,2026-03-26,2026-03-26 15:38,39680,2025-01-01,2025-12-31,セグエグループ株式会社
S100XU98,2026-03-26,2026-03-26 15:39,36830,2025-01-01,2025-12-31,株式会社サイバーリンクス
S100XULF,2026-03-26,2026-03-26 15:39,30530,2025-01-01,2025-12-31,株式会社ペッパーフードサービス
S100XS1R,2026-03-26,2026-03-26 15:43,148A0,2025-01-01,2025-12-31,株式会社ハッチ・ワーク
S100XTX2,2026-03-26,2026-03-26 15:46,36800,2025-01-01,2025-12-31,株式会社ホットリンク
S100XUCN,2026-03-26,2026-03-26 15:52,44280,2025-01-01,2025-12-31,株式会社シノプス
S100XTWU,2026-03-26,2026-03-26 15:53,40190,2025-01-01,2025-12-31,株式会社スタメン
S100XU36,2026-03-26,2026-03-26 15:58,69140,2025-01-01,2025-12-31,オプテックスグループ株式会社
S100XT05,2026-03-26,2026-03-26 16:00,31050,2025-01-01,2025-12-31,日清紡ホールディングス株式会社
S100XU1F,2026-03-26,2026-03-26 16:05,60290,2025-01-01,2025-12-31,アトラグループ株式会社
S100XTQS,2026-03-26,2026-03-26 16:05,32760,2025-01-01,2025-12-31,株式会社ＪＰＭＣ
S100XU7P,2026-03-26,2026-03-26 16:07,36560,2025-01-01,2025-12-31,ＫＬａｂ株式会社
S100XTSK,2026-03-26,2026-03-26 16:08,281A0,2025-01-01,2025-12-31,インフォメティス株式会社
S100XUCA,2026-03-26,2026-03-26 16:08,43950,2025-01-01,2025-12-31,株式会社アクリート
S100XS0O,2026-03-26,2026-03-26 16:10,43240,2025-01-01,2025-12-31,株式会社電通グループ
S100XTKS,2026-03-26,2026-03-26 16:17,23300,2025-01-01,2025-12-31,株式会社フォーサイド
S100XUN1,2026-03-26,2026-03-26 16:26,40740,2025-01-01,2025-12-31,株式会社ラキール
S100XUN8,2026-03-26,2026-03-26 16:27,504A0,2025-01-01,2025-12-31,イノバセル株式会社
S100XUKI,2026-03-26,2026-03-26 16:28,44810,2025-01-01,2025-12-31,ベース株式会社
S100XUIK,2026-03-26,2026-03-26 16:32,48200,2025-01-01,2025-12-31,株式会社イーエムシステムズ（商号　株式会社ＥＭシステムズ）
S100XUAX,2026-03-26,2026-03-26 16:40,65920,2025-01-01,2025-12-31,マブチモーター株式会社
S100XQHE,2026-03-26,2026-03-26 16:54,73470,2025-01-01,2025-12-31,株式会社マーキュリアホールディングス
S100XU85,2026-03-26,2026-03-26 17:00,53010,2025-01-01,2025-12-31,東海カーボン株式会社
S100XUO9,2026-03-26,2026-03-26 17:01,290A0,2025-01-01,2025-12-31,株式会社Ｓｙｎｓｐｅｃｔｉｖｅ
S100XU1D,2026-03-26,2026-03-26 17:14,42450,2025-01-01,2025-12-31,株式会社ダイキアクシス
S100XUGC,2026-03-27,2026-03-27 09:04,69770,2025-01-01,2025-12-31,株式会社日本抵抗器製作所
S100XUQ2,2026-03-27,2026-03-27 09:07,55880,2025-01-01,2025-12-31,ファーストアカウンティング株式会社
S100XUE0,2026-03-27,2026-03-27 09:16,76090,2025-01-01,2025-12-31,ダイトロン株式会社
S100XUNZ,2026-03-27,2026-03-27 09:18,47460,2025-01-01,2025-12-31,株式会社東計電算
S100XU04,2026-03-27,2026-03-27 09:30,56160,2025-01-01,2025-12-31,株式会社雨風太陽
S100XUMN,2026-03-27,2026-03-27 10:03,16630,2025-01-01,2025-12-31,Ｋ＆Ｏエナジーグループ株式会社
S100XUUD,2026-03-27,2026-03-27 10:24,43740,2025-01-01,2025-12-31,株式会社ＲＯＢＯＴ　ＰＡＹＭＥＮＴ
S100XT8H,2026-03-27,2026-03-27 10:43,41070,2025-01-01,2025-12-31,伊勢化学工業株式会社
S100XUVY,2026-03-27,2026-03-27 11:34,286A0,2025-01-01,2025-12-31,株式会社ユカリア
S100XUQB,2026-03-27,2026-03-27 11:37,14290,2025-01-01,2025-12-31,株式会社日本アクア
S100XUIL,2026-03-27,2026-03-27 11:38,59970,2025-01-01,2025-12-31,協立エアテック株式会社
S100XUSL,2026-03-27,2026-03-27 12:10,40110,2025-01-01,2025-12-31,株式会社ヘッドウォータース
S100XUXN,2026-03-27,2026-03-27 12:22,64970,2025-01-01,2025-12-31,株式会社ハマイ
S100XUE5,2026-03-27,2026-03-27 13:00,80290,2025-01-01,2025-12-31,株式会社ルックホールディングス
S100XUYQ,2026-03-27,2026-03-27 13:25,60630,2025-01-01,2025-12-31,日本エマージェンシーアシスタンス株式会社
S100XU6S,2026-03-27,2026-03-27 13:42,36960,2025-01-01,2025-12-31,株式会社セレス
S100XUYZ,2026-03-27,2026-03-27 13:53,62650,2025-01-01,2025-12-31,コンバム株式会社
S100XUZC,2026-03-27,2026-03-27 13:59,40600,2025-01-01,2025-12-31,ｒａｋｕｍｏ株式会社
S100XU9P,2026-03-27,2026-03-27 14:00,77160,2025-01-01,2025-12-31,株式会社ナカニシ
S100XUJB,2026-03-27,2026-03-27 14:00,64440,2025-01-01,2025-12-31,サンデン株式会社
S100XTTF,2026-03-27,2026-03-27 14:00,49190,2025-01-01,2025-12-31,株式会社ミルボン
S100XUVD,2026-03-27,2026-03-27 14:10,97570,2025-01-01,2025-12-31,株式会社船井総研ホールディングス
S100XUPN,2026-03-27,2026-03-27 14:13,40200,2025-01-01,2025-12-31,ビートレンド株式会社
S100XV0N,2026-03-27,2026-03-27 14:23,27520,2025-01-01,2025-12-31,株式会社フジオフードグループ本社
S100XUQM,2026-03-27,2026-03-27 14:24,61430,2025-01-01,2025-12-31,株式会社ソディック
S100XUTV,2026-03-27,2026-03-27 14:30,79570,2025-01-01,2025-12-31,フジコピアン株式会社
S100XTVS,2026-03-27,2026-03-27 15:06,25030,2025-01-01,2025-12-31,キリンホールディングス株式会社
S100XUH3,2026-03-27,2026-03-27 15:08,77820,2025-01-01,2025-12-31,株式会社シンシア
S100XV29,2026-03-27,2026-03-27 15:12,334A0,2025-01-01,2025-12-31,株式会社ビジュアル・プロセッシング・ジャパン
S100XV36,2026-03-27,2026-03-27 15:24,338A0,2025-01-01,2025-12-31,株式会社ＺｅｎｍｕＴｅｃｈ
S100XUT2,2026-03-27,2026-03-27 15:30,30540,2025-01-01,2025-12-31,株式会社ハイパー
S100XUJV,2026-03-27,2026-03-27 15:30,44760,2025-01-01,2025-12-31,ＡＩ　ＣＲＯＳＳ株式会社
S100XUXF,2026-03-27,2026-03-27 15:30,43750,2025-01-01,2025-12-31,セーフィー株式会社
S100XUWD,2026-03-27,2026-03-27 15:30,48110,2025-01-01,2025-12-31,株式会社ドリーム・アーツ
S100XUJ0,2026-03-27,2026-03-27 15:30,76130,2025-01-01,2025-12-31,シークス株式会社
S100XV3D,2026-03-27,2026-03-27 15:30,43790,2025-01-01,2025-12-31,株式会社Ｐｈｏｔｏｓｙｎｔｈ
S100XUW1,2026-03-27,2026-03-27 15:30,34740,2025-01-01,2025-12-31,Ｇ－ＦＡＣＴＯＲＹ株式会社
S100XUHX,2026-03-27,2026-03-27 15:30,45960,2025-01-01,2025-12-31,窪田製薬ホールディングス株式会社
S100XUPZ,2026-03-27,2026-03-27 15:30,62910,2025-01-01,2025-12-31,日本エアーテック株式会社
S100XUME,2026-03-27,2026-03-27 15:31,34160,2025-01-01,2025-12-31,ピクスタ株式会社
S100XUKS,2026-03-27,2026-03-27 15:32,47760,2025-01-01,2025-12-31,サイボウズ株式会社
S100XUAL,2026-03-27,2026-03-27 15:32,43920,2025-01-01,2025-12-31,ＦＩＧ株式会社
S100XUMZ,2026-03-27,2026-03-27 15:35,37580,2025-01-01,2025-12-31,株式会社アエリア
S100XUQE,2026-03-27,2026-03-27 15:37,39810,2025-01-01,2025-12-31,株式会社ビーグリー
S100XTNP,2026-03-27,2026-03-27 15:38,42640,2025-01-01,2025-12-31,株式会社セキュア
S100XV2A,2026-03-27,2026-03-27 15:39,95610,2025-01-01,2025-12-31,株式会社グラッドキューブ
S100XRSE,2026-03-27,2026-03-27 15:39,39280,2025-01-01,2025-12-31,株式会社マイネット
S100XUPT,2026-03-27,2026-03-27 15:39,92710,2025-01-01,2025-12-31,株式会社和心
S100XUJT,2026-03-27,2026-03-27 15:40,45830,2025-01-01,2025-12-31,株式会社カイオム・バイオサイエンス
S100XUP0,2026-03-27,2026-03-27 15:40,39980,2025-01-01,2025-12-31,株式会社すららネット
S100XV2Z,2026-03-27,2026-03-27 15:43,70930,2025-01-01,2025-12-31,アディッシュ株式会社
S100XUUG,2026-03-27,2026-03-27 15:47,96120,2025-01-01,2025-12-31,株式会社ラックランド
S100XUP3,2026-03-27,2026-03-27 15:48,43770,2025-01-01,2025-12-31,株式会社ワンキャリア
S100XV3B,2026-03-27,2026-03-27 15:49,39760,2024-11-01,2025-12-31,株式会社シャノン
S100XV28,2026-03-27,2026-03-27 15:51,37770,2025-01-01,2025-12-31,株式会社環境フレンドリーホールディングス
S100XV0H,2026-03-27,2026-03-27 15:54,79860,2025-01-01,2025-12-31,日本アイ・エス・ケイ株式会社
S100XV4F,2026-03-27,2026-03-27 15:59,38070,2025-01-01,2025-12-31,株式会社フィスコ
S100XV4H,2026-03-27,2026-03-27 16:00,55370,2025-01-01,2025-12-31,株式会社ＡｌｂａＬｉｎｋ
S100XUYO,2026-03-27,2026-03-27 16:00,47660,2025-01-01,2025-12-31,株式会社ピーエイ
S100XUR2,2026-03-27,2026-03-27 16:00,82020,2025-01-01,2025-12-31,ラオックスホールディングス株式会社
S100XUQY,2026-03-27,2026-03-27 16:00,92460,2025-01-01,2025-12-31,株式会社プロジェクトホールディングス
S100XUXC,2026-03-27,2026-03-27 16:03,43710,2025-01-01,2025-12-31,株式会社コアコンセプト・テクノロジー
S100XV32,2026-03-27,2026-03-27 16:04,22150,2025-01-01,2025-12-31,第一屋製パン株式会社
S100XV4M,2026-03-27,2026-03-27 16:06,48920,2025-01-01,2025-12-31,株式会社サイフューズ
S100XV05,2026-03-27,2026-03-27 16:10,93990,2025-01-01,2025-12-31,ビート・ホールディングス・リミテッド　（貝德控股有限公司、Ｂｅａｔ　Ｈｏｌｄｉｎｇｓ　Ｌｉｍｉｔｅｄ）
S100XUX4,2026-03-27,2026-03-27 16:16,32410,2025-01-01,2025-12-31,株式会社ウィル
S100XTO4,2026-03-27,2026-03-27 16:21,70440,2025-01-01,2025-12-31,株式会社ピアラ
S100XUYI,2026-03-27,2026-03-27 16:25,44870,2025-01-01,2025-12-31,株式会社スペースマーケット
S100XV5Y,2026-03-27,2026-03-27 16:28,56180,2025-01-01,2025-12-31,ナイル株式会社
S100XU23,2026-03-27,2026-03-27 16:32,43510,2025-01-01,2025-12-31,株式会社山田再生系債権回収総合事務所
S100XUO8,2026-03-27,2026-03-27 16:35,44490,2025-01-01,2025-12-31,株式会社ギフティ
S100XUVG,2026-03-27,2026-03-27 16:37,42860,2025-01-01,2025-12-31,株式会社ＣＬホールディングス
S100XURW,2026-03-27,2026-03-27 16:38,65730,2025-01-01,2025-12-31,ＣＲＡＶＩＡ株式会社
S100XURZ,2026-03-27,2026-03-27 16:41,36710,2025-01-01,2025-12-31,ソフトマックス株式会社
S100XV4B,2026-03-27,2026-03-27 16:55,21600,2025-01-01,2025-12-31,株式会社ジーエヌアイグループ
S100XUX3,2026-03-27,2026-03-27 17:00,44800,2025-01-01,2025-12-31,株式会社メドレー
S100XV0K,2026-03-30,2026-03-30 09:00,153A0,2025-01-01,2025-12-31,株式会社カウリス
S100XUMY,2026-03-30,2026-03-30 09:02,61410,2025-01-01,2025-12-31,ＤＭＧ森精機株式会社
S100XV3Y,2026-03-30,2026-03-30 09:17,40560,2025-01-01,2025-12-31,ニューラルグループ株式会社
S100XU9W,2026-03-30,2026-03-30 09:33,68700,2025-01-01,2025-12-31,日本フェンオール株式会社
S100XV8N,2026-03-30,2026-03-30 09:46,80400,2025-01-01,2025-12-31,株式会社東京ソワール
S100XVB7,2026-03-30,2026-03-30 10:00,41680,2025-01-01,2025-12-31,株式会社ヤプリ
S100XVBS,2026-03-30,2026-03-30 10:11,48910,2025-03-01,2025-12-31,㈱ティムス
S100XVCG,2026-03-30,2026-03-30 10:50,39970,2025-01-01,2025-12-31,株式会社トレードワークス
S100XULK,2026-03-30,2026-03-30 10:54,21690,2025-01-01,2025-12-31,ＣＤＳ株式会社
S100XV4T,2026-03-30,2026-03-30 11:06,59650,2025-01-01,2025-12-31,株式会社フジマック
S100XVC1,2026-03-30,2026-03-30 11:12,77930,2025-01-01,2025-12-31,株式会社イメージ・マジック
S100XV33,2026-03-30,2026-03-30 11:30,21730,2025-01-01,2025-12-31,株式会社博展
S100XV5A,2026-03-30,2026-03-30 11:36,23250,2025-01-01,2025-12-31,株式会社ＮＪＳ
S100XV70,2026-03-30,2026-03-30 12:00,70390,2025-01-01,2025-12-31,ブリッジインターナショナル株式会社
S100XV4W,2026-03-30,2026-03-30 12:22,37270,2025-01-01,2025-12-31,株式会社アプリックス
S100XV8F,2026-03-30,2026-03-30 12:38,37190,2025-01-01,2025-12-31,ＡＩストーム株式会社
S100XSOQ,2026-03-30,2026-03-30 13:12,41700,2025-01-01,2025-12-31,株式会社Ｋａｉｚｅｎ　Ｐｌａｔｆｏｒｍ
S100XURA,2026-03-30,2026-03-30 13:14,65460,2025-01-01,2025-12-31,フルテック株式会社
S100XVG3,2026-03-30,2026-03-30 13:24,55970,2025-01-01,2025-12-31,ブルーイノベーション株式会社
S100XVH2,2026-03-30,2026-03-30 13:58,67480,2025-01-01,2025-12-31,星和電機株式会社
S100XTM9,2026-03-30,2026-03-30 14:26,55420,2025-01-01,2025-12-31,新報国マテリアル株式会社
S100XV82,2026-03-30,2026-03-30 14:32,58160,2025-01-01,2025-12-31,オーナンバ株式会社
S100XVIQ,2026-03-30,2026-03-30 14:40,519A0,2025-01-01,2025-12-31,株式会社ベーシック
S100XVFP,2026-03-30,2026-03-30 15:01,68350,2025-01-01,2025-12-31,アライドテレシスホールディングス株式会社
S100XVJC,2026-03-30,2026-03-30 15:01,99730,2025-01-01,2025-12-31,ＫＯＺＯホールディングス株式会社
S100XV85,2026-03-30,2026-03-30 15:09,94160,2025-01-01,2025-12-31,株式会社ビジョン
S100XVDD,2026-03-30,2026-03-30 15:15,64250,2025-01-01,2025-12-31,株式会社ユニバーサルエンターテインメント
S100XUOH,2026-03-30,2026-03-30 15:17,27210,2025-01-01,2025-12-31,株式会社ジェイホールディングス
S100XVE0,2026-03-30,2026-03-30 15:19,65370,2025-01-01,2025-12-31,ＷＡＳＨハウス株式会社
S100XTQ4,2026-03-30,2026-03-30 15:30,92130,2025-01-01,2025-12-31,株式会社セイファート
S100XVCR,2026-03-30,2026-03-30 15:30,27880,2025-01-01,2025-12-31,アップルインターナショナル株式会社
S100XV6D,2026-03-30,2026-03-30 15:30,44200,2025-01-01,2025-12-31,イーソル株式会社
S100XUI4,2026-03-30,2026-03-30 15:30,472A0,2025-01-01,2025-12-31,株式会社ミラティブ
S100XV6A,2026-03-30,2026-03-30 15:40,92140,2025-01-01,2025-12-31,Ｒｅｃｏｖｅｒｙ　Ｉｎｔｅｒｎａｔｉｏｎａｌ株式会社
S100XVKK,2026-03-30,2026-03-30 15:47,92110,2025-01-01,2025-12-31,株式会社エフ・コード
S100XVK0,2026-03-30,2026-03-30 16:07,47770,2025-01-01,2025-12-31,株式会社ガーラ
S100XVL7,2026-03-30,2026-03-30 16:20,92180,2025-01-01,2025-12-31,株式会社メンタルヘルステクノロジーズ
S100XVCC,2026-03-30,2026-03-30 16:27,60810,2025-01-01,2025-12-31,アライドアーキテクツ株式会社
S100XVHM,2026-03-30,2026-03-30 16:27,61770,2025-01-01,2025-12-31,ＡｐｐＢａｎｋ株式会社
S100XV9V,2026-03-30,2026-03-30 16:30,319A0,2025-01-01,2025-12-31,株式会社技術承継機構
S100XSK1,2026-03-31,2026-03-31 09:41,97040,2025-01-01,2025-12-31,株式会社アゴーラホスピタリティーグループ
S100XVIW,2026-03-31,2026-03-31 12:01,36630,2025-01-01,2025-12-31,株式会社セルシス
S100XVV3,2026-03-31,2026-03-31 14:00,59570,2025-01-01,2025-12-31,日東精工株式会社
S100XVUY,2026-03-31,2026-03-31 14:06,62320,2025-01-01,2025-12-31,株式会社ＡＣＳＬ
S100XVLI,2026-03-31,2026-03-31 14:50,42610,2025-01-01,2025-12-31,アジアクエスト株式会社
S100XVY3,2026-03-31,2026-03-31 15:14,43310,2025-04-01,2025-12-31,株式会社テイクアンドギヴ・ニーズ
S100XVUK,2026-03-31,2026-03-31 15:30,60310,2025-01-01,2025-12-31,ＺＥＴＡ株式会社
S100XVNJ,2026-03-31,2026-03-31 15:33,49350,2025-01-01,2025-12-31,株式会社リベルタ
S100XVWO,2026-03-31,2026-03-31 15:45,70360,2025-01-01,2025-12-31,株式会社イーエムネットジャパン
S100XVVP,2026-03-31,2026-03-31 15:57,44380,2025-01-01,2025-12-31,株式会社Ｗｅｌｂｙ
S100XVZN,2026-03-31,2026-03-31 16:00,52550,2025-01-01,2025-12-31,株式会社モンスターラボ
S100XW0L,2026-03-31,2026-03-31 16:20,67210,2025-01-01,2025-12-31,ウインテスト株式会社
S100T65I,2026-04-02,2024-03-28 16:11,48200,2023-01-01,2023-12-31,株式会社イーエムシステムズ（商号　株式会社ＥＭシステムズ）
S100XXPI,2026-04-09,2026-04-09 14:38,32460,2025-02-01,2026-01-31,株式会社コーセーアールイー
S100XYDT,2026-04-14,2026-04-14 15:33,25900,2025-01-21,2026-01-20,ダイドーグループホールディングス株式会社
S100XYGD,2026-04-15,2026-04-15 10:12,78650,2025-01-21,2026-01-20,ピープル株式会社
S100XZ22,2026-04-16,2026-04-16 13:41,19280,2025-02-01,2026-01-31,積水ハウス株式会社
S100XZ7G,2026-04-16,2026-04-16 16:57,14330,2025-02-01,2026-01-31,ベステラ株式会社
S100XYFO,2026-04-17,2026-04-17 09:02,75900,2025-01-21,2026-01-20,株式会社タカショー
S100XZF3,2026-04-17,2026-04-17 09:37,66190,2025-02-01,2026-01-31,ダブル・スコープ株式会社
S100XZDC,2026-04-17,2026-04-17 15:01,69660,2025-02-01,2026-01-31,株式会社三井ハイテック
S100XZ5Y,2026-04-20,2026-04-20 09:18,96360,2025-02-01,2026-01-31,株式会社きんえい
S100XZTW,2026-04-20,2026-04-20 15:42,45920,2025-02-01,2026-01-31,サンバイオ株式会社
S100XZWO,2026-04-21,2026-04-21 09:14,66540,2025-02-01,2026-01-31,不二電機工業株式会社
S100XZVZ,2026-04-21,2026-04-21 14:39,96920,2025-02-01,2026-01-31,株式会社シーイーシー
S100XZNA,2026-04-21,2026-04-21 15:13,36570,2025-02-01,2026-01-31,ポールトゥウィンホールディングス株式会社
S100Y03C,2026-04-21,2026-04-21 15:35,29830,2025-02-01,2026-01-31,株式会社アールプランナー
S100Y01F,2026-04-22,2026-04-22 09:00,17580,2025-02-01,2026-01-31,太洋基礎工業株式会社
S100Y086,2026-04-22,2026-04-22 10:16,50310,2025-02-01,2026-01-31,モイ株式会社
S100Y025,2026-04-22,2026-04-22 10:25,30710,2025-02-01,2026-01-31,株式会社ストリーム
S100Y04L,2026-04-22,2026-04-22 10:37,97430,2025-02-01,2026-01-31,株式会社丹青社
S100Y034,2026-04-22,2026-04-22 11:45,80130,2025-02-01,2026-01-31,株式会社ナイガイ
S100Y02W,2026-04-22,2026-04-22 15:00,52480,2025-02-01,2026-01-31,株式会社テクノロジーズ
S100Y0D8,2026-04-22,2026-04-22 15:24,34150,2025-02-01,2026-01-31,株式会社ＴＯＫＹＯ　ＢＡＳＥ
S100Y0AL,2026-04-22,2026-04-22 15:30,66960,2025-02-01,2026-01-31,株式会社トラース・オン・プロダクト
S100Y03W,2026-04-22,2026-04-22 15:32,78780,2025-02-01,2026-01-31,株式会社光・彩
S100Y062,2026-04-22,2026-04-22 15:59,21630,2025-02-01,2026-01-31,株式会社アルトナー
S100Y0E1,2026-04-22,2026-04-22 16:17,29970,2025-02-01,2026-01-31,株式会社ストレージ王
S100Y0E4,2026-04-22,2026-04-22 16:18,42380,2025-02-01,2026-01-31,ミライアル株式会社
S100Y0DZ,2026-04-23,2026-04-23 09:17,22170,2025-02-01,2026-01-31,モロゾフ株式会社
S100Y0EE,2026-04-23,2026-04-23 09:31,63360,2025-02-01,2026-01-31,株式会社石井表記
S100Y0F4,2026-04-23,2026-04-23 09:48,33200,2025-02-01,2026-01-31,クロスプラス株式会社
S100Y0I2,2026-04-23,2026-04-23 10:11,58890,2025-02-01,2026-01-31,Ｊａｐａｎ　Ｅｙｅｗｅａｒ　Ｈｏｌｄｉｎｇｓ株式会社
S100Y0EP,2026-04-23,2026-04-23 14:09,30700,2025-02-01,2026-01-31,株式会社ジェリービーンズグループ
S100Y0LF,2026-04-23,2026-04-23 14:39,76780,2025-02-01,2026-01-31,株式会社あさくま
S100Y0CE,2026-04-23,2026-04-23 15:18,58880,2025-02-01,2026-01-31,ＤＡＩＷＡ　ＣＹＣＬＥ株式会社
S100Y0D4,2026-04-23,2026-04-23 15:30,50750,2025-02-01,2026-01-31,アップコン株式会社
S100XZL9,2026-04-23,2026-04-23 15:31,71960,2025-02-01,2026-01-31,株式会社Ｃａｓａ
S100Y0DB,2026-04-23,2026-04-23 15:46,43800,2025-02-01,2026-01-31,株式会社Ｍマート
S100Y0HP,2026-04-23,2026-04-23 16:27,39310,2025-02-01,2026-01-31,株式会社バリューゴルフ
S100Y0J1,2026-04-23,2026-04-23 16:43,61840,2025-02-01,2026-01-31,株式会社鎌倉新書
S100XYYG,2026-04-24,2026-04-24 09:40,43690,2025-02-01,2026-01-31,株式会社　トリケミカル研究所
S100Y0OW,2026-04-24,2026-04-24 11:40,67570,2025-02-01,2026-01-31,株式会社ＯＳＧコーポレーション
S100Y0MX,2026-04-24,2026-04-24 12:16,27760,2025-02-01,2026-01-31,新都ホールディングス株式会社
S100Y0TV,2026-04-24,2026-04-24 15:32,31590,2025-02-01,2026-01-31,丸善ＣＨＩホールディングス株式会社
S100Y0NF,2026-04-24,2026-04-24 15:35,42870,2025-02-01,2026-01-31,株式会社ジャストプランニング
S100Y0VC,2026-04-24,2026-04-24 15:58,31690,2025-02-01,2026-01-31,株式会社ミサワ
S100Y0KM,2026-04-24,2026-04-24 16:00,41750,2025-02-01,2026-01-31,株式会社ｃｏｌｙ
S100Y0O4,2026-04-24,2026-04-24 16:09,68980,2025-02-01,2026-01-31,トミタ電機株式会社
S100Y07P,2026-04-27,2026-04-27 09:14,76740,2025-02-01,2026-01-31,株式会社ＮＡＴＴＹ　ＳＷＡＮＫＹホールディングス
S100Y0K4,2026-04-27,2026-04-27 09:38,39550,2025-02-01,2026-01-31,株式会社イムラ
S100Y0Y3,2026-04-27,2026-04-27 10:59,96320,2025-02-01,2026-01-31,スバル興業株式会社
S100Y0NT,2026-04-27,2026-04-27 11:23,43340,2025-02-01,2026-01-31,株式会社ユークス
S100Y0S6,2026-04-27,2026-04-27 13:09,81420,2025-02-01,2026-01-31,株式会社トーホー
S100Y0WP,2026-04-27,2026-04-27 15:00,36650,2025-02-01,2026-01-31,株式会社エニグモ
S100Y111,2026-04-27,2026-04-27 15:21,168A0,2025-02-01,2026-01-31,株式会社イタミアート
S100Y0W0,2026-04-27,2026-04-27 15:46,39210,2025-02-01,2026-01-31,株式会社ネオジャパン
S100Y14Y,2026-04-27,2026-04-27 16:13,35650,2025-02-01,2026-01-31,アセンテック株式会社
S100Y159,2026-04-27,2026-04-27 16:13,76830,2025-02-01,2026-01-31,株式会社ダブルエー
S100XVTU,2026-04-28,2026-04-28 09:48,70640,2025-02-01,2026-01-31,株式会社ハウテレビジョン
S100Y1BL,2026-04-28,2026-04-28 11:30,70730,2025-02-01,2026-01-31,株式会社ジェイック
S100Y1F9,2026-04-28,2026-04-28 15:20,91660,2025-02-01,2026-01-31,株式会社ＧＥＮＤＡ
S100Y16K,2026-04-28,2026-04-28 15:31,41740,2025-02-01,2026-01-31,株式会社アピリッツ
S100Y17X,2026-04-28,2026-04-28 16:00,456A0,2025-02-01,2026-01-31,ＨＵＭＡＮ　ＭＡＤＥ株式会社
S100Y11L,2026-04-28,2026-04-28 16:12,76140,2025-02-01,2026-01-31,株式会社オーエムツーネットワーク
S100Y070,2026-04-28,2026-04-28 16:39,48130,2025-02-01,2026-01-31,株式会社ＡＣＣＥＳＳ
S100Y1HV,2026-04-28,2026-04-28 17:02,446A0,2025-02-01,2026-01-31,株式会社ノースサンド
S100Y1KO,2026-04-30,2026-04-30 10:30,33990,2025-02-01,2026-01-31,株式会社丸千代山岡家
S100Y1NL,2026-04-30,2026-04-30 15:30,36810,2025-01-01,2025-12-31,株式会社ブイキューブ
S100XY8O,2026-04-30,2026-04-30 16:38,278A0,2025-02-01,2026-01-31,Ｔｅｒｒａ　Ｄｒｏｎｅ株式会社
S100Y2FB,2026-05-11,2026-05-11 10:53,82760,2025-02-21,2026-02-20,株式会社　平和堂
S100Y2PP,2026-05-12,2026-05-12 09:07,82270,2025-02-21,2026-02-20,株式会社しまむら
S100Y39Y,2026-05-13,2026-05-13 09:04,27780,2025-02-21,2026-02-20,パレモ・ホールディングス株式会社
S100Y3CW,2026-05-13,2026-05-13 09:20,75450,2025-02-21,2026-02-20,株式会社西松屋チェーン
S100Y2X4,2026-05-13,2026-05-13 10:13,33330,2025-02-21,2026-02-20,株式会社あさひ
S100Y362,2026-05-13,2026-05-13 11:21,82170,2025-02-21,2026-02-20,株式会社オークワ
S100Y3VC,2026-05-14,2026-05-14 11:06,99760,2025-02-21,2026-02-20,株式会社　セキチュー
S100Y3PF,2026-05-14,2026-05-14 15:21,62790,2025-02-21,2026-02-20,株式会社瑞光
S100Y36L,2026-05-15,2026-05-15 09:10,75120,2025-03-01,2026-02-28,イオン北海道株式会社
S100Y415,2026-05-15,2026-05-15 11:30,49330,2025-01-01,2025-12-31,株式会社Ｉ－ｎｅ
S100Y4CU,2026-05-18,2026-05-18 10:49,82780,2025-03-01,2026-02-28,株式会社フジ
S100Y494,2026-05-18,2026-05-18 11:01,81980,2025-03-01,2026-02-28,マックスバリュ東海株式会社
S100Y4PA,2026-05-18,2026-05-18 14:47,81660,2025-03-01,2026-02-28,株式会社タカキュー
S100Y3Q6,2026-05-18,2026-05-18 15:30,68140,2025-03-01,2026-02-28,古野電気株式会社
S100Y4BQ,2026-05-19,2026-05-19 09:06,75200,2025-03-01,2026-02-28,株式会社エコス
S100Y4UK,2026-05-19,2026-05-19 09:40,43430,2025-03-01,2026-02-28,株式会社イオンファンタジー
S100Y4UP,2026-05-19,2026-05-19 09:42,92530,2025-03-01,2026-02-28,スローガン株式会社
S100Y4MW,2026-05-19,2026-05-19 13:59,76240,2025-03-01,2026-02-28,株式会社ＮａＩＴＯ
S100Y4YP,2026-05-19,2026-05-19 15:01,26530,2025-03-01,2026-02-28,イオン九州株式会社
S100Y4Y9,2026-05-19,2026-05-19 15:05,33530,2025-03-01,2026-02-28,株式会社メディカル一光グループ
S100Y4RA,2026-05-19,2026-05-19 15:18,98760,2025-03-01,2026-02-28,株式会社コックス
S100Y53G,2026-05-19,2026-05-19 16:55,85700,2025-03-01,2026-02-28,イオンフィナンシャルサービス株式会社
S100Y4MZ,2026-05-20,2026-05-20 09:40,79750,2025-03-01,2026-02-28,株式会社リヒトラブ
S100Y4Z8,2026-05-20,2026-05-20 10:39,26680,2025-03-01,2026-02-28,タビオ株式会社
S100Y4X5,2026-05-20,2026-05-20 11:00,82330,2025-03-01,2026-02-28,株式会社髙島屋
S100Y4VB,2026-05-20,2026-05-20 12:05,33820,2025-03-01,2026-02-28,株式会社セブン＆アイ・ホールディングス
S100Y563,2026-05-20,2026-05-20 13:06,81850,2025-03-01,2026-02-28,株式会社チヨダ
S100Y4UH,2026-05-20,2026-05-20 13:39,99460,2025-03-01,2026-02-28,ミニストップ株式会社
S100Y5A2,2026-05-20,2026-05-20 13:47,36080,2025-03-01,2026-02-28,株式会社ＴＳＩホールディングス
S100Y510,2026-05-20,2026-05-20 15:06,23790,2025-03-01,2026-02-28,ディップ株式会社
S100Y55S,2026-05-20,2026-05-20 15:30,275A0,2025-02-21,2026-02-20,ハンワホームズ株式会社
S100Y3QN,2026-05-20,2026-05-20 15:31,76490,2025-03-01,2026-02-28,スギホールディングス株式会社
S100Y4X3,2026-05-20,2026-05-20 16:03,99740,2025-03-01,2026-02-28,株式会社ベルク
S100Y58I,2026-05-20,2026-05-20 16:03,82030,2025-03-01,2026-02-28,株式会社ミスターマックス・ホールディングス
S100Y50H,2026-05-20,2026-05-20 16:07,23370,2025-03-01,2026-02-28,いちご株式会社
S100Y585,2026-05-20,2026-05-20 16:07,32220,2025-03-01,2026-02-28,ユナイテッド・スーパーマーケット・ホールディングス株式会社
S100Y4W7,2026-05-21,2026-05-21 10:20,36120,2025-03-01,2026-02-28,株式会社ワールド
S100Y56T,2026-05-21,2026-05-21 10:43,23540,2025-03-01,2026-02-28,株式会社ＹＥ　ＤＩＧＩＴＡＬ
S100Y58Q,2026-05-21,2026-05-21 11:00,47140,2025-03-01,2026-02-28,株式会社　リソー教育グループ
S100Y5H5,2026-05-21,2026-05-21 13:34,22920,2025-03-01,2026-02-28,エスフーズ株式会社
S100Y5EY,2026-05-21,2026-05-21 13:48,33910,2025-03-01,2026-02-28,株式会社ツルハホールディングス
S100Y5KF,2026-05-21,2026-05-21 15:15,31980,2025-03-01,2026-02-28,ＳＦＰホールディングス株式会社
S100Y5KN,2026-05-21,2026-05-21 15:19,98420,2025-03-01,2026-02-28,アークランズ株式会社
S100Y4K3,2026-05-21,2026-05-21 15:40,76790,2025-03-01,2026-02-28,株式会社薬王堂ホールディングス
S100Y57I,2026-05-21,2026-05-21 15:50,60860,2025-03-01,2026-02-28,シンメンテホールディングス株式会社
S100Y4QT,2026-05-21,2026-05-21 16:02,35500,2025-03-01,2026-02-28,株式会社スタジオアタオ
S100Y5LD,2026-05-21,2026-05-21 16:19,78940,2025-03-01,2026-02-28,丸東産業株式会社
S100Y5NR,2026-05-22,2026-05-22 10:00,98610,2025-03-01,2026-02-28,株式会社吉野家ホールディングス
S100Y5JR,2026-05-22,2026-05-22 10:10,79080,2025-04-01,2026-03-31,株式会社きもと
S100Y53V,2026-05-22,2026-05-22 10:54,93810,2025-03-01,2026-02-28,株式会社エーアイテイー
S100Y5TM,2026-05-22,2026-05-22 11:34,76030,2025-03-01,2026-02-28,ジーイエット株式会社
S100Y5QW,2026-05-22,2026-05-22 12:56,65210,2025-03-01,2026-02-28,株式会社オキサイド
S100Y5OG,2026-05-22,2026-05-22 13:06,26830,2025-03-01,2026-02-28,株式会社魚喜
S100Y5GM,2026-05-22,2026-05-22 13:42,63230,2025-03-01,2026-02-28,ローツェ株式会社
S100Y5RH,2026-05-22,2026-05-22 15:30,21860,2025-03-01,2026-02-28,ソーバル株式会社
S100Y5AX,2026-05-22,2026-05-22 15:30,40170,2025-03-01,2026-02-28,株式会社クリーマ
S100Y5VD,2026-05-22,2026-05-22 15:36,93880,2025-03-01,2026-02-28,株式会社パパネッツ
S100Y5Q4,2026-05-22,2026-05-22 16:04,60930,2025-03-01,2026-02-28,株式会社エスクロー・エージェント・ジャパン
S100Y5GZ,2026-05-22,2026-05-22 16:25,50780,2025-03-01,2026-02-28,株式会社セレコーポレーション
S100Y628,2026-05-25,2026-05-25 09:16,44320,2025-03-01,2026-02-28,ウイングアーク１ｓｔ株式会社
S100Y5F0,2026-05-25,2026-05-25 09:19,26700,2025-03-01,2026-02-28,株式会社エービーシー・マート
S100Y5RZ,2026-05-25,2026-05-25 09:31,23410,2025-03-01,2026-02-28,株式会社アルバイトタイムス
S100Y62K,2026-05-25,2026-05-25 09:33,89310,2025-03-01,2026-02-28,和田興産株式会社
S100Y5SJ,2026-05-25,2026-05-25 10:00,26690,2025-03-01,2026-02-28,カネ美食品株式会社
S100Y635,2026-05-25,2026-05-25 10:00,78110,2025-03-01,2026-02-28,中本パックス株式会社
S100Y62Z,2026-05-25,2026-05-25 10:06,99820,2025-03-01,2026-02-28,タキヒヨー株式会社
S100Y5WR,2026-05-25,2026-05-25 10:43,27420,2025-03-01,2026-02-28,株式会社ハローズ
S100Y5TO,2026-05-25,2026-05-25 11:00,82440,2025-03-01,2026-02-28,株式会社近鉄百貨店
S100Y5VV,2026-05-25,2026-05-25 11:36,29300,2025-03-01,2026-02-28,株式会社北の達人コーポレーション
S100Y651,2026-05-25,2026-05-25 11:47,26860,2025-03-01,2026-02-28,株式会社ジーフット
S100Y600,2026-05-25,2026-05-25 11:54,14180,2025-03-01,2026-02-28,インターライフホールディングス株式会社
S100Y4A4,2026-05-25,2026-05-25 12:07,98460,2025-03-01,2026-02-28,株式会社天満屋ストア
S100Y64A,2026-05-25,2026-05-25 12:07,26590,2025-03-01,2026-02-28,株式会社サンエー
S100Y650,2026-05-25,2026-05-25 13:28,81670,2025-03-01,2026-02-28,株式会社リテールパートナーズ
S100Y5TC,2026-05-25,2026-05-25 13:33,64690,2025-03-01,2026-02-28,株式会社　放電精密加工研究所
S100Y60M,2026-05-25,2026-05-25 13:45,81250,2025-03-01,2026-02-28,株式会社ワキタ
S100Y5VH,2026-05-25,2026-05-25 15:03,82670,2025-03-01,2026-02-28,イオン株式会社
S100Y613,2026-05-25,2026-05-25 15:05,47350,2025-06-01,2026-02-28,株式会社京進
S100Y60F,2026-05-25,2026-05-25 15:30,39150,2025-03-01,2026-02-28,株式会社テラスカイ
S100Y66L,2026-05-25,2026-05-25 15:30,365A0,2025-03-01,2026-02-28,伊澤タオル株式会社
S100Y5Z2,2026-05-25,2026-05-25 15:30,61830,2025-03-01,2026-02-28,株式会社ベルシステム２４ホールディングス
S100Y5VS,2026-05-25,2026-05-25 15:31,42700,2025-03-01,2026-02-28,株式会社ＢｅｅＸ
S100Y64P,2026-05-25,2026-05-25 15:31,26980,2025-03-01,2026-02-28,株式会社キャンドゥ
S100Y621,2026-05-25,2026-05-25 15:32,28720,2025-03-01,2026-02-28,株式会社セイヒョー
S100Y5TF,2026-05-25,2026-05-25 15:33,44340,2025-03-01,2026-02-28,株式会社サーバーワークス
S100Y66K,2026-05-25,2026-05-25 15:34,96010,2025-03-01,2026-02-28,松竹株式会社
S100Y62C,2026-05-25,2026-05-25 15:37,35620,2025-03-01,2026-02-28,株式会社Ｎｏ．１
S100Y640,2026-05-25,2026-05-25 15:50,99480,2025-03-01,2026-02-28,株式会社アークス
S100Y69H,2026-05-25,2026-05-25 15:58,65060,2025-03-01,2026-02-28,株式会社安川電機
S100Y68H,2026-05-25,2026-05-25 16:00,323A0,2025-03-01,2026-02-28,株式会社フライヤー
S100Y5O3,2026-05-25,2026-05-25 16:00,96020,2025-03-01,2026-02-28,東宝株式会社
S100Y69Y,2026-05-25,2026-05-25 16:19,65720,2025-03-01,2026-02-28,オープングループ株式会社
S100Y6A9,2026-05-25,2026-05-25 17:00,39350,2025-03-01,2026-02-28,株式会社エディア
S100Y64O,2026-05-25,2026-05-25 17:08,75990,2025-03-01,2026-02-28,株式会社ＩＤＯＭ
S100Y5RU,2026-05-26,2026-05-26 09:00,97780,2025-03-01,2026-02-28,株式会社昴
S100Y69Z,2026-05-26,2026-05-26 09:02,30800,2025-03-01,2026-02-28,株式会社ジェーソン
S100Y64F,2026-05-26,2026-05-26 09:07,50180,2025-03-01,2026-02-28,株式会社ＭＯＲＥＳＣＯ
S100Y57D,2026-05-26,2026-05-26 09:14,30650,2025-03-01,2026-02-28,株式会社ライフフーズ
S100Y63D,2026-05-26,2026-05-26 09:24,81940,2025-03-01,2026-02-28,株式会社ライフコーポレーション
S100Y6FE,2026-05-26,2026-05-26 10:35,97400,2025-03-01,2026-02-28,セントラル警備保障株式会社
S100Y67Z,2026-05-26,2026-05-26 10:36,74270,2025-03-01,2026-02-28,エコートレーディング株式会社
S100Y647,2026-05-26,2026-05-26 10:46,27260,2025-03-01,2026-02-28,株式会社パルグループホールディングス
S100Y6GL,2026-05-26,2026-05-26 11:08,27470,2025-03-01,2026-02-28,北雄ラッキー株式会社
S100Y6GG,2026-05-26,2026-05-26 11:10,58170,2025-03-01,2026-02-28,ＪＭＡＣＳ株式会社
S100Y69G,2026-05-26,2026-05-26 12:00,65320,2025-03-01,2026-02-28,株式会社ベイカレント
S100Y5ZC,2026-05-26,2026-05-26 12:30,26850,2025-03-01,2026-02-28,株式会社アンドエスティＨＤ
S100Y671,2026-05-26,2026-05-26 12:58,82730,2025-03-01,2026-02-28,株式会社イズミ
S100Y6B9,2026-05-26,2026-05-26 13:26,59820,2025-03-01,2026-02-28,株式会社マルゼン
S100Y6D7,2026-05-26,2026-05-26 13:35,30870,2025-03-01,2026-02-28,株式会社ドトール・日レスホールディングス
S100Y5YH,2026-05-26,2026-05-26 13:55,74850,2025-03-01,2026-02-28,岡谷鋼機株式会社
S100Y6EN,2026-05-26,2026-05-26 14:00,68970,2025-03-01,2026-02-28,株式会社ツインバード
S100Y68G,2026-05-26,2026-05-26 14:03,35460,2025-03-01,2026-02-28,アレンザホールディングス株式会社
S100Y4LV,2026-05-26,2026-05-26 14:40,52710,2025-03-01,2026-02-28,株式会社トーヨーアサノ
S100Y68C,2026-05-26,2026-05-26 15:04,26870,2025-03-01,2026-02-28,株式会社シー・ヴイ・エス・ベイエリア
S100Y644,2026-05-26,2026-05-26 15:09,30930,2025-03-01,2026-02-28,株式会社トレジャー・ファクトリー
S100Y66D,2026-05-26,2026-05-26 15:10,97160,2025-03-01,2026-02-28,株式会社乃村工藝社
S100Y6K0,2026-05-26,2026-05-26 15:30,30860,2025-03-01,2026-02-28,Ｊ．フロント　リテイリング株式会社
S100Y6DH,2026-05-26,2026-05-26 15:33,39220,2025-03-01,2026-02-28,株式会社ＰＲ　ＴＩＭＥＳ
S100Y6G1,2026-05-26,2026-05-26 15:58,23000,2025-03-01,2026-02-28,株式会社きょくとう
S100Y6IG,2026-05-26,2026-05-26 16:01,47630,2025-03-01,2026-02-28,株式会社クリーク・アンド・リバー社
S100Y6L3,2026-05-26,2026-05-26 16:19,65550,2025-03-01,2026-02-28,株式会社ＭＳ＆Ｃｏｎｓｕｌｔｉｎｇ
S100Y65X,2026-05-26,2026-05-26 16:23,96610,2025-03-01,2026-02-28,株式会社歌舞伎座
S100Y2PC,2026-05-26,2026-05-26 16:28,33870,2025-03-01,2026-02-28,株式会社クリエイト・レストランツ・ホールディングス
S100Y6L2,2026-05-26,2026-05-26 16:45,65430,2025-03-01,2026-02-28,株式会社日宣
S100Y64B,2026-05-26,2026-05-26 16:52,76110,2025-03-01,2026-02-28,株式会社ハイデイ日高
S100Y63V,2026-05-27,2026-05-27 09:00,97930,2025-03-01,2026-02-28,株式会社ダイセキ
S100Y6JW,2026-05-27,2026-05-27 09:14,23050,2025-03-01,2026-02-28,株式会社スタジオアリス
S100Y2CG,2026-05-27,2026-05-27 09:24,135A0,2025-03-01,2026-02-28,株式会社ＶＲＡＩＮ　Ｓｏｌｕｔｉｏｎ
S100Y5AV,2026-05-27,2026-05-27 09:28,75150,2025-03-01,2026-02-28,株式会社マルヨシセンター
S100Y62P,2026-05-27,2026-05-27 09:32,29350,2025-03-01,2026-02-28,株式会社ピックルスホールディングス
S100Y6C2,2026-05-27,2026-05-27 09:36,98350,2025-03-01,2026-02-28,株式会社ジュンテンドー
S100Y6MK,2026-05-27,2026-05-27 09:39,30500,2025-03-01,2026-02-28,ＤＣＭホールディングス株式会社
S100Y6QH,2026-05-27,2026-05-27 10:47,76080,2025-03-01,2026-02-28,株式会社エスケイジャパン
S100Y68I,2026-05-27,2026-05-27 11:15,75440,2025-03-01,2026-02-28,株式会社スリーエフ
S100Y5IT,2026-05-27,2026-05-27 11:38,82000,2025-03-01,2026-02-28,株式会社リンガーハット
S100Y6LI,2026-05-27,2026-05-27 12:00,46450,2025-03-01,2026-02-28,株式会社市進ホールディングス
S100Y6PQ,2026-05-27,2026-05-27 13:00,32800,2025-03-01,2026-02-28,株式会社エストラスト
S100Y6N1,2026-05-27,2026-05-27 13:01,29180,2025-03-01,2026-02-28,わらべや日洋ホールディングス株式会社
S100Y6JY,2026-05-27,2026-05-27 13:06,99930,2025-03-01,2026-02-28,株式会社ヤマザワ
S100Y6PJ,2026-05-27,2026-05-27 13:15,31810,2025-03-01,2026-02-28,株式会社買取王国
S100Y6A8,2026-05-27,2026-05-27 13:20,82370,2025-03-01,2026-02-28,株式会社松屋
S100Y6HY,2026-05-27,2026-05-27 13:51,82600,2025-03-01,2026-02-28,株式会社井筒屋
S100Y67I,2026-05-27,2026-05-27 14:30,99030,2025-03-01,2026-02-28,株式会社カンセキ
S100Y688,2026-05-27,2026-05-27 14:32,62240,2025-03-01,2026-02-28,株式会社ＪＲＣ
S100Y6J6,2026-05-27,2026-05-27 14:57,80160,2025-03-01,2026-02-28,株式会社オンワードホールディングス
S100Y6VZ,2026-05-27,2026-05-27 14:58,44940,2025-03-01,2026-02-28,バリオセキュア株式会社
S100Y69B,2026-05-27,2026-05-27 15:01,70770,2025-03-01,2026-02-28,株式会社ＡＬｉＮＫインターネット
S100Y6BQ,2026-05-27,2026-05-27 15:10,76010,2025-03-01,2026-02-28,株式会社ポプラ
S100Y6AI,2026-05-27,2026-05-27 15:14,39670,2025-03-01,2026-02-28,株式会社エルテス
S100Y6WH,2026-05-27,2026-05-27 15:30,274A0,2025-03-01,2026-02-28,株式会社ガーデン
S100Y6Q0,2026-05-27,2026-05-27 15:30,50250,2025-03-01,2026-02-28,株式会社マーキュリー
S100Y6VO,2026-05-27,2026-05-27 15:30,34900,2025-03-01,2026-02-28,株式会社アズ企画設計
S100Y6O9,2026-05-27,2026-05-27 15:30,35430,2025-03-01,2026-02-28,株式会社コメダホールディングス
S100Y6MY,2026-05-27,2026-05-27 15:30,80080,2025-03-01,2026-02-28,株式会社ヨンドシーホールディングス
S100Y6RE,2026-05-27,2026-05-27 15:37,35580,2025-03-01,2026-02-28,ジェイドグループ株式会社
S100Y6J0,2026-05-27,2026-05-27 15:37,44130,2025-03-01,2026-02-28,株式会社ボードルア
S100Y6XK,2026-05-27,2026-05-27 15:41,28820,2025-03-01,2026-02-28,株式会社イートアンドホールディングス
S100Y6XM,2026-05-27,2026-05-27 15:41,33960,2025-03-01,2026-02-28,株式会社フェリシモ
S100Y6MO,2026-05-27,2026-05-27 15:45,304A0,2025-03-01,2026-02-28,フォルシア株式会社
S100Y6U1,2026-05-27,2026-05-27 15:53,27980,2025-03-01,2026-02-28,株式会社ワイズテーブルコーポレーション
S100Y6XY,2026-05-27,2026-05-27 15:54,339A0,2025-03-01,2026-02-28,プログレス・テクノロジーズ　グループ株式会社
S100Y6L5,2026-05-27,2026-05-27 16:00,44290,2025-03-01,2026-02-28,リックソフト株式会社
S100Y6NR,2026-05-27,2026-05-27 16:01,61420,2025-03-01,2026-02-28,富士精工株式会社
S100Y1AF,2026-05-27,2026-05-27 16:10,70490,2025-03-01,2026-02-28,株式会社識学
S100Y6LQ,2026-05-27,2026-05-27 16:13,39770,2025-03-01,2026-02-28,フュージョン株式会社
S100Y6W8,2026-05-27,2026-05-27 16:32,61820,2025-03-01,2026-02-28,株式会社メタリアル
S100Y6NU,2026-05-27,2026-05-27 16:45,81810,2025-03-01,2026-02-28,株式会社東天紅
S100Y6S7,2026-05-28,2026-05-28 09:03,80050,2025-04-01,2026-03-31,株式会社スクロール
S100Y73F,2026-05-28,2026-05-28 09:47,76300,2025-03-01,2026-02-28,株式会社壱番屋
S100Y764,2026-05-28,2026-05-28 11:16,30300,2025-03-01,2026-02-28,株式会社ハブ
S100Y721,2026-05-28,2026-05-28 12:09,89180,2025-03-01,2026-02-28,株式会社ランド
S100Y77K,2026-05-28,2026-05-28 13:31,80110,2025-03-01,2026-02-28,株式会社三陽商会
S100Y77U,2026-05-28,2026-05-28 13:43,28840,2025-03-01,2026-02-28,株式会社ヨシムラ・フード・ホールディングス
S100Y71R,2026-05-28,2026-05-28 15:10,36780,2025-03-01,2026-02-28,株式会社メディアドゥ
S100Y7A6,2026-05-28,2026-05-28 15:11,60850,2025-04-01,2026-02-28,アーキテクツ・スタジオ・ジャパン株式会社
S100Y6YJ,2026-05-28,2026-05-28 15:30,23380,2025-03-01,2026-02-28,クオンタムソリューションズ株式会社
S100Y7A4,2026-05-28,2026-05-28 15:30,29360,2025-03-01,2026-02-28,ベースフード株式会社
S100Y6RF,2026-05-28,2026-05-28 15:30,32230,2025-03-01,2026-02-28,株式会社エスエルディー
S100Y797,2026-05-28,2026-05-28 15:31,78070,2025-03-01,2026-02-28,株式会社幸和製作所
S100Y6WM,2026-05-28,2026-05-28 15:31,30750,2025-03-01,2026-02-28,株式会社銚子丸
S100Y74O,2026-05-28,2026-05-28 15:31,36270,2025-03-01,2026-02-28,テクミラホールディングス株式会社
S100Y6V9,2026-05-28,2026-05-28 15:32,35480,2025-03-01,2026-02-28,株式会社バロックジャパンリミテッド
S100Y6K8,2026-05-28,2026-05-28 15:33,91680,2025-03-01,2026-02-28,株式会社ライズ・コンサルティング・グループ
S100Y78J,2026-05-28,2026-05-28 15:34,64320,2025-03-01,2026-02-28,株式会社竹内製作所
S100Y78X,2026-05-28,2026-05-28 15:50,65780,2025-03-01,2026-02-28,株式会社コレックホールディングス
S100Y66O,2026-05-28,2026-05-28 16:07,78470,2025-03-01,2026-02-28,株式会社グラファイトデザイン
S100Y6B0,2026-05-28,2026-05-28 16:07,39960,2025-03-01,2026-02-28,サインポスト株式会社
S100Y77X,2026-05-28,2026-05-28 16:10,82890,2025-03-01,2026-02-28,株式会社Ｏｌｙｍｐｉｃグループ
S100Y78C,2026-05-28,2026-05-28 16:26,32600,2025-03-01,2026-02-28,株式会社エスポア
S100Y7CP,2026-05-29,2026-05-29 09:00,30630,2025-03-01,2026-02-28,株式会社ジェイグループホールディングス
S100Y72L,2026-05-29,2026-05-29 09:48,27890,2025-03-01,2026-02-28,株式会社カルラ
S100Y6PS,2026-05-29,2026-05-29 10:18,33840,2025-03-01,2026-02-28,株式会社アークコア
S100Y7H8,2026-05-29,2026-05-29 10:29,43170,2025-03-01,2026-02-28,株式会社レイ
S100Y7GV,2026-05-29,2026-05-29 10:34,73570,2025-03-01,2026-02-28,株式会社ジオコード
S100Y7HD,2026-05-29,2026-05-29 10:36,49200,2025-03-01,2026-02-28,株式会社日本色材工業研究所
S100Y7HH,2026-05-29,2026-05-29 10:37,31770,2025-03-01,2026-02-28,株式会社ありがとうサービス
S100Y7D7,2026-05-29,2026-05-29 10:47,47090,2025-04-01,2026-03-31,株式会社ＩＤホールディングス
S100Y7D9,2026-05-29,2026-05-29 10:52,82470,2025-03-01,2026-02-28,株式会社大和
S100Y7HW,2026-05-29,2026-05-29 11:13,76890,2025-03-01,2026-02-28,株式会社コパ・コーポレーション
S100Y7KL,2026-05-29,2026-05-29 13:07,75160,2025-03-01,2026-02-28,コーナン商事株式会社
S100Y6RH,2026-05-29,2026-05-29 13:18,59000,2025-03-01,2026-02-28,株式会社ダイケン
S100Y7LR,2026-05-29,2026-05-29 14:15,81430,2025-03-01,2026-02-28,株式会社ラピーヌ
S100Y7MS,2026-05-29,2026-05-29 14:49,38260,2025-03-01,2026-02-28,株式会社システムインテグレータ
S100Y7IM,2026-05-29,2026-05-29 15:30,60580,2025-03-01,2026-02-28,株式会社ベクトル
S100Y7MQ,2026-05-29,2026-05-29 15:32,77190,2025-03-01,2026-02-28,株式会社東京衡機
S100Y7L3,2026-05-29,2026-05-29 15:49,76100,2025-03-01,2026-02-28,株式会社テイツー
S100Y7JM,2026-05-29,2026-05-29 15:54,62280,2025-01-01,2025-12-31,株式会社ジェイ・イー・ティ
S100Y7OP,2026-05-29,2026-05-29 15:57,44900,2025-03-01,2026-02-28,株式会社ビザスク
S100Y7DO,2026-05-29,2026-05-29 16:00,78150,2025-04-01,2026-02-28,東京ボード工業株式会社
S100Y7MV,2026-05-29,2026-05-29 16:02,87390,2025-04-01,2026-03-31,スパークス・グループ株式会社
S100Y7I7,2026-05-29,2026-05-29 16:11,93260,2025-03-01,2026-02-28,関通ホールディングス株式会社
S100Y7OL,2026-05-29,2026-05-29 16:32,34790,2025-03-01,2026-02-28,株式会社ティーケーピー
S100Y7MG,2026-05-29,2026-05-29 16:33,92380,2025-03-01,2026-02-28,バリュークリエーション株式会社
S100Y7EJ,2026-05-29,2026-05-29 16:47,35570,2025-03-01,2026-02-28,ユナイテッド＆コレクティブ株式会社
S100Y7XS,2026-06-01,2026-06-01 16:50,30830,2025-03-01,2026-02-28,スターシーズ株式会社
S100Y8UO,2026-06-05,2026-06-05 09:03,72360,2025-04-01,2026-03-31,株式会社ティラド
S100Y935,2026-06-05,2026-06-05 14:13,80610,2025-04-01,2026-03-31,西華産業株式会社
S100Y90T,2026-06-05,2026-06-05 15:04,77410,2025-04-01,2026-03-31,ＨＯＹＡ株式会社
S100Y848,2026-06-05,2026-06-05 15:30,90290,2025-04-01,2026-03-31,株式会社ヒガシホールディングス
S100Y90D,2026-06-08,2026-06-08 14:15,91270,2025-04-01,2026-03-31,玉井商船株式会社
S100Y951,2026-06-08,2026-06-08 15:34,30920,2025-04-01,2026-03-31,株式会社ＺＯＺＯ
S100Y9HQ,2026-06-09,2026-06-09 09:37,81900,2025-03-21,2026-03-20,株式会社ヤマナカ
S100Y9AH,2026-06-09,2026-06-09 10:09,31160,2025-04-01,2026-03-31,トヨタ紡織株式会社
S100Y9EI,2026-06-09,2026-06-09 11:31,27680,2025-04-01,2026-03-31,双日株式会社
S100Y9M2,2026-06-09,2026-06-09 12:55,69950,2025-04-01,2026-03-31,株式会社東海理化電機製作所
S100Y9PU,2026-06-09,2026-06-09 13:19,59900,2025-03-16,2026-03-15,株式会社スーパーツール
S100Y9T5,2026-06-09,2026-06-09 15:37,94360,2025-04-01,2026-03-31,沖縄セルラー電話株式会社
S100Y9PN,2026-06-10,2026-06-10 14:00,42200,2025-04-01,2026-03-31,リケンテクノス株式会社
S100Y9UW,2026-06-10,2026-06-10 15:00,26640,2025-03-16,2026-03-15,株式会社カワチ薬品
S100Y9P7,2026-06-10,2026-06-10 15:22,91430,2025-04-01,2026-03-31,ＳＧホールディングス株式会社
S100Y8NY,2026-06-10,2026-06-10 15:33,72030,2025-04-01,2026-03-31,トヨタ自動車株式会社
S100YA7J,2026-06-11,2026-06-11 09:25,73800,2025-04-01,2026-03-31,株式会社十六フィナンシャルグループ
S100YADW,2026-06-11,2026-06-11 09:46,90400,2025-03-21,2026-03-20,大宝運輸株式会社
S100Y9N3,2026-06-11,2026-06-11 10:03,72830,2025-04-01,2026-03-31,愛三工業株式会社
S100YA84,2026-06-11,2026-06-11 10:43,86970,2025-04-01,2026-03-31,株式会社日本取引所グループ
S100YAIC,2026-06-11,2026-06-11 11:30,296A0,2025-04-01,2026-03-31,令和アカウンティング・ホールディングス株式会社
S100YAL6,2026-06-11,2026-06-11 13:11,82850,2025-04-01,2026-03-31,三谷産業株式会社
S100YA6U,2026-06-11,2026-06-11 14:00,59060,2025-03-21,2026-03-20,エムケー精工株式会社
S100YARY,2026-06-11,2026-06-11 15:30,43730,2025-04-01,2026-03-31,シンプレクス・ホールディングス株式会社
S100YA1U,2026-06-11,2026-06-11 15:30,18350,2025-04-01,2026-03-31,東鉄工業株式会社
S100Y9T1,2026-06-11,2026-06-11 15:36,69020,2025-04-01,2026-03-31,株式会社デンソー
S100YA32,2026-06-11,2026-06-11 15:52,71860,2025-04-01,2026-03-31,株式会社横浜フィナンシャルグループ
S100Y9UP,2026-06-11,2026-06-11 16:00,87950,2025-04-01,2026-03-31,株式会社Ｔ＆Ｄホールディングス
S100Y9U0,2026-06-12,2026-06-12 09:03,27530,2025-04-01,2026-03-31,株式会社　あみやき亭
S100YA1Y,2026-06-12,2026-06-12 09:03,78570,2025-04-01,2026-03-31,セキ株式会社
S100Y9RT,2026-06-12,2026-06-12 09:13,58310,2025-04-01,2026-03-31,株式会社しずおかフィナンシャルグループ
S100YAYL,2026-06-12,2026-06-12 09:17,90640,2025-04-01,2026-03-31,ヤマトホールディングス株式会社
S100YB05,2026-06-12,2026-06-12 09:48,45230,2025-04-01,2026-03-31,エーザイ株式会社
S100YAZT,2026-06-12,2026-06-12 10:03,90460,2025-04-01,2026-03-31,神戸電鉄株式会社
S100YB11,2026-06-12,2026-06-12 10:09,53440,2025-04-01,2026-03-31,株式会社ＭＡＲＵＷＡ
S100YAOX,2026-06-12,2026-06-12 10:36,73810,2025-04-01,2026-03-31,株式会社ＣＣＩグループ
S100YANQ,2026-06-12,2026-06-12 10:53,86240,2025-04-01,2026-03-31,いちよし証券株式会社
S100YATP,2026-06-12,2026-06-12 11:17,49970,2025-04-01,2026-03-31,日本農薬株式会社
S100YAUW,2026-06-12,2026-06-12 12:22,38410,2025-04-01,2026-03-31,株式会社ジーダット
S100Y8O1,2026-06-12,2026-06-12 12:26,83340,2025-04-01,2026-03-31,株式会社　群馬銀行
S100YA6H,2026-06-12,2026-06-12 12:35,80010,2025-04-01,2026-03-31,伊藤忠商事株式会社
S100YATA,2026-06-12,2026-06-12 13:14,60350,2025-04-01,2026-03-31,株式会社アイ・アールジャパンホールディングス
S100Y992,2026-06-12,2026-06-12 13:17,28020,2025-04-01,2026-03-31,味の素株式会社
S100YAMN,2026-06-12,2026-06-12 13:24,97090,2025-04-01,2026-03-31,ＮＣＳ＆Ａ株式会社
S100YB1Q,2026-06-12,2026-06-12 13:30,79710,2025-04-01,2026-03-31,東リ株式会社
S100YAX4,2026-06-12,2026-06-12 13:37,73270,2025-04-01,2026-03-31,株式会社第四北越フィナンシャルグループ
S100YARD,2026-06-12,2026-06-12 14:00,80530,2025-04-01,2026-03-31,住友商事株式会社
S100YAMP,2026-06-12,2026-06-12 14:01,83880,2025-04-01,2026-03-31,株式会社阿波銀行
S100YAWO,2026-06-12,2026-06-12 14:02,72590,2025-04-01,2026-03-31,株式会社アイシン
S100YAVT,2026-06-12,2026-06-12 14:07,80310,2025-04-01,2026-03-31,三井物産株式会社
S100YAVM,2026-06-12,2026-06-12 14:07,71670,2025-04-01,2026-03-31,株式会社めぶきフィナンシャルグループ
S100YB7U,2026-06-12,2026-06-12 14:11,87050,2025-04-01,2026-03-31,日産証券グループ株式会社
S100YB25,2026-06-12,2026-06-12 14:20,80580,2025-04-01,2026-03-31,三菱商事株式会社
S100YB93,2026-06-12,2026-06-12 14:42,49020,2025-04-01,2026-03-31,コニカミノルタ株式会社
S100YAIZ,2026-06-12,2026-06-12 14:58,71640,2025-04-01,2026-03-31,全国保証株式会社
S100YAY4,2026-06-12,2026-06-12 15:30,80020,2025-04-01,2026-03-31,丸紅株式会社
S100YAQW,2026-06-12,2026-06-12 15:30,71800,2025-04-01,2026-03-31,株式会社九州フィナンシャルグループ
S100YBB2,2026-06-12,2026-06-12 15:37,43900,2025-04-01,2026-03-31,株式会社アイ・ピー・エス
S100YB8F,2026-06-12,2026-06-12 15:49,42620,2025-04-01,2026-03-31,ニフティライフスタイル株式会社
S100YBAY,2026-06-12,2026-06-12 15:50,42040,2025-04-01,2026-03-31,積水化学工業株式会社
S100YAUM,2026-06-12,2026-06-12 15:53,47430,2025-04-01,2026-03-31,株式会社アイティフォー
S100YAOT,2026-06-12,2026-06-12 16:15,74190,2025-04-01,2026-03-31,株式会社ノジマ
S100YAZQ,2026-06-12,2026-06-12 16:49,81310,2025-04-01,2026-03-31,株式会社ミツウロコグループホールディングス
S100YA20,2026-06-15,2026-06-15 09:00,45280,2025-04-01,2026-03-31,小野薬品工業株式会社
S100Y9OW,2026-06-15,2026-06-15 09:09,40820,2025-04-01,2026-03-31,第一稀元素化学工業株式会社
S100Y9NY,2026-06-15,2026-06-15 09:13,53670,2025-04-01,2026-03-31,株式会社ニッカトー
S100YB7Y,2026-06-15,2026-06-15 09:21,88600,2025-04-01,2026-03-31,フジ住宅株式会社
S100YAWY,2026-06-15,2026-06-15 09:46,87140,2025-04-01,2026-03-31,株式会社池田泉州ホールディングス
S100YB2W,2026-06-15,2026-06-15 10:00,80980,2025-04-01,2026-03-31,稲畑産業株式会社
S100YBJ3,2026-06-15,2026-06-15 10:02,99320,2025-04-01,2026-03-31,杉本商事株式会社
S100YBFQ,2026-06-15,2026-06-15 10:05,19640,2025-04-01,2026-03-31,中外炉工業株式会社
S100YB46,2026-06-15,2026-06-15 10:09,45440,2025-04-01,2026-03-31,Ｈ．Ｕ．グループホールディングス株式会社
S100YBAP,2026-06-15,2026-06-15 10:30,85240,2025-04-01,2026-03-31,株式会社北洋銀行
S100YBA0,2026-06-15,2026-06-15 10:49,90440,2025-04-01,2026-03-31,株式会社ＮＡＮＫＡＩ
S100YBM8,2026-06-15,2026-06-15 11:14,43070,2025-04-01,2026-03-31,株式会社野村総合研究所
S100YBCU,2026-06-15,2026-06-15 11:34,44010,2025-04-01,2026-03-31,株式会社ＡＤＥＫＡ
S100Y9W6,2026-06-15,2026-06-15 11:49,83460,2025-04-01,2026-03-31,株式会社東邦銀行
S100YBOB,2026-06-15,2026-06-15 11:58,45390,2025-04-01,2026-03-31,日本ケミファ株式会社
S100YAZE,2026-06-15,2026-06-15 12:40,83600,2025-04-01,2026-03-31,株式会社　山梨中央銀行
S100YBEF,2026-06-15,2026-06-15 13:00,96630,2025-04-01,2026-03-31,株式会社ナガワ
S100YAM0,2026-06-15,2026-06-15 13:23,83410,2025-04-01,2026-03-31,株式会社七十七銀行
S100YB0D,2026-06-15,2026-06-15 13:25,58320,2025-04-01,2026-03-31,株式会社ちゅうぎんフィナンシャルグループ
S100YBKB,2026-06-15,2026-06-15 13:30,59300,2025-04-01,2026-03-31,文化シヤッター株式会社
S100YBPW,2026-06-15,2026-06-15 13:34,28830,2025-04-01,2026-03-31,株式会社大冷
S100YATN,2026-06-15,2026-06-15 13:37,83430,2025-04-01,2026-03-31,株式会社秋田銀行
S100YAO1,2026-06-15,2026-06-15 14:03,67410,2025-04-01,2026-03-31,日本信号株式会社
S100YBIH,2026-06-15,2026-06-15 14:05,19670,2025-03-21,2026-03-20,株式会社ヤマト
S100Y9UU,2026-06-15,2026-06-15 14:06,97260,2025-04-01,2026-03-31,ＫＮＴ－ＣＴホールディングス株式会社
S100YA4U,2026-06-15,2026-06-15 14:15,83860,2025-04-01,2026-03-31,株式会社百十四銀行
S100YBDH,2026-06-15,2026-06-15 14:19,80510,2025-04-01,2026-03-31,株式会社山善
S100YAEV,2026-06-15,2026-06-15 14:23,23270,2025-04-01,2026-03-31,日鉄ソリューションズ株式会社
S100YBGE,2026-06-15,2026-06-15 14:50,90100,2025-04-01,2026-03-31,富士急行株式会社
S100YBAF,2026-06-15,2026-06-15 14:52,72780,2025-04-01,2026-03-31,株式会社エクセディ
S100YAHE,2026-06-15,2026-06-15 15:00,68610,2025-03-21,2026-03-20,株式会社キーエンス
S100Y9NL,2026-06-15,2026-06-15 15:03,18500,2025-04-01,2026-03-31,南海辰村建設株式会社
S100YBFP,2026-06-15,2026-06-15 15:54,58570,2025-04-01,2026-03-31,ＡＲＥホールディングス株式会社
S100YBHI,2026-06-15,2026-06-15 16:00,71730,2025-04-01,2026-03-31,株式会社東京きらぼしフィナンシャルグループ
S100YBG6,2026-06-15,2026-06-15 16:02,37780,2025-04-01,2026-03-31,さくらインターネット株式会社
S100YAST,2026-06-15,2026-06-15 16:11,65900,2025-04-01,2026-03-31,芝浦メカトロニクス株式会社
S100YB9P,2026-06-15,2026-06-15 16:49,40910,2025-04-01,2026-03-31,日本酸素ホールディングス株式会社
S100YBKG,2026-06-16,2026-06-16 09:01,79310,2025-03-21,2026-03-20,未来工業株式会社
S100YBL8,2026-06-16,2026-06-16 09:05,22090,2025-04-01,2026-03-31,井村屋グループ株式会社
S100YBHZ,2026-06-16,2026-06-16 09:08,41200,2025-04-01,2026-03-31,スガイ化学工業株式会社
S100YAUN,2026-06-16,2026-06-16 09:10,83590,2025-04-01,2026-03-31,株式会社八十二長野銀行
S100YBIB,2026-06-16,2026-06-16 09:11,58300,2025-04-01,2026-03-31,株式会社いよぎんホールディングス
S100YBL0,2026-06-16,2026-06-16 09:23,62940,2025-04-01,2026-03-31,オカダアイヨン株式会社
S100YC95,2026-06-16,2026-06-16 09:27,86130,2025-04-01,2026-03-31,丸三証券株式会社
S100YC07,2026-06-16,2026-06-16 10:00,49560,2025-04-01,2026-03-31,コニシ株式会社
S100YBSD,2026-06-16,2026-06-16 10:00,95510,2025-04-01,2026-03-31,メタウォーター株式会社
S100YBV4,2026-06-16,2026-06-16 10:15,27600,2025-04-01,2026-03-31,東京エレクトロンデバイス株式会社
S100YBU8,2026-06-16,2026-06-16 10:22,83810,2025-04-01,2026-03-31,株式会社山陰合同銀行
S100YCBD,2026-06-16,2026-06-16 10:51,99020,2025-04-01,2026-03-31,株式会社日伝
S100YBT6,2026-06-16,2026-06-16 10:56,91010,2025-04-01,2026-03-31,日本郵船株式会社
S100YC5I,2026-06-16,2026-06-16 11:00,22700,2025-04-01,2026-03-31,雪印メグミルク株式会社
S100YBGF,2026-06-16,2026-06-16 11:04,18010,2025-04-01,2026-03-31,大成建設株式会社
S100YCDE,2026-06-16,2026-06-16 11:38,82530,2025-04-01,2026-03-31,株式会社クレディセゾン
S100YC9F,2026-06-16,2026-06-16 11:52,83640,2025-04-01,2026-03-31,株式会社清水銀行
S100YB17,2026-06-16,2026-06-16 12:00,26020,2025-04-01,2026-03-31,日清オイリオグループ株式会社
S100YBLG,2026-06-16,2026-06-16 12:00,46260,2025-04-01,2026-03-31,太陽ホールディングス株式会社
S100YC0N,2026-06-16,2026-06-16 12:23,28760,2025-04-01,2026-03-31,株式会社デルソーレ
S100YBXA,2026-06-16,2026-06-16 12:55,85720,2025-04-01,2026-03-31,アコム株式会社
S100YBZA,2026-06-16,2026-06-16 13:00,61010,2025-04-01,2026-03-31,株式会社ツガミ
S100YBFF,2026-06-16,2026-06-16 13:03,77520,2025-04-01,2026-03-31,株式会社リコー
S100YBNS,2026-06-16,2026-06-16 13:04,94120,2025-04-01,2026-03-31,スカパーＪＳＡＴ株式会社
S100YC4K,2026-06-16,2026-06-16 13:04,81330,2025-04-01,2026-03-31,伊藤忠エネクス株式会社
S100YCFK,2026-06-16,2026-06-16 13:05,90210,2025-04-01,2026-03-31,西日本旅客鉄道株式会社
S100YA8B,2026-06-16,2026-06-16 13:05,81300,2025-04-01,2026-03-31,株式会社サンゲツ
S100YC0P,2026-06-16,2026-06-16 13:22,44710,2025-04-01,2026-03-31,三洋化成工業株式会社
S100YC1Q,2026-06-16,2026-06-16 13:29,20600,2025-04-01,2026-03-31,フィード・ワン株式会社
S100YCGP,2026-06-16,2026-06-16 13:33,96190,2025-04-01,2026-03-31,株式会社イチネンホールディングス
S100YC54,2026-06-16,2026-06-16 13:39,96400,2025-04-01,2026-03-31,株式会社セゾンテクノロジー
S100YCBI,2026-06-16,2026-06-16 13:53,63490,2025-04-01,2026-03-31,株式会社小森コーポレーション
S100YCGC,2026-06-16,2026-06-16 13:56,87040,2025-04-01,2026-03-31,トレイダーズホールディングス株式会社
S100YB3N,2026-06-16,2026-06-16 14:01,99620,2025-04-01,2026-03-31,株式会社　ミスミグループ本社
S100YBHC,2026-06-16,2026-06-16 14:10,63240,2025-04-01,2026-03-31,株式会社ハーモニック・ドライブ・システムズ
S100YCIP,2026-06-16,2026-06-16 14:10,50760,2025-04-01,2026-03-31,インフロニア・ホールディングス株式会社
S100YCID,2026-06-16,2026-06-16 14:22,80070,2025-04-01,2026-03-31,高島株式会社
S100YBV5,2026-06-16,2026-06-16 14:31,83770,2025-04-01,2026-03-31,株式会社ほくほくフィナンシャルグループ
S100YCCS,2026-06-16,2026-06-16 14:47,28710,2025-04-01,2026-03-31,株式会社ニチレイ
S100YC5V,2026-06-16,2026-06-16 14:54,42990,2025-04-01,2026-03-31,株式会社ハイマックス
S100YCAP,2026-06-16,2026-06-16 15:02,74770,2025-04-01,2026-03-31,ムラキ株式会社
S100YBU2,2026-06-16,2026-06-16 15:03,38480,2025-04-01,2026-03-31,株式会社データ・アプリケーション
S100YC6I,2026-06-16,2026-06-16 15:08,61460,2025-04-01,2026-03-31,株式会社ディスコ
S100YBPK,2026-06-16,2026-06-16 15:09,45030,2025-04-01,2026-03-31,アステラス製薬株式会社
S100YCMC,2026-06-16,2026-06-16 15:12,72110,2025-04-01,2026-03-31,三菱自動車工業株式会社
S100YCFQ,2026-06-16,2026-06-16 15:18,98570,2025-04-01,2026-03-31,英和株式会社
S100YCI4,2026-06-16,2026-06-16 15:30,93250,2025-04-01,2026-03-31,ファイズホールディングス株式会社
S100YBQC,2026-06-16,2026-06-16 15:30,27670,2025-04-01,2026-03-31,円谷フィールズホールディングス株式会社
S100YC72,2026-06-16,2026-06-16 15:30,53320,2025-04-01,2026-03-31,ＴＯＴＯ株式会社
S100YBWO,2026-06-16,2026-06-16 15:30,92210,2025-04-01,2026-03-31,フルハシＥＰＯ株式会社
S100YBIN,2026-06-16,2026-06-16 15:31,80140,2025-04-01,2026-03-31,蝶理株式会社
S100YCNU,2026-06-16,2026-06-16 15:35,33930,2025-04-01,2026-03-31,スターティアホールディングス株式会社
S100YCP3,2026-06-16,2026-06-16 15:51,94320,2025-04-01,2026-03-31,ＮＴＴ株式会社
S100YBTV,2026-06-16,2026-06-16 15:56,80120,2025-04-01,2026-03-31,長瀬産業株式会社
S100YBEM,2026-06-16,2026-06-16 16:00,80880,2025-04-01,2026-03-31,岩谷産業株式会社
S100YCOW,2026-06-16,2026-06-16 16:00,303A0,2025-04-01,2026-03-31,株式会社ｖｉｓｕｍｏ
S100Y9ZW,2026-06-16,2026-06-16 16:00,60730,2025-04-01,2026-03-31,株式会社アサンテ
S100YCHD,2026-06-16,2026-06-16 16:00,62310,2025-04-01,2026-03-31,木村工機株式会社
S100YC38,2026-06-16,2026-06-16 16:00,79950,2025-04-01,2026-03-31,株式会社バルカー
S100YC75,2026-06-16,2026-06-16 16:00,58920,2025-04-01,2026-03-31,株式会社ｙｕｔｏｒｉ
S100YCOY,2026-06-16,2026-06-16 16:01,34840,2025-04-01,2026-03-31,株式会社イノベーションホールディングス
S100YBXE,2026-06-16,2026-06-16 16:06,78320,2025-04-01,2026-03-31,株式会社バンダイナムコホールディングス
S100YCGO,2026-06-16,2026-06-16 16:16,96970,2025-04-01,2026-03-31,株式会社カプコン
S100YCPU,2026-06-16,2026-06-16 16:28,70570,2025-04-01,2026-03-31,株式会社エヌ・シー・エヌ
S100YBXW,2026-06-16,2026-06-16 16:28,90370,2025-04-01,2026-03-31,株式会社ハマキョウレックス
S100YCOS,2026-06-16,2026-06-16 16:30,64450,2025-04-01,2026-03-31,株式会社ジャノメ
S100YC7R,2026-06-16,2026-06-16 16:36,71570,2025-04-01,2026-03-31,ライフネット生命保険株式会社
S100YC7A,2026-06-16,2026-06-16 16:38,87500,2025-04-01,2026-03-31,株式会社第一ライフグループ
S100YC4Y,2026-06-16,2026-06-16 16:56,67300,2025-04-01,2026-03-31,株式会社アクセル
S100YCOR,2026-06-16,2026-06-16 17:00,47650,2025-04-01,2026-03-31,ＳＢＩグローバルアセットマネジメント株式会社
S100YCDM,2026-06-17,2026-06-17 09:00,52080,2025-04-01,2026-03-31,株式会社有沢製作所
S100YBKA,2026-06-17,2026-06-17 09:00,83660,2025-04-01,2026-03-31,株式会社滋賀銀行
S100YCBQ,2026-06-17,2026-06-17 09:00,37980,2025-04-01,2026-03-31,ＵＬＳグループ株式会社
S100YC9O,2026-06-17,2026-06-17 09:02,88180,2025-04-01,2026-03-31,京阪神ビルディング株式会社
S100YBRY,2026-06-17,2026-06-17 09:05,90570,2025-04-01,2026-03-31,遠州トラック株式会社
S100YCRO,2026-06-17,2026-06-17 09:40,83040,2025-04-01,2026-03-31,株式会社あおぞら銀行
S100YCWP,2026-06-17,2026-06-17 09:51,48320,2025-04-01,2026-03-31,ＪＦＥシステムズ株式会社
S100YBV8,2026-06-17,2026-06-17 09:54,15180,2025-04-01,2026-03-31,三井松島ホールディングス株式会社
S100YC8S,2026-06-17,2026-06-17 09:54,17380,2025-04-01,2026-03-31,株式会社ニットー
S100YBGN,2026-06-17,2026-06-17 09:56,23710,2025-04-01,2026-03-31,株式会社カカクコム
S100YCLR,2026-06-17,2026-06-17 09:59,90410,2025-04-01,2026-03-31,近鉄グループホールディングス株式会社
S100YCY5,2026-06-17,2026-06-17 09:59,59330,2025-03-21,2026-03-20,アルインコ株式会社
S100YBGM,2026-06-17,2026-06-17 10:05,83090,2025-04-01,2026-03-31,三井住友トラストグループ株式会社
S100YCBL,2026-06-17,2026-06-17 10:07,90420,2025-04-01,2026-03-31,阪急阪神ホールディングス株式会社
S100YCH4,2026-06-17,2026-06-17 10:20,75520,2025-04-01,2026-03-31,株式会社ハピネット
S100YD0F,2026-06-17,2026-06-17 10:33,37630,2025-04-01,2026-03-31,株式会社プロシップ
S100YD1Z,2026-06-17,2026-06-17 10:43,24880,2025-04-01,2026-03-31,ＪＴＰ株式会社
S100YCJ4,2026-06-17,2026-06-17 10:45,49290,2025-03-21,2026-03-20,株式会社アジュバンホールディングス
S100YCYB,2026-06-17,2026-06-17 10:51,75540,2025-04-01,2026-03-31,株式会社幸楽苑
S100YCUS,2026-06-17,2026-06-17 10:51,59520,2025-04-01,2026-03-31,アマテイ株式会社
S100YCU0,2026-06-17,2026-06-17 11:01,40610,2025-04-01,2026-03-31,デンカ株式会社
S100YCRS,2026-06-17,2026-06-17 11:03,250A0,2025-04-01,2026-03-31,シマダヤ株式会社
S100YD2Y,2026-06-17,2026-06-17 11:15,67620,2025-04-01,2026-03-31,ＴＤＫ株式会社
S100YD3Z,2026-06-17,2026-06-17 11:17,68990,2025-04-01,2026-03-31,ＡＳＴＩ株式会社
S100YD4O,2026-06-17,2026-06-17 11:30,59910,2025-04-01,2026-03-31,日本発條株式会社
S100YD4T,2026-06-17,2026-06-17 11:34,90870,2025-04-01,2026-03-31,タカセ株式会社
S100YD39,2026-06-17,2026-06-17 11:42,74750,2025-04-01,2026-03-31,アルビス株式会社
S100YC3L,2026-06-17,2026-06-17 11:44,417A0,2025-04-01,2026-03-31,株式会社ブルーゾーンホールディングス
S100YCMP,2026-06-17,2026-06-17 11:49,86010,2025-04-01,2026-03-31,株式会社大和証券グループ本社
S100YCZ3,2026-06-17,2026-06-17 11:55,88440,2025-04-01,2026-03-31,株式会社コスモスイニシア
S100YCH0,2026-06-17,2026-06-17 12:03,72990,2025-04-01,2026-03-31,フジオーゼックス株式会社
S100YCVX,2026-06-17,2026-06-17 12:08,56950,2025-04-01,2026-03-31,パウダーテック株式会社
S100YCOQ,2026-06-17,2026-06-17 12:10,85950,2025-04-01,2026-03-31,ジャフコ　グループ株式会社
S100YCH9,2026-06-17,2026-06-17 12:26,78230,2025-04-01,2026-03-31,株式会社アートネイチャー
S100YCZN,2026-06-17,2026-06-17 12:31,73370,2025-04-01,2026-03-31,株式会社ひろぎんホールディングス
S100YBD2,2026-06-17,2026-06-17 12:39,85440,2025-04-01,2026-03-31,株式会社　京葉銀行
S100YCJ1,2026-06-17,2026-06-17 12:48,46440,2025-04-01,2026-03-31,イマジニア株式会社
S100YCRI,2026-06-17,2026-06-17 12:56,23420,2025-04-01,2026-03-31,株式会社トランスジェニックグループ
S100YBU1,2026-06-17,2026-06-17 13:00,52040,2025-03-21,2026-03-20,石塚硝子株式会社
S100YC1N,2026-06-17,2026-06-17 13:00,84100,2025-04-01,2026-03-31,株式会社セブン銀行
S100YD6O,2026-06-17,2026-06-17 13:03,29370,2025-04-01,2026-03-31,株式会社サンクゼール
S100YBO0,2026-06-17,2026-06-17 13:04,42020,2025-04-01,2026-03-31,株式会社ダイセル
S100YD7L,2026-06-17,2026-06-17 13:16,38910,2025-04-01,2026-03-31,ニッポン高度紙工業株式会社
S100YCTQ,2026-06-17,2026-06-17 13:18,79060,2025-04-01,2026-03-31,ヨネックス株式会社
S100YBNR,2026-06-17,2026-06-17 13:20,59920,2025-04-01,2026-03-31,中央発條株式会社
S100YAZ5,2026-06-17,2026-06-17 13:23,19250,2025-04-01,2026-03-31,大和ハウス工業株式会社
S100YCTT,2026-06-17,2026-06-17 13:36,48750,2025-01-01,2025-12-31,メディシノバ・インク
S100YD7C,2026-06-17,2026-06-17 13:39,30990,2025-04-01,2026-03-31,株式会社三越伊勢丹ホールディングス
S100YCWN,2026-06-17,2026-06-17 13:42,90900,2025-04-01,2026-03-31,ＡＺ－ＣＯＭ丸和ホールディングス株式会社
S100YCXZ,2026-06-17,2026-06-17 13:43,93680,2025-04-01,2026-03-31,キムラユニティー株式会社
S100YBFC,2026-06-17,2026-06-17 13:44,79660,2025-04-01,2026-03-31,リンテック株式会社
S100YCSO,2026-06-17,2026-06-17 13:44,61610,2025-03-21,2026-03-20,株式会社エスティック
S100YCX4,2026-06-17,2026-06-17 13:56,32320,2025-04-01,2026-03-31,三重交通グループホールディングス株式会社
S100YAOG,2026-06-17,2026-06-17 13:57,79490,2025-04-01,2026-03-31,小松ウオール工業株式会社
S100YCCG,2026-06-17,2026-06-17 14:04,43620,2025-04-01,2026-03-31,日本精化株式会社
S100YC6Z,2026-06-17,2026-06-17 14:16,86300,2025-04-01,2026-03-31,ＳＯＭＰＯホールディングス株式会社
S100YCP7,2026-06-17,2026-06-17 14:20,78710,2025-04-01,2026-03-31,フクビ化学工業株式会社
S100YBUN,2026-06-17,2026-06-17 14:29,87370,2025-04-01,2026-03-31,株式会社あかつき本社
S100Y8YZ,2026-06-17,2026-06-17 14:30,64720,2025-04-01,2026-03-31,ＮＴＮ株式会社
S100YDAM,2026-06-17,2026-06-17 14:34,78370,2025-04-01,2026-03-31,株式会社アールシーコア
S100YBP7,2026-06-17,2026-06-17 14:39,41140,2025-04-01,2026-03-31,株式会社日本触媒
S100YC23,2026-06-17,2026-06-17 14:47,72820,2025-04-01,2026-03-31,豊田合成株式会社
S100YD9M,2026-06-17,2026-06-17 14:54,49510,2025-04-01,2026-03-31,エステー株式会社
S100YCW1,2026-06-17,2026-06-17 15:00,83580,2025-04-01,2026-03-31,スルガ銀行株式会社
S100YCK1,2026-06-17,2026-06-17 15:00,13330,2025-04-01,2026-03-31,Ｕｍｉｏｓ株式会社
S100YD5L,2026-06-17,2026-06-17 15:00,59380,2025-04-01,2026-03-31,株式会社ＬＩＸＩＬ
S100YCEQ,2026-06-17,2026-06-17 15:01,65160,2025-04-01,2026-03-31,山洋電気株式会社
S100YCQQ,2026-06-17,2026-06-17 15:01,56320,2025-04-01,2026-03-31,三菱製鋼株式会社
S100YCL0,2026-06-17,2026-06-17 15:01,87290,2025-04-01,2026-03-31,ソニーフィナンシャルグループ株式会社
S100YDAF,2026-06-17,2026-06-17 15:05,79400,2025-04-01,2026-03-31,ウェーブロックホールディングス株式会社
S100YCPQ,2026-06-17,2026-06-17 15:10,19790,2025-04-01,2026-03-31,株式会社大気社
S100YDDN,2026-06-17,2026-06-17 15:26,42160,2025-04-01,2026-03-31,旭有機材株式会社
S100YD7V,2026-06-17,2026-06-17 15:30,24970,2025-04-01,2026-03-31,ユナイテッド株式会社
S100YCT4,2026-06-17,2026-06-17 15:33,96820,2025-04-01,2026-03-31,株式会社ＤＴＳ
S100YB5L,2026-06-17,2026-06-17 15:34,45020,2025-04-01,2026-03-31,武田薬品工業株式会社
S100YCXD,2026-06-17,2026-06-17 15:34,22960,2025-04-01,2026-03-31,伊藤ハム米久ホールディングス株式会社
S100YCV6,2026-06-17,2026-06-17 15:38,30360,2025-04-01,2026-03-31,アルコニックス株式会社
S100YD7F,2026-06-17,2026-06-17 15:39,95190,2025-04-01,2026-03-31,株式会社レノバ
S100YAZU,2026-06-17,2026-06-17 15:40,86000,2025-04-01,2026-03-31,トモニホールディングス株式会社
S100YCKH,2026-06-17,2026-06-17 15:54,85850,2025-04-01,2026-03-31,株式会社オリエントコーポレーション
S100YB28,2026-06-17,2026-06-17 16:00,32840,2025-04-01,2026-03-31,株式会社フージャースホールディングス
S100YB3J,2026-06-17,2026-06-17 16:00,60130,2025-04-01,2026-03-31,株式会社タクマ
S100YAZH,2026-06-17,2026-06-17 16:00,79170,2025-04-01,2026-03-31,ＺＡＣＲＯＳ株式会社
S100YC6U,2026-06-17,2026-06-17 16:00,55760,2025-04-01,2026-03-31,株式会社オービーシステム
S100YCII,2026-06-17,2026-06-17 16:00,77750,2025-04-01,2026-03-31,大研医器株式会社
S100YCRR,2026-06-17,2026-06-17 16:00,94130,2025-04-01,2026-03-31,株式会社テレビ東京ホールディングス
S100YCAR,2026-06-17,2026-06-17 16:01,69880,2025-04-01,2026-03-31,日東電工株式会社
S100YD0S,2026-06-17,2026-06-17 16:07,21520,2025-04-01,2026-03-31,幼児活動研究会株式会社
S100YCS3,2026-06-17,2026-06-17 16:08,50190,2025-04-01,2026-03-31,出光興産株式会社
S100YCHA,2026-06-17,2026-06-17 16:11,72410,2025-04-01,2026-03-31,フタバ産業株式会社
S100YCXB,2026-06-17,2026-06-17 16:11,73130,2025-04-01,2026-03-31,テイ・エス　テック株式会社
S100YCM2,2026-06-17,2026-06-17 16:15,83990,2025-04-01,2026-03-31,株式会社琉球銀行
S100YCU8,2026-06-17,2026-06-17 16:17,88710,2025-04-01,2026-03-31,株式会社ゴールドクレスト
S100YDGM,2026-06-17,2026-06-17 16:21,28150,2025-04-01,2026-03-31,アリアケジャパン株式会社
S100YD3K,2026-06-17,2026-06-17 16:22,64600,2025-04-01,2026-03-31,セガサミーホールディングス株式会社
S100YCXM,2026-06-17,2026-06-17 16:27,98280,2025-04-01,2026-03-31,株式会社Ｇｅｎｋｉ　Ｇｌｏｂａｌ　Ｄｉｎｉｎｇ　Ｃｏｎｃｅｐｔｓ
S100YD8M,2026-06-17,2026-06-17 16:34,49730,2025-04-01,2026-03-31,日本高純度化学株式会社
S100YC7N,2026-06-17,2026-06-17 17:07,90200,2025-04-01,2026-03-31,東日本旅客鉄道株式会社
S100YCMX,2026-06-18,2026-06-18 09:00,71750,2025-04-01,2026-03-31,今村証券株式会社
S100YCKF,2026-06-18,2026-06-18 09:03,81500,2025-04-01,2026-03-31,三信電気株式会社
S100YBU3,2026-06-18,2026-06-18 09:16,94240,2025-04-01,2026-03-31,日本通信株式会社
S100YDG7,2026-06-18,2026-06-18 09:23,99080,2025-04-01,2026-03-31,日本電計株式会社
S100YD65,2026-06-18,2026-06-18 09:30,94740,2025-04-01,2026-03-31,株式会社ゼンリン
S100YCZF,2026-06-18,2026-06-18 09:30,85580,2025-04-01,2026-03-31,株式会社東和銀行
S100YDOC,2026-06-18,2026-06-18 09:32,24750,2025-04-01,2026-03-31,ＷＤＢホールディングス株式会社
S100YDPE,2026-06-18,2026-06-18 09:36,43810,2025-04-01,2026-03-31,ビープラッツ株式会社
S100YC6B,2026-06-18,2026-06-18 09:43,91070,2025-04-01,2026-03-31,川崎汽船株式会社
S100YD0G,2026-06-18,2026-06-18 09:50,38420,2025-04-01,2026-03-31,株式会社ネクストジェン
S100YCON,2026-06-18,2026-06-18 09:51,59490,2025-04-01,2026-03-31,ユニプレス株式会社
S100YDBK,2026-06-18,2026-06-18 09:55,99140,2025-03-21,2026-03-20,株式会社　植松商会
S100YD79,2026-06-18,2026-06-18 09:58,64900,2025-04-01,2026-03-31,株式会社ＰＩＬＬＡＲ
S100YD6A,2026-06-18,2026-06-18 09:58,83450,2025-04-01,2026-03-31,株式会社岩手銀行
S100YDT8,2026-06-18,2026-06-18 10:00,74860,2025-04-01,2026-03-31,サンリン株式会社
S100YBCW,2026-06-18,2026-06-18 10:00,80180,2025-04-01,2026-03-31,三共生興株式会社
S100YCTH,2026-06-18,2026-06-18 10:02,96860,2025-04-01,2026-03-31,東洋テック株式会社
S100YD7X,2026-06-18,2026-06-18 10:03,90520,2025-04-01,2026-03-31,山陽電気鉄道株式会社
S100YC4B,2026-06-18,2026-06-18 10:03,40620,2025-04-01,2026-03-31,イビデン株式会社
S100YD2K,2026-06-18,2026-06-18 10:07,73220,2025-04-01,2026-03-31,株式会社三十三フィナンシャルグループ
S100YDBM,2026-06-18,2026-06-18 10:09,31100,2025-04-01,2026-03-31,日東紡績株式会社
S100YD0K,2026-06-18,2026-06-18 10:10,30240,2025-04-01,2026-03-31,クリエイト株式会社
S100YDUS,2026-06-18,2026-06-18 10:16,99550,2025-04-01,2026-03-31,株式会社ヨンキュウ
S100YDBW,2026-06-18,2026-06-18 10:17,77740,2025-04-01,2026-03-31,株式会社ジャパン・ティッシュエンジニアリング
S100YD22,2026-06-18,2026-06-18 10:18,64020,2025-04-01,2026-03-31,兼松エンジニアリング株式会社
S100YDKQ,2026-06-18,2026-06-18 10:27,38000,2025-04-01,2026-03-31,株式会社ユニリタ
S100YCO6,2026-06-18,2026-06-18 10:38,85620,2025-04-01,2026-03-31,株式会社　福島銀行
S100YD1K,2026-06-18,2026-06-18 10:42,94780,2025-04-01,2026-03-31,ＳＥホールディングス・アンド・インキュベーションズ株式会社
S100YD49,2026-06-18,2026-06-18 10:49,47330,2025-04-01,2026-03-31,株式会社オービックビジネスコンサルタント
S100YD9X,2026-06-18,2026-06-18 10:53,18470,2025-04-01,2026-03-31,株式会社イチケン
S100YD54,2026-06-18,2026-06-18 11:17,36820,2025-04-01,2026-03-31,エンカレッジ・テクノロジ株式会社
S100YDWK,2026-06-18,2026-06-18 11:27,68940,2025-04-01,2026-03-31,パルステック工業株式会社
S100YCVR,2026-06-18,2026-06-18 11:30,90450,2025-04-01,2026-03-31,京阪ホールディングス株式会社
S100YDIT,2026-06-18,2026-06-18 11:31,86220,2025-04-01,2026-03-31,水戸証券株式会社
S100YD25,2026-06-18,2026-06-18 11:46,63010,2025-04-01,2026-03-31,株式会社小松製作所
S100YD3N,2026-06-18,2026-06-18 11:51,83870,2025-04-01,2026-03-31,株式会社四国銀行
S100YDGW,2026-06-18,2026-06-18 12:01,22260,2025-04-01,2026-03-31,株式会社湖池屋
S100YDA0,2026-06-18,2026-06-18 12:02,83920,2025-04-01,2026-03-31,株式会社大分銀行
S100YDDX,2026-06-18,2026-06-18 12:03,73660,2025-04-01,2026-03-31,株式会社ＬＩＴＡＬＩＣＯ
S100YDYC,2026-06-18,2026-06-18 12:06,98160,2025-04-01,2026-03-31,株式会社　ストライダーズ
S100YDZP,2026-06-18,2026-06-18 12:51,21300,2025-04-01,2026-03-31,株式会社メンバーズ
S100YE00,2026-06-18,2026-06-18 12:58,42490,2025-04-01,2026-03-31,森六株式会社
S100YC1L,2026-06-18,2026-06-18 13:00,76870,2025-04-01,2026-03-31,株式会社ミクリード
S100YE1C,2026-06-18,2026-06-18 13:01,71200,2025-04-01,2026-03-31,株式会社ＳＨＩＮＫＯ
S100YDA3,2026-06-18,2026-06-18 13:02,17980,2025-04-01,2026-03-31,株式会社守谷商会
S100YCYQ,2026-06-18,2026-06-18 13:08,31730,2025-04-01,2026-03-31,株式会社Ｃｏｍｉｎｉｘ
S100YCZS,2026-06-18,2026-06-18 13:08,71830,2025-04-01,2026-03-31,あんしん保証株式会社
S100YD8J,2026-06-18,2026-06-18 13:11,80150,2025-04-01,2026-03-31,豊田通商株式会社
S100YDDS,2026-06-18,2026-06-18 13:12,17620,2025-04-01,2026-03-31,株式会社髙松コンストラクショングループ
S100YE2M,2026-06-18,2026-06-18 13:13,83440,2025-04-01,2026-03-31,株式会社山形銀行
S100YE2O,2026-06-18,2026-06-18 13:15,71300,2025-04-01,2026-03-31,ヤマエグループホールディングス株式会社
S100YCJD,2026-06-18,2026-06-18 13:15,57020,2025-04-01,2026-03-31,株式会社大紀アルミニウム工業所
S100YD46,2026-06-18,2026-06-18 13:21,93080,2025-04-01,2026-03-31,乾汽船株式会社
S100YDQV,2026-06-18,2026-06-18 13:33,94280,2025-04-01,2026-03-31,株式会社クロップス
S100YDJU,2026-06-18,2026-06-18 13:35,34200,2025-04-01,2026-03-31,株式会社ケー・エフ・シー
S100YD42,2026-06-18,2026-06-18 13:38,42080,2025-04-01,2026-03-31,ＵＢＥ株式会社
S100YDOU,2026-06-18,2026-06-18 13:38,19690,2025-04-01,2026-03-31,高砂熱学工業株式会社
S100YE46,2026-06-18,2026-06-18 13:40,39690,2025-04-01,2026-03-31,株式会社エイトレッド
S100YDJN,2026-06-18,2026-06-18 13:40,83380,2025-04-01,2026-03-31,株式会社筑波銀行
S100YDMT,2026-06-18,2026-06-18 13:45,19520,2025-04-01,2026-03-31,新日本空調株式会社
S100YE42,2026-06-18,2026-06-18 13:47,58050,2025-04-01,2026-03-31,ＳＷＣＣ株式会社
S100YDLY,2026-06-18,2026-06-18 13:51,18130,2025-04-01,2026-03-31,株式会社不動テトラ
S100YDCE,2026-06-18,2026-06-18 13:57,41090,2025-04-01,2026-03-31,ステラケミファ株式会社
S100YCYY,2026-06-18,2026-06-18 14:00,42460,2025-04-01,2026-03-31,ダイキョーニシカワ株式会社
S100YD8G,2026-06-18,2026-06-18 14:00,34370,2025-04-01,2026-03-31,特殊電極株式会社
S100YB9C,2026-06-18,2026-06-18 14:10,68340,2025-04-01,2026-03-31,株式会社　精工技研
S100YBTF,2026-06-18,2026-06-18 14:12,38500,2025-04-01,2026-03-31,株式会社エヌ・ティ・ティ・データ・イントラマート
S100YDOG,2026-06-18,2026-06-18 14:19,35530,2025-04-01,2026-03-31,共和レザー株式会社
S100YDP5,2026-06-18,2026-06-18 14:27,46190,2025-04-01,2026-03-31,日本特殊塗料株式会社
S100YDE9,2026-06-18,2026-06-18 14:28,62080,2025-04-01,2026-03-31,株式会社石川製作所
S100YDDM,2026-06-18,2026-06-18 14:45,33520,2025-04-01,2026-03-31,株式会社バッファロー
S100YCV0,2026-06-18,2026-06-18 14:45,57410,2025-04-01,2026-03-31,株式会社ＵＡＣＪ
S100YE6B,2026-06-18,2026-06-18 14:49,98890,2025-04-01,2026-03-31,ＪＢＣＣホールディングス株式会社
S100YE5G,2026-06-18,2026-06-18 14:57,35130,2025-04-01,2026-03-31,イチカワ株式会社
S100YE21,2026-06-18,2026-06-18 14:58,29030,2025-04-01,2026-03-31,シノブフーズ株式会社
S100YDFO,2026-06-18,2026-06-18 15:00,83360,2025-04-01,2026-03-31,株式会社武蔵野銀行
S100YD7R,2026-06-18,2026-06-18 15:00,45490,2025-04-01,2026-03-31,栄研化学株式会社
S100YDJ0,2026-06-18,2026-06-18 15:00,99500,2025-03-21,2026-03-20,株式会社ハチバン
S100YDKO,2026-06-18,2026-06-18 15:00,30200,2025-04-01,2026-03-31,アプライド株式会社
S100YDFZ,2026-06-18,2026-06-18 15:00,70590,2025-04-01,2026-03-31,株式会社コプロ・ホールディングス
S100YDU9,2026-06-18,2026-06-18 15:02,38780,2025-04-01,2026-03-31,株式会社巴川コーポレーション
S100YCMK,2026-06-18,2026-06-18 15:04,34010,2025-04-01,2026-03-31,帝人株式会社
S100YCSL,2026-06-18,2026-06-18 15:04,76000,2025-04-01,2026-03-31,株式会社　日本エム・ディ・エム
S100YE9T,2026-06-18,2026-06-18 15:05,63820,2025-04-01,2026-03-31,トリニティ工業株式会社
S100YDH1,2026-06-18,2026-06-18 15:05,45360,2025-04-01,2026-03-31,参天製薬株式会社
S100YD0C,2026-06-18,2026-06-18 15:11,73840,2025-04-01,2026-03-31,株式会社プロクレアホールディングス
S100YEAI,2026-06-18,2026-06-18 15:13,46650,2025-04-01,2026-03-31,株式会社ダスキン
S100YBY2,2026-06-18,2026-06-18 15:29,63450,2025-04-01,2026-03-31,株式会社アイチコーポレーション
S100YDYD,2026-06-18,2026-06-18 15:30,70470,2025-04-01,2026-03-31,ポート株式会社
S100YB8V,2026-06-18,2026-06-18 15:30,67700,2025-04-01,2026-03-31,アルプスアルパイン株式会社
S100YE7T,2026-06-18,2026-06-18 15:30,61780,2025-04-01,2026-03-31,日本郵政株式会社
S100YDD9,2026-06-18,2026-06-18 15:30,72670,2025-04-01,2026-03-31,本田技研工業株式会社
S100Y9G1,2026-06-18,2026-06-18 15:30,71820,2025-04-01,2026-03-31,株式会社ゆうちょ銀行
S100YE1V,2026-06-18,2026-06-18 15:30,84180,2025-04-01,2026-03-31,株式会社山口フィナンシャルグループ
S100YDHC,2026-06-18,2026-06-18 15:30,46740,2025-04-01,2026-03-31,株式会社クレスコ
S100YD29,2026-06-18,2026-06-18 15:30,71810,2025-04-01,2026-03-31,株式会社かんぽ生命保険
S100YC9S,2026-06-18,2026-06-18 15:31,74720,2025-04-01,2026-03-31,株式会社鳥羽洋行
S100YE3H,2026-06-18,2026-06-18 15:31,68410,2025-04-01,2026-03-31,横河電機株式会社
S100YE3S,2026-06-18,2026-06-18 15:31,23590,2025-04-01,2026-03-31,株式会社コア
S100YDHG,2026-06-18,2026-06-18 15:32,45690,2025-04-01,2026-03-31,杏林製薬株式会社
S100YDN3,2026-06-18,2026-06-18 15:34,77330,2025-04-01,2026-03-31,オリンパス株式会社
S100YDNF,2026-06-18,2026-06-18 15:34,59880,2025-04-01,2026-03-31,株式会社パイオラックス
S100YDGT,2026-06-18,2026-06-18 15:35,45480,2025-04-01,2026-03-31,生化学工業株式会社
S100YBFV,2026-06-18,2026-06-18 15:35,67010,2025-04-01,2026-03-31,日本電気株式会社
S100YBXD,2026-06-18,2026-06-18 15:37,46890,2025-04-01,2026-03-31,ＬＩＮＥヤフー株式会社
S100YE2C,2026-06-18,2026-06-18 15:38,67580,2025-04-01,2026-03-31,ソニーグループ株式会社
S100YDQN,2026-06-18,2026-06-18 15:39,43370,2025-04-01,2026-03-31,ぴあ株式会社
S100YDEF,2026-06-18,2026-06-18 15:40,71610,2025-04-01,2026-03-31,株式会社じもとホールディングス
S100YD7I,2026-06-18,2026-06-18 15:44,99910,2025-04-01,2026-03-31,ジェコス株式会社
S100YDBU,2026-06-18,2026-06-18 15:48,45120,2025-04-01,2026-03-31,わかもと製薬株式会社
S100YCVG,2026-06-18,2026-06-18 15:57,23350,2025-04-01,2026-03-31,株式会社キューブシステム
S100YD5O,2026-06-18,2026-06-18 15:58,18520,2025-04-01,2026-03-31,株式会社淺沼組
S100YDXW,2026-06-18,2026-06-18 15:59,69460,2025-04-01,2026-03-31,日本アビオニクス株式会社
S100YB3A,2026-06-18,2026-06-18 16:00,48330,2025-04-01,2026-03-31,株式会社Ｄｅｆ　ｃｏｎｓｕｌｔｉｎｇ
S100YD1I,2026-06-18,2026-06-18 16:00,30880,2025-04-01,2026-03-31,株式会社マツキヨココカラ＆カンパニー
S100YEB9,2026-06-18,2026-06-18 16:00,39080,2025-04-01,2026-03-31,株式会社コラボス
S100YCZ0,2026-06-18,2026-06-18 16:01,85220,2025-04-01,2026-03-31,株式会社　名古屋銀行
S100YDSZ,2026-06-18,2026-06-18 16:01,93530,2025-04-01,2026-03-31,櫻島埠頭株式会社
S100YE88,2026-06-18,2026-06-18 16:04,409A0,2025-04-01,2026-03-31,オリオンビール株式会社
S100YE4Y,2026-06-18,2026-06-18 16:05,64130,2025-04-01,2026-03-31,理想科学工業株式会社
S100YD7D,2026-06-18,2026-06-18 16:09,48280,2025-04-01,2026-03-31,ビジネスエンジニアリング株式会社
S100YCPI,2026-06-18,2026-06-18 16:12,72130,2025-04-01,2026-03-31,レシップホールディングス株式会社
S100YE26,2026-06-18,2026-06-18 16:17,72140,2025-04-01,2026-03-31,ＧＭＢ株式会社
S100YEDS,2026-06-18,2026-06-18 16:21,66520,2025-04-01,2026-03-31,ＩＤＥＣ株式会社
S100YEDH,2026-06-18,2026-06-18 16:24,63660,2025-04-01,2026-03-31,千代田化工建設株式会社
S100YDSL,2026-06-18,2026-06-18 16:40,64630,2025-04-01,2026-03-31,ＴＰＲ株式会社
S100YEG1,2026-06-18,2026-06-18 16:41,65390,2025-04-01,2026-03-31,株式会社ＭＳ－Ｊａｐａｎ
S100YCDA,2026-06-18,2026-06-18 16:45,54060,2025-04-01,2026-03-31,株式会社　神戸製鋼所
S100YDWH,2026-06-18,2026-06-18 16:52,48390,2025-04-01,2026-03-31,株式会社ＷＯＷＯＷ
S100YEJ6,2026-06-18,2026-06-18 16:52,72150,2025-04-01,2026-03-31,株式会社ファルテック
S100YAAB,2026-06-18,2026-06-18 16:57,90310,2025-04-01,2026-03-31,西日本鉄道株式会社
S100YCR6,2026-06-18,2026-06-18 17:07,74660,2025-04-01,2026-03-31,ＳＰＫ株式会社
S100YEU4,2026-06-19,2026-06-19 09:00,87060,2025-04-01,2026-03-31,極東証券株式会社
S100YD50,2026-06-19,2026-06-19 09:00,46150,2025-04-01,2026-03-31,神東塗料株式会社
S100YDK0,2026-06-19,2026-06-19 09:00,83370,2025-04-01,2026-03-31,株式会社千葉興業銀行
S100YE3Y,2026-06-19,2026-06-19 09:00,79700,2025-04-01,2026-03-31,信越ポリマー株式会社
S100YDSM,2026-06-19,2026-06-19 09:02,47050,2025-04-01,2026-03-31,株式会社クリップコーポレーション
S100YDSE,2026-06-19,2026-06-19 09:02,83310,2025-04-01,2026-03-31,株式会社千葉銀行
S100YEGQ,2026-06-19,2026-06-19 09:05,27950,2025-04-01,2026-03-31,日本プリメックス株式会社
S100YDT5,2026-06-19,2026-06-19 09:07,43500,2025-04-01,2026-03-31,株式会社　メディカルシステムネットワーク
S100YE6Y,2026-06-19,2026-06-19 09:08,88760,2025-04-01,2026-03-31,株式会社リログループ
S100YDTC,2026-06-19,2026-06-19 09:08,86090,2025-04-01,2026-03-31,株式会社岡三証券グループ
S100YD30,2026-06-19,2026-06-19 09:09,42290,2025-04-01,2026-03-31,群栄化学工業株式会社
S100YCGG,2026-06-19,2026-06-19 09:12,74170,2025-04-01,2026-03-31,株式会社南陽
S100YD8C,2026-06-19,2026-06-19 09:13,53860,2025-04-01,2026-03-31,株式会社鶴弥
S100YC1U,2026-06-19,2026-06-19 09:13,85370,2025-04-01,2026-03-31,株式会社大光銀行
S100YEMH,2026-06-19,2026-06-19 09:15,47830,2025-04-01,2026-03-31,ＮＣＤ株式会社
S100YEBM,2026-06-19,2026-06-19 09:17,83670,2025-04-01,2026-03-31,株式会社南都銀行
S100Y8FP,2026-06-19,2026-06-19 09:20,85510,2025-04-01,2026-03-31,株式会社　北日本銀行
S100YD4W,2026-06-19,2026-06-19 09:26,22880,2025-04-01,2026-03-31,丸大食品株式会社
S100YDSC,2026-06-19,2026-06-19 09:27,54630,2025-04-01,2026-03-31,丸一鋼管株式会社
S100YEUT,2026-06-19,2026-06-19 09:28,83490,2025-04-01,2026-03-31,株式会社　東北銀行
S100YEA0,2026-06-19,2026-06-19 09:40,78960,2025-04-01,2026-03-31,セブン工業株式会社
S100YDW4,2026-06-19,2026-06-19 09:46,33970,2025-04-01,2026-03-31,株式会社トリドールホールディングス
S100YE1F,2026-06-19,2026-06-19 09:49,98850,2025-04-01,2026-03-31,株式会社　シャルレ
S100YDW0,2026-06-19,2026-06-19 09:52,28750,2025-04-01,2026-03-31,東洋水産株式会社
S100YDCX,2026-06-19,2026-06-19 09:53,53040,2025-04-01,2026-03-31,ＳＥＣカーボン株式会社
S100YDWS,2026-06-19,2026-06-19 09:54,73260,2025-04-01,2026-03-31,ＳＢＩインシュアランスグループ株式会社
S100YEW9,2026-06-19,2026-06-19 09:54,26120,2025-04-01,2026-03-31,かどや製油株式会社
S100YEEF,2026-06-19,2026-06-19 09:55,47610,2025-04-01,2026-03-31,株式会社さくらケーシーエス
S100YA2L,2026-06-19,2026-06-19 10:00,49250,2025-04-01,2026-03-31,株式会社ハーバー研究所
S100YDTW,2026-06-19,2026-06-19 10:00,69990,2025-04-01,2026-03-31,ＫＯＡ株式会社
S100YDP3,2026-06-19,2026-06-19 10:00,83080,2025-04-01,2026-03-31,株式会社　りそなホールディングス
S100Y7EC,2026-06-19,2026-06-19 10:02,23310,2025-04-01,2026-03-31,ＡＬＳＯＫ株式会社
S100YE56,2026-06-19,2026-06-19 10:02,64550,2025-04-01,2026-03-31,株式会社モリタホールディングス
S100YBNQ,2026-06-19,2026-06-19 10:11,83680,2025-04-01,2026-03-31,株式会社　百五銀行
S100YE54,2026-06-19,2026-06-19 10:13,95360,2025-04-01,2026-03-31,西部ガスホールディングス株式会社
S100YEY5,2026-06-19,2026-06-19 10:15,76060,2025-04-01,2026-03-31,株式会社ユナイテッドアローズ
S100YE9I,2026-06-19,2026-06-19 10:18,40630,2025-04-01,2026-03-31,信越化学工業株式会社
S100YE8Y,2026-06-19,2026-06-19 10:18,42060,2025-04-01,2026-03-31,アイカ工業株式会社
S100YDSN,2026-06-19,2026-06-19 10:20,31510,2025-04-01,2026-03-31,株式会社バイタルケーエスケー・ホールディングス
S100YE06,2026-06-19,2026-06-19 10:20,50110,2025-04-01,2026-03-31,ニチレキグループ株式会社
S100YEYJ,2026-06-19,2026-06-19 10:27,78930,2025-04-01,2026-03-31,株式会社プロネクサス
S100YCBJ,2026-06-19,2026-06-19 10:28,22670,2025-04-01,2026-03-31,株式会社ヤクルト本社
S100YEXW,2026-06-19,2026-06-19 10:28,39510,2025-04-01,2026-03-31,朝日印刷株式会社
S100YETA,2026-06-19,2026-06-19 10:48,67520,2025-04-01,2026-03-31,パナソニックホールディングス株式会社
S100YF0X,2026-06-19,2026-06-19 10:52,45910,2025-04-01,2026-03-31,株式会社リボミック
S100YCB2,2026-06-19,2026-06-19 10:53,71840,2025-04-01,2026-03-31,株式会社　富山第一銀行
S100YF23,2026-06-19,2026-06-19 10:55,75950,2025-04-01,2026-03-31,株式会社アルゴグラフィックス
S100YF0N,2026-06-19,2026-06-19 10:59,96390,2025-04-01,2026-03-31,三協フロンテア株式会社
S100YD7O,2026-06-19,2026-06-19 11:04,69470,2025-04-01,2026-03-31,株式会社図研
S100YEDT,2026-06-19,2026-06-19 11:05,67970,2025-04-01,2026-03-31,名古屋電機工業株式会社
S100YEL6,2026-06-19,2026-06-19 11:07,36480,2025-04-01,2026-03-31,ＡＧＳ株式会社
S100YEH1,2026-06-19,2026-06-19 11:13,58450,2025-04-01,2026-03-31,全保連株式会社
S100YF2U,2026-06-19,2026-06-19 11:14,19650,2025-04-01,2026-03-31,株式会社テクノ菱和
S100YEFT,2026-06-19,2026-06-19 11:14,70140,2025-04-01,2026-03-31,株式会社名村造船所
S100YEHW,2026-06-19,2026-06-19 11:17,38340,2025-04-01,2026-03-31,株式会社朝日ネット
S100YED6,2026-06-19,2026-06-19 11:23,80780,2025-04-01,2026-03-31,阪和興業株式会社
S100YE6L,2026-06-19,2026-06-19 11:25,85500,2025-04-01,2026-03-31,株式会社　栃木銀行
S100YEH7,2026-06-19,2026-06-19 11:26,75750,2025-04-01,2026-03-31,日本ライフライン株式会社
S100YF3L,2026-06-19,2026-06-19 11:27,75610,2025-04-01,2026-03-31,株式会社ハークスレイ
S100YECU,2026-06-19,2026-06-19 11:30,39180,2025-04-01,2026-03-31,ＰＣＩホールディングス株式会社
S100YEFI,2026-06-19,2026-06-19 11:34,90240,2025-04-01,2026-03-31,株式会社西武ホールディングス
S100YEDB,2026-06-19,2026-06-19 11:37,66580,2025-04-01,2026-03-31,シライ電子工業株式会社
S100YDSY,2026-06-19,2026-06-19 11:42,59550,2025-04-01,2026-03-31,株式会社ワイズホールディングス
S100YEE5,2026-06-19,2026-06-19 11:44,68450,2025-04-01,2026-03-31,アズビル株式会社
S100YEDZ,2026-06-19,2026-06-19 11:47,87000,2025-04-01,2026-03-31,丸八証券株式会社
S100YEV4,2026-06-19,2026-06-19 11:49,80750,2025-04-01,2026-03-31,神鋼商事株式会社
S100YDDF,2026-06-19,2026-06-19 11:52,70220,2025-04-01,2026-03-31,サノヤスホールディングス株式会社
S100YANZ,2026-06-19,2026-06-19 11:57,30040,2025-04-01,2026-03-31,神栄株式会社
S100YF57,2026-06-19,2026-06-19 11:58,45070,2025-04-01,2026-03-31,塩野義製薬株式会社
S100YF4M,2026-06-19,2026-06-19 12:00,93190,2025-04-01,2026-03-31,株式会社中央倉庫
S100YEOP,2026-06-19,2026-06-19 12:02,77290,2025-04-01,2026-03-31,株式会社東京精密
S100YEOH,2026-06-19,2026-06-19 12:02,78750,2025-04-01,2026-03-31,竹田ｉＰホールディングス株式会社
S100YDBB,2026-06-19,2026-06-19 12:03,83030,2025-04-01,2026-03-31,株式会社ＳＢＩ新生銀行
S100YE5H,2026-06-19,2026-06-19 12:07,73890,2025-04-01,2026-03-31,株式会社あいちフィナンシャルグループ
S100YEGC,2026-06-19,2026-06-19 12:28,60050,2025-04-01,2026-03-31,三浦工業株式会社
S100YF6F,2026-06-19,2026-06-19 12:35,60330,2025-04-01,2026-03-31,株式会社エクストリーム
S100YEY0,2026-06-19,2026-06-19 12:57,45680,2025-04-01,2026-03-31,第一三共株式会社
S100YDWN,2026-06-19,2026-06-19 12:58,43450,2025-04-01,2026-03-31,株式会社シーティーエス
S100YEO8,2026-06-19,2026-06-19 13:00,18710,2025-04-01,2026-03-31,ピーエス・コンストラクション株式会社
S100YF85,2026-06-19,2026-06-19 13:00,85590,2025-04-01,2026-03-31,株式会社豊和銀行
S100YDZX,2026-06-19,2026-06-19 13:00,67630,2025-04-01,2026-03-31,帝国通信工業株式会社
S100YET5,2026-06-19,2026-06-19 13:01,94670,2025-04-01,2026-03-31,株式会社アルファポリス
S100Y95Z,2026-06-19,2026-06-19 13:03,18330,2025-04-01,2026-03-31,株式会社奥村組
S100YEYD,2026-06-19,2026-06-19 13:03,93050,2025-04-01,2026-03-31,株式会社ヤマタネ
S100YE7H,2026-06-19,2026-06-19 13:06,79810,2025-04-01,2026-03-31,タカラスタンダード株式会社
S100YELN,2026-06-19,2026-06-19 13:06,83610,2025-04-01,2026-03-31,株式会社　大垣共立銀行
S100YE8H,2026-06-19,2026-06-19 13:07,31530,2025-04-01,2026-03-31,八洲電機株式会社
S100YEAG,2026-06-19,2026-06-19 13:07,97630,2025-04-01,2026-03-31,丸建リース株式会社
S100YEDU,2026-06-19,2026-06-19 13:07,18200,2025-04-01,2026-03-31,西松建設株式会社
S100YF8C,2026-06-19,2026-06-19 13:08,33710,2025-04-01,2026-03-31,株式会社ソフトクリエイトホールディングス
S100YEGP,2026-06-19,2026-06-19 13:10,81740,2025-04-01,2026-03-31,日本瓦斯株式会社
S100YE9U,2026-06-19,2026-06-19 13:10,39430,2025-04-01,2026-03-31,大石産業株式会社
S100YE51,2026-06-19,2026-06-19 13:12,24640,2025-04-01,2026-03-31,株式会社ＡｏｂａーＢＢＴ
S100YEXP,2026-06-19,2026-06-19 13:13,79190,2025-04-01,2026-03-31,野崎印刷紙業株式会社
S100YENS,2026-06-19,2026-06-19 13:18,85410,2025-04-01,2026-03-31,株式会社　愛媛銀行
S100YEIS,2026-06-19,2026-06-19 13:20,43680,2025-04-01,2026-03-31,扶桑化学工業株式会社
S100Y99Z,2026-06-19,2026-06-19 13:21,70120,2025-04-01,2026-03-31,川崎重工業株式会社
S100YEET,2026-06-19,2026-06-19 13:22,66220,2025-04-01,2026-03-31,株式会社ダイヘン
S100YDRI,2026-06-19,2026-06-19 13:23,84390,2025-04-01,2026-03-31,東京センチュリー株式会社
S100YF8Y,2026-06-19,2026-06-19 13:24,84110,2025-04-01,2026-03-31,株式会社みずほフィナンシャルグループ
S100YCZI,2026-06-19,2026-06-19 13:24,21090,2025-04-01,2026-03-31,ＤＭ三井製糖株式会社
S100YE4V,2026-06-19,2026-06-19 13:25,63390,2025-04-01,2026-03-31,新東工業株式会社
S100YE5P,2026-06-19,2026-06-19 13:27,81570,2025-04-01,2026-03-31,都築電気株式会社
S100YDG4,2026-06-19,2026-06-19 13:27,82830,2025-04-01,2026-03-31,株式会社ＰＡＬＴＡＣ
S100YF98,2026-06-19,2026-06-19 13:27,80460,2025-04-01,2026-03-31,丸藤シートパイル株式会社
S100YDBT,2026-06-19,2026-06-19 13:28,55410,2025-04-01,2026-03-31,大平洋金属株式会社
S100YEV1,2026-06-19,2026-06-19 13:30,67370,2025-04-01,2026-03-31,ＥＩＺＯ株式会社
S100YF6A,2026-06-19,2026-06-19 13:31,84240,2025-04-01,2026-03-31,芙蓉総合リース株式会社
S100YDVL,2026-06-19,2026-06-19 13:38,82300,2025-04-01,2026-03-31,株式会社はせがわ
S100YERT,2026-06-19,2026-06-19 13:41,63150,2025-04-01,2026-03-31,ＴＯＷＡ株式会社
S100YDU2,2026-06-19,2026-06-19 13:44,98880,2025-04-01,2026-03-31,株式会社ＵＥＸ
S100YF9W,2026-06-19,2026-06-19 13:46,63810,2025-04-01,2026-03-31,アネスト岩田株式会社
S100YDQ3,2026-06-19,2026-06-19 13:50,40430,2025-04-01,2026-03-31,株式会社トクヤマ
S100YD4R,2026-06-19,2026-06-19 13:55,42720,2025-04-01,2026-03-31,日本化薬株式会社
S100YE5V,2026-06-19,2026-06-19 13:58,28010,2025-04-01,2026-03-31,キッコーマン株式会社
S100YF3V,2026-06-19,2026-06-19 14:01,97080,2025-04-01,2026-03-31,株式会社帝国ホテル
S100YEHZ,2026-06-19,2026-06-19 14:12,58440,2025-04-01,2026-03-31,株式会社京都フィナンシャルグループ
S100YEVF,2026-06-19,2026-06-19 14:14,27330,2025-04-01,2026-03-31,株式会社あらた
S100YDLB,2026-06-19,2026-06-19 14:18,30660,2025-04-01,2026-03-31,株式会社ＪＢイレブン
S100YDYF,2026-06-19,2026-06-19 14:22,79470,2025-04-01,2026-03-31,株式会社エフピコ
S100YF5Z,2026-06-19,2026-06-19 14:24,43180,2025-04-01,2026-03-31,株式会社クイック
S100YFE8,2026-06-19,2026-06-19 14:32,80650,2025-04-01,2026-03-31,佐藤商事株式会社
S100YFDJ,2026-06-19,2026-06-19 14:34,45260,2025-04-01,2026-03-31,理研ビタミン株式会社
S100YDVA,2026-06-19,2026-06-19 14:36,65650,2025-04-01,2026-03-31,ＡＢホテル株式会社
S100YD1A,2026-06-19,2026-06-19 14:36,43100,2025-04-01,2026-03-31,株式会社ドリームインキュベータ
S100YCGY,2026-06-19,2026-06-19 14:40,18850,2025-04-01,2026-03-31,東亜建設工業株式会社
S100YFDZ,2026-06-19,2026-06-19 14:46,17200,2025-04-01,2026-03-31,東急建設株式会社
S100YFFH,2026-06-19,2026-06-19 14:47,73500,2025-04-01,2026-03-31,株式会社おきなわフィナンシャルグループ
S100YEHM,2026-06-19,2026-06-19 14:53,95350,2025-04-01,2026-03-31,広島ガス株式会社
S100YAX9,2026-06-19,2026-06-19 14:55,80760,2025-04-01,2026-03-31,株式会社カノークス
S100YEO5,2026-06-19,2026-06-19 15:00,93240,2025-04-01,2026-03-31,安田倉庫株式会社
S100YEQ9,2026-06-19,2026-06-19 15:00,87130,2025-04-01,2026-03-31,フィデアホールディングス株式会社
S100YE5N,2026-06-19,2026-06-19 15:00,45270,2025-04-01,2026-03-31,ロート製薬株式会社
S100YEL3,2026-06-19,2026-06-19 15:00,64730,2025-04-01,2026-03-31,株式会社ジェイテクト
S100YEEB,2026-06-19,2026-06-19 15:00,65040,2025-04-01,2026-03-31,富士電機株式会社
S100YF3Y,2026-06-19,2026-06-19 15:01,18930,2025-04-01,2026-03-31,五洋建設株式会社
S100YEAY,2026-06-19,2026-06-19 15:02,48860,2025-04-01,2026-03-31,あすか製薬ホールディングス株式会社
S100YFF9,2026-06-19,2026-06-19 15:03,68480,2025-04-01,2026-03-31,東亜ディーケーケー株式会社
S100YERK,2026-06-19,2026-06-19 15:03,83160,2025-04-01,2026-03-31,株式会社三井住友フィナンシャルグループ
S100YEES,2026-06-19,2026-06-19 15:07,36350,2025-04-01,2026-03-31,株式会社コーエーテクモホールディングス
S100YF86,2026-06-19,2026-06-19 15:07,79140,2025-04-01,2026-03-31,共同印刷株式会社
S100YE62,2026-06-19,2026-06-19 15:09,53840,2025-04-01,2026-03-31,株式会社フジミインコーポレーテッド
S100YE8F,2026-06-19,2026-06-19 15:12,59530,2025-04-01,2026-03-31,昭和鉄工株式会社
S100YF41,2026-06-19,2026-06-19 15:15,69630,2025-04-01,2026-03-31,ローム株式会社
S100YEHE,2026-06-19,2026-06-19 15:15,41250,2025-04-01,2026-03-31,三和油化工業株式会社
S100YFHS,2026-06-19,2026-06-19 15:18,92470,2025-04-01,2026-03-31,ＴＲＥホールディングス株式会社
S100YERU,2026-06-19,2026-06-19 15:21,16620,2025-04-01,2026-03-31,石油資源開発株式会社
S100YCY4,2026-06-19,2026-06-19 15:21,19390,2025-04-01,2026-03-31,株式会社四電工
S100YEPV,2026-06-19,2026-06-19 15:25,18980,2025-04-01,2026-03-31,世紀東急工業株式会社
S100YEPQ,2026-06-19,2026-06-19 15:27,38350,2025-04-01,2026-03-31,ｅＢＡＳＥ株式会社
S100YEF7,2026-06-19,2026-06-19 15:30,31370,2025-04-01,2026-03-31,株式会社ファンデリー
S100YD4Z,2026-06-19,2026-06-19 15:30,62400,2025-04-01,2026-03-31,ヤマシンフィルタ株式会社
S100YE10,2026-06-19,2026-06-19 15:30,62870,2025-04-01,2026-03-31,株式会社サトー
S100Y7BQ,2026-06-19,2026-06-19 15:30,56310,2025-04-01,2026-03-31,株式会社日本製鋼所
S100YDI1,2026-06-19,2026-06-19 15:30,74120,2025-04-01,2026-03-31,株式会社アトム
S100YF7Y,2026-06-19,2026-06-19 15:30,27050,2025-04-01,2026-03-31,株式会社大戸屋ホールディングス
S100Y6HR,2026-06-19,2026-06-19 15:30,91420,2025-04-01,2026-03-31,九州旅客鉄道株式会社
S100YEPX,2026-06-19,2026-06-19 15:30,88480,2025-04-01,2026-03-31,株式会社レオパレス２１
S100YF7X,2026-06-19,2026-06-19 15:30,21750,2025-04-01,2026-03-31,株式会社エス・エム・エス
S100YE76,2026-06-19,2026-06-19 15:30,94340,2025-04-01,2026-03-31,ソフトバンク株式会社
S100YEWF,2026-06-19,2026-06-19 15:30,14500,2025-04-01,2026-03-31,ＴＡＮＡＫＥＮ株式会社
S100YEJ2,2026-06-19,2026-06-19 15:30,21360,2025-04-01,2026-03-31,株式会社ヒップ
S100YEGK,2026-06-19,2026-06-19 15:30,173A0,2025-04-01,2026-03-31,株式会社ハンモック
S100YDHL,2026-06-19,2026-06-19 15:30,60980,2025-04-01,2026-03-31,株式会社リクルートホールディングス
S100YEFQ,2026-06-19,2026-06-19 15:30,19630,2025-04-01,2026-03-31,日揮ホールディングス株式会社
S100YEI3,2026-06-19,2026-06-19 15:30,82520,2025-04-01,2026-03-31,株式会社　丸井グループ
S100YEQK,2026-06-19,2026-06-19 15:30,61350,2025-04-01,2026-03-31,株式会社　牧野フライス製作所
S100YCXS,2026-06-19,2026-06-19 15:31,29930,2025-04-01,2026-03-31,株式会社長栄
S100YEVM,2026-06-19,2026-06-19 15:31,94660,2025-04-01,2026-03-31,株式会社アイドママーケティングコミュニケーション
S100YESP,2026-06-19,2026-06-19 15:32,84250,2025-04-01,2026-03-31,みずほリース株式会社
S100YEZW,2026-06-19,2026-06-19 15:32,82750,2025-04-01,2026-03-31,株式会社フォーバル
S100YEHI,2026-06-19,2026-06-19 15:33,22290,2025-04-01,2026-03-31,カルビー株式会社
S100YEI1,2026-06-19,2026-06-19 15:33,61670,2025-04-01,2026-03-31,冨士ダイス株式会社
S100YEAK,2026-06-19,2026-06-19 15:33,21560,2025-04-01,2026-03-31,セーラー広告株式会社
S100YF73,2026-06-19,2026-06-19 15:34,68070,2025-04-01,2026-03-31,日本航空電子工業株式会社
S100YECQ,2026-06-19,2026-06-19 15:34,71910,2025-04-01,2026-03-31,株式会社イントラスト
S100YF47,2026-06-19,2026-06-19 15:34,69710,2025-04-01,2026-03-31,京セラ株式会社
S100YCVD,2026-06-19,2026-06-19 15:34,31840,2025-04-01,2026-03-31,ＩＣＤＡホールディングス株式会社
S100YEFS,2026-06-19,2026-06-19 15:36,22080,2025-04-01,2026-03-31,株式会社ブルボン
S100YFGN,2026-06-19,2026-06-19 15:36,99130,2025-04-01,2026-03-31,日邦産業株式会社
S100YEZ8,2026-06-19,2026-06-19 15:39,65440,2025-04-01,2026-03-31,ジャパンエレベーターサービスホールディングス株式会社
S100YE1D,2026-06-19,2026-06-19 15:39,21210,2025-04-01,2026-03-31,株式会社ＭＩＸＩ
S100YF48,2026-06-19,2026-06-19 15:39,81030,2025-04-01,2026-03-31,明和産業株式会社
S100YFJQ,2026-06-19,2026-06-19 15:39,90390,2025-04-01,2026-03-31,株式会社サカイ引越センター
S100YF7Q,2026-06-19,2026-06-19 15:40,47920,2025-04-01,2026-03-31,山田コンサルティンググループ株式会社
S100YFJF,2026-06-19,2026-06-19 15:42,60890,2025-04-01,2026-03-31,株式会社ウィルグループ
S100YFK9,2026-06-19,2026-06-19 15:44,62490,2025-04-01,2026-03-31,株式会社ゲームカードホールディングス
S100YEOV,2026-06-19,2026-06-19 15:51,71890,2025-04-01,2026-03-31,株式会社西日本フィナンシャルホールディングス
S100YFH9,2026-06-19,2026-06-19 15:57,48900,2025-04-01,2026-03-31,株式会社坪田ラボ
S100YDYH,2026-06-19,2026-06-19 15:57,77270,2025-04-01,2026-03-31,株式会社オーバル
S100YCSC,2026-06-19,2026-06-19 16:00,44610,2025-04-01,2026-03-31,第一工業製薬株式会社
S100YFHT,2026-06-19,2026-06-19 16:00,33260,2025-04-01,2026-03-31,株式会社ランシステム
S100YFL2,2026-06-19,2026-06-19 16:00,287A0,2025-04-01,2026-03-31,黒田グループ株式会社
S100YEQC,2026-06-19,2026-06-19 16:00,48160,2025-04-01,2026-03-31,東映アニメーション株式会社
S100YFK2,2026-06-19,2026-06-19 16:04,53810,2025-04-01,2026-03-31,マイポックス株式会社
S100YEEA,2026-06-19,2026-06-19 16:06,22200,2025-04-01,2026-03-31,亀田製菓株式会社
S100YEL0,2026-06-19,2026-06-19 16:09,79420,2025-04-01,2026-03-31,株式会社ジェイエスピー
S100YCUD,2026-06-19,2026-06-19 16:10,54110,2025-04-01,2026-03-31,ＪＦＥホールディングス株式会社
S100YER6,2026-06-19,2026-06-19 16:11,72660,2025-04-01,2026-03-31,株式会社今仙電機製作所
S100YFMO,2026-06-19,2026-06-19 16:22,71980,2025-04-01,2026-03-31,ＳＢＩアルヒ株式会社
S100YFNB,2026-06-19,2026-06-19 16:25,83540,2025-04-01,2026-03-31,株式会社ふくおかフィナンシャルグループ
S100YAQJ,2026-06-19,2026-06-19 16:26,23320,2025-04-01,2026-03-31,株式会社クエスト
S100YF90,2026-06-19,2026-06-19 16:28,66130,2025-04-01,2026-03-31,株式会社ＱＤレーザ
S100YEOU,2026-06-19,2026-06-19 16:30,24110,2025-04-01,2026-03-31,ゲンダイエージェンシー株式会社
S100YF5I,2026-06-19,2026-06-19 16:32,46910,2025-04-01,2026-03-31,ワシントンホテル株式会社
S100YENI,2026-06-19,2026-06-19 16:36,97150,2025-04-01,2026-03-31,トランス・コスモス株式会社
S100YF3N,2026-06-19,2026-06-19 16:45,85660,2025-04-01,2026-03-31,リコーリース株式会社
S100YD3V,2026-06-19,2026-06-19 16:47,65030,2025-04-01,2026-03-31,三菱電機株式会社
S100YBX4,2026-06-19,2026-06-19 16:54,43010,2025-04-01,2026-03-31,株式会社アミューズ
S100YE6U,2026-06-19,2026-06-19 17:00,72080,2025-04-01,2026-03-31,株式会社カネミツ
S100YERG,2026-06-19,2026-06-19 17:06,36790,2025-04-01,2026-03-31,株式会社じげん
S100YFRE,2026-06-19,2026-06-19 17:06,98780,2025-03-21,2026-03-20,株式会社　セキド
S100YFRP,2026-06-19,2026-06-19 17:10,74420,2025-04-01,2026-03-31,中山福株式会社
S100YD98,2026-06-22,2026-06-22 09:00,19410,2025-04-01,2026-03-31,株式会社中電工
S100YG1N,2026-06-22,2026-06-22 09:02,24690,2025-04-01,2026-03-31,ヒビノ株式会社
S100YDHJ,2026-06-22,2026-06-22 09:02,76190,2025-04-01,2026-03-31,田中商事株式会社
S100YFY8,2026-06-22,2026-06-22 09:06,19440,2025-04-01,2026-03-31,株式会社きんでん
S100YEJU,2026-06-22,2026-06-22 09:09,17680,2025-04-01,2026-03-31,株式会社ソネック
S100YE2I,2026-06-22,2026-06-22 09:13,47520,2025-04-01,2026-03-31,株式会社　昭和システムエンジニアリング
S100Y9WS,2026-06-22,2026-06-22 09:14,54610,2025-04-01,2026-03-31,中部鋼鈑株式会社
S100YFP9,2026-06-22,2026-06-22 09:15,68820,2025-04-01,2026-03-31,株式会社三社電機製作所
S100YFF6,2026-06-22,2026-06-22 09:15,59980,2025-04-01,2026-03-31,株式会社　アドバネクス
S100YDSD,2026-06-22,2026-06-22 09:17,53430,2025-04-01,2026-03-31,ニッコー株式会社
S100YFUB,2026-06-22,2026-06-22 09:17,64860,2025-04-01,2026-03-31,イーグル工業株式会社
S100YEWH,2026-06-22,2026-06-22 09:25,31310,2025-04-01,2026-03-31,シンデン・ハイテックス株式会社
S100YF4O,2026-06-22,2026-06-22 09:32,97420,2025-04-01,2026-03-31,株式会社アイネス
S100YFA2,2026-06-22,2026-06-22 09:34,39460,2025-04-01,2026-03-31,株式会社トーモク
S100YFJY,2026-06-22,2026-06-22 09:34,57030,2025-04-01,2026-03-31,日本軽金属ホールディングス株式会社
S100YF06,2026-06-22,2026-06-22 09:39,64700,2025-04-01,2026-03-31,大豊工業株式会社
S100YDZS,2026-06-22,2026-06-22 09:40,56590,2025-04-01,2026-03-31,日本精線株式会社
S100YFPG,2026-06-22,2026-06-22 09:41,81580,2025-04-01,2026-03-31,ソーダニッカ株式会社
S100YEUV,2026-06-22,2026-06-22 09:41,87930,2025-04-01,2026-03-31,ＮＥＣキャピタルソリューション株式会社
S100YE7I,2026-06-22,2026-06-22 09:43,81530,2025-04-01,2026-03-31,株式会社モスフードサービス
S100YDUY,2026-06-22,2026-06-22 09:43,64880,2025-04-01,2026-03-31,株式会社ヨシタケ
S100YFVI,2026-06-22,2026-06-22 09:44,70790,2025-04-01,2026-03-31,ＷＤＢココ株式会社
S100YEYZ,2026-06-22,2026-06-22 09:45,97590,2025-04-01,2026-03-31,株式会社ＮＳＤ
S100YG2P,2026-06-22,2026-06-22 09:48,49940,2025-04-01,2026-03-31,大成ラミックグループ株式会社
S100Y8QF,2026-06-22,2026-06-22 09:52,73050,2025-04-01,2026-03-31,新家工業株式会社
S100YG3G,2026-06-22,2026-06-22 09:54,58200,2025-04-01,2026-03-31,株式会社三ッ星
S100YFQA,2026-06-22,2026-06-22 10:00,28180,2025-04-01,2026-03-31,株式会社ピエトロ
S100YFQT,2026-06-22,2026-06-22 10:00,95320,2025-04-01,2026-03-31,大阪瓦斯株式会社
S100YFWA,2026-06-22,2026-06-22 10:00,76700,2025-04-01,2026-03-31,オーウエル株式会社
S100YFN3,2026-06-22,2026-06-22 10:00,45470,2025-04-01,2026-03-31,キッセイ薬品工業株式会社
S100YFSO,2026-06-22,2026-06-22 10:00,19480,2025-04-01,2026-03-31,株式会社弘電社
S100YG5L,2026-06-22,2026-06-22 10:00,85910,2025-04-01,2026-03-31,オリックス株式会社
S100YE3K,2026-06-22,2026-06-22 10:02,38950,2025-04-01,2026-03-31,ハビックス株式会社
S100YF00,2026-06-22,2026-06-22 10:02,96250,2025-04-01,2026-03-31,株式会社セレスポ
S100YFX5,2026-06-22,2026-06-22 10:02,81170,2025-04-01,2026-03-31,中央自動車工業株式会社
S100YFBB,2026-06-22,2026-06-22 10:02,19600,2025-04-01,2026-03-31,株式会社サンテック
S100YG5J,2026-06-22,2026-06-22 10:08,31850,2025-04-01,2026-03-31,夢展望株式会社
S100YFWH,2026-06-22,2026-06-22 10:08,32020,2025-04-01,2026-03-31,ダイトウボウ株式会社
S100YCRC,2026-06-22,2026-06-22 10:09,66380,2025-04-01,2026-03-31,株式会社ミマキエンジニアリング
S100YF8O,2026-06-22,2026-06-22 10:09,63960,2025-04-01,2026-03-31,株式会社宇野澤組鐵工所
S100Y8FK,2026-06-22,2026-06-22 10:10,90010,2025-04-01,2026-03-31,東武鉄道株式会社
S100YE8K,2026-06-22,2026-06-22 10:11,13010,2025-04-01,2026-03-31,株式会社　極洋
S100YF6I,2026-06-22,2026-06-22 10:14,36220,2025-04-01,2026-03-31,ネットイヤーグループ株式会社
S100YE1K,2026-06-22,2026-06-22 10:15,65180,2025-04-01,2026-03-31,三相電機株式会社
S100YEOO,2026-06-22,2026-06-22 10:15,80350,2025-04-01,2026-03-31,東京エレクトロン株式会社
S100YFUO,2026-06-22,2026-06-22 10:17,150A0,2025-04-01,2026-03-31,株式会社ＪＳＨ
S100YG5D,2026-06-22,2026-06-22 10:18,17770,2025-04-01,2026-03-31,川崎設備工業株式会社
S100YEMC,2026-06-22,2026-06-22 10:19,51950,2025-04-01,2026-03-31,バンドー化学株式会社
S100YG72,2026-06-22,2026-06-22 10:19,85600,2025-04-01,2026-03-31,株式会社　宮崎太陽銀行
S100YD4D,2026-06-22,2026-06-22 10:20,94050,2025-04-01,2026-03-31,朝日放送グループホールディングス株式会社
S100YG54,2026-06-22,2026-06-22 10:27,74800,2025-04-01,2026-03-31,スズデン株式会社
S100YFRY,2026-06-22,2026-06-22 10:29,57110,2025-04-01,2026-03-31,三菱マテリアル株式会社
S100YE6X,2026-06-22,2026-06-22 10:30,97440,2025-04-01,2026-03-31,株式会社メイテックグループホールディングス
S100YG81,2026-06-22,2026-06-22 10:36,66450,2025-04-01,2026-03-31,オムロン株式会社
S100YF88,2026-06-22,2026-06-22 10:37,20530,2025-04-01,2026-03-31,中部飼料株式会社
S100YG4M,2026-06-22,2026-06-22 10:40,18480,2025-04-01,2026-03-31,株式会社富士ピー・エス
S100YEIM,2026-06-22,2026-06-22 10:41,85840,2025-04-01,2026-03-31,株式会社ジャックス
S100YFKZ,2026-06-22,2026-06-22 10:44,72700,2025-04-01,2026-03-31,株式会社ＳＵＢＡＲＵ
S100YFEF,2026-06-22,2026-06-22 10:48,80810,2025-04-01,2026-03-31,株式会社カナデン
S100YFRH,2026-06-22,2026-06-22 10:53,67980,2025-04-01,2026-03-31,ＳＭＫ株式会社
S100YFGR,2026-06-22,2026-06-22 10:54,26760,2025-04-01,2026-03-31,高千穂交易株式会社
S100YG80,2026-06-22,2026-06-22 11:00,44140,2025-04-01,2026-03-31,株式会社フレクト
S100YF3G,2026-06-22,2026-06-22 11:00,98320,2025-04-01,2026-03-31,株式会社オートバックスセブン
S100YE8L,2026-06-22,2026-06-22 11:01,42030,2025-04-01,2026-03-31,住友ベークライト株式会社
S100YFBY,2026-06-22,2026-06-22 11:01,63220,2025-04-01,2026-03-31,株式会社タクミナ
S100YD99,2026-06-22,2026-06-22 11:03,40220,2025-04-01,2026-03-31,ラサ工業株式会社
S100YFIL,2026-06-22,2026-06-22 11:07,33060,2025-04-01,2026-03-31,日本製麻株式会社
S100YFAQ,2026-06-22,2026-06-22 11:13,86170,2025-04-01,2026-03-31,光世証券株式会社
S100YF5H,2026-06-22,2026-06-22 11:24,34430,2025-04-01,2026-03-31,川田テクノロジーズ株式会社
S100YFCP,2026-06-22,2026-06-22 11:25,80560,2025-04-01,2026-03-31,ＢＩＰＲＯＧＹ株式会社
S100YCTS,2026-06-22,2026-06-22 11:28,80450,2025-04-01,2026-03-31,横浜丸魚株式会社
S100YFDV,2026-06-22,2026-06-22 11:30,79940,2025-04-01,2026-03-31,株式会社オカムラ
S100YEUU,2026-06-22,2026-06-22 11:32,41820,2025-04-01,2026-03-31,三菱瓦斯化学株式会社
S100YFEP,2026-06-22,2026-06-22 11:33,44840,2025-04-01,2026-03-31,ランサーズ株式会社
S100YFRU,2026-06-22,2026-06-22 11:33,99870,2025-04-01,2026-03-31,株式会社スズケン
S100YF50,2026-06-22,2026-06-22 11:35,77020,2025-04-01,2026-03-31,株式会社ジェイ・エム・エス（称号　株式会社　ＪＭＳ）
S100YFHH,2026-06-22,2026-06-22 11:39,59290,2025-04-01,2026-03-31,三和ホールディングス株式会社
S100YGEC,2026-06-22,2026-06-22 11:40,75960,2025-04-01,2026-03-31,株式会社魚力
S100YG3R,2026-06-22,2026-06-22 11:54,66320,2025-04-01,2026-03-31,株式会社ＪＶＣケンウッド
S100YGH9,2026-06-22,2026-06-22 11:56,38530,2025-04-01,2026-03-31,アステリア株式会社
S100YFVM,2026-06-22,2026-06-22 12:00,45530,2025-04-01,2026-03-31,東和薬品株式会社
S100YG40,2026-06-22,2026-06-22 12:00,14170,2025-04-01,2026-03-31,株式会社ミライト・ワン
S100YEUJ,2026-06-22,2026-06-22 12:00,79390,2025-04-01,2026-03-31,株式会社研創
S100YEWB,2026-06-22,2026-06-22 12:01,28970,2025-04-01,2026-03-31,日清食品ホールディングス株式会社
S100YFI1,2026-06-22,2026-06-22 12:02,49320,2025-04-01,2026-03-31,株式会社アルマード
S100YGHU,2026-06-22,2026-06-22 12:03,416A0,2025-10-01,2026-03-31,富士ユナイトホールディングス株式会社
S100YFS8,2026-06-22,2026-06-22 12:06,37390,2025-04-01,2026-03-31,コムシード株式会社
S100YER7,2026-06-22,2026-06-22 12:13,81070,2025-04-01,2026-03-31,株式会社キムラタン
S100YGIC,2026-06-22,2026-06-22 12:27,47320,2025-04-01,2026-03-31,株式会社ユー・エス・エス
S100YDT2,2026-06-22,2026-06-22 12:44,83830,2025-04-01,2026-03-31,株式会社　鳥取銀行
S100YFD3,2026-06-22,2026-06-22 12:49,61860,2025-04-01,2026-03-31,株式会社一蔵
S100YFWJ,2026-06-22,2026-06-22 12:55,72400,2025-04-01,2026-03-31,ＮＯＫ株式会社
S100YFOI,2026-06-22,2026-06-22 12:55,19760,2025-04-01,2026-03-31,明星工業株式会社
S100YFJB,2026-06-22,2026-06-22 12:57,62380,2025-04-01,2026-03-31,フリュー株式会社
S100YG97,2026-06-22,2026-06-22 13:00,96580,2025-04-01,2026-03-31,株式会社ビジネスブレイン太田昭和
S100YFEW,2026-06-22,2026-06-22 13:00,46790,2025-04-01,2026-03-31,株式会社　田　谷
S100YCWL,2026-06-22,2026-06-22 13:01,19720,2025-04-01,2026-03-31,三晃金属工業株式会社
S100YFNH,2026-06-22,2026-06-22 13:03,67790,2025-04-01,2026-03-31,日本電波工業株式会社
S100YFKQ,2026-06-22,2026-06-22 13:03,72960,2025-04-01,2026-03-31,株式会社エフ・シー・シー
S100YG2G,2026-06-22,2026-06-22 13:03,43650,2025-04-01,2026-03-31,松本油脂製薬株式会社
S100YEJ7,2026-06-22,2026-06-22 13:05,62300,2025-04-01,2026-03-31,ＳＡＮＥＩ株式会社
S100YFAW,2026-06-22,2026-06-22 13:07,68690,2025-04-01,2026-03-31,シスメックス株式会社
S100YE44,2026-06-22,2026-06-22 13:07,78400,2025-04-01,2026-03-31,フランスベッドホールディングス株式会社
S100YFMQ,2026-06-22,2026-06-22 13:07,300A0,2025-04-01,2026-03-31,ＭＩＣ株式会社
S100YEZU,2026-06-22,2026-06-22 13:10,59840,2025-04-01,2026-03-31,兼房株式会社
S100YFV1,2026-06-22,2026-06-22 13:10,71340,2025-04-01,2026-03-31,株式会社アップガレージグループ
S100YFFT,2026-06-22,2026-06-22 13:11,61510,2025-04-01,2026-03-31,日東工器株式会社
S100YDOZ,2026-06-22,2026-06-22 13:11,19420,2025-04-01,2026-03-31,株式会社関電工
S100YF9N,2026-06-22,2026-06-22 13:11,59280,2025-04-01,2026-03-31,アルメタックス株式会社
S100YFIT,2026-06-22,2026-06-22 13:12,79380,2025-04-01,2026-03-31,株式会社リーガルコーポレーション
S100YC3N,2026-06-22,2026-06-22 13:15,46580,2025-04-01,2026-03-31,日本空調サービス株式会社
S100YGGN,2026-06-22,2026-06-22 13:15,97060,2025-04-01,2026-03-31,日本空港ビルデング株式会社
S100YEVQ,2026-06-22,2026-06-22 13:16,54510,2025-04-01,2026-03-31,株式会社ヨドコウ
S100YGKR,2026-06-22,2026-06-22 13:16,89340,2025-04-01,2026-03-31,サンフロンティア不動産株式会社
S100YELE,2026-06-22,2026-06-22 13:16,93510,2025-04-01,2026-03-31,東洋埠頭株式会社
S100YFG9,2026-06-22,2026-06-22 13:16,34020,2025-04-01,2026-03-31,東レ株式会社
S100YFML,2026-06-22,2026-06-22 13:19,34330,2025-04-01,2026-03-31,トーカロ株式会社
S100YE9H,2026-06-22,2026-06-22 13:31,83980,2025-04-01,2026-03-31,株式会社筑邦銀行
S100YF3W,2026-06-22,2026-06-22 13:33,80320,2025-04-01,2026-03-31,日本紙パルプ商事株式会社
S100YFY1,2026-06-22,2026-06-22 13:34,87150,2025-04-01,2026-03-31,アニコム　ホールディングス株式会社
S100YDXD,2026-06-22,2026-06-22 13:35,18030,2025-04-01,2026-03-31,清水建設株式会社
S100YGH5,2026-06-22,2026-06-22 13:38,99840,2025-04-01,2026-03-31,ソフトバンクグループ株式会社
S100YGM2,2026-06-22,2026-06-22 13:38,19140,2025-04-01,2026-03-31,日本基礎技術株式会社
S100YGMS,2026-06-22,2026-06-22 13:40,99040,2025-04-01,2026-03-31,株式会社ベリテ
S100YFXN,2026-06-22,2026-06-22 13:42,30580,2025-04-01,2026-03-31,株式会社三洋堂ホールディングス
S100YEZP,2026-06-22,2026-06-22 13:48,27500,2025-04-01,2026-03-31,石光商事株式会社
S100YFOK,2026-06-22,2026-06-22 13:51,255A0,2025-04-01,2026-03-31,ジーエルテクノホールディングス株式会社
S100YFHO,2026-06-22,2026-06-22 13:57,40230,2025-04-01,2026-03-31,株式会社クレハ
S100YF7M,2026-06-22,2026-06-22 13:58,53330,2025-04-01,2026-03-31,ＮＧＫ株式会社
S100YFV2,2026-06-22,2026-06-22 14:00,72450,2025-04-01,2026-03-31,大同メタル工業株式会社
S100YFPM,2026-06-22,2026-06-22 14:00,52790,2025-04-01,2026-03-31,日本興業株式会社
S100Y9SP,2026-06-22,2026-06-22 14:00,93060,2025-04-01,2026-03-31,東陽倉庫株式会社
S100YF39,2026-06-22,2026-06-22 14:03,28920,2025-04-01,2026-03-31,日本食品化工株式会社
S100YGCZ,2026-06-22,2026-06-22 14:07,80200,2025-04-01,2026-03-31,兼松株式会社
S100YGD5,2026-06-22,2026-06-22 14:07,99290,2025-04-01,2026-03-31,平和紙業株式会社
S100YG56,2026-06-22,2026-06-22 14:07,59940,2025-04-01,2026-03-31,株式会社ファインシンター
S100YFPN,2026-06-22,2026-06-22 14:09,42900,2025-04-01,2026-03-31,株式会社プレステージ・インターナショナル
S100YG3E,2026-06-22,2026-06-22 14:09,18600,2025-04-01,2026-03-31,戸田建設株式会社
S100YGOR,2026-06-22,2026-06-22 14:10,70040,2025-04-01,2026-03-31,カナデビア株式会社
S100YGQB,2026-06-22,2026-06-22 14:12,79880,2025-04-01,2026-03-31,株式会社ニフコ
S100YG20,2026-06-22,2026-06-22 14:12,96640,2025-04-01,2026-03-31,株式会社御園座
S100YF8D,2026-06-22,2026-06-22 14:13,69270,2025-04-01,2026-03-31,ヘリオス　テクノ　ホールディング株式会社
S100YGO3,2026-06-22,2026-06-22 14:15,62620,2025-04-01,2026-03-31,株式会社ＰＥＧＡＳＵＳ
S100YGQ8,2026-06-22,2026-06-22 14:17,93320,2025-04-01,2026-03-31,ＮＩＳＳＯホールディングス株式会社
S100YFLC,2026-06-22,2026-06-22 14:17,63250,2025-04-01,2026-03-31,株式会社タカキタ
S100YF5T,2026-06-22,2026-06-22 14:19,93220,2025-04-01,2026-03-31,川西倉庫株式会社
S100YFUS,2026-06-22,2026-06-22 14:20,31500,2025-04-01,2026-03-31,株式会社グリムス
S100YFQC,2026-06-22,2026-06-22 14:21,61030,2025-04-01,2026-03-31,オークマ株式会社
S100YFCG,2026-06-22,2026-06-22 14:24,49720,2025-04-01,2026-03-31,綜研化学株式会社
S100YDUO,2026-06-22,2026-06-22 14:26,17860,2025-04-01,2026-03-31,オリエンタル白石株式会社
S100YD7A,2026-06-22,2026-06-22 14:28,28100,2025-04-01,2026-03-31,ハウス食品グループ本社株式会社
S100YFNF,2026-06-22,2026-06-22 14:28,31660,2025-04-01,2026-03-31,ＯＣＨＩホールディングス株式会社
S100YGR8,2026-06-22,2026-06-22 14:31,32370,2025-04-01,2026-03-31,株式会社イントランス
S100YGJY,2026-06-22,2026-06-22 14:34,43880,2025-04-01,2026-03-31,株式会社エーアイ
S100YF0Z,2026-06-22,2026-06-22 14:34,88910,2025-04-01,2026-03-31,ＡＭＧホールディングス株式会社
S100YGIX,2026-06-22,2026-06-22 14:38,41120,2025-04-01,2026-03-31,保土谷化学工業株式会社
S100YF9J,2026-06-22,2026-06-22 14:38,69280,2025-04-01,2026-03-31,株式会社エノモト
S100YGR0,2026-06-22,2026-06-22 14:38,62260,2025-04-01,2026-03-31,守谷輸送機工業株式会社
S100YD7H,2026-06-22,2026-06-22 14:41,90220,2025-04-01,2026-03-31,東海旅客鉄道株式会社
S100YGLS,2026-06-22,2026-06-22 14:44,37660,2025-04-01,2026-03-31,システムズ・デザイン株式会社
S100YGSY,2026-06-22,2026-06-22 14:45,247A0,2025-04-01,2026-03-31,Ａｉロボティクス株式会社
S100YGAR,2026-06-22,2026-06-22 14:48,49800,2025-04-01,2026-03-31,デクセリアルズ株式会社
S100YFSR,2026-06-22,2026-06-22 14:48,41880,2025-04-01,2026-03-31,三菱ケミカルグループ株式会社
S100YDWR,2026-06-22,2026-06-22 14:55,59510,2025-04-01,2026-03-31,ダイニチ工業株式会社
S100YEVT,2026-06-22,2026-06-22 14:56,50130,2025-04-01,2026-03-31,株式会社ユシロ
S100YGKM,2026-06-22,2026-06-22 14:58,60390,2025-04-01,2026-03-31,株式会社日本動物高度医療センター
S100YF4W,2026-06-22,2026-06-22 14:59,77230,2025-04-01,2026-03-31,愛知時計電機株式会社
S100YGBF,2026-06-22,2026-06-22 15:00,33720,2025-04-01,2026-03-31,株式会社関門海
S100YFLP,2026-06-22,2026-06-22 15:00,17210,2025-04-01,2026-03-31,コムシスホールディングス株式会社
S100YG51,2026-06-22,2026-06-22 15:00,36700,2025-04-01,2026-03-31,協立情報通信株式会社
S100YD87,2026-06-22,2026-06-22 15:00,64800,2025-04-01,2026-03-31,日本トムソン株式会社
S100YGDD,2026-06-22,2026-06-22 15:00,483A0,2025-04-01,2026-03-31,テラテクノロジー株式会社
S100YFRR,2026-06-22,2026-06-22 15:00,40310,2025-04-01,2026-03-31,片倉コープアグリ株式会社
S100YGU2,2026-06-22,2026-06-22 15:01,19660,2025-04-01,2026-03-31,株式会社　高田工業所
S100YFZJ,2026-06-22,2026-06-22 15:01,77690,2025-04-01,2026-03-31,リズム株式会社
S100YEXB,2026-06-22,2026-06-22 15:01,57530,2025-04-01,2026-03-31,日本伸銅株式会社
S100YCYT,2026-06-22,2026-06-22 15:01,94710,2025-04-01,2026-03-31,株式会社文溪堂
S100YE5S,2026-06-22,2026-06-22 15:03,83700,2025-04-01,2026-03-31,株式会社紀陽銀行
S100YCNV,2026-06-22,2026-06-22 15:03,41130,2025-04-01,2026-03-31,田岡化学工業株式会社
S100YGUI,2026-06-22,2026-06-22 15:04,41830,2025-04-01,2026-03-31,三井化学株式会社
S100YGPD,2026-06-22,2026-06-22 15:05,36520,2025-04-01,2026-03-31,株式会社ディジタルメディアプロフェッショナル
S100YG9T,2026-06-22,2026-06-22 15:06,52840,2025-04-01,2026-03-31,ヤマウホールディングス株式会社
S100YFGL,2026-06-22,2026-06-22 15:06,67030,2025-04-01,2026-03-31,沖電気工業株式会社
S100YGKQ,2026-06-22,2026-06-22 15:09,21140,2025-04-01,2026-03-31,フジ日本株式会社
S100YFV5,2026-06-22,2026-06-22 15:09,31670,2025-04-01,2026-03-31,株式会社ＴＯＫＡＩホールディングス
S100YENT,2026-06-22,2026-06-22 15:15,70130,2025-04-01,2026-03-31,株式会社ＩＨＩ
S100YFT2,2026-06-22,2026-06-22 15:17,82280,2025-04-01,2026-03-31,株式会社マルイチ産商
S100YGTZ,2026-06-22,2026-06-22 15:18,28050,2025-04-01,2026-03-31,ヱスビー食品株式会社
S100YAUO,2026-06-22,2026-06-22 15:18,40050,2025-04-01,2026-03-31,住友化学株式会社
S100YGW0,2026-06-22,2026-06-22 15:20,37930,2025-04-01,2026-03-31,株式会社ドリコム
S100YGVF,2026-06-22,2026-06-22 15:20,83930,2025-04-01,2026-03-31,株式会社宮崎銀行
S100YGHR,2026-06-22,2026-06-22 15:21,41690,2025-04-01,2026-03-31,ＥＮＥＣＨＡＮＧＥ株式会社
S100YGWB,2026-06-22,2026-06-22 15:22,77430,2025-04-01,2026-03-31,株式会社シード
S100YE6A,2026-06-22,2026-06-22 15:26,20020,2025-04-01,2026-03-31,株式会社日清製粉グループ本社
S100YGWT,2026-06-22,2026-06-22 15:28,48490,2025-04-01,2026-03-31,エン株式会社
S100YFUZ,2026-06-22,2026-06-22 15:28,83650,2025-04-01,2026-03-31,株式会社　富山銀行
S100YF2C,2026-06-22,2026-06-22 15:30,17870,2025-04-01,2026-03-31,株式会社ナカボーテック
S100YFIO,2026-06-22,2026-06-22 15:30,92010,2025-04-01,2026-03-31,日本航空株式会社
S100YF0Y,2026-06-22,2026-06-22 15:30,67880,2025-04-01,2026-03-31,株式会社日本トリム
S100YGUZ,2026-06-22,2026-06-22 15:30,51380,2025-04-01,2026-03-31,株式会社Ｒｅｂａｓｅ
S100YF60,2026-06-22,2026-06-22 15:30,302A0,2025-04-01,2026-03-31,株式会社ビースタイルホールディングス
S100YGSA,2026-06-22,2026-06-22 15:30,52440,2025-04-01,2026-03-31,株式会社ｊｉｇ．ｊｐ
S100YGCS,2026-06-22,2026-06-22 15:30,21810,2025-04-01,2026-03-31,パーソルホールディングス株式会社
S100YG71,2026-06-22,2026-06-22 15:30,53680,2025-04-01,2026-03-31,日本インシュレーション株式会社
S100YE8V,2026-06-22,2026-06-22 15:31,48820,2025-04-01,2026-03-31,株式会社ペルセウスプロテオミクス
S100YG4N,2026-06-22,2026-06-22 15:31,39170,2025-04-01,2026-03-31,株式会社アイリッジ
S100YEWN,2026-06-22,2026-06-22 15:31,26070,2025-04-01,2026-03-31,不二製油株式会社
S100YC5Z,2026-06-22,2026-06-22 15:31,297A0,2025-04-01,2026-03-31,アルピコホールディングス株式会社
S100YF6G,2026-06-22,2026-06-22 15:31,37960,2025-04-01,2026-03-31,株式会社いい生活
S100YFZ6,2026-06-22,2026-06-22 15:32,42590,2025-04-01,2026-03-31,株式会社エクサウィザーズ
S100YFRW,2026-06-22,2026-06-22 15:32,65660,2025-04-01,2026-03-31,株式会社要興業
S100YFE3,2026-06-22,2026-06-22 15:33,64710,2025-04-01,2026-03-31,日本精工株式会社
S100YGXU,2026-06-22,2026-06-22 15:33,89190,2025-04-01,2026-03-31,株式会社カチタス
S100YDD5,2026-06-22,2026-06-22 15:33,74210,2025-04-01,2026-03-31,カッパ・クリエイト株式会社
S100YECO,2026-06-22,2026-06-22 15:35,64480,2025-04-01,2026-03-31,ブラザー工業株式会社
S100YC5C,2026-06-22,2026-06-22 15:36,86040,2025-04-01,2026-03-31,野村ホールディングス株式会社
S100YFWI,2026-06-22,2026-06-22 15:36,60270,2025-04-01,2026-03-31,弁護士ドットコム株式会社
S100YGHA,2026-06-22,2026-06-22 15:37,42420,2025-04-01,2026-03-31,株式会社タカギセイコー
S100YGMU,2026-06-22,2026-06-22 15:41,17170,2025-04-01,2026-03-31,明豊ファシリティワークス株式会社
S100YGVQ,2026-06-22,2026-06-22 15:41,96980,2025-04-01,2026-03-31,株式会社クレオ
S100YE67,2026-06-22,2026-06-22 15:43,31780,2025-04-01,2026-03-31,チムニー株式会社
S100YFWS,2026-06-22,2026-06-22 15:45,68630,2025-04-01,2026-03-31,株式会社ニレコ
S100YGWW,2026-06-22,2026-06-22 15:49,98500,2025-04-01,2026-03-31,株式会社グルメ杵屋
S100YG3O,2026-06-22,2026-06-22 15:49,76160,2025-04-01,2026-03-31,株式会社　コロワイド
S100YGX6,2026-06-22,2026-06-22 15:50,72200,2025-04-01,2026-03-31,武蔵精密工業株式会社
S100YG3Q,2026-06-22,2026-06-22 15:50,69540,2025-04-01,2026-03-31,ファナック株式会社
S100YDRV,2026-06-22,2026-06-22 15:51,63630,2025-04-01,2026-03-31,株式会社酉島製作所
S100YGND,2026-06-22,2026-06-22 15:52,40440,2025-04-01,2026-03-31,セントラル硝子株式会社
S100YGY8,2026-06-22,2026-06-22 15:52,72940,2025-04-01,2026-03-31,株式会社ヨロズ
S100YF75,2026-06-22,2026-06-22 15:56,27490,2025-04-01,2026-03-31,株式会社ＪＰホールディングス
S100YGBO,2026-06-22,2026-06-22 15:56,65010,2025-04-01,2026-03-31,株式会社日立製作所
S100Y1I3,2026-06-22,2026-06-22 16:00,64580,2025-04-01,2026-03-31,新晃工業株式会社
S100YE3I,2026-06-22,2026-06-22 16:03,45240,2025-04-01,2026-03-31,森下仁丹株式会社
S100YGWC,2026-06-22,2026-06-22 16:03,64300,2025-04-01,2026-03-31,ダイコク電機株式会社
S100YFQH,2026-06-22,2026-06-22 16:03,93410,2025-04-01,2026-03-31,株式会社ＧＥＮＯＶＡ
S100YESK,2026-06-22,2026-06-22 16:04,80930,2025-04-01,2026-03-31,極東貿易株式会社
S100YFV6,2026-06-22,2026-06-22 16:05,53510,2025-04-01,2026-03-31,品川リフラ株式会社
S100YGWG,2026-06-22,2026-06-22 16:07,21830,2025-04-01,2026-03-31,株式会社リニカル
S100YFPI,2026-06-22,2026-06-22 16:11,341A0,2025-04-01,2026-03-31,株式会社トヨコー
S100YDME,2026-06-22,2026-06-22 16:12,63790,2025-04-01,2026-03-31,レイズネクスト株式会社
S100YGS4,2026-06-22,2026-06-22 16:14,81320,2025-04-01,2026-03-31,シナネンホールディングス株式会社
S100YG75,2026-06-22,2026-06-22 16:14,51850,2025-04-01,2026-03-31,株式会社フコク
S100YH06,2026-06-22,2026-06-22 16:18,59110,2025-04-01,2026-03-31,株式会社横河ブリッジホールディングス
S100Y4PM,2026-06-22,2026-06-22 16:21,53310,2025-04-01,2026-03-31,ノリタケ株式会社
S100YH2B,2026-06-22,2026-06-22 16:25,72010,2025-04-01,2026-03-31,日産自動車株式会社
S100YGJS,2026-06-22,2026-06-22 16:30,26940,2025-04-01,2026-03-31,株式会社焼肉坂井ホールディングス
S100YEZT,2026-06-22,2026-06-22 16:30,93020,2025-04-01,2026-03-31,三井倉庫ホールディングス株式会社
S100YGME,2026-06-22,2026-06-22 16:30,58380,2025-04-01,2026-03-31,楽天銀行株式会社
S100YEN3,2026-06-22,2026-06-22 16:30,90490,2025-04-01,2026-03-31,京福電気鉄道株式会社
S100YDS7,2026-06-22,2026-06-22 16:30,63690,2025-04-01,2026-03-31,トーヨーカネツ株式会社
S100YE2Y,2026-06-22,2026-06-22 16:32,97290,2025-04-01,2026-03-31,株式会社トーカイ
S100YGSS,2026-06-22,2026-06-22 16:34,64330,2025-04-01,2026-03-31,ヒーハイスト株式会社
S100YFPQ,2026-06-22,2026-06-22 16:35,82140,2025-04-01,2026-03-31,株式会社ＡＯＫＩホールディングス
S100YGM6,2026-06-22,2026-06-22 16:38,37680,2025-04-01,2026-03-31,リスクモンスター株式会社
S100YFUT,2026-06-22,2026-06-22 16:42,26130,2025-04-01,2026-03-31,株式会社Ｊ－オイルミルズ
S100YEXL,2026-06-22,2026-06-22 16:45,75930,2025-04-01,2026-03-31,ＶＴホールディングス株式会社
S100YFWX,2026-06-22,2026-06-22 16:46,80220,2025-04-01,2026-03-31,美津濃株式会社
S100YE8P,2026-06-22,2026-06-22 16:48,61650,2025-04-01,2026-03-31,パンチ工業株式会社
S100YH5C,2026-06-22,2026-06-22 16:57,36260,2025-04-01,2026-03-31,ＴＩＳ株式会社
S100YH4P,2026-06-22,2026-06-22 16:59,72180,2025-04-01,2026-03-31,田中精密工業株式会社
S100YFPS,2026-06-22,2026-06-22 16:59,86280,2025-04-01,2026-03-31,松井証券株式会社
S100YGFS,2026-06-22,2026-06-22 17:00,90250,2025-04-01,2026-03-31,鴻池運輸株式会社
S100YH49,2026-06-22,2026-06-22 17:00,35590,2025-04-01,2026-03-31,株式会社ピーバンドットコム
S100YG2V,2026-06-22,2026-06-22 17:06,343A0,2025-04-01,2026-03-31,株式会社ＩＡＣＥトラベル
S100YGWF,2026-06-22,2026-06-22 17:08,21270,2025-04-01,2026-03-31,株式会社日本Ｍ＆Ａセンターホールディングス
S100YEJ9,2026-06-23,2026-06-23 09:00,31900,2025-04-01,2026-03-31,株式会社ホットマン
S100YDEW,2026-06-23,2026-06-23 09:00,42410,2025-04-01,2026-03-31,株式会社アテクト
S100YGXY,2026-06-23,2026-06-23 09:00,19800,2025-04-01,2026-03-31,ダイダン株式会社
S100YBP0,2026-06-23,2026-06-23 09:02,82550,2025-04-01,2026-03-31,アクシアル　リテイリング株式会社
S100YEHQ,2026-06-23,2026-06-23 09:07,91930,2025-04-01,2026-03-31,東京汽船株式会社
S100YGG9,2026-06-23,2026-06-23 09:09,82910,2025-04-01,2026-03-31,日産東京販売ホールディングス株式会社
S100YDZ1,2026-06-23,2026-06-23 09:09,72610,2025-04-01,2026-03-31,マツダ株式会社
S100YEUF,2026-06-23,2026-06-23 09:13,54640,2025-04-01,2026-03-31,モリ工業株式会社
S100YFJC,2026-06-23,2026-06-23 09:14,83620,2025-04-01,2026-03-31,株式会社福井銀行
S100YHEK,2026-06-23,2026-06-23 09:14,22180,2025-04-01,2026-03-31,日糧製パン株式会社
S100YGHH,2026-06-23,2026-06-23 09:17,49700,2025-04-01,2026-03-31,東洋合成工業株式会社
S100YG4C,2026-06-23,2026-06-23 09:17,79520,2025-04-01,2026-03-31,株式会社河合楽器製作所
S100YHFP,2026-06-23,2026-06-23 09:19,40270,2025-04-01,2026-03-31,テイカ株式会社
S100YF0K,2026-06-23,2026-06-23 09:19,34170,2025-04-01,2026-03-31,大木ヘルスケアホールディングス株式会社
S100YDVR,2026-06-23,2026-06-23 09:20,74810,2025-04-01,2026-03-31,尾家産業株式会社
S100YGGJ,2026-06-23,2026-06-23 09:21,68200,2025-04-01,2026-03-31,アイコム株式会社
S100YFSH,2026-06-23,2026-06-23 09:22,35510,2025-04-01,2026-03-31,ダイニック株式会社
S100YGBN,2026-06-23,2026-06-23 09:23,85540,2025-04-01,2026-03-31,株式会社南日本銀行
S100YGEO,2026-06-23,2026-06-23 09:28,20040,2025-04-01,2026-03-31,昭和産業株式会社
S100YFC3,2026-06-23,2026-06-23 09:30,24450,2025-04-01,2026-03-31,株式会社タカミヤ
S100YHFZ,2026-06-23,2026-06-23 09:31,57260,2025-04-01,2026-03-31,株式会社大阪チタニウムテクノロジーズ
S100YG9I,2026-06-23,2026-06-23 09:33,87070,2025-04-01,2026-03-31,岩井コスモホールディングス株式会社
S100YG98,2026-06-23,2026-06-23 09:34,52820,2025-04-01,2026-03-31,ジオスター株式会社
S100YF55,2026-06-23,2026-06-23 09:37,59090,2025-04-01,2026-03-31,株式会社　コロナ
S100YF8W,2026-06-23,2026-06-23 09:41,65700,2025-04-01,2026-03-31,株式会社共和コーポレーション
S100YFPF,2026-06-23,2026-06-23 09:43,23170,2025-04-01,2026-03-31,株式会社システナ
S100YHAF,2026-06-23,2026-06-23 09:46,90830,2025-04-01,2026-03-31,神姫バス株式会社
S100YGYK,2026-06-23,2026-06-23 09:46,77620,2025-04-01,2026-03-31,シチズン時計株式会社
S100YGZJ,2026-06-23,2026-06-23 09:49,99000,2025-04-01,2026-03-31,株式会社サガミホールディングス
S100YE9E,2026-06-23,2026-06-23 09:49,72260,2025-04-01,2026-03-31,極東開発工業株式会社
S100YGQU,2026-06-23,2026-06-23 09:55,61970,2025-04-01,2026-03-31,株式会社ソラスト
S100YGFU,2026-06-23,2026-06-23 09:58,29070,2025-04-01,2026-03-31,株式会社あじかん
S100YGXI,2026-06-23,2026-06-23 09:58,81010,2025-04-01,2026-03-31,株式会社ＧＳＩクレオス
S100YHHK,2026-06-23,2026-06-23 09:59,65260,2025-04-01,2026-03-31,株式会社ソシオネクスト
S100YGBS,2026-06-23,2026-06-23 10:00,46840,2025-04-01,2026-03-31,株式会社オービック
S100YF3H,2026-06-23,2026-06-23 10:00,49680,2025-04-01,2026-03-31,荒川化学工業株式会社
S100YH7U,2026-06-23,2026-06-23 10:00,65570,2025-04-01,2026-03-31,ＡＩＡＩグループ株式会社
S100YH48,2026-06-23,2026-06-23 10:00,64840,2025-04-01,2026-03-31,株式会社ＫＶＫ
S100YGIN,2026-06-23,2026-06-23 10:00,57140,2025-04-01,2026-03-31,ＤＯＷＡホールディングス株式会社
S100YGGD,2026-06-23,2026-06-23 10:00,42240,2025-04-01,2026-03-31,ロンシール工業株式会社
S100YH10,2026-06-23,2026-06-23 10:01,83950,2025-04-01,2026-03-31,株式会社佐賀銀行
S100YGE7,2026-06-23,2026-06-23 10:03,39630,2025-04-01,2026-03-31,株式会社シンクロ・フード
S100YGQQ,2026-06-23,2026-06-23 10:04,59860,2025-04-01,2026-03-31,モリテックスチール株式会社
S100YF0G,2026-06-23,2026-06-23 10:04,90080,2025-04-01,2026-03-31,京王電鉄株式会社
S100YGWM,2026-06-23,2026-06-23 10:05,74560,2025-04-01,2026-03-31,松田産業株式会社
S100YGQR,2026-06-23,2026-06-23 10:05,35710,2025-04-01,2026-03-31,株式会社ソトー
S100YHIR,2026-06-23,2026-06-23 10:06,35800,2025-04-01,2026-03-31,小松マテーレ株式会社
S100YF4V,2026-06-23,2026-06-23 10:06,85930,2025-04-01,2026-03-31,三菱ＨＣキャピタル株式会社
S100YHJ4,2026-06-23,2026-06-23 10:09,96840,2025-04-01,2026-03-31,株式会社スクウェア・エニックス・ホールディングス
S100YGK3,2026-06-23,2026-06-23 10:09,75090,2025-04-01,2026-03-31,アイエーグループ株式会社
S100Y9BG,2026-06-23,2026-06-23 10:11,94040,2025-04-01,2026-03-31,日本テレビホールディングス株式会社
S100YH3W,2026-06-23,2026-06-23 10:15,93670,2025-04-01,2026-03-31,大東港運株式会社
S100YGNU,2026-06-23,2026-06-23 10:15,28160,2025-04-01,2026-03-31,株式会社ダイショー
S100YFES,2026-06-23,2026-06-23 10:17,62720,2025-04-01,2026-03-31,レオン自動機株式会社
S100YGCF,2026-06-23,2026-06-23 10:20,18150,2025-04-01,2026-03-31,鉄建建設株式会社
S100YGLJ,2026-06-23,2026-06-23 10:22,78970,2025-04-01,2026-03-31,ホクシン株式会社
S100YG86,2026-06-23,2026-06-23 10:26,81590,2025-04-01,2026-03-31,株式会社立花エレテック
S100YH3M,2026-06-23,2026-06-23 10:27,45060,2025-04-01,2026-03-31,住友ファーマ株式会社
S100YHGY,2026-06-23,2026-06-23 10:27,75100,2025-04-01,2026-03-31,株式会社たけびし
S100YGNV,2026-06-23,2026-06-23 10:28,57420,2025-04-01,2026-03-31,エヌアイシ・オートテック株式会社
S100YHKB,2026-06-23,2026-06-23 10:29,99800,2025-04-01,2026-03-31,ＭＲＫホールディングス株式会社
S100YGOL,2026-06-23,2026-06-23 10:30,95340,2025-04-01,2026-03-31,北海道瓦斯株式会社
S100YHHR,2026-06-23,2026-06-23 10:30,90270,2025-04-01,2026-03-31,株式会社ロジネットジャパン
S100YG4U,2026-06-23,2026-06-23 10:33,62540,2025-04-01,2026-03-31,野村マイクロ・サイエンス株式会社
S100YHJH,2026-06-23,2026-06-23 10:33,78640,2025-04-01,2026-03-31,株式会社フジシールインターナショナル
S100YHKN,2026-06-23,2026-06-23 10:34,85630,2025-04-01,2026-03-31,株式会社大東銀行
S100YGQP,2026-06-23,2026-06-23 10:41,54400,2025-04-01,2026-03-31,共英製鋼株式会社
S100YEZX,2026-06-23,2026-06-23 10:44,93070,2025-04-01,2026-03-31,株式会社杉村倉庫
S100YH8A,2026-06-23,2026-06-23 10:47,79430,2025-04-01,2026-03-31,ニチハ株式会社
S100YEEQ,2026-06-23,2026-06-23 10:48,22820,2025-04-01,2026-03-31,日本ハム株式会社
S100YGMK,2026-06-23,2026-06-23 11:00,51990,2025-04-01,2026-03-31,不二ラテックス株式会社
S100YG2M,2026-06-23,2026-06-23 11:01,34230,2025-04-01,2026-03-31,株式会社エスイー
S100YH6Y,2026-06-23,2026-06-23 11:04,62580,2025-04-01,2026-03-31,平田機工株式会社
S100YGSP,2026-06-23,2026-06-23 11:05,66780,2025-04-01,2026-03-31,株式会社テクノメディカ
S100YH3A,2026-06-23,2026-06-23 11:07,19610,2025-04-01,2026-03-31,三機工業株式会社
S100YHK9,2026-06-23,2026-06-23 11:09,75060,2025-04-01,2026-03-31,株式会社　ハウス　オブ　ローゼ
S100YHLQ,2026-06-23,2026-06-23 11:12,90230,2025-04-01,2026-03-31,東京地下鉄株式会社
S100YHO9,2026-06-23,2026-06-23 11:13,49180,2025-04-01,2026-03-31,株式会社アイビー化粧品
S100YH50,2026-06-23,2026-06-23 11:14,67450,2025-04-01,2026-03-31,ホーチキ株式会社
S100YHOM,2026-06-23,2026-06-23 11:15,80850,2025-04-01,2026-03-31,ナラサキ産業株式会社
S100YHAI,2026-06-23,2026-06-23 11:18,48270,2025-04-01,2026-03-31,ビジネス・ワンホールディングス株式会社
S100YHL5,2026-06-23,2026-06-23 11:21,74760,2025-04-01,2026-03-31,アズワン株式会社
S100YH59,2026-06-23,2026-06-23 11:22,84210,2025-04-01,2026-03-31,信金中央金庫
S100YHB3,2026-06-23,2026-06-23 11:22,38020,2025-04-01,2026-03-31,株式会社エコミック
S100YGQH,2026-06-23,2026-06-23 11:23,80410,2025-04-01,2026-03-31,ＯＵＧホールディングス株式会社
S100YHPD,2026-06-23,2026-06-23 11:24,45310,2025-04-01,2026-03-31,有機合成薬品工業株式会社
S100YDWY,2026-06-23,2026-06-23 11:24,95090,2025-04-01,2026-03-31,北海道電力株式会社
S100YGRG,2026-06-23,2026-06-23 11:26,45160,2025-04-01,2026-03-31,日本新薬株式会社
S100YGWS,2026-06-23,2026-06-23 11:26,59790,2025-04-01,2026-03-31,カネソウ株式会社
S100YDWB,2026-06-23,2026-06-23 11:30,27300,2025-04-01,2026-03-31,株式会社エディオン
S100YG7J,2026-06-23,2026-06-23 11:30,61570,2025-04-01,2026-03-31,日進工具株式会社
S100YFJE,2026-06-23,2026-06-23 11:32,99340,2025-04-01,2026-03-31,因幡電機産業株式会社
S100YGO7,2026-06-23,2026-06-23 11:34,59690,2025-04-01,2026-03-31,株式会社ロブテックス
S100YGMA,2026-06-23,2026-06-23 11:36,79790,2025-04-01,2026-03-31,株式会社松風
S100YGMG,2026-06-23,2026-06-23 11:38,45430,2025-04-01,2026-03-31,テルモ株式会社
S100YC2P,2026-06-23,2026-06-23 11:41,98820,2025-04-01,2026-03-31,株式会社イエローハット
S100YGCV,2026-06-23,2026-06-23 11:42,95040,2025-04-01,2026-03-31,中国電力株式会社
S100YH3H,2026-06-23,2026-06-23 11:46,54580,2025-04-01,2026-03-31,高砂鐵工株式会社
S100YGCO,2026-06-23,2026-06-23 11:49,72220,2025-04-01,2026-03-31,日産車体株式会社
S100YHRY,2026-06-23,2026-06-23 11:50,72910,2025-04-01,2026-03-31,日本プラスト株式会社
S100YH5X,2026-06-23,2026-06-23 11:53,76150,2025-04-01,2026-03-31,株式会社京都きもの友禅ホールディングス
S100YHF0,2026-06-23,2026-06-23 11:57,90590,2025-04-01,2026-03-31,カンダホールディングス株式会社
S100YCOO,2026-06-23,2026-06-23 12:00,22220,2025-04-01,2026-03-31,寿スピリッツ株式会社
S100YHLM,2026-06-23,2026-06-23 12:01,66140,2025-04-01,2026-03-31,株式会社シキノハイテック
S100YHJ3,2026-06-23,2026-06-23 12:02,48380,2025-04-01,2026-03-31,スペースシャワーＳＫＩＹＡＫＩホールディングス株式会社
S100YHU5,2026-06-23,2026-06-23 12:04,69760,2025-04-01,2026-03-31,太陽誘電株式会社
S100YHRU,2026-06-23,2026-06-23 12:04,40970,2025-04-01,2026-03-31,高圧ガス工業株式会社
S100YHU1,2026-06-23,2026-06-23 12:06,22910,2025-04-01,2026-03-31,福留ハム株式会社
S100YGUH,2026-06-23,2026-06-23 12:07,99590,2025-04-01,2026-03-31,アシードホールディングス株式会社
S100YGFW,2026-06-23,2026-06-23 12:11,95330,2025-04-01,2026-03-31,東邦瓦斯株式会社
S100YGOP,2026-06-23,2026-06-23 12:18,352A0,2025-04-01,2026-03-31,株式会社ＬＯＩＶＥ
S100YHNU,2026-06-23,2026-06-23 12:40,88770,2025-04-01,2026-03-31,エスリード株式会社
S100YHVK,2026-06-23,2026-06-23 12:50,81730,2025-04-01,2026-03-31,株式会社Ｊｏｓｈｉｎ
S100YHDW,2026-06-23,2026-06-23 12:53,25880,2025-04-01,2026-03-31,株式会社プレミアムウォーターホールディングス
S100YGF5,2026-06-23,2026-06-23 13:00,94680,2025-04-01,2026-03-31,株式会社ＫＡＤＯＫＡＷＡ
S100YHJR,2026-06-23,2026-06-23 13:00,27800,2025-04-01,2026-03-31,株式会社コメ兵ホールディングス
S100YDYR,2026-06-23,2026-06-23 13:00,46350,2025-04-01,2026-03-31,東京インキ株式会社
S100YHB1,2026-06-23,2026-06-23 13:01,72420,2025-04-01,2026-03-31,カヤバ株式会社
S100YGOV,2026-06-23,2026-06-23 13:02,80590,2025-04-01,2026-03-31,第一実業株式会社
S100YGLQ,2026-06-23,2026-06-23 13:04,34340,2025-04-01,2026-03-31,株式会社アルファ
S100YHKQ,2026-06-23,2026-06-23 13:06,46130,2025-04-01,2026-03-31,関西ペイント株式会社
S100YH9F,2026-06-23,2026-06-23 13:07,40940,2025-04-01,2026-03-31,日本化学産業株式会社
S100YACF,2026-06-23,2026-06-23 13:08,65680,2025-04-01,2026-03-31,神戸天然物化学株式会社
S100YGOO,2026-06-23,2026-06-23 13:09,28130,2025-04-01,2026-03-31,和弘食品株式会社
S100YGBE,2026-06-23,2026-06-23 13:12,72640,2025-04-01,2026-03-31,株式会社ムロコーポレーション
S100YGKW,2026-06-23,2026-06-23 13:15,88920,2025-04-01,2026-03-31,株式会社エスコン
S100YHEY,2026-06-23,2026-06-23 13:16,64540,2025-04-01,2026-03-31,マックス株式会社
S100YFQM,2026-06-23,2026-06-23 13:18,97010,2025-04-01,2026-03-31,株式会社東京會舘
S100YH4M,2026-06-23,2026-06-23 13:19,65860,2025-04-01,2026-03-31,株式会社マキタ
S100YGP3,2026-06-23,2026-06-23 13:19,58030,2025-04-01,2026-03-31,株式会社フジクラ
S100YGAZ,2026-06-23,2026-06-23 13:24,56970,2025-04-01,2026-03-31,株式会社サンユウ
S100YG4Z,2026-06-23,2026-06-23 13:27,68590,2025-04-01,2026-03-31,エスペック株式会社
S100YFUA,2026-06-23,2026-06-23 13:29,59890,2025-04-01,2026-03-31,株式会社エイチワン
S100YGSJ,2026-06-23,2026-06-23 13:30,46170,2025-04-01,2026-03-31,中国塗料株式会社
S100YEMV,2026-06-23,2026-06-23 13:30,67430,2025-04-01,2026-03-31,大同信号株式会社
S100YHWP,2026-06-23,2026-06-23 13:33,54490,2025-04-01,2026-03-31,大阪製鐵株式会社
S100YH1C,2026-06-23,2026-06-23 13:34,42370,2025-04-01,2026-03-31,フジプレアム株式会社
S100YH3J,2026-06-23,2026-06-23 13:34,46870,2025-04-01,2026-03-31,ＴＤＣソフト株式会社
S100YHYF,2026-06-23,2026-06-23 13:34,26740,2025-04-01,2026-03-31,株式会社ハードオフコーポレーション
S100YHGU,2026-06-23,2026-06-23 13:34,18280,2025-04-01,2026-03-31,田辺工業株式会社
S100YG50,2026-06-23,2026-06-23 13:35,61180,2025-04-01,2026-03-31,アイダエンジニアリング株式会社
S100YF7I,2026-06-23,2026-06-23 13:35,50200,2025-04-01,2026-03-31,ＥＮＥＯＳホールディングス株式会社
S100YFG2,2026-06-23,2026-06-23 13:36,72690,2025-04-01,2026-03-31,スズキ株式会社
S100YHK6,2026-06-23,2026-06-23 13:37,74410,2025-04-01,2026-03-31,株式会社Ｍｉｓｕｍｉ
S100YHXO,2026-06-23,2026-06-23 13:38,43890,2025-04-01,2026-03-31,プロパティデータバンク株式会社
S100YGNC,2026-06-23,2026-06-23 13:40,88640,2025-04-01,2026-03-31,空港施設株式会社
S100YHYE,2026-06-23,2026-06-23 13:44,39700,2025-04-01,2026-03-31,株式会社イノベーション
S100YH5E,2026-06-23,2026-06-23 13:45,67540,2025-04-01,2026-03-31,アンリツ株式会社
S100YH8W,2026-06-23,2026-06-23 13:49,95310,2025-04-01,2026-03-31,東京瓦斯株式会社
S100YGCM,2026-06-23,2026-06-23 13:50,69820,2025-04-01,2026-03-31,株式会社リード
S100YG7R,2026-06-23,2026-06-23 13:52,27080,2025-04-01,2026-03-31,株式会社久世
S100YDWW,2026-06-23,2026-06-23 13:56,54230,2025-04-01,2026-03-31,東京製鐵株式会社
S100YH1A,2026-06-23,2026-06-23 14:00,63320,2025-04-01,2026-03-31,月島ホールディングス株式会社
S100YHZO,2026-06-23,2026-06-23 14:00,55990,2025-04-01,2026-03-31,Ｓ＆Ｊ株式会社
S100YGFN,2026-06-23,2026-06-23 14:00,91190,2025-04-01,2026-03-31,飯野海運株式会社
S100YHX4,2026-06-23,2026-06-23 14:00,93470,2025-04-01,2026-03-31,日本管財ホールディングス株式会社
S100YGTG,2026-06-23,2026-06-23 14:00,42180,2025-04-01,2026-03-31,ニチバン株式会社
S100YHDN,2026-06-23,2026-06-23 14:00,60550,2025-04-01,2026-03-31,ジャパンマテリアル株式会社
S100YF3Z,2026-06-23,2026-06-23 14:00,22040,2025-04-01,2026-03-31,株式会社中村屋
S100YFSM,2026-06-23,2026-06-23 14:02,46940,2025-04-01,2026-03-31,株式会社ビー・エム・エル
S100YH29,2026-06-23,2026-06-23 14:04,27840,2025-04-01,2026-03-31,アルフレッサホールディングス株式会社
S100YH1N,2026-06-23,2026-06-23 14:05,67420,2025-04-01,2026-03-31,株式会社京三製作所
S100YHBL,2026-06-23,2026-06-23 14:05,143A0,2025-04-01,2026-03-31,イシン株式会社
S100YHL6,2026-06-23,2026-06-23 14:06,46110,2025-04-01,2026-03-31,大日本塗料株式会社
S100YH2P,2026-06-23,2026-06-23 14:06,94750,2025-04-01,2026-03-31,株式会社昭文社ホールディングス
S100YI0I,2026-06-23,2026-06-23 14:07,98950,2025-04-01,2026-03-31,株式会社コンセック
S100YH5Z,2026-06-23,2026-06-23 14:10,60160,2025-04-01,2026-03-31,株式会社ジャパンエンジンコーポレーション
S100YI1C,2026-06-23,2026-06-23 14:10,74590,2025-04-01,2026-03-31,株式会社メディパルホールディングス
S100YHKP,2026-06-23,2026-06-23 14:10,74600,2025-04-01,2026-03-31,株式会社ヤギ
S100YGEP,2026-06-23,2026-06-23 14:12,22930,2025-04-01,2026-03-31,滝沢ハム株式会社
S100YGVR,2026-06-23,2026-06-23 14:14,31320,2025-04-01,2026-03-31,マクニカホールディングス株式会社
S100YEID,2026-06-23,2026-06-23 14:16,80700,2025-04-01,2026-03-31,東京産業株式会社
S100YHBT,2026-06-23,2026-06-23 14:19,23510,2025-04-01,2026-03-31,株式会社ＡＳＪ
S100YEMP,2026-06-23,2026-06-23 14:20,18700,2025-04-01,2026-03-31,矢作建設工業株式会社
S100YGTA,2026-06-23,2026-06-23 14:22,24800,2025-04-01,2026-03-31,システム・ロケーション株式会社
S100YEK2,2026-06-23,2026-06-23 14:22,95060,2025-04-01,2026-03-31,東北電力株式会社
S100YGLY,2026-06-23,2026-06-23 14:23,14200,2025-04-01,2026-03-31,サンヨーホームズ株式会社
S100YHOQ,2026-06-23,2026-06-23 14:26,13320,2025-04-01,2026-03-31,株式会社ニッスイ
S100YGN5,2026-06-23,2026-06-23 14:34,51860,2025-04-01,2026-03-31,ニッタ株式会社
S100YI0L,2026-06-23,2026-06-23 14:37,19590,2025-04-01,2026-03-31,株式会社クラフティア
S100YG3Z,2026-06-23,2026-06-23 14:37,54460,2025-04-01,2026-03-31,北越メタル株式会社
S100YI3S,2026-06-23,2026-06-23 14:38,74330,2025-04-01,2026-03-31,伯東株式会社
S100YEIF,2026-06-23,2026-06-23 14:42,75040,2025-04-01,2026-03-31,株式会社高速
S100YGXD,2026-06-23,2026-06-23 14:44,44060,2025-04-01,2026-03-31,新日本理化株式会社
S100YFGT,2026-06-23,2026-06-23 14:45,93660,2025-04-01,2026-03-31,株式会社サンリツ
S100YGVG,2026-06-23,2026-06-23 14:46,79270,2025-04-01,2026-03-31,ムトー精工株式会社
S100YFVP,2026-06-23,2026-06-23 14:47,98200,2025-04-01,2026-03-31,エムティジェネックス株式会社
S100YI1N,2026-06-23,2026-06-23 14:49,37870,2025-04-01,2026-03-31,株式会社テクノマセマティカル
S100YI2V,2026-06-23,2026-06-23 14:50,87720,2025-04-01,2026-03-31,株式会社アサックス
S100YGVL,2026-06-23,2026-06-23 14:56,28140,2025-04-01,2026-03-31,佐藤食品工業株式会社
S100YGZB,2026-06-23,2026-06-23 15:00,28040,2025-04-01,2026-03-31,ブルドックソース株式会社
S100YHSC,2026-06-23,2026-06-23 15:00,45380,2025-04-01,2026-03-31,扶桑薬品工業株式会社
S100YHEX,2026-06-23,2026-06-23 15:00,28060,2025-04-01,2026-03-31,ユタカフーズ株式会社
S100YHSE,2026-06-23,2026-06-23 15:00,63370,2025-04-01,2026-03-31,株式会社テセック
S100YG8L,2026-06-23,2026-06-23 15:01,29190,2025-04-01,2026-03-31,株式会社　マルタイ
S100YGDA,2026-06-23,2026-06-23 15:02,47360,2025-04-01,2026-03-31,日本ラッド株式会社
S100YGU7,2026-06-23,2026-06-23 15:02,17700,2025-04-01,2026-03-31,藤田エンジニアリング株式会社
S100YGLL,2026-06-23,2026-06-23 15:03,19500,2025-04-01,2026-03-31,日本電設工業株式会社
S100YHDZ,2026-06-23,2026-06-23 15:03,92740,2025-04-01,2026-03-31,ＫＰＰグループホールディングス株式会社
S100YEWX,2026-06-23,2026-06-23 15:03,32210,2025-04-01,2026-03-31,株式会社ヨシックスホールディングス
S100YB5D,2026-06-23,2026-06-23 15:04,177A0,2025-04-01,2026-03-31,コージンバイオ株式会社
S100YI2T,2026-06-23,2026-06-23 15:04,91040,2025-04-01,2026-03-31,株式会社　商船三井
S100YHS4,2026-06-23,2026-06-23 15:06,76280,2025-04-01,2026-03-31,株式会社オーハシテクニカ
S100YHUS,2026-06-23,2026-06-23 15:08,39340,2025-04-01,2026-03-31,株式会社ベネフィットジャパン
S100YGZX,2026-06-23,2026-06-23 15:08,80740,2025-04-01,2026-03-31,株式会社ＹＵＡＳＡ
S100YI71,2026-06-23,2026-06-23 15:09,291A0,2025-04-01,2026-03-31,株式会社リスキル
S100YHPP,2026-06-23,2026-06-23 15:10,71500,2025-04-01,2026-03-31,株式会社島根銀行
S100YHUU,2026-06-23,2026-06-23 15:10,44190,2025-04-01,2026-03-31,株式会社Ｆｉｎａｔｅｘｔホールディングス
S100YH08,2026-06-23,2026-06-23 15:13,86140,2025-04-01,2026-03-31,東洋証券株式会社
S100YGJF,2026-06-23,2026-06-23 15:14,77010,2025-04-01,2026-03-31,株式会社　島津製作所
S100YHIT,2026-06-23,2026-06-23 15:14,72870,2025-04-01,2026-03-31,日本精機株式会社
S100YGAC,2026-06-23,2026-06-23 15:18,72460,2025-04-01,2026-03-31,プレス工業株式会社
S100YI4C,2026-06-23,2026-06-23 15:23,288A0,2025-04-01,2026-03-31,ラクサス・テクノロジーズ株式会社
S100YGVP,2026-06-23,2026-06-23 15:30,96290,2025-04-01,2026-03-31,ピー・シー・エー株式会社
S100YHVS,2026-06-23,2026-06-23 15:30,69580,2025-04-01,2026-03-31,日本シイエムケイ株式会社
S100YA88,2026-06-23,2026-06-23 15:30,550A0,2025-04-01,2026-03-31,株式会社ソフトテックス
S100YFV9,2026-06-23,2026-06-23 15:30,55350,2025-04-01,2026-03-31,ミガロホールディングス株式会社
S100YI2M,2026-06-23,2026-06-23 15:30,42280,2025-04-01,2026-03-31,積水化成品工業株式会社
S100YDYN,2026-06-23,2026-06-23 15:30,48880,2025-04-01,2026-03-31,ステラファーマ株式会社
S100YHAQ,2026-06-23,2026-06-23 15:30,71990,2025-04-01,2026-03-31,プレミアグループ株式会社
S100YI8R,2026-06-23,2026-06-23 15:30,44980,2025-04-01,2026-03-31,サイバートラスト株式会社
S100YI2K,2026-06-23,2026-06-23 15:30,18220,2025-04-01,2026-03-31,大豊建設株式会社
S100YHAZ,2026-06-23,2026-06-23 15:30,60820,2025-04-01,2026-03-31,株式会社ライドオンエクスプレスホールディングス
S100YHK4,2026-06-23,2026-06-23 15:30,36110,2025-04-01,2026-03-31,株式会社マツオカコーポレーション
S100YFQY,2026-06-23,2026-06-23 15:30,82820,2025-04-01,2026-03-31,株式会社ケーズホールディングス
S100YDD0,2026-06-23,2026-06-23 15:30,82420,2025-04-01,2026-03-31,エイチ・ツー・オー　リテイリング株式会社
S100YHBC,2026-06-23,2026-06-23 15:30,61810,2025-04-01,2026-03-31,タメニー株式会社
S100YBAT,2026-06-23,2026-06-23 15:30,63700,2025-04-01,2026-03-31,栗田工業株式会社
S100YE1A,2026-06-23,2026-06-23 15:31,44420,2025-04-01,2026-03-31,バルテス・ホールディングス株式会社
S100YF8E,2026-06-23,2026-06-23 15:31,54010,2025-04-01,2026-03-31,日本製鉄株式会社
S100YFZK,2026-06-23,2026-06-23 15:31,46810,2025-04-01,2026-03-31,リゾートトラスト株式会社
S100YI4K,2026-06-23,2026-06-23 15:31,63300,2025-04-01,2026-03-31,東洋エンジニアリング株式会社
S100YHCO,2026-06-23,2026-06-23 15:31,47180,2025-04-01,2026-03-31,株式会社早稲田アカデミー
S100YI0F,2026-06-23,2026-06-23 15:31,39270,2025-04-01,2026-03-31,株式会社フーバーブレイン
S100YG2R,2026-06-23,2026-06-23 15:31,60880,2025-04-01,2026-03-31,株式会社シグマクシス・ホールディングス
S100YGX4,2026-06-23,2026-06-23 15:32,37720,2025-04-01,2026-03-31,ウェルス・マネジメント株式会社
S100YHLL,2026-06-23,2026-06-23 15:32,76980,2025-04-01,2026-03-31,株式会社アイスコ
S100YHC7,2026-06-23,2026-06-23 15:32,31790,2025-04-01,2026-03-31,シュッピン株式会社
S100YHTD,2026-06-23,2026-06-23 15:32,70750,2025-04-01,2026-03-31,株式会社ＱＬＳホールディングス
S100YH2N,2026-06-23,2026-06-23 15:32,32310,2025-04-01,2026-03-31,野村不動産ホールディングス株式会社
S100YI32,2026-06-23,2026-06-23 15:33,70960,2025-04-01,2026-03-31,株式会社ステムセル研究所
S100YH5L,2026-06-23,2026-06-23 15:33,32380,2025-04-01,2026-03-31,セントラル総合開発株式会社
S100YHFI,2026-06-23,2026-06-23 15:34,93030,2025-04-01,2026-03-31,株式会社住友倉庫
S100YIA4,2026-06-23,2026-06-23 15:35,70890,2025-04-01,2026-03-31,フォースタートアップス株式会社
S100YE63,2026-06-23,2026-06-23 15:35,90050,2025-04-01,2026-03-31,東急株式会社
S100YH71,2026-06-23,2026-06-23 15:36,66740,2025-04-01,2026-03-31,株式会社　ジーエス・ユアサ　コーポレーション
S100YIAC,2026-06-23,2026-06-23 15:37,77790,2025-04-01,2026-03-31,ＣＹＢＥＲＤＹＮＥ株式会社
S100YGXR,2026-06-23,2026-06-23 15:37,48890,2025-04-01,2026-03-31,株式会社レナサイエンス
S100YHOY,2026-06-23,2026-06-23 15:37,41770,2025-04-01,2026-03-31,株式会社ｉ－ｐｌｕｇ
S100YFVG,2026-06-23,2026-06-23 15:38,68090,2025-04-01,2026-03-31,ＴＯＡ株式会社
S100YHRX,2026-06-23,2026-06-23 15:40,72920,2025-04-01,2026-03-31,株式会社村上開明堂
S100YHN8,2026-06-23,2026-06-23 15:40,38390,2025-04-01,2026-03-31,株式会社ＯＤＫソリューションズ
S100YH2T,2026-06-23,2026-06-23 15:40,43080,2025-04-01,2026-03-31,株式会社Ｊストリーム
S100YH46,2026-06-23,2026-06-23 15:41,299A0,2025-04-01,2026-03-31,クラシル株式会社
S100YHUZ,2026-06-23,2026-06-23 15:41,142A0,2025-04-01,2026-03-31,株式会社ジンジブ
S100YI9D,2026-06-23,2026-06-23 15:42,76370,2025-04-01,2026-03-31,白銅株式会社
S100YFW5,2026-06-23,2026-06-23 15:42,24540,2025-04-01,2026-03-31,株式会社オールアバウト
S100YIB5,2026-06-23,2026-06-23 15:43,48190,2025-04-01,2026-03-31,株式会社デジタルガレージ
S100YFTU,2026-06-23,2026-06-23 15:43,78830,2025-04-01,2026-03-31,サンメッセ株式会社
S100YIAO,2026-06-23,2026-06-23 15:43,76860,2025-04-01,2026-03-31,株式会社ひとまいる
S100YIBN,2026-06-23,2026-06-23 15:44,60450,2025-04-01,2026-03-31,株式会社レントラックス
S100YFBQ,2026-06-23,2026-06-23 15:45,72020,2025-04-01,2026-03-31,いすゞ自動車株式会社
S100YHHV,2026-06-23,2026-06-23 15:45,78590,2025-04-01,2026-03-31,株式会社アルメディオ
S100YH0J,2026-06-23,2026-06-23 15:45,33740,2025-04-01,2026-03-31,内外テック株式会社
S100YHRD,2026-06-23,2026-06-23 15:47,45640,2025-04-01,2026-03-31,オンコセラピー・サイエンス株式会社
S100YFC1,2026-06-23,2026-06-23 15:48,45400,2025-04-01,2026-03-31,株式会社ツムラ
S100YH91,2026-06-23,2026-06-23 15:51,67400,2025-04-01,2026-03-31,株式会社ジャパンディスプレイ
S100YGX7,2026-06-23,2026-06-23 15:53,81600,2025-04-01,2026-03-31,株式会社　木曽路
S100YF6O,2026-06-23,2026-06-23 15:54,71190,2025-04-01,2026-03-31,株式会社ハルメクホールディングス
S100YHHI,2026-06-23,2026-06-23 15:54,77450,2025-04-01,2026-03-31,株式会社Ａ＆Ｄホロンホールディングス
S100YH7Z,2026-06-23,2026-06-23 15:54,69320,2025-04-01,2026-03-31,株式会社遠藤照明
S100YF74,2026-06-23,2026-06-23 15:57,79120,2025-04-01,2026-03-31,大日本印刷株式会社
S100YIC4,2026-06-23,2026-06-23 15:58,81380,2025-04-01,2026-03-31,三京化成株式会社
S100Y9J8,2026-06-23,2026-06-23 15:59,36340,2025-04-01,2026-03-31,株式会社ソケッツ
S100YH8U,2026-06-23,2026-06-23 15:59,67770,2025-04-01,2026-03-31,ｓａｎｔｅｃ　Ｈｏｌｄｉｎｇｓ株式会社
S100YH90,2026-06-23,2026-06-23 16:00,36760,2025-04-01,2026-03-31,株式会社デジタルハーツホールディングス
S100YHPK,2026-06-23,2026-06-23 16:00,65230,2025-04-01,2026-03-31,ＰＨＣホールディングス株式会社
S100YGJA,2026-06-23,2026-06-23 16:00,21580,2025-04-01,2026-03-31,株式会社ＦＲＯＮＴＥＯ
S100YH4R,2026-06-23,2026-06-23 16:00,90690,2025-04-01,2026-03-31,センコーグループホールディングス株式会社
S100YIC9,2026-06-23,2026-06-23 16:00,20010,2025-04-01,2026-03-31,株式会社ニップン
S100YHPC,2026-06-23,2026-06-23 16:00,49770,2025-04-01,2026-03-31,新田ゼラチン株式会社
S100YEQL,2026-06-23,2026-06-23 16:01,64240,2025-04-01,2026-03-31,株式会社高見沢サイバネティックス
S100YIDD,2026-06-23,2026-06-23 16:01,69510,2025-04-01,2026-03-31,日本電子株式会社
S100YFAJ,2026-06-23,2026-06-23 16:01,66160,2025-04-01,2026-03-31,トレックス・セミコンダクター株式会社
S100YGQ4,2026-06-23,2026-06-23 16:02,75250,2025-04-01,2026-03-31,リックス株式会社
S100YGY5,2026-06-23,2026-06-23 16:03,90730,2025-04-01,2026-03-31,京極運輸商事株式会社
S100YID4,2026-06-23,2026-06-23 16:03,32910,2025-04-01,2026-03-31,飯田グループホールディングス株式会社
S100YGI5,2026-06-23,2026-06-23 16:05,86160,2025-04-01,2026-03-31,東海東京フィナンシャル・ホールディングス株式会社
S100YF38,2026-06-23,2026-06-23 16:05,62030,2025-04-01,2026-03-31,豊和工業株式会社
S100YF19,2026-06-23,2026-06-23 16:06,45520,2025-04-01,2026-03-31,ＪＣＲファーマ株式会社
S100YIBT,2026-06-23,2026-06-23 16:06,93600,2025-04-01,2026-03-31,鈴与シンワート株式会社
S100YIDU,2026-06-23,2026-06-23 16:07,19290,2025-04-01,2026-03-31,日特建設株式会社
S100YI25,2026-06-23,2026-06-23 16:08,61580,2025-04-01,2026-03-31,株式会社和井田製作所
S100YGT4,2026-06-23,2026-06-23 16:09,49140,2025-04-01,2026-03-31,高砂香料工業株式会社
S100YHCS,2026-06-23,2026-06-23 16:10,72380,2025-04-01,2026-03-31,曙ブレーキ工業株式会社
S100YG1L,2026-06-23,2026-06-23 16:10,72350,2025-04-01,2026-03-31,東京ラヂエーター製造株式会社
S100YEX8,2026-06-23,2026-06-23 16:12,74380,2025-04-01,2026-03-31,コンドーテック株式会社
S100YHAT,2026-06-23,2026-06-23 16:15,39370,2025-04-01,2026-03-31,株式会社Ｕｂｉｃｏｍホールディングス
S100YIEN,2026-06-23,2026-06-23 16:22,70400,2025-04-01,2026-03-31,株式会社サン・ライフホールディング
S100YHD7,2026-06-23,2026-06-23 16:25,64180,2025-04-01,2026-03-31,日本金銭機械株式会社
S100YFMB,2026-06-23,2026-06-23 16:25,75510,2025-04-01,2026-03-31,株式会社ウェッズ
S100YGJI,2026-06-23,2026-06-23 16:30,81110,2025-04-01,2026-03-31,株式会社ゴールドウイン
S100YH9L,2026-06-23,2026-06-23 16:30,69550,2025-04-01,2026-03-31,ＦＤＫ株式会社
S100YIA0,2026-06-23,2026-06-23 16:33,60960,2025-04-01,2026-03-31,株式会社レアジョブ
S100YGG0,2026-06-23,2026-06-23 16:34,78440,2025-04-01,2026-03-31,株式会社マーベラス
S100YIGO,2026-06-23,2026-06-23 16:35,96910,2025-04-01,2026-03-31,株式会社両毛システムズ
S100YCN8,2026-06-23,2026-06-23 16:38,91100,2025-04-01,2026-03-31,ＮＳユナイテッド海運株式会社
S100YIBR,2026-06-23,2026-06-23 16:40,63050,2025-04-01,2026-03-31,日立建機株式会社
S100YH80,2026-06-23,2026-06-23 16:43,46850,2025-04-01,2026-03-31,株式会社菱友システムズ
S100YGR9,2026-06-23,2026-06-23 16:43,59010,2025-04-01,2026-03-31,東洋製罐グループホールディングス株式会社
S100YH2V,2026-06-23,2026-06-23 16:43,37530,2025-04-01,2026-03-31,株式会社フライトソリューションズ
S100YGRC,2026-06-23,2026-06-23 17:00,31010,2025-04-01,2026-03-31,東洋紡株式会社
S100YGTS,2026-06-23,2026-06-23 17:01,99600,2025-04-01,2026-03-31,東テク株式会社
S100YGHF,2026-06-23,2026-06-23 17:03,29330,2025-04-01,2026-03-31,株式会社紀文食品
S100YIJ0,2026-06-23,2026-06-23 17:05,64930,2025-04-01,2026-03-31,株式会社ＮＩＴＴＡＮ
S100YHZV,2026-06-23,2026-06-23 17:10,67530,2025-04-01,2026-03-31,シャープ株式会社
S100YGVT,2026-06-23,2026-06-23 17:14,51330,2025-04-01,2026-03-31,株式会社テリロジーホールディングス
S100YH8N,2026-06-24,2026-06-24 09:00,30420,2025-04-01,2026-03-31,株式会社セキュアヴェイル
S100YH4H,2026-06-24,2026-06-24 09:00,18320,2025-04-01,2026-03-31,株式会社北海電工
S100YEPB,2026-06-24,2026-06-24 09:00,21080,2025-04-01,2026-03-31,日本甜菜製糖株式会社
S100YGAU,2026-06-24,2026-06-24 09:00,43660,2025-04-01,2026-03-31,ダイトーケミックス株式会社
S100YHQB,2026-06-24,2026-06-24 09:00,77910,2025-04-01,2026-03-31,ドリームベッド株式会社
S100YHO7,2026-06-24,2026-06-24 09:01,85960,2025-04-01,2026-03-31,株式会社九州リースサービス
S100YI5H,2026-06-24,2026-06-24 09:01,43230,2025-04-01,2026-03-31,日本システム技術株式会社
S100YH2R,2026-06-24,2026-06-24 09:01,27820,2025-04-01,2026-03-31,株式会社セリア
S100YI2H,2026-06-24,2026-06-24 09:03,89950,2025-04-01,2026-03-31,株式会社誠建設工業
S100YGL7,2026-06-24,2026-06-24 09:04,93100,2025-04-01,2026-03-31,日本トランスシティ株式会社
S100YHAB,2026-06-24,2026-06-24 09:04,18880,2025-04-01,2026-03-31,若築建設株式会社
S100YGM1,2026-06-24,2026-06-24 09:05,44910,2025-04-01,2026-03-31,コンピューターマネージメント株式会社
S100YHRE,2026-06-24,2026-06-24 09:06,59740,2025-04-01,2026-03-31,中国工業株式会社
S100YHGQ,2026-06-24,2026-06-24 09:08,61110,2025-04-01,2026-03-31,旭精機工業株式会社
S100YFLV,2026-06-24,2026-06-24 09:08,52850,2025-04-01,2026-03-31,株式会社ヤマックス
S100YHHC,2026-06-24,2026-06-24 09:09,61550,2025-04-01,2026-03-31,高松機械工業株式会社
S100YHN2,2026-06-24,2026-06-24 09:10,79550,2025-04-01,2026-03-31,クリナップ株式会社
S100YHND,2026-06-24,2026-06-24 09:10,33170,2025-04-01,2026-03-31,株式会社フライングガーデン
S100YA7K,2026-06-24,2026-06-24 09:10,93010,2025-04-01,2026-03-31,三菱倉庫株式会社
S100YGNL,2026-06-24,2026-06-24 09:11,31070,2025-04-01,2026-03-31,ダイワボウホールディングス株式会社
S100YIL8,2026-06-24,2026-06-24 09:12,256A0,2025-04-01,2026-03-31,飛島ホールディングス株式会社
S100YILD,2026-06-24,2026-06-24 09:13,18260,2025-04-01,2026-03-31,佐田建設株式会社
S100YC9N,2026-06-24,2026-06-24 09:14,54800,2025-04-01,2026-03-31,日本冶金工業株式会社
S100YHT7,2026-06-24,2026-06-24 09:15,53570,2025-04-01,2026-03-31,株式会社　ヨータイ
S100YITS,2026-06-24,2026-06-24 09:18,48870,2025-04-01,2026-03-31,サワイグループホールディングス株式会社
S100YIQG,2026-06-24,2026-06-24 09:19,67680,2025-04-01,2026-03-31,株式会社タムラ製作所
S100YFR1,2026-06-24,2026-06-24 09:20,72710,2025-04-01,2026-03-31,株式会社安永
S100YHKS,2026-06-24,2026-06-24 09:20,73450,2025-04-01,2026-03-31,株式会社アイ・パートナーズフィナンシャル
S100YIAX,2026-06-24,2026-06-24 09:21,74820,2025-04-01,2026-03-31,株式会社シモジマ
S100YHET,2026-06-24,2026-06-24 09:30,31130,2025-04-01,2026-03-31,株式会社ＵＮＩＶＡ・Ｏａｋホールディングス
S100YHIJ,2026-06-24,2026-06-24 09:30,52100,2025-04-01,2026-03-31,日本山村硝子株式会社
S100YI7P,2026-06-24,2026-06-24 09:30,63350,2025-04-01,2026-03-31,株式会社東京機械製作所
S100YI8J,2026-06-24,2026-06-24 09:31,17930,2025-04-01,2026-03-31,株式会社大本組
S100YHFR,2026-06-24,2026-06-24 09:32,64190,2025-04-01,2026-03-31,株式会社マースグループホールディングス
S100YHPR,2026-06-24,2026-06-24 09:33,34350,2025-04-01,2026-03-31,サンコーテクノ株式会社
S100YIVN,2026-06-24,2026-06-24 09:33,66510,2025-04-01,2026-03-31,日東工業株式会社
S100YGVK,2026-06-24,2026-06-24 09:34,64670,2025-04-01,2026-03-31,株式会社ニチダイ
S100YFFX,2026-06-24,2026-06-24 09:35,43410,2025-04-01,2026-03-31,西菱電機株式会社
S100YHDE,2026-06-24,2026-06-24 09:36,75210,2025-04-01,2026-03-31,株式会社ムサシ
S100YHHO,2026-06-24,2026-06-24 09:37,95080,2025-04-01,2026-03-31,九州電力株式会社
S100YHFB,2026-06-24,2026-06-24 09:41,35370,2025-04-01,2026-03-31,昭栄薬品株式会社
S100YHYX,2026-06-24,2026-06-24 09:44,46760,2025-04-01,2026-03-31,株式会社フジ・メディア・ホールディングス
S100YIVY,2026-06-24,2026-06-24 09:45,93850,2025-04-01,2026-03-31,株式会社ショーエイコーポレーション
S100YIXB,2026-06-24,2026-06-24 09:45,35120,2025-04-01,2026-03-31,日本フエルト株式会社
S100YI45,2026-06-24,2026-06-24 09:45,78980,2025-04-01,2026-03-31,株式会社ウッドワン
S100YFXZ,2026-06-24,2026-06-24 09:48,95030,2025-04-01,2026-03-31,関西電力株式会社
S100YIYA,2026-06-24,2026-06-24 09:51,52680,2025-04-01,2026-03-31,旭コンクリート工業株式会社
S100YIO7,2026-06-24,2026-06-24 09:52,62220,2025-04-01,2026-03-31,株式会社島精機製作所
S100YIQF,2026-06-24,2026-06-24 09:52,24250,2025-04-01,2026-03-31,株式会社ケアサービス
S100YI2O,2026-06-24,2026-06-24 09:53,68230,2025-04-01,2026-03-31,リオン株式会社
S100YIXL,2026-06-24,2026-06-24 09:55,90750,2025-04-01,2026-03-31,福山通運株式会社
S100YHJ7,2026-06-24,2026-06-24 09:56,68440,2025-04-01,2026-03-31,新電元工業株式会社
S100YHI4,2026-06-24,2026-06-24 09:56,93120,2025-04-01,2026-03-31,ケイヒン株式会社
S100YILW,2026-06-24,2026-06-24 09:58,24830,2025-04-01,2026-03-31,株式会社翻訳センター
S100YIW1,2026-06-24,2026-06-24 09:59,57290,2025-04-01,2026-03-31,日本精鉱株式会社
S100YILN,2026-06-24,2026-06-24 10:00,17990,2025-04-01,2026-03-31,第一建設工業株式会社
S100YDW9,2026-06-24,2026-06-24 10:00,56020,2025-04-01,2026-03-31,株式会社栗本鐵工所
S100YIIM,2026-06-24,2026-06-24 10:00,96160,2025-04-01,2026-03-31,株式会社共立メンテナンス
S100YH26,2026-06-24,2026-06-24 10:00,29840,2025-04-01,2026-03-31,ヤマイチエステート株式会社
S100YD3Q,2026-06-24,2026-06-24 10:00,29020,2025-04-01,2026-03-31,太陽化学株式会社
S100YGU8,2026-06-24,2026-06-24 10:02,44090,2025-04-01,2026-03-31,東邦化学工業株式会社
S100YIY2,2026-06-24,2026-06-24 10:02,42120,2025-04-01,2026-03-31,積水樹脂株式会社
S100YG4R,2026-06-24,2026-06-24 10:02,63900,2025-04-01,2026-03-31,株式会社加藤製作所
S100YF97,2026-06-24,2026-06-24 10:03,29080,2025-04-01,2026-03-31,フジッコ株式会社
S100YDH0,2026-06-24,2026-06-24 10:04,95020,2025-04-01,2026-03-31,中部電力株式会社
S100YFQL,2026-06-24,2026-06-24 10:06,63670,2025-04-01,2026-03-31,ダイキン工業株式会社
S100YIXT,2026-06-24,2026-06-24 10:08,99940,2025-04-01,2026-03-31,株式会社やまや
S100YIML,2026-06-24,2026-06-24 10:09,40210,2025-04-01,2026-03-31,日産化学株式会社
S100YH1Y,2026-06-24,2026-06-24 10:10,52320,2025-04-01,2026-03-31,住友大阪セメント株式会社
S100YHX1,2026-06-24,2026-06-24 10:14,37710,2025-04-01,2026-03-31,株式会社システムリサーチ
S100YDPT,2026-06-24,2026-06-24 10:21,34310,2025-04-01,2026-03-31,宮地エンジニアリンググループ株式会社
S100YH1G,2026-06-24,2026-06-24 10:22,35690,2025-04-01,2026-03-31,セーレン株式会社
S100YGGI,2026-06-24,2026-06-24 10:22,18120,2025-04-01,2026-03-31,鹿島建設株式会社
S100YIO8,2026-06-24,2026-06-24 10:23,80520,2025-04-01,2026-03-31,椿本興業株式会社
S100YHU2,2026-06-24,2026-06-24 10:23,67270,2025-04-01,2026-03-31,株式会社ワコム
S100YI5M,2026-06-24,2026-06-24 10:24,89200,2025-04-01,2026-03-31,株式会社　東　祥
S100YH23,2026-06-24,2026-06-24 10:24,95070,2025-04-01,2026-03-31,四国電力株式会社
S100YI94,2026-06-24,2026-06-24 10:25,71400,2025-04-01,2026-03-31,ペットゴー株式会社
S100YJ0B,2026-06-24,2026-06-24 10:30,99900,2025-04-01,2026-03-31,株式会社サックスバーホールディングス
S100YIA9,2026-06-24,2026-06-24 10:30,58340,2025-04-01,2026-03-31,ＳＢＩリーシングサービス株式会社
S100YJ15,2026-06-24,2026-06-24 10:32,46200,2025-04-01,2026-03-31,藤倉化成株式会社
S100YJ0X,2026-06-24,2026-06-24 10:32,62460,2025-04-01,2026-03-31,株式会社テクノスマート
S100YJ0H,2026-06-24,2026-06-24 10:35,27900,2025-04-01,2026-03-31,株式会社ナフコ
S100Y9OD,2026-06-24,2026-06-24 10:36,72800,2025-04-01,2026-03-31,株式会社ミツバ
S100YI27,2026-06-24,2026-06-24 10:38,31430,2025-04-01,2026-03-31,オーウイル株式会社
S100YHS5,2026-06-24,2026-06-24 10:39,44960,2025-04-01,2026-03-31,株式会社コマースＯｎｅホールディングス
S100YJ1T,2026-06-24,2026-06-24 10:39,98450,2025-04-01,2026-03-31,株式会社パーカーコーポレーション
S100YJ27,2026-06-24,2026-06-24 10:41,99860,2025-04-01,2026-03-31,蔵王産業株式会社
S100YHOE,2026-06-24,2026-06-24 10:41,30320,2025-04-01,2026-03-31,株式会社ゴルフ・ドゥ
S100YI3U,2026-06-24,2026-06-24 10:42,20580,2025-04-01,2026-03-31,株式会社ヒガシマル
S100YHNA,2026-06-24,2026-06-24 10:43,70940,2025-04-01,2026-03-31,株式会社ＮｅｘＴｏｎｅ
S100YHFG,2026-06-24,2026-06-24 10:46,72120,2025-04-01,2026-03-31,株式会社エフテック
S100YI2B,2026-06-24,2026-06-24 10:48,31570,2025-04-01,2026-03-31,ジオリーブグループ株式会社
S100YDWL,2026-06-24,2026-06-24 10:49,81150,2025-04-01,2026-03-31,ムーンバット株式会社
S100YHXH,2026-06-24,2026-06-24 10:58,51220,2025-04-01,2026-03-31,オカモト株式会社
S100YHWR,2026-06-24,2026-06-24 10:58,37080,2025-04-01,2026-03-31,特種東海製紙株式会社
S100YIIT,2026-06-24,2026-06-24 11:00,46250,2025-04-01,2026-03-31,アトミクス株式会社
S100YIHV,2026-06-24,2026-06-24 11:04,41000,2025-04-01,2026-03-31,戸田工業株式会社
S100YFRS,2026-06-24,2026-06-24 11:05,38370,2025-04-01,2026-03-31,アドソル日進株式会社
S100YHO8,2026-06-24,2026-06-24 11:07,68490,2025-04-01,2026-03-31,日本光電工業株式会社
S100YHM2,2026-06-24,2026-06-24 11:09,80500,2025-04-01,2026-03-31,セイコーグループ株式会社
S100YIH4,2026-06-24,2026-06-24 11:10,81630,2025-04-01,2026-03-31,ＳＲＳホールディングス株式会社
S100YINX,2026-06-24,2026-06-24 11:10,53550,2025-04-01,2026-03-31,日本坩堝株式会社
S100YJ18,2026-06-24,2026-06-24 11:15,285A0,2025-04-01,2026-03-31,キオクシアホールディングス株式会社
S100YITC,2026-06-24,2026-06-24 11:16,18020,2025-04-01,2026-03-31,株式会社大林組
S100YJ53,2026-06-24,2026-06-24 11:17,63340,2025-04-01,2026-03-31,明治機械株式会社
S100YI52,2026-06-24,2026-06-24 11:20,90760,2025-04-01,2026-03-31,セイノーホールディングス株式会社
S100YIGD,2026-06-24,2026-06-24 11:21,82070,2025-04-01,2026-03-31,テンアライド株式会社
S100YHQM,2026-06-24,2026-06-24 11:24,38170,2025-04-01,2026-03-31,株式会社ＳＲＡホールディングス
S100YHQX,2026-06-24,2026-06-24 11:25,29810,2025-04-01,2026-03-31,株式会社ランディックス
S100YI9L,2026-06-24,2026-06-24 11:25,59230,2025-04-01,2026-03-31,高田機工株式会社
S100YHL0,2026-06-24,2026-06-24 11:27,78670,2025-04-01,2026-03-31,株式会社タカラトミー
S100YGKZ,2026-06-24,2026-06-24 11:29,37730,2025-04-01,2026-03-31,株式会社アドバンスト・メディア
S100YCF0,2026-06-24,2026-06-24 11:32,58010,2025-04-01,2026-03-31,古河電気工業株式会社
S100YEJV,2026-06-24,2026-06-24 11:36,75620,2025-04-01,2026-03-31,株式会社安楽亭
S100YIHR,2026-06-24,2026-06-24 11:36,95010,2025-04-01,2026-03-31,東京電力ホールディングス株式会社
S100YJ5I,2026-06-24,2026-06-24 11:37,88030,2025-04-01,2026-03-31,平和不動産株式会社
S100YI28,2026-06-24,2026-06-24 11:39,45340,2025-04-01,2026-03-31,持田製薬株式会社
S100YI7T,2026-06-24,2026-06-24 11:39,33460,2025-04-01,2026-03-31,ヒロタグループホールディングス株式会社
S100YJ6N,2026-06-24,2026-06-24 11:40,57130,2025-04-01,2026-03-31,住友金属鉱山株式会社
S100YHOL,2026-06-24,2026-06-24 11:43,90480,2025-04-01,2026-03-31,名古屋鉄道株式会社
S100YJ78,2026-06-24,2026-06-24 11:44,63070,2025-04-01,2026-03-31,サンセイ株式会社
S100YHRO,2026-06-24,2026-06-24 11:48,44620,2025-04-01,2026-03-31,石原ケミカル株式会社
S100YHZG,2026-06-24,2026-06-24 11:49,70110,2025-04-01,2026-03-31,三菱重工業株式会社
S100YIRK,2026-06-24,2026-06-24 11:51,62450,2025-04-01,2026-03-31,株式会社ヒラノテクシード
S100YH9V,2026-06-24,2026-06-24 11:51,65380,2025-04-01,2026-03-31,株式会社ディスラプターズ
S100YIHP,2026-06-24,2026-06-24 11:54,65080,2025-04-01,2026-03-31,株式会社明電舎
S100YFZB,2026-06-24,2026-06-24 11:56,63470,2025-04-01,2026-03-31,株式会社プラコー
S100YIQ8,2026-06-24,2026-06-24 11:59,51890,2025-04-01,2026-03-31,櫻護謨株式会社
S100YFD2,2026-06-24,2026-06-24 12:00,59580,2025-04-01,2026-03-31,三洋工業株式会社
S100YDV3,2026-06-24,2026-06-24 12:00,80250,2025-04-01,2026-03-31,株式会社ツカモトコーポレーション
S100YIP6,2026-06-24,2026-06-24 12:00,59760,2025-04-01,2026-03-31,高周波熱錬株式会社
S100YHOR,2026-06-24,2026-06-24 12:02,99960,2025-04-01,2026-03-31,株式会社サトー商会
S100YIRG,2026-06-24,2026-06-24 12:08,88970,2025-04-01,2026-03-31,ＭＩＲＡＲＴＨホールディングス株式会社
S100YJ6A,2026-06-24,2026-06-24 12:11,67240,2025-04-01,2026-03-31,セイコーエプソン株式会社
S100YCFW,2026-06-24,2026-06-24 12:15,21790,2025-04-01,2026-03-31,株式会社成学社
S100YIVE,2026-06-24,2026-06-24 12:20,63420,2025-04-01,2026-03-31,株式会社太平製作所
S100YJ7S,2026-06-24,2026-06-24 12:23,80660,2025-04-01,2026-03-31,三谷商事株式会社
S100YJ8W,2026-06-24,2026-06-24 12:25,79910,2025-04-01,2026-03-31,マミヤ・オーピー株式会社
S100YGEJ,2026-06-24,2026-06-24 12:27,58700,2025-04-01,2026-03-31,株式会社ナルネットコミュニケーションズ
S100YBLA,2026-06-24,2026-06-24 12:30,88020,2025-04-01,2026-03-31,三菱地所株式会社
S100YI5J,2026-06-24,2026-06-24 12:40,93040,2025-04-01,2026-03-31,澁澤倉庫株式会社
S100YI56,2026-06-24,2026-06-24 12:44,79500,2025-04-01,2026-03-31,日本デコラックス株式会社
S100YIEI,2026-06-24,2026-06-24 12:47,69120,2025-04-01,2026-03-31,菊水ホールディングス株式会社
S100YI6G,2026-06-24,2026-06-24 12:50,75230,2025-04-01,2026-03-31,アールビバン株式会社
S100YHWG,2026-06-24,2026-06-24 12:54,68550,2025-04-01,2026-03-31,日本電子材料株式会社
S100YIPK,2026-06-24,2026-06-24 13:00,21170,2025-04-01,2026-03-31,ウェルネオシュガー株式会社
S100YJAF,2026-06-24,2026-06-24 13:00,79020,2025-04-01,2026-03-31,株式会社ソノコム
S100YFNV,2026-06-24,2026-06-24 13:00,72240,2025-04-01,2026-03-31,新明和工業株式会社
S100YI50,2026-06-24,2026-06-24 13:00,71220,2025-04-01,2026-03-31,近畿車輛株式会社
S100YIDK,2026-06-24,2026-06-24 13:00,24150,2025-04-01,2026-03-31,ヒューマンホールディングス株式会社
S100YIB6,2026-06-24,2026-06-24 13:01,368A0,2025-04-01,2026-03-31,株式会社北里コーポレーション
S100YHJV,2026-06-24,2026-06-24 13:01,167A0,2025-04-01,2026-03-31,リョーサン菱洋ホールディングス株式会社
S100YII7,2026-06-24,2026-06-24 13:01,98180,2025-04-01,2026-03-31,大丸エナウィン株式会社
S100YJ02,2026-06-24,2026-06-24 13:01,38450,2025-04-01,2026-03-31,株式会社アイフリークモバイル
S100YHSN,2026-06-24,2026-06-24 13:02,81290,2025-04-01,2026-03-31,東邦ホールディングス株式会社
S100YIEJ,2026-06-24,2026-06-24 13:03,80710,2025-04-01,2026-03-31,東海エレクトロニクス株式会社
S100YI48,2026-06-24,2026-06-24 13:04,90330,2025-04-01,2026-03-31,広島電鉄株式会社
S100YFE2,2026-06-24,2026-06-24 13:04,41020,2025-04-01,2026-03-31,丸尾カルシウム株式会社
S100YGE8,2026-06-24,2026-06-24 13:05,40980,2025-04-01,2026-03-31,チタン工業株式会社
S100YHMT,2026-06-24,2026-06-24 13:05,18270,2025-04-01,2026-03-31,株式会社ナカノフドー建設
S100YHTN,2026-06-24,2026-06-24 13:05,67440,2025-04-01,2026-03-31,能美防災株式会社
S100YI3N,2026-06-24,2026-06-24 13:05,80890,2025-04-01,2026-03-31,ナイス株式会社
S100YHR0,2026-06-24,2026-06-24 13:06,62290,2025-04-01,2026-03-31,株式会社オーケーエム
S100YJ2N,2026-06-24,2026-06-24 13:09,22210,2025-04-01,2026-03-31,岩塚製菓株式会社
S100YHL2,2026-06-24,2026-06-24 13:09,62860,2025-04-01,2026-03-31,靜甲株式会社
S100YHWF,2026-06-24,2026-06-24 13:10,97130,2025-04-01,2026-03-31,株式会社ロイヤルホテル
S100YIWC,2026-06-24,2026-06-24 13:10,72840,2025-04-01,2026-03-31,盟和産業株式会社
S100YI9F,2026-06-24,2026-06-24 13:11,76940,2025-04-01,2026-03-31,株式会社いつも
S100YDH8,2026-06-24,2026-06-24 13:11,22810,2025-04-01,2026-03-31,プリマハム株式会社
S100YGZE,2026-06-24,2026-06-24 13:11,52900,2025-04-01,2026-03-31,株式会社ベルテクスコーポレーション
S100YJ84,2026-06-24,2026-06-24 13:14,66660,2025-04-01,2026-03-31,リバーエレテック株式会社
S100YI1U,2026-06-24,2026-06-24 13:14,94010,2025-04-01,2026-03-31,株式会社ＴＢＳホールディングス
S100YICQ,2026-06-24,2026-06-24 13:15,40780,2025-04-01,2026-03-31,堺化学工業株式会社
S100YJCA,2026-06-24,2026-06-24 13:17,44830,2025-04-01,2026-03-31,株式会社ＪＭＤＣ
S100YHY5,2026-06-24,2026-06-24 13:17,22070,2025-04-01,2026-03-31,株式会社ｍｅｉｔｏ
S100YFL1,2026-06-24,2026-06-24 13:18,90030,2025-04-01,2026-03-31,相鉄ホールディングス株式会社
S100YI4G,2026-06-24,2026-06-24 13:19,35980,2025-04-01,2026-03-31,山喜株式会社
S100YJBO,2026-06-24,2026-06-24 13:19,92560,2025-04-01,2026-03-31,株式会社サクシード
S100YIXJ,2026-06-24,2026-06-24 13:19,47710,2025-04-01,2026-03-31,株式会社エフアンドエム
S100YGRD,2026-06-24,2026-06-24 13:25,34070,2025-04-01,2026-03-31,旭化成株式会社
S100YIEX,2026-06-24,2026-06-24 13:28,87080,2025-04-01,2026-03-31,アイザワ証券グループ株式会社
S100YITF,2026-06-24,2026-06-24 13:29,336A0,2025-04-01,2026-03-31,ダイナミックマッププラットフォーム株式会社
S100YERJ,2026-06-24,2026-06-24 13:29,69230,2025-04-01,2026-03-31,スタンレー電気株式会社
S100YI6A,2026-06-24,2026-06-24 13:29,68220,2025-04-01,2026-03-31,大井電気株式会社
S100YITH,2026-06-24,2026-06-24 13:30,77170,2025-04-01,2026-03-31,株式会社ブイ・テクノロジー
S100YCUF,2026-06-24,2026-06-24 13:30,54100,2025-04-01,2026-03-31,合同製鐵株式会社
S100YJCY,2026-06-24,2026-06-24 13:30,46240,2025-04-01,2026-03-31,イサム塗料株式会社
S100YIXP,2026-06-24,2026-06-24 13:30,80230,2025-04-01,2026-03-31,ＤＡＩＫＯ　ＸＴＥＣＨ株式会社
S100YHH0,2026-06-24,2026-06-24 13:33,76340,2025-04-01,2026-03-31,株式会社星医療酸器
S100YJBN,2026-06-24,2026-06-24 13:33,72310,2025-04-01,2026-03-31,トピー工業株式会社
S100YHPM,2026-06-24,2026-06-24 13:33,62370,2025-04-01,2026-03-31,株式会社イワキ
S100YIA1,2026-06-24,2026-06-24 13:39,57570,2025-04-01,2026-03-31,株式会社ＣＫサンエツ
S100YIKH,2026-06-24,2026-06-24 13:41,19460,2025-04-01,2026-03-31,株式会社トーエネック
S100YGEM,2026-06-24,2026-06-24 13:42,30020,2025-04-01,2026-03-31,グンゼ株式会社
S100YI00,2026-06-24,2026-06-24 13:46,19300,2025-04-01,2026-03-31,北陸電気工事株式会社
S100YHI1,2026-06-24,2026-06-24 13:49,37790,2025-04-01,2026-03-31,ジェイ・エスコムホールディングス株式会社
S100YJDD,2026-06-24,2026-06-24 13:49,94070,2025-04-01,2026-03-31,株式会社ＲＫＢ毎日ホールディングス
S100YIMB,2026-06-24,2026-06-24 13:50,68640,2025-04-01,2026-03-31,株式会社エヌエフホールディングス
S100YI8I,2026-06-24,2026-06-24 13:52,15150,2025-04-01,2026-03-31,日鉄鉱業株式会社
S100YIPZ,2026-06-24,2026-06-24 13:52,34670,2025-04-01,2026-03-31,アグレ都市デザイン株式会社
S100YI97,2026-06-24,2026-06-24 13:53,90170,2025-04-01,2026-03-31,新潟交通株式会社
S100YIOW,2026-06-24,2026-06-24 14:00,49660,2025-04-01,2026-03-31,上村工業株式会社
S100YIHY,2026-06-24,2026-06-24 14:00,22640,2025-04-01,2026-03-31,森永乳業株式会社
S100YIDC,2026-06-24,2026-06-24 14:00,57150,2025-04-01,2026-03-31,古河機械金属株式会社
S100YIPR,2026-06-24,2026-06-24 14:00,18670,2025-04-01,2026-03-31,株式会社植木組
S100YI1J,2026-06-24,2026-06-24 14:02,52690,2025-04-01,2026-03-31,日本コンクリート工業株式会社
S100YJ24,2026-06-24,2026-06-24 14:03,18110,2025-04-01,2026-03-31,株式会社錢高組
S100YGG5,2026-06-24,2026-06-24 14:04,56090,2025-04-01,2026-03-31,日本鋳造株式会社
S100Y38P,2026-06-24,2026-06-24 14:04,69180,2025-04-01,2026-03-31,株式会社アバールデータ
S100YJEE,2026-06-24,2026-06-24 14:07,18070,2025-04-01,2026-03-31,株式会社佐藤渡辺
S100YGYV,2026-06-24,2026-06-24 14:07,91150,2025-04-01,2026-03-31,明海グループ株式会社
S100YFEX,2026-06-24,2026-06-24 14:10,44170,2025-04-01,2026-03-31,グローバルセキュリティエキスパート株式会社
S100YJDW,2026-06-24,2026-06-24 14:11,68060,2025-04-01,2026-03-31,ヒロセ電機株式会社
S100YHJY,2026-06-24,2026-06-24 14:12,66230,2025-04-01,2026-03-31,愛知電機株式会社
S100YJGX,2026-06-24,2026-06-24 14:12,45580,2025-04-01,2026-03-31,株式会社中京医薬品
S100YIJB,2026-06-24,2026-06-24 14:16,78740,2025-04-01,2026-03-31,レック株式会社
S100YJBK,2026-06-24,2026-06-24 14:17,19450,2025-04-01,2026-03-31,株式会社東京エネシス
S100YJF1,2026-06-24,2026-06-24 14:23,88690,2025-04-01,2026-03-31,明和地所株式会社
S100YIAY,2026-06-24,2026-06-24 14:25,79110,2025-04-01,2026-03-31,ＴＯＰＰＡＮホールディングス株式会社
S100YIQZ,2026-06-24,2026-06-24 14:26,42650,2025-04-01,2026-03-31,Ｉｎｓｔｉｔｕｔｉｏｎ　ｆｏｒ　ａ　Ｇｌｏｂａｌ　Ｓｏｃｉｅｔｙ株式会社
S100YJHR,2026-06-24,2026-06-24 14:26,53420,2025-04-01,2026-03-31,ジャニス工業株式会社
S100YJ3Z,2026-06-24,2026-06-24 14:28,67720,2025-04-01,2026-03-31,東京コスモス電機株式会社
S100YJ7H,2026-06-24,2026-06-24 14:29,69260,2025-04-01,2026-03-31,岡谷電機産業株式会社
S100YIVA,2026-06-24,2026-06-24 14:30,54080,2025-04-01,2026-03-31,株式会社中山製鋼所
S100YJIY,2026-06-24,2026-06-24 14:30,30230,2025-04-01,2026-03-31,ラサ商事株式会社
S100YJ07,2026-06-24,2026-06-24 14:32,96440,2025-04-01,2026-03-31,株式会社タナベコンサルティンググループ
S100YILP,2026-06-24,2026-06-24 14:35,22690,2025-04-01,2026-03-31,明治ホールディングス株式会社
S100YJJW,2026-06-24,2026-06-24 14:39,59810,2025-04-01,2026-03-31,東京製綱株式会社
S100YJH7,2026-06-24,2026-06-24 14:40,68100,2025-04-01,2026-03-31,マクセル株式会社
S100YHJQ,2026-06-24,2026-06-24 14:43,99360,2025-04-01,2026-03-31,株式会社王将フードサービス
S100YIP2,2026-06-24,2026-06-24 14:43,48940,2025-04-01,2026-03-31,クオリプス株式会社
S100YHQP,2026-06-24,2026-06-24 14:46,19340,2025-04-01,2026-03-31,株式会社ユアテック
S100YIDL,2026-06-24,2026-06-24 14:47,59400,2025-04-01,2026-03-31,不二サッシ株式会社
S100YGR4,2026-06-24,2026-06-24 14:52,93620,2025-04-01,2026-03-31,兵機海運株式会社
S100YJ5D,2026-06-24,2026-06-24 14:53,98800,2025-04-01,2026-03-31,イノテック株式会社
S100YJLC,2026-06-24,2026-06-24 14:53,66750,2025-04-01,2026-03-31,サクサ株式会社
S100YIYI,2026-06-24,2026-06-24 14:53,67760,2025-04-01,2026-03-31,天昇電気工業株式会社
S100YE5Q,2026-06-24,2026-06-24 14:56,40420,2025-04-01,2026-03-31,東ソー株式会社
S100YHZP,2026-06-24,2026-06-24 14:56,93550,2025-04-01,2026-03-31,株式会社リンコーコーポレーション
S100YIUO,2026-06-24,2026-06-24 15:00,49260,2025-04-01,2026-03-31,株式会社シーボン
S100YJLO,2026-06-24,2026-06-24 15:00,70900,2025-04-01,2026-03-31,株式会社リグア
S100YI2W,2026-06-24,2026-06-24 15:02,77490,2025-04-01,2026-03-31,メディキット株式会社
S100YIM9,2026-06-24,2026-06-24 15:03,80430,2025-04-01,2026-03-31,スターゼン株式会社
S100YIK2,2026-06-24,2026-06-24 15:04,19260,2025-04-01,2026-03-31,ライト工業株式会社
S100YJME,2026-06-24,2026-06-24 15:04,49900,2025-04-01,2026-03-31,昭和化学工業株式会社
S100YJMS,2026-06-24,2026-06-24 15:04,60590,2025-04-01,2026-03-31,株式会社ウチヤマホールディングス
S100YJMR,2026-06-24,2026-06-24 15:07,88980,2025-04-01,2026-03-31,株式会社センチュリー２１・ジャパン
S100YJNO,2026-06-24,2026-06-24 15:07,66950,2025-11-01,2026-03-31,株式会社キャストリコ
S100YJ5M,2026-06-24,2026-06-24 15:13,99970,2025-04-01,2026-03-31,株式会社ベルーナ
S100YHL1,2026-06-24,2026-06-24 15:15,34890,2025-04-01,2026-03-31,株式会社フェイスネットワーク
S100YJMT,2026-06-24,2026-06-24 15:15,89380,2025-04-01,2026-03-31,グローム・ホールディングス株式会社
S100YJON,2026-06-24,2026-06-24 15:16,44360,2025-04-01,2026-03-31,株式会社ミンカブ・ジ・インフォノイド
S100YHXW,2026-06-24,2026-06-24 15:17,32890,2025-04-01,2026-03-31,東急不動産ホールディングス株式会社
S100YJOL,2026-06-24,2026-06-24 15:18,39790,2025-04-01,2026-03-31,株式会社うるる
S100YISC,2026-06-24,2026-06-24 15:19,95130,2025-04-01,2026-03-31,電源開発株式会社
S100YIKY,2026-06-24,2026-06-24 15:19,89990,2025-04-01,2026-03-31,グランディハウス株式会社
S100YJFL,2026-06-24,2026-06-24 15:20,64360,2025-04-01,2026-03-31,アマノ株式会社
S100YEHT,2026-06-24,2026-06-24 15:30,31830,2025-04-01,2026-03-31,ウイン・パートナーズ株式会社
S100YIVJ,2026-06-24,2026-06-24 15:30,64850,2025-04-01,2026-03-31,前澤給装工業株式会社
S100YHLG,2026-06-24,2026-06-24 15:30,59560,2025-04-01,2026-03-31,トーソー株式会社
S100YHX3,2026-06-24,2026-06-24 15:30,21480,2025-04-01,2026-03-31,アイティメディア株式会社
S100YIJ8,2026-06-24,2026-06-24 15:30,35420,2025-04-01,2026-03-31,株式会社ベガコーポレーション
S100YI8X,2026-06-24,2026-06-24 15:30,67070,2025-04-01,2026-03-31,サンケン電気株式会社
S100YH55,2026-06-24,2026-06-24 15:30,50330,2025-04-01,2026-03-31,株式会社ヌーラボ
S100YJ0Y,2026-06-24,2026-06-24 15:30,31820,2025-04-01,2026-03-31,オイシックス・ラ・大地株式会社
S100YI3A,2026-06-24,2026-06-24 15:30,50210,2025-04-01,2026-03-31,コスモエネルギーホールディングス株式会社
S100Y7GN,2026-06-24,2026-06-24 15:30,97800,2025-04-01,2026-03-31,株式会社ハリマビステム
S100YJOM,2026-06-24,2026-06-24 15:30,45980,2025-04-01,2026-03-31,ＤｅｌｔａーＦｌｙ　Ｐｈａｒｍａ株式会社
S100YHIO,2026-06-24,2026-06-24 15:30,71270,2025-04-01,2026-03-31,株式会社一家ホールディングス
S100YGM7,2026-06-24,2026-06-24 15:30,195A0,2025-04-01,2026-03-31,株式会社ＭＵＳＣＡＴ　ＧＲＯＵＰ
S100YJ9I,2026-06-24,2026-06-24 15:30,94450,2025-04-01,2026-03-31,株式会社フォーバルテレコム
S100YCD2,2026-06-24,2026-06-24 15:30,94090,2025-04-01,2026-03-31,株式会社テレビ朝日ホールディングス
S100YHT5,2026-06-24,2026-06-24 15:31,97990,2025-04-01,2026-03-31,旭情報サービス株式会社
S100YIC7,2026-06-24,2026-06-24 15:31,19040,2025-04-01,2026-03-31,大成温調株式会社
S100YIGL,2026-06-24,2026-06-24 15:31,93110,2025-04-01,2026-03-31,アサガミ株式会社
S100YGT9,2026-06-24,2026-06-24 15:32,52530,2025-04-01,2026-03-31,カバー株式会社
S100YI9P,2026-06-24,2026-06-24 15:32,44160,2025-04-01,2026-03-31,株式会社Ｔｒｕｅ　Ｄａｔａ
S100YJHT,2026-06-24,2026-06-24 15:32,38250,2025-04-01,2026-03-31,株式会社リミックスポイント
S100YE68,2026-06-24,2026-06-24 15:32,95050,2025-04-01,2026-03-31,北陸電力株式会社
S100YIYU,2026-06-24,2026-06-24 15:32,61850,2025-04-01,2026-03-31,ＳＭＮ株式会社
S100YI7S,2026-06-24,2026-06-24 15:33,96050,2025-04-01,2026-03-31,東映株式会社
S100YBQV,2026-06-24,2026-06-24 15:33,57060,2025-04-01,2026-03-31,三井金属株式会社
S100YJEX,2026-06-24,2026-06-24 15:33,71110,2025-04-01,2026-03-31,ＩＮＥＳＴ株式会社
S100YGL9,2026-06-24,2026-06-24 15:33,31090,2025-04-01,2026-03-31,シキボウ株式会社
S100YGM0,2026-06-24,2026-06-24 15:33,42880,2025-04-01,2026-03-31,株式会社アズジェント
S100YIMF,2026-06-24,2026-06-24 15:33,98430,2025-04-01,2026-03-31,株式会社ニトリホールディングス
S100YICV,2026-06-24,2026-06-24 15:33,97350,2025-04-01,2026-03-31,セコム株式会社
S100YJQ6,2026-06-24,2026-06-24 15:33,86990,2025-04-01,2026-03-31,ＨＳホールディングス株式会社
S100YHHQ,2026-06-24,2026-06-24 15:33,72760,2025-04-01,2026-03-31,株式会社小糸製作所
S100YE9G,2026-06-24,2026-06-24 15:35,26730,2025-04-01,2026-03-31,夢みつけ隊株式会社
S100YHY4,2026-06-24,2026-06-24 15:35,66590,2025-04-01,2026-03-31,株式会社メディアリンクス
S100YGQT,2026-06-24,2026-06-24 15:35,34420,2025-04-01,2026-03-31,株式会社ＭＩＥコーポレーション
S100YJDM,2026-06-24,2026-06-24 15:35,51210,2025-04-01,2026-03-31,藤倉コンポジット株式会社
S100YEE3,2026-06-24,2026-06-24 15:35,14430,2025-04-01,2026-03-31,技研ホールディングス株式会社
S100YJIM,2026-06-24,2026-06-24 15:36,67940,2025-04-01,2026-03-31,フォスター電機株式会社
S100YI8U,2026-06-24,2026-06-24 15:36,73180,2025-04-01,2026-03-31,セレンディップ・ホールディングス株式会社
S100YJ71,2026-06-24,2026-06-24 15:36,98870,2025-04-01,2026-03-31,株式会社松屋フーズホールディングス
S100YHPY,2026-06-24,2026-06-24 15:37,69810,2025-04-01,2026-03-31,株式会社村田製作所
S100YF9R,2026-06-24,2026-06-24 15:37,39290,2025-04-01,2026-03-31,ソーシャルワイヤー株式会社
S100YIGR,2026-06-24,2026-06-24 15:37,42750,2025-04-01,2026-03-31,株式会社カーリット
S100YIB1,2026-06-24,2026-06-24 15:37,77340,2025-04-01,2026-03-31,理研計器株式会社
S100YHUO,2026-06-24,2026-06-24 15:38,88010,2025-04-01,2026-03-31,三井不動産株式会社
S100YIQV,2026-06-24,2026-06-24 15:38,160A0,2025-04-01,2026-03-31,株式会社アズパートナーズ
S100YJR8,2026-06-24,2026-06-24 15:38,92040,2025-04-01,2026-03-31,スカイマーク株式会社
S100YJQO,2026-06-24,2026-06-24 15:39,83060,2025-04-01,2026-03-31,株式会社三菱ＵＦＪフィナンシャル・グループ
S100YIGV,2026-06-24,2026-06-24 15:39,21370,2025-04-01,2026-03-31,株式会社光ハイツ・ヴェラス
S100YI0O,2026-06-24,2026-06-24 15:39,33950,2025-04-01,2026-03-31,株式会社サンマルクホールディングス
S100YISS,2026-06-24,2026-06-24 15:40,64790,2025-04-01,2026-03-31,ミネベアミツミ株式会社
S100YJGW,2026-06-24,2026-06-24 15:43,65490,2025-04-01,2026-03-31,ディーエムソリューションズ株式会社
S100YICN,2026-06-24,2026-06-24 15:43,22240,2025-04-01,2026-03-31,株式会社コモ
S100YHOV,2026-06-24,2026-06-24 15:43,94080,2025-04-01,2026-03-31,株式会社ＢＳＮメディアホールディングス
S100YIV6,2026-06-24,2026-06-24 15:45,90120,2025-04-01,2026-03-31,秩父鉄道株式会社
S100YI5D,2026-06-24,2026-06-24 15:45,88300,2025-04-01,2026-03-31,住友不動産株式会社
S100YHYU,2026-06-24,2026-06-24 15:45,59830,2025-04-01,2026-03-31,イワブチ株式会社
S100YINW,2026-06-24,2026-06-24 15:46,50160,2025-04-01,2026-03-31,ＪＸ金属株式会社
S100YHIH,2026-06-24,2026-06-24 15:46,69410,2025-04-01,2026-03-31,山一電機株式会社
S100YIN7,2026-06-24,2026-06-24 15:47,75370,2025-04-01,2026-03-31,丸文株式会社
S100YIBH,2026-06-24,2026-06-24 15:49,49010,2025-04-01,2026-03-31,富士フイルムホールディングス株式会社
S100YIKX,2026-06-24,2026-06-24 15:50,59700,2025-04-01,2026-03-31,株式会社ジーテクト
S100YH0Q,2026-06-24,2026-06-24 15:50,43860,2025-04-01,2026-03-31,株式会社ＳＩＧグループ
S100YIGB,2026-06-24,2026-06-24 15:53,19750,2025-04-01,2026-03-31,株式会社朝日工業社
S100YJ6W,2026-06-24,2026-06-24 15:55,52580,2025-04-01,2026-03-31,株式会社トランザクション・メディア・ネットワークス
S100YI6M,2026-06-24,2026-06-24 15:55,19380,2025-04-01,2026-03-31,日本リーテック株式会社
S100YI0D,2026-06-24,2026-06-24 15:56,68040,2025-04-01,2026-03-31,ホシデン株式会社
S100YHCF,2026-06-24,2026-06-24 15:56,65880,2025-04-01,2026-03-31,東芝テック株式会社
S100YGNM,2026-06-24,2026-06-24 15:57,80840,2025-04-01,2026-03-31,株式会社ＲＹＯＤＥＮ
S100YGFI,2026-06-24,2026-06-24 16:00,28770,2025-04-01,2026-03-31,日東ベスト株式会社
S100YIEL,2026-06-24,2026-06-24 16:00,49750,2025-04-01,2026-03-31,株式会社ＪＣＵ
S100YJ2P,2026-06-24,2026-06-24 16:00,92230,2025-04-01,2026-03-31,株式会社ＡＳＮＯＶＡ
S100YHXB,2026-06-24,2026-06-24 16:00,63800,2025-04-01,2026-03-31,オリエンタルチエン工業株式会社
S100YHW4,2026-06-24,2026-06-24 16:00,46860,2025-04-01,2026-03-31,株式会社ジャストシステム
S100YJ5L,2026-06-24,2026-06-24 16:00,429A0,2025-04-01,2026-03-31,テクセンドフォトマスク株式会社
S100YI51,2026-06-24,2026-06-24 16:00,19510,2025-04-01,2026-03-31,エクシオグループ株式会社
S100YH4U,2026-06-24,2026-06-24 16:00,80970,2025-04-01,2026-03-31,三愛オブリ株式会社
S100YIDI,2026-06-24,2026-06-24 16:00,72170,2025-04-01,2026-03-31,株式会社テイン
S100YJBF,2026-06-24,2026-06-24 16:02,82180,2025-04-01,2026-03-31,株式会社コメリ
S100YHBZ,2026-06-24,2026-06-24 16:03,50290,2025-04-01,2026-03-31,サークレイス株式会社
S100YITQ,2026-06-24,2026-06-24 16:03,30100,2025-04-01,2026-03-31,ポラリス・ホールディングス株式会社
S100YIOE,2026-06-24,2026-06-24 16:03,29980,2025-04-01,2026-03-31,クリアル株式会社
S100YJU0,2026-06-24,2026-06-24 16:04,19820,2025-04-01,2026-03-31,日比谷総合設備株式会社
S100YDEK,2026-06-24,2026-06-24 16:05,68750,2025-04-01,2026-03-31,株式会社メガチップス
S100YI9M,2026-06-24,2026-06-24 16:05,37990,2025-04-01,2026-03-31,キーウェアソリューションズ株式会社
S100YJPK,2026-06-24,2026-06-24 16:05,64200,2025-04-01,2026-03-31,ガリレイ株式会社
S100YIFO,2026-06-24,2026-06-24 16:07,40280,2025-04-01,2026-03-31,石原産業株式会社
S100YJC3,2026-06-24,2026-06-24 16:07,39620,2025-04-01,2026-03-31,株式会社チェンジホールディングス
S100YIG2,2026-06-24,2026-06-24 16:08,37410,2025-04-01,2026-03-31,株式会社セック
S100YH1J,2026-06-24,2026-06-24 16:08,63060,2025-04-01,2026-03-31,日工株式会社
S100YHYP,2026-06-24,2026-06-24 16:10,62090,2025-04-01,2026-03-31,リケンＮＰＲ株式会社
S100YJUW,2026-06-24,2026-06-24 16:10,520A0,2025-04-01,2026-03-31,ジェイファーマ株式会社
S100YG44,2026-06-24,2026-06-24 16:10,76950,2025-04-01,2026-03-31,株式会社交換できるくん
S100YJVB,2026-06-24,2026-06-24 16:14,92680,2025-04-01,2026-03-31,株式会社オプティマスグループ
S100YHMW,2026-06-24,2026-06-24 16:15,36000,2025-04-01,2026-03-31,株式会社フジックス
S100YIS2,2026-06-24,2026-06-24 16:16,31040,2025-04-01,2026-03-31,富士紡ホールディングス株式会社
S100YIY6,2026-06-24,2026-06-24 16:17,98560,2025-04-01,2026-03-31,株式会社ケーユーホールディングス
S100YJUL,2026-06-24,2026-06-24 16:18,99060,2025-04-01,2026-03-31,藤井産業株式会社
S100YJVR,2026-06-24,2026-06-24 16:19,42560,2025-04-01,2026-03-31,株式会社サインド
S100YIPC,2026-06-24,2026-06-24 16:20,51610,2025-04-01,2026-03-31,西川ゴム工業株式会社
S100YI9J,2026-06-24,2026-06-24 16:21,68000,2025-04-01,2026-03-31,株式会社ヨコオ
S100YI8M,2026-06-24,2026-06-24 16:21,40400,2025-04-01,2026-03-31,南海化学株式会社
S100YIP0,2026-06-24,2026-06-24 16:23,25850,2025-04-01,2026-03-31,株式会社ライフドリンク　カンパニー
S100YJM4,2026-06-24,2026-06-24 16:25,51030,2025-04-01,2026-03-31,昭和ホールディングス株式会社
S100YIIX,2026-06-24,2026-06-24 16:27,46710,2025-04-01,2026-03-31,株式会社ファルコホールディングス
S100YJPC,2026-06-24,2026-06-24 16:30,29800,2025-04-01,2026-03-31,ＳＲＥホールディングス株式会社
S100YIQY,2026-06-24,2026-06-24 16:31,85110,2025-04-01,2026-03-31,日本証券金融株式会社
S100YJX2,2026-06-24,2026-06-24 16:31,475A0,2025-04-01,2026-03-31,株式会社ギミック
S100YHKH,2026-06-24,2026-06-24 16:32,90820,2025-04-01,2026-03-31,大和自動車交通株式会社
S100YJNJ,2026-06-24,2026-06-24 16:32,52520,2025-04-01,2026-03-31,日本ナレッジ株式会社
S100YE8X,2026-06-24,2026-06-24 16:33,63570,2025-04-01,2026-03-31,三精テクノロジーズ株式会社
S100YG7B,2026-06-24,2026-06-24 16:38,53930,2025-04-01,2026-03-31,ニチアス株式会社
S100YHZL,2026-06-24,2026-06-24 16:38,63600,2025-04-01,2026-03-31,株式会社　東京自働機械製作所
S100YJVF,2026-06-24,2026-06-24 16:44,77940,2025-04-01,2026-03-31,株式会社イーディーピー
S100YJPB,2026-06-24,2026-06-24 16:45,98530,2025-04-01,2026-03-31,株式会社銀座ルノアール
S100YIIQ,2026-06-24,2026-06-24 16:46,63430,2025-04-01,2026-03-31,フリージア・マクロス株式会社
S100YIII,2026-06-24,2026-06-24 16:52,97530,2025-04-01,2026-03-31,アイエックス・ナレッジ株式会社
S100YJTJ,2026-06-24,2026-06-24 16:54,99690,2025-04-01,2026-03-31,株式会社ショクブン
S100YIFD,2026-06-24,2026-06-24 16:54,41180,2025-04-01,2026-03-31,株式会社カネカ
S100YJPY,2026-06-24,2026-06-24 16:55,52880,2025-04-01,2026-03-31,アジアパイルホールディングス株式会社
S100YJ4A,2026-06-24,2026-06-24 16:56,98960,2025-04-01,2026-03-31,ＪＫホールディングス株式会社
S100YDF3,2026-06-25,2026-06-25 09:00,59730,2025-04-01,2026-03-31,株式会社トーアミ
S100YK4M,2026-06-25,2026-06-25 09:00,42310,2025-04-01,2026-03-31,タイガースポリマー株式会社
S100YKAO,2026-06-25,2026-06-25 09:00,79870,2025-04-01,2026-03-31,ナカバヤシ株式会社
S100YJB4,2026-06-25,2026-06-25 09:02,87420,2025-04-01,2026-03-31,株式会社小林洋行
S100YJC8,2026-06-25,2026-06-25 09:02,31230,2025-04-01,2026-03-31,サイボー株式会社
S100YIXZ,2026-06-25,2026-06-25 09:03,56580,2025-04-01,2026-03-31,日亜鋼業株式会社
S100YJI4,2026-06-25,2026-06-25 09:03,22860,2025-04-01,2026-03-31,林兼産業株式会社
S100YJ4F,2026-06-25,2026-06-25 09:06,81370,2025-04-01,2026-03-31,サンワテクノス株式会社
S100YJZJ,2026-06-25,2026-06-25 09:06,84160,2025-04-01,2026-03-31,株式会社高知銀行
S100YJHF,2026-06-25,2026-06-25 09:07,68500,2025-04-01,2026-03-31,株式会社チノー
S100YHD3,2026-06-25,2026-06-25 09:07,93800,2025-04-01,2026-03-31,東海運株式会社
S100YK0N,2026-06-25,2026-06-25 09:07,23490,2025-04-01,2026-03-31,株式会社エヌアイデイ
S100YJV2,2026-06-25,2026-06-25 09:09,93650,2025-04-01,2026-03-31,トレーディア株式会社
S100YK4U,2026-06-25,2026-06-25 09:10,13800,2025-04-01,2026-03-31,株式会社秋川牧園
S100YGD2,2026-06-25,2026-06-25 09:11,74830,2025-04-01,2026-03-31,株式会社ドウシシャ
S100YIX3,2026-06-25,2026-06-25 09:11,59620,2025-04-01,2026-03-31,浅香工業株式会社
S100YJ03,2026-06-25,2026-06-25 09:11,38770,2025-04-01,2026-03-31,中越パルプ工業株式会社
S100YK2Q,2026-06-25,2026-06-25 09:11,45210,2025-04-01,2026-03-31,科研製薬株式会社
S100YJMM,2026-06-25,2026-06-25 09:13,61400,2025-04-01,2026-03-31,旭ダイヤモンド工業株式会社
S100YJKR,2026-06-25,2026-06-25 09:14,75670,2025-04-01,2026-03-31,株式会社栄電子
S100YI3O,2026-06-25,2026-06-25 09:14,60220,2025-04-01,2026-03-31,株式会社　赤阪鐵工所
S100YIWH,2026-06-25,2026-06-25 09:16,97820,2025-04-01,2026-03-31,株式会社ディーエムエス
S100YIWQ,2026-06-25,2026-06-25 09:16,80060,2025-04-01,2026-03-31,ユアサ・フナショク株式会社
S100YKAW,2026-06-25,2026-06-25 09:18,61340,2025-04-01,2026-03-31,株式会社ＦＵＪＩ
S100YI9N,2026-06-25,2026-06-25 09:21,39410,2025-04-01,2026-03-31,レンゴー株式会社
S100YGPK,2026-06-25,2026-06-25 09:21,49980,2025-04-01,2026-03-31,フマキラー株式会社
S100YJUB,2026-06-25,2026-06-25 09:21,96430,2025-04-01,2026-03-31,中日本興業株式会社
S100YI30,2026-06-25,2026-06-25 09:21,64170,2025-04-01,2026-03-31,株式会社三共
S100YJCX,2026-06-25,2026-06-25 09:24,42740,2025-04-01,2026-03-31,細谷火工株式会社
S100YK0F,2026-06-25,2026-06-25 09:25,42470,2025-04-01,2026-03-31,ポバール興業株式会社
S100YJHG,2026-06-25,2026-06-25 09:26,62920,2025-04-01,2026-03-31,株式会社カワタ
S100YJBU,2026-06-25,2026-06-25 09:27,51920,2025-04-01,2026-03-31,三ツ星ベルト株式会社
S100YIWV,2026-06-25,2026-06-25 09:28,78870,2025-04-01,2026-03-31,南海プライウッド株式会社
S100YJPG,2026-06-25,2026-06-25 09:30,30550,2025-04-01,2026-03-31,株式会社ほくやく・竹山ホールディングス
S100YGVD,2026-06-25,2026-06-25 09:31,54440,2025-04-01,2026-03-31,大和工業株式会社
S100YHUP,2026-06-25,2026-06-25 09:31,63170,2025-04-01,2026-03-31,株式会社北川鉄工所
S100YI5T,2026-06-25,2026-06-25 09:32,75080,2025-04-01,2026-03-31,株式会社Ｇ‐７ホールディングス
S100YK1M,2026-06-25,2026-06-25 09:32,92200,2025-04-01,2026-03-31,エフビー介護サービス株式会社
S100YJK1,2026-06-25,2026-06-25 09:32,69190,2025-04-01,2026-03-31,ケル株式会社
S100YGEA,2026-06-25,2026-06-25 09:32,95110,2025-04-01,2026-03-31,沖縄電力株式会社
S100YGTK,2026-06-25,2026-06-25 09:33,61470,2025-04-01,2026-03-31,株式会社ヤマザキ
S100YJ2U,2026-06-25,2026-06-25 09:34,29220,2025-04-01,2026-03-31,株式会社なとり
S100YJ1O,2026-06-25,2026-06-25 09:35,36400,2025-04-01,2026-03-31,株式会社電算
S100YHYW,2026-06-25,2026-06-25 09:36,18100,2025-04-01,2026-03-31,松井建設株式会社
S100YGZ1,2026-06-25,2026-06-25 09:36,79900,2025-04-01,2026-03-31,グローブライド株式会社
S100YI5G,2026-06-25,2026-06-25 09:43,81520,2025-04-01,2026-03-31,ソマール株式会社
S100YIWE,2026-06-25,2026-06-25 09:46,80910,2025-04-01,2026-03-31,ニチモウ株式会社
S100YJG0,2026-06-25,2026-06-25 09:47,74640,2025-04-01,2026-03-31,セフテック株式会社
S100YKC2,2026-06-25,2026-06-25 10:00,45590,2025-04-01,2026-03-31,ゼリア新薬工業株式会社
S100YJ44,2026-06-25,2026-06-25 10:00,82190,2025-04-01,2026-03-31,青山商事株式会社
S100YJLD,2026-06-25,2026-06-25 10:00,40640,2025-04-01,2026-03-31,日本カーバイド工業株式会社
S100YJNT,2026-06-25,2026-06-25 10:00,66430,2025-04-01,2026-03-31,株式会社戸上電機製作所
S100YJPR,2026-06-25,2026-06-25 10:00,71850,2025-04-01,2026-03-31,ヒロセ通商株式会社
S100YJMA,2026-06-25,2026-06-25 10:00,26810,2025-04-01,2026-03-31,株式会社ゲオホールディングス
S100YF9Q,2026-06-25,2026-06-25 10:00,63780,2025-04-01,2026-03-31,木村化工機株式会社
S100YJVP,2026-06-25,2026-06-25 10:01,60180,2025-04-01,2026-03-31,阪神内燃機工業株式会社
S100YJ87,2026-06-25,2026-06-25 10:02,63930,2025-04-01,2026-03-31,油研工業株式会社
S100YJDA,2026-06-25,2026-06-25 10:04,78220,2025-04-01,2026-03-31,永大産業株式会社
S100YKDH,2026-06-25,2026-06-25 10:04,99300,2025-04-01,2026-03-31,北沢産業株式会社
S100YJ59,2026-06-25,2026-06-25 10:05,46290,2025-04-01,2026-03-31,大伸化学株式会社
S100YJEV,2026-06-25,2026-06-25 10:06,35770,2025-04-01,2026-03-31,東海染工株式会社
S100YK7M,2026-06-25,2026-06-25 10:06,52610,2025-04-01,2026-03-31,リソルホールディングス株式会社
S100YK3T,2026-06-25,2026-06-25 10:07,82260,2025-04-01,2026-03-31,株式会社　理経
S100YJU2,2026-06-25,2026-06-25 10:09,23070,2025-04-01,2026-03-31,株式会社クロスキャット
S100YJNX,2026-06-25,2026-06-25 10:09,28190,2025-04-01,2026-03-31,エバラ食品工業株式会社
S100YIZP,2026-06-25,2026-06-25 10:10,34650,2025-04-01,2026-03-31,ケイアイスター不動産株式会社
S100YJUD,2026-06-25,2026-06-25 10:10,98540,2025-04-01,2026-03-31,愛眼株式会社
S100YK9E,2026-06-25,2026-06-25 10:11,53910,2025-04-01,2026-03-31,株式会社エーアンドエーマテリアル
S100YJWK,2026-06-25,2026-06-25 10:11,46780,2025-04-01,2026-03-31,株式会社　秀英予備校
S100YHJS,2026-06-25,2026-06-25 10:11,22010,2025-04-01,2026-03-31,森永製菓株式会社
S100YKBD,2026-06-25,2026-06-25 10:11,64950,2025-04-01,2026-03-31,株式会社宮入バルブ製作所
S100YJUC,2026-06-25,2026-06-25 10:12,40920,2025-04-01,2026-03-31,日本化学工業株式会社
S100YHYH,2026-06-25,2026-06-25 10:15,37740,2025-04-01,2026-03-31,株式会社インターネットイニシアティブ
S100YINV,2026-06-25,2026-06-25 10:16,25310,2025-04-01,2026-03-31,宝ホールディングス株式会社
S100YKDZ,2026-06-25,2026-06-25 10:17,99280,2025-04-01,2026-03-31,株式会社ミロク情報サービス
S100YJ2Z,2026-06-25,2026-06-25 10:17,97610,2025-04-01,2026-03-31,東海リース株式会社
S100YJZ0,2026-06-25,2026-06-25 10:17,34470,2025-04-01,2026-03-31,信和株式会社
S100YKE5,2026-06-25,2026-06-25 10:18,63510,2025-04-01,2026-03-31,株式会社鶴見製作所
S100YJYC,2026-06-25,2026-06-25 10:18,59180,2025-04-01,2026-03-31,瀧上工業株式会社
S100YKEL,2026-06-25,2026-06-25 10:20,44640,2025-04-01,2026-03-31,株式会社ソフト９９コーポレーション
S100YI4Q,2026-06-25,2026-06-25 10:22,29110,2025-04-01,2026-03-31,旭松食品株式会社
S100YG4D,2026-06-25,2026-06-25 10:22,64570,2025-04-01,2026-03-31,グローリー株式会社
S100YIZ2,2026-06-25,2026-06-25 10:22,79320,2025-04-01,2026-03-31,株式会社ニッピ
S100YJT1,2026-06-25,2026-06-25 10:28,59410,2025-04-01,2026-03-31,株式会社　中西製作所
S100YIEA,2026-06-25,2026-06-25 10:28,20550,2025-04-01,2026-03-31,日和産業株式会社
S100YK16,2026-06-25,2026-06-25 10:29,543A0,2025-06-02,2026-03-31,ＡＲＣＨＩＯＮ株式会社
S100YKCQ,2026-06-25,2026-06-25 10:30,76020,2025-04-01,2026-03-31,株式会社レダックス
S100YGW1,2026-06-25,2026-06-25 10:32,67710,2025-04-01,2026-03-31,池上通信機株式会社
S100YK7Q,2026-06-25,2026-06-25 10:34,88810,2025-04-01,2026-03-31,株式会社日神グループホールディングス
S100YKDC,2026-06-25,2026-06-25 10:34,59150,2025-04-01,2026-03-31,株式会社駒井ハルテック
S100YJYE,2026-06-25,2026-06-25 10:34,52330,2025-04-01,2026-03-31,太平洋セメント株式会社
S100YJVQ,2026-06-25,2026-06-25 10:34,18080,2025-04-01,2026-03-31,株式会社　長谷工コーポレーション
S100YJYT,2026-06-25,2026-06-25 10:38,59220,2025-04-01,2026-03-31,那須電機鉄工株式会社
S100YJ5K,2026-06-25,2026-06-25 10:38,46280,2025-04-01,2026-03-31,エスケー化研株式会社
S100YKGU,2026-06-25,2026-06-25 10:39,38400,2025-04-01,2026-03-31,パス株式会社
S100YKCI,2026-06-25,2026-06-25 10:41,90680,2025-04-01,2026-03-31,丸全昭和運輸株式会社
S100YJDP,2026-06-25,2026-06-25 10:43,63920,2025-04-01,2026-03-31,株式会社　ヤマダコーポレーション
S100YJCG,2026-06-25,2026-06-25 10:44,75020,2025-04-01,2026-03-31,株式会社プラザホールディングス
S100YKCU,2026-06-25,2026-06-25 10:46,33750,2025-04-01,2026-03-31,株式会社ＺＯＡ
S100YKI6,2026-06-25,2026-06-25 10:47,96350,2025-04-01,2026-03-31,武蔵野興業株式会社
S100YJZD,2026-06-25,2026-06-25 10:48,69890,2025-04-01,2026-03-31,北陸電気工業株式会社
S100YGB2,2026-06-25,2026-06-25 10:50,64070,2025-04-01,2026-03-31,ＣＫＤ株式会社
S100YJFD,2026-06-25,2026-06-25 10:51,19050,2025-04-01,2026-03-31,株式会社テノックス
S100YIVR,2026-06-25,2026-06-25 10:52,67180,2025-04-01,2026-03-31,アイホン株式会社
S100YKIG,2026-06-25,2026-06-25 10:53,55790,2025-04-01,2026-03-31,株式会社ＧＳＩ
S100YKCW,2026-06-25,2026-06-25 10:56,61250,2025-04-01,2026-03-31,株式会社岡本工作機械製作所
S100YKHR,2026-06-25,2026-06-25 10:59,59360,2025-04-01,2026-03-31,東洋シヤッター株式会社
S100YHLP,2026-06-25,2026-06-25 11:00,59750,2025-04-01,2026-03-31,東プレ株式会社
S100YKHZ,2026-06-25,2026-06-25 11:00,71920,2025-04-01,2026-03-31,日本モーゲージサービス株式会社
S100YI3F,2026-06-25,2026-06-25 11:01,44030,2025-04-01,2026-03-31,日油株式会社
S100YJEU,2026-06-25,2026-06-25 11:01,81470,2025-04-01,2026-03-31,株式会社トミタ
S100YHXJ,2026-06-25,2026-06-25 11:09,65170,2025-04-01,2026-03-31,デンヨー株式会社
S100Y8BD,2026-06-25,2026-06-25 11:09,70210,2025-04-01,2026-03-31,株式会社ニッチツ
S100YKAV,2026-06-25,2026-06-25 11:10,66480,2025-04-01,2026-03-31,株式会社かわでん
S100YK2J,2026-06-25,2026-06-25 11:11,59050,2025-04-01,2026-03-31,日本製罐株式会社
S100YJQM,2026-06-25,2026-06-25 11:11,44920,2025-04-01,2026-03-31,株式会社ゼネテック
S100YK0D,2026-06-25,2026-06-25 11:12,69860,2025-04-01,2026-03-31,双葉電子工業株式会社
S100YJMF,2026-06-25,2026-06-25 11:16,56030,2025-04-01,2026-03-31,虹技株式会社
S100YJL5,2026-06-25,2026-06-25 11:17,62470,2025-04-01,2026-03-31,株式会社日阪製作所
S100YJQU,2026-06-25,2026-06-25 11:19,24400,2025-04-01,2026-03-31,株式会社ぐるなび
S100YJ3W,2026-06-25,2026-06-25 11:21,18530,2025-04-01,2026-03-31,株式会社　森組
S100YKL4,2026-06-25,2026-06-25 11:21,92020,2025-04-01,2026-03-31,ＡＮＡホールディングス株式会社
S100YFHW,2026-06-25,2026-06-25 11:23,18820,2025-04-01,2026-03-31,東亜道路工業株式会社
S100YJ86,2026-06-25,2026-06-25 11:30,74610,2025-04-01,2026-03-31,株式会社キムラ
S100YKEP,2026-06-25,2026-06-25 11:31,69940,2025-04-01,2026-03-31,株式会社指月電機製作所
S100YJEK,2026-06-25,2026-06-25 11:33,75710,2025-04-01,2026-03-31,株式会社ヤマノホールディングス
S100YK61,2026-06-25,2026-06-25 11:34,42340,2025-04-01,2026-03-31,株式会社サンエー化研
S100YKE7,2026-06-25,2026-06-25 11:35,41670,2025-04-01,2026-03-31,株式会社ココペリ
S100YK09,2026-06-25,2026-06-25 11:38,75700,2025-04-01,2026-03-31,橋本総業ホールディングス株式会社
S100YIM7,2026-06-25,2026-06-25 11:43,90070,2025-04-01,2026-03-31,小田急電鉄株式会社
S100YJLW,2026-06-25,2026-06-25 11:43,97670,2025-04-01,2026-03-31,日建工学株式会社
S100YI5P,2026-06-25,2026-06-25 11:44,93270,2025-04-01,2026-03-31,株式会社イー・ロジット
S100YKMH,2026-06-25,2026-06-25 11:45,47200,2025-04-01,2026-03-31,株式会社城南進学研究社
S100YJ5N,2026-06-25,2026-06-25 11:47,88410,2025-04-01,2026-03-31,株式会社テーオーシー
S100YKM3,2026-06-25,2026-06-25 11:48,43870,2025-04-01,2026-03-31,株式会社ＺＵＵ
S100YK48,2026-06-25,2026-06-25 11:55,30690,2025-04-01,2026-03-31,株式会社　ＪＦＬＡホールディングス
S100YIGW,2026-06-25,2026-06-25 11:58,39360,2025-04-01,2026-03-31,株式会社グローバルウェイ
S100YK4Z,2026-06-25,2026-06-25 12:00,52370,2025-04-01,2026-03-31,株式会社ノザワ
S100YFJK,2026-06-25,2026-06-25 12:03,18780,2025-04-01,2026-03-31,大東建託株式会社
S100YJIQ,2026-06-25,2026-06-25 12:06,81040,2025-04-01,2026-03-31,クワザワホールディングス株式会社
S100YHXC,2026-06-25,2026-06-25 12:11,63460,2025-04-01,2026-03-31,キクカワエンタープライズ株式会社
S100YIBJ,2026-06-25,2026-06-25 12:12,92540,2025-11-01,2026-03-31,株式会社ラバブルマーケティンググループ
S100YJF9,2026-06-25,2026-06-25 12:13,51420,2025-04-01,2026-03-31,アキレス株式会社
S100YKO9,2026-06-25,2026-06-25 12:30,23290,2025-04-01,2026-03-31,株式会社東北新社
S100YKON,2026-06-25,2026-06-25 12:30,366A0,2025-04-01,2026-03-31,ウェルネス・コミュニケーションズ株式会社
S100YK4A,2026-06-25,2026-06-25 12:39,43470,2025-04-01,2026-03-31,ブロードメディア株式会社
S100YK9U,2026-06-25,2026-06-25 12:43,43160,2025-04-01,2026-03-31,株式会社ビーマップ
S100YGML,2026-06-25,2026-06-25 12:45,41160,2025-04-01,2026-03-31,大日精化工業株式会社
S100YCLQ,2026-06-25,2026-06-25 12:48,60230,2025-04-01,2026-03-31,ダイハツインフィニアース株式会社
S100YIJ4,2026-06-25,2026-06-25 12:53,33700,2025-04-01,2026-03-31,株式会社フジタコーポレーション
S100YJH1,2026-06-25,2026-06-25 12:54,66470,2025-04-01,2026-03-31,森尾電機株式会社
S100YJJS,2026-06-25,2026-06-25 12:55,24350,2025-04-01,2026-03-31,株式会社シダー
S100YK4R,2026-06-25,2026-06-25 12:56,74440,2025-04-01,2026-03-31,ハリマ共和物産株式会社
S100YJQ2,2026-06-25,2026-06-25 12:57,27370,2025-04-01,2026-03-31,株式会社トーメンデバイス
S100YIKA,2026-06-25,2026-06-25 13:00,46640,2025-04-01,2026-03-31,株式会社アール・エス・シー
S100YI4V,2026-06-25,2026-06-25 13:00,65070,2025-04-01,2026-03-31,シンフォニアテクノロジー株式会社
S100YJZ1,2026-06-25,2026-06-25 13:00,70600,2025-04-01,2026-03-31,ギークス株式会社
S100YJCU,2026-06-25,2026-06-25 13:00,59470,2025-04-01,2026-03-31,リンナイ株式会社
S100YJT6,2026-06-25,2026-06-25 13:00,82810,2025-04-01,2026-03-31,ゼビオホールディングス株式会社
S100YK9N,2026-06-25,2026-06-25 13:00,77350,2025-04-01,2026-03-31,株式会社ＳＣＲＥＥＮホールディングス
S100YKD9,2026-06-25,2026-06-25 13:01,91710,2025-04-01,2026-03-31,栗林商船株式会社
S100YIYE,2026-06-25,2026-06-25 13:02,31060,2025-04-01,2026-03-31,倉敷紡績株式会社
S100YJHA,2026-06-25,2026-06-25 13:02,31030,2025-04-01,2026-03-31,ユニチカ株式会社
S100YK25,2026-06-25,2026-06-25 13:02,67500,2025-04-01,2026-03-31,エレコム株式会社
S100YK5Y,2026-06-25,2026-06-25 13:03,93630,2025-04-01,2026-03-31,株式会社大運
S100YK0Y,2026-06-25,2026-06-25 13:04,39540,2025-04-01,2026-03-31,昭和パックス株式会社
S100YJMI,2026-06-25,2026-06-25 13:05,68460,2025-04-01,2026-03-31,株式会社中央製作所
S100YJ7V,2026-06-25,2026-06-25 13:06,85420,2025-04-01,2026-03-31,株式会社トマト銀行
S100YIEY,2026-06-25,2026-06-25 13:06,26540,2025-04-01,2026-03-31,株式会社アスモ
S100YJ8A,2026-06-25,2026-06-25 13:07,94020,2025-04-01,2026-03-31,中部日本放送株式会社
S100YHZN,2026-06-25,2026-06-25 13:08,97900,2025-04-01,2026-03-31,福井コンピュータホールディングス株式会社
S100YG7Z,2026-06-25,2026-06-25 13:08,68030,2025-04-01,2026-03-31,ティアック株式会社
S100YICX,2026-06-25,2026-06-25 13:09,23760,2025-04-01,2026-03-31,株式会社　サイネックス
S100YK1Z,2026-06-25,2026-06-25 13:10,33150,2025-04-01,2026-03-31,日本コークス工業株式会社
S100YH9O,2026-06-25,2026-06-25 13:10,17230,2025-04-01,2026-03-31,日本電技株式会社
S100YHPG,2026-06-25,2026-06-25 13:12,68360,2025-04-01,2026-03-31,ぷらっとホーム株式会社
S100YITM,2026-06-25,2026-06-25 13:13,78850,2025-04-01,2026-03-31,タカノ株式会社
S100YKQY,2026-06-25,2026-06-25 13:13,14910,2025-04-01,2026-03-31,中外鉱業株式会社
S100YKQM,2026-06-25,2026-06-25 13:13,98670,2025-04-01,2026-03-31,ソレキア株式会社
S100YKQN,2026-06-25,2026-06-25 13:13,66550,2025-04-01,2026-03-31,東洋電機株式会社
S100YK99,2026-06-25,2026-06-25 13:15,20030,2025-04-01,2026-03-31,日東富士製粉株式会社
S100YJLK,2026-06-25,2026-06-25 13:21,80860,2025-04-01,2026-03-31,ニプロ株式会社
S100YK40,2026-06-25,2026-06-25 13:24,74140,2025-04-01,2026-03-31,小野建株式会社
S100YKGW,2026-06-25,2026-06-25 13:26,90510,2025-04-01,2026-03-31,センコン物流株式会社
S100YK7V,2026-06-25,2026-06-25 13:26,47190,2025-04-01,2026-03-31,株式会社アルファシステムズ
S100YJP6,2026-06-25,2026-06-25 13:26,97910,2025-04-01,2026-03-31,株式会社ビケンテクノ
S100YJZT,2026-06-25,2026-06-25 13:27,66200,2025-04-01,2026-03-31,宮越ホールディングス株式会社
S100YI3M,2026-06-25,2026-06-25 13:27,53630,2025-04-01,2026-03-31,東京窯業株式会社
S100YE7Y,2026-06-25,2026-06-25 13:28,93590,2025-04-01,2026-03-31,伊勢湾海運株式会社
S100YJ4G,2026-06-25,2026-06-25 13:28,39450,2025-04-01,2026-03-31,スーパーバッグ株式会社
S100YJ3G,2026-06-25,2026-06-25 13:30,66260,2025-04-01,2026-03-31,ＳＥＭＩＴＥＣ株式会社
S100YJVO,2026-06-25,2026-06-25 13:31,38490,2025-04-01,2026-03-31,日本テクノ・ラボ株式会社
S100YJ76,2026-06-25,2026-06-25 13:31,63910,2025-04-01,2026-03-31,株式会社加地テック
S100YIFC,2026-06-25,2026-06-25 13:32,88360,2025-04-01,2026-03-31,株式会社ＲＩＳＥ
S100YJMY,2026-06-25,2026-06-25 13:33,70180,2025-04-01,2026-03-31,内海造船株式会社
S100YK9Q,2026-06-25,2026-06-25 13:36,18610,2025-04-01,2026-03-31,株式会社　熊谷組
S100YKSV,2026-06-25,2026-06-25 13:36,61900,2025-04-01,2026-03-31,株式会社フェニックスバイオ
S100YK22,2026-06-25,2026-06-25 13:36,35830,2025-04-01,2026-03-31,オーベクス株式会社
S100YKFH,2026-06-25,2026-06-25 13:37,29160,2025-04-01,2026-03-31,仙波糖化工業株式会社
S100YHXU,2026-06-25,2026-06-25 13:40,24330,2025-04-01,2026-03-31,株式会社博報堂ＤＹホールディングス
S100YKSU,2026-06-25,2026-06-25 13:41,58210,2025-04-01,2026-03-31,平河ヒューテック株式会社
S100YKU0,2026-06-25,2026-06-25 13:48,80370,2025-04-01,2026-03-31,カメイ株式会社
S100YHJP,2026-06-25,2026-06-25 13:51,17190,2025-04-01,2026-03-31,株式会社安藤・間
S100YGNI,2026-06-25,2026-06-25 13:56,75640,2025-04-01,2026-03-31,株式会社ワークマン
S100YG9D,2026-06-25,2026-06-25 14:00,93640,2025-04-01,2026-03-31,株式会社上組
S100YIHS,2026-06-25,2026-06-25 14:00,77800,2025-04-01,2026-03-31,株式会社メニコン
S100YJ8C,2026-06-25,2026-06-25 14:00,77220,2025-04-01,2026-03-31,国際計測器株式会社
S100YK2G,2026-06-25,2026-06-25 14:01,90360,2025-04-01,2026-03-31,東部ネットワーク株式会社
S100YJLT,2026-06-25,2026-06-25 14:02,56070,2025-04-01,2026-03-31,中央可鍛工業株式会社
S100YKGJ,2026-06-25,2026-06-25 14:03,63840,2025-04-01,2026-03-31,株式会社昭和真空
S100YJGQ,2026-06-25,2026-06-25 14:05,52730,2025-04-01,2026-03-31,三谷セキサン株式会社
S100YHI2,2026-06-25,2026-06-25 14:05,18790,2025-04-01,2026-03-31,新日本建設株式会社
S100YKNJ,2026-06-25,2026-06-25 14:06,30960,2025-04-01,2026-03-31,株式会社オーシャンシステム
S100YHX8,2026-06-25,2026-06-25 14:06,68370,2025-04-01,2026-03-31,株式会社京写
S100Y7SI,2026-06-25,2026-06-25 14:07,79370,2025-04-01,2026-03-31,株式会社ツツミ
S100YK2R,2026-06-25,2026-06-25 14:07,18690,2025-04-01,2026-03-31,名工建設株式会社
S100YK07,2026-06-25,2026-06-25 14:08,63680,2025-04-01,2026-03-31,オルガノ株式会社
S100YKWG,2026-06-25,2026-06-25 14:10,36920,2025-04-01,2026-03-31,株式会社ＦＦＲＩセキュリティ
S100YJ5X,2026-06-25,2026-06-25 14:12,38630,2025-04-01,2026-03-31,日本製紙株式会社
S100YJVV,2026-06-25,2026-06-25 14:16,19680,2025-04-01,2026-03-31,太平電業株式会社
S100YJUI,2026-06-25,2026-06-25 14:18,69640,2025-04-01,2026-03-31,株式会社サンコー
S100YKTS,2026-06-25,2026-06-25 14:21,88500,2025-04-01,2026-03-31,スターツコーポレーション株式会社
S100YKVO,2026-06-25,2026-06-25 14:24,69620,2025-04-01,2026-03-31,株式会社大真空
S100YI2J,2026-06-25,2026-06-25 14:25,81450,2025-04-01,2026-03-31,中部水産株式会社
S100YKIO,2026-06-25,2026-06-25 14:30,70030,2025-04-01,2026-03-31,株式会社三井Ｅ＆Ｓ
S100YK6C,2026-06-25,2026-06-25 14:30,71180,2025-04-01,2026-03-31,株式会社伸和ホールディングス
S100YKQX,2026-06-25,2026-06-25 14:38,61450,2025-04-01,2026-03-31,ＮＩＴＴＯＫＵ株式会社
S100YJDZ,2026-06-25,2026-06-25 14:38,59450,2025-04-01,2026-03-31,天龍製鋸株式会社
S100YJJP,2026-06-25,2026-06-25 14:39,50710,2025-04-01,2026-03-31,株式会社ヴィス
S100YJKO,2026-06-25,2026-06-25 14:41,40410,2025-04-01,2026-03-31,日本曹達株式会社
S100YKYA,2026-06-25,2026-06-25 14:43,33880,2025-04-01,2026-03-31,明治電機工業株式会社
S100YK39,2026-06-25,2026-06-25 14:43,74580,2025-04-01,2026-03-31,株式会社第一興商
S100YK86,2026-06-25,2026-06-25 14:45,41930,2025-04-01,2026-03-31,株式会社ファブリカホールディングス
S100YK73,2026-06-25,2026-06-25 14:46,23950,2025-04-01,2026-03-31,株式会社新日本科学
S100YI62,2026-06-25,2026-06-25 14:46,74430,2025-04-01,2026-03-31,横浜魚類株式会社
S100YKWY,2026-06-25,2026-06-25 14:48,17360,2025-04-01,2026-03-31,株式会社　オーテック
S100YJYW,2026-06-25,2026-06-25 14:49,30340,2025-04-01,2026-03-31,クオールホールディングス株式会社
S100YKVK,2026-06-25,2026-06-25 14:50,63710,2025-04-01,2026-03-31,株式会社椿本チエイン
S100YKPV,2026-06-25,2026-06-25 14:50,97690,2025-04-01,2026-03-31,株式会社学究社
S100YKG9,2026-06-25,2026-06-25 14:51,43670,2025-04-01,2026-03-31,広栄化学株式会社
S100YK3Y,2026-06-25,2026-06-25 14:52,63310,2025-04-01,2026-03-31,三菱化工機株式会社
S100YKAR,2026-06-25,2026-06-25 14:52,46510,2025-04-01,2026-03-31,株式会社サニックスホールディングス
S100YIET,2026-06-25,2026-06-25 14:53,59020,2025-04-01,2026-03-31,ホッカンホールディングス株式会社
S100YK5N,2026-06-25,2026-06-25 14:53,23780,2025-04-01,2026-03-31,株式会社ルネサンス
S100YK6H,2026-06-25,2026-06-25 14:57,77260,2025-04-01,2026-03-31,黒田精工株式会社
S100YIQP,2026-06-25,2026-06-25 14:58,69980,2025-04-01,2026-03-31,日本タングステン株式会社
S100YEIE,2026-06-25,2026-06-25 15:00,44100,2025-04-01,2026-03-31,ハリマ化成グループ株式会社
S100YK21,2026-06-25,2026-06-25 15:00,18140,2025-04-01,2026-03-31,大末建設株式会社
S100YJU6,2026-06-25,2026-06-25 15:00,81190,2025-04-01,2026-03-31,株式会社三栄コーポレーション
S100YK8I,2026-06-25,2026-06-25 15:00,97330,2025-04-01,2026-03-31,株式会社ナガセ
S100YJ6L,2026-06-25,2026-06-25 15:00,64080,2025-04-01,2026-03-31,小倉クラッチ株式会社
S100YJQ7,2026-06-25,2026-06-25 15:01,21120,2025-04-01,2026-03-31,塩水港精糖株式会社
S100YD97,2026-06-25,2026-06-25 15:01,69690,2025-04-01,2026-03-31,松尾電機株式会社
S100YDX8,2026-06-25,2026-06-25 15:01,19810,2025-04-01,2026-03-31,株式会社協和日成
S100YJVJ,2026-06-25,2026-06-25 15:02,78770,2025-04-01,2026-03-31,永大化工株式会社
S100YK9X,2026-06-25,2026-06-25 15:06,67750,2025-04-01,2026-03-31,株式会社ＴＢグループ
S100YL24,2026-06-25,2026-06-25 15:08,66170,2025-04-01,2026-03-31,株式会社東光高岳
S100YJ8P,2026-06-25,2026-06-25 15:09,87470,2025-04-01,2026-03-31,豊トラスティ証券株式会社
S100YK2X,2026-06-25,2026-06-25 15:09,90340,2025-04-01,2026-03-31,南総通運株式会社
S100YIW6,2026-06-25,2026-06-25 15:10,95370,2025-04-01,2026-03-31,北陸瓦斯株式会社
S100YKNO,2026-06-25,2026-06-25 15:10,47620,2025-04-01,2026-03-31,株式会社エックスネット
S100YKO7,2026-06-25,2026-06-25 15:12,91580,2025-04-01,2026-03-31,株式会社シーユーシー
S100YIFE,2026-06-25,2026-06-25 15:13,96870,2025-04-01,2026-03-31,株式会社ＫＳＫ
S100YJ6R,2026-06-25,2026-06-25 15:13,54450,2025-04-01,2026-03-31,東京鐵鋼株式会社
S100YJ0L,2026-06-25,2026-06-25 15:15,90630,2025-04-01,2026-03-31,岡山県貨物運送株式会社
S100YIGS,2026-06-25,2026-06-25 15:18,58520,2025-04-01,2026-03-31,株式会社アーレスティ
S100YL02,2026-06-25,2026-06-25 15:20,96330,2025-04-01,2026-03-31,東京テアトル株式会社
S100YL06,2026-06-25,2026-06-25 15:21,52020,2025-04-01,2026-03-31,日本板硝子株式会社
S100YJGK,2026-06-25,2026-06-25 15:22,40950,2025-04-01,2026-03-31,日本パーカライジング株式会社
S100YKRB,2026-06-25,2026-06-25 15:23,23230,2025-04-01,2026-03-31,株式会社ｆｏｎｆｕｎ
S100YL2D,2026-06-25,2026-06-25 15:23,69930,2025-04-01,2026-03-31,大黒屋ホールディングス株式会社
S100YKKI,2026-06-25,2026-06-25 15:24,89350,2025-04-01,2026-03-31,株式会社ＦＪネクストホールディングス
S100YK1N,2026-06-25,2026-06-25 15:25,25940,2025-04-01,2026-03-31,キーコーヒー株式会社
S100YJSY,2026-06-25,2026-06-25 15:27,77950,2025-04-01,2026-03-31,株式会社ＫＹＯＲＩＴＳＵ
S100YITB,2026-06-25,2026-06-25 15:27,38650,2025-04-01,2026-03-31,北越コーポレーション株式会社
S100YL2H,2026-06-25,2026-06-25 15:29,80300,2025-04-01,2026-03-31,中央魚類株式会社
S100YKF2,2026-06-25,2026-06-25 15:29,69070,2025-04-01,2026-03-31,ジオマテック株式会社
S100YKIK,2026-06-25,2026-06-25 15:30,39260,2025-04-01,2026-03-31,株式会社オープンドア
S100YKL0,2026-06-25,2026-06-25 15:30,56120,2025-04-01,2026-03-31,日本鋳鉄管株式会社
S100YKG2,2026-06-25,2026-06-25 15:30,94330,2025-04-01,2026-03-31,ＫＤＤＩ株式会社
S100YJAK,2026-06-25,2026-06-25 15:30,81390,2025-04-01,2026-03-31,株式会社ナガホリ
S100Y9NX,2026-06-25,2026-06-25 15:30,79740,2025-04-01,2026-03-31,任天堂株式会社
S100YKBP,2026-06-25,2026-06-25 15:30,77310,2025-04-01,2026-03-31,株式会社ニコン
S100YJTF,2026-06-25,2026-06-25 15:30,53340,2025-04-01,2026-03-31,日本特殊陶業株式会社
S100YJ3C,2026-06-25,2026-06-25 15:30,45940,2025-04-01,2026-03-31,ブライトパス・バイオ株式会社
S100YK0W,2026-06-25,2026-06-25 15:30,13750,2025-04-01,2026-03-31,ユキグニファクトリー株式会社
S100YKK9,2026-06-25,2026-06-25 15:30,66250,2025-04-01,2026-03-31,ＪＡＬＣＯホールディングス株式会社
S100YKV1,2026-06-25,2026-06-25 15:30,95170,2025-04-01,2026-03-31,イーレックス株式会社
S100YJFT,2026-06-25,2026-06-25 15:30,92060,2025-04-01,2026-03-31,株式会社スターフライヤー
S100YKPM,2026-06-25,2026-06-25 15:30,87690,2025-04-01,2026-03-31,株式会社アドバンテッジリスクマネジメント
S100YKD1,2026-06-25,2026-06-25 15:30,15140,2025-04-01,2026-03-31,住石ホールディングス株式会社
S100YL3J,2026-06-25,2026-06-25 15:30,438A0,2025-04-01,2026-03-31,株式会社インフキュリオン
S100YIOX,2026-06-25,2026-06-25 15:30,41790,2025-04-01,2026-03-31,株式会社ジーネクスト
S100YKRG,2026-06-25,2026-06-25 15:31,25860,2025-04-01,2026-03-31,株式会社フルッタフルッタ
S100YKA9,2026-06-25,2026-06-25 15:31,75500,2025-04-01,2026-03-31,株式会社ゼンショーホールディングス
S100YISR,2026-06-25,2026-06-25 15:31,80390,2025-04-01,2026-03-31,築地魚市場株式会社
S100YKM2,2026-06-25,2026-06-25 15:31,332A0,2025-04-01,2026-03-31,ミーク株式会社
S100YCJX,2026-06-25,2026-06-25 15:31,46610,2025-04-01,2026-03-31,株式会社オリエンタルランド
S100YK3W,2026-06-25,2026-06-25 15:32,25400,2025-04-01,2026-03-31,養命酒製造株式会社
S100YKOI,2026-06-25,2026-06-25 15:32,87710,2025-04-01,2026-03-31,イー・ギャランティ株式会社
S100YJSM,2026-06-25,2026-06-25 15:32,28310,2025-04-01,2026-03-31,はごろもフーズ株式会社
S100YHUD,2026-06-25,2026-06-25 15:32,99560,2025-04-01,2026-03-31,株式会社バローホールディングス
S100YJQT,2026-06-25,2026-06-25 15:32,48000,2025-04-01,2026-03-31,オリコン株式会社
S100YJ25,2026-06-25,2026-06-25 15:32,24130,2025-04-01,2026-03-31,エムスリー株式会社
S100YKOS,2026-06-25,2026-06-25 15:33,67860,2025-04-01,2026-03-31,株式会社ＲＶＨ
S100YJG2,2026-06-25,2026-06-25 15:33,54910,2025-04-01,2026-03-31,日本金属株式会社
S100YL1X,2026-06-25,2026-06-25 15:33,21380,2025-04-01,2026-03-31,クルーズ株式会社
S100YI0V,2026-06-25,2026-06-25 15:34,65990,2025-04-01,2026-03-31,エブレン株式会社
S100YJRS,2026-06-25,2026-06-25 15:34,90650,2025-04-01,2026-03-31,山九株式会社
S100YJE7,2026-06-25,2026-06-25 15:34,79510,2025-04-01,2026-03-31,ヤマハ株式会社
S100YK5J,2026-06-25,2026-06-25 15:34,90060,2025-04-01,2026-03-31,京浜急行電鉄株式会社
S100YKH9,2026-06-25,2026-06-25 15:35,30680,2025-04-01,2026-03-31,株式会社ＷＤＩ
S100YKQI,2026-06-25,2026-06-25 15:35,70420,2025-04-01,2026-03-31,株式会社アクセスグループ・ホールディングス
S100YJVG,2026-06-25,2026-06-25 15:35,68900,2025-04-01,2026-03-31,株式会社フェローテック
S100YK9A,2026-06-25,2026-06-25 15:35,66150,2025-04-01,2026-03-31,ユー・エム・シー・エレクトロニクス株式会社
S100YJWD,2026-06-25,2026-06-25 15:35,98310,2025-04-01,2026-03-31,株式会社ヤマダホールディングス
S100YDV4,2026-06-25,2026-06-25 15:35,29150,2025-04-01,2026-03-31,ケンコーマヨネーズ株式会社
S100YKCP,2026-06-25,2026-06-25 15:35,61130,2025-04-01,2026-03-31,株式会社アマダ
S100YKAZ,2026-06-25,2026-06-25 15:38,13790,2025-04-01,2026-03-31,ホクト株式会社
S100YHVT,2026-06-25,2026-06-25 15:39,71620,2025-04-01,2026-03-31,アストマックス株式会社
S100YL3N,2026-06-25,2026-06-25 15:39,40930,2025-04-01,2026-03-31,東邦アセチレン株式会社
S100YGJ0,2026-06-25,2026-06-25 15:41,66440,2025-04-01,2026-03-31,大崎電気工業株式会社
S100YJTL,2026-06-25,2026-06-25 15:41,56600,2025-04-01,2026-03-31,神鋼鋼線工業株式会社
S100YKGG,2026-06-25,2026-06-25 15:41,67360,2025-04-01,2026-03-31,サン電子株式会社
S100YL49,2026-06-25,2026-06-25 15:41,93570,2025-04-01,2026-03-31,名港海運株式会社
S100YKQB,2026-06-25,2026-06-25 15:42,51620,2025-04-01,2026-03-31,株式会社朝日ラバー
S100YKUO,2026-06-25,2026-06-25 15:42,60920,2025-04-01,2026-03-31,株式会社エンバイオ・ホールディングス
S100YL59,2026-06-25,2026-06-25 15:44,38960,2025-04-01,2026-03-31,阿波製紙株式会社
S100YKRT,2026-06-25,2026-06-25 15:45,69250,2025-04-01,2026-03-31,ウシオ電機株式会社
S100YL5B,2026-06-25,2026-06-25 15:47,56210,2025-04-01,2026-03-31,株式会社ヒューマンテクノロジーズ
S100YK10,2026-06-25,2026-06-25 15:47,71020,2025-04-01,2026-03-31,日本車輌製造株式会社
S100YK3R,2026-06-25,2026-06-25 15:48,84730,2025-04-01,2026-03-31,ＳＢＩホールディングス株式会社
S100YKP8,2026-06-25,2026-06-25 15:49,81180,2025-04-01,2026-03-31,株式会社　キング
S100YL65,2026-06-25,2026-06-25 15:49,39230,2025-04-01,2026-03-31,株式会社ラクス
S100YJC5,2026-06-25,2026-06-25 15:52,64820,2025-04-01,2026-03-31,ＹＵＳＨＩＮ株式会社
S100YL64,2026-06-25,2026-06-25 15:55,38440,2025-04-01,2026-03-31,コムチュア株式会社
S100YL5P,2026-06-25,2026-06-25 15:56,76380,2025-04-01,2026-03-31,株式会社ＮＥＷ　ＡＲＴ　ＨＯＬＤＩＮＧＳ
S100YKKS,2026-06-25,2026-06-25 15:59,23260,2025-04-01,2026-03-31,デジタルアーツ株式会社
S100YJZ3,2026-06-25,2026-06-25 16:00,33600,2025-04-01,2026-03-31,シップヘルスケアホールディングス株式会社
S100YKSL,2026-06-25,2026-06-25 16:00,97880,2025-04-01,2026-03-31,株式会社ナック
S100YJUA,2026-06-25,2026-06-25 16:00,65250,2025-04-01,2026-03-31,株式会社ＫＯＫＵＳＡＩ　ＥＬＥＣＴＲＩＣ
S100YKV6,2026-06-25,2026-06-25 16:00,73680,2025-04-01,2026-03-31,表示灯株式会社
S100YJ1S,2026-06-25,2026-06-25 16:00,76770,2025-04-01,2026-03-31,株式会社ヤシマキザイ
S100YHNL,2026-06-25,2026-06-25 16:00,21390,2025-04-01,2026-03-31,株式会社中広
S100YK3U,2026-06-25,2026-06-25 16:00,91300,2025-04-01,2026-03-31,共栄タンカー株式会社
S100YK5W,2026-06-25,2026-06-25 16:00,61930,2025-04-01,2026-03-31,バーチャレクス・ホールディングス株式会社
S100YJQR,2026-06-25,2026-06-25 16:00,33920,2025-04-01,2026-03-31,デリカフーズホールディングス株式会社
S100YL7U,2026-06-25,2026-06-25 16:00,92290,2025-04-01,2026-03-31,株式会社サンウェルズ
S100YJBX,2026-06-25,2026-06-25 16:00,69430,2025-04-01,2026-03-31,ＮＫＫスイッチズ株式会社
S100YJYU,2026-06-25,2026-06-25 16:00,44880,2025-04-01,2026-03-31,ＡＩ　ｉｎｓｉｄｅ株式会社
S100YJLB,2026-06-25,2026-06-25 16:00,38640,2025-04-01,2026-03-31,三菱製紙株式会社
S100YI72,2026-06-25,2026-06-25 16:02,63650,2025-04-01,2026-03-31,株式会社電業社機械製作所
S100YKPS,2026-06-25,2026-06-25 16:03,70910,2025-04-01,2026-03-31,株式会社リビングプラットフォーム
S100YFXP,2026-06-25,2026-06-25 16:03,72540,2025-04-01,2026-03-31,株式会社ユニバンス
S100YL5Q,2026-06-25,2026-06-25 16:03,39100,2025-04-01,2026-03-31,株式会社エムケイシステム
S100YL5T,2026-06-25,2026-06-25 16:04,73670,2025-04-01,2026-03-31,株式会社セルム
S100YI16,2026-06-25,2026-06-25 16:05,63640,2025-04-01,2026-03-31,株式会社ＡＩＲＭＡＮ
S100YK4B,2026-06-25,2026-06-25 16:05,17800,2025-04-01,2026-03-31,株式会社　ヤマウラ
S100YIXO,2026-06-25,2026-06-25 16:06,29760,2025-04-01,2026-03-31,日本グランデ株式会社
S100YL8F,2026-06-25,2026-06-25 16:06,52620,2025-04-01,2026-03-31,日本ヒューム株式会社
S100YKRJ,2026-06-25,2026-06-25 16:06,59390,2025-04-01,2026-03-31,株式会社大谷工業
S100YK97,2026-06-25,2026-06-25 16:07,23930,2025-04-01,2026-03-31,株式会社日本ケアサプライ
S100YGXC,2026-06-25,2026-06-25 16:07,60740,2025-04-01,2026-03-31,株式会社ジェイエスエス
S100YJ8J,2026-06-25,2026-06-25 16:09,38610,2025-04-01,2026-03-31,王子ホールディングス株式会社
S100YJ1H,2026-06-25,2026-06-25 16:09,69520,2025-04-01,2026-03-31,カシオ計算機株式会社
S100YKH4,2026-06-25,2026-06-25 16:17,68620,2025-04-01,2026-03-31,ミナトホールディングス株式会社
S100YJCK,2026-06-25,2026-06-25 16:17,40470,2025-04-01,2026-03-31,関東電化工業株式会社
S100YL3Z,2026-06-25,2026-06-25 16:19,69970,2025-04-01,2026-03-31,日本ケミコン株式会社
S100YIYR,2026-06-25,2026-06-25 16:19,49600,2025-04-01,2026-03-31,ケミプロ化成株式会社
S100YL7C,2026-06-25,2026-06-25 16:20,58580,2025-04-01,2026-03-31,株式会社ＳＴＧ
S100YJJI,2026-06-25,2026-06-25 16:20,34220,2025-04-01,2026-03-31,株式会社　Ｊ－ＭＡＸ
S100YJ8D,2026-06-25,2026-06-25 16:23,38800,2025-04-01,2026-03-31,大王製紙株式会社
S100YJHN,2026-06-25,2026-06-25 16:25,69040,2025-04-01,2026-03-31,原田工業株式会社
S100YLAN,2026-06-25,2026-06-25 16:28,77150,2025-04-01,2026-03-31,長野計器株式会社
S100YJV7,2026-06-25,2026-06-25 16:28,92720,2025-04-01,2026-03-31,ブティックス株式会社
S100YL71,2026-06-25,2026-06-25 16:28,76210,2025-04-01,2026-03-31,株式会社うかい
S100YL5W,2026-06-25,2026-06-25 16:30,93480,2025-04-01,2026-03-31,株式会社ｉｓｐａｃｅ
S100YKCT,2026-06-25,2026-06-25 16:30,40460,2025-04-01,2026-03-31,株式会社大阪ソーダ
S100YJF6,2026-06-25,2026-06-25 16:32,65130,2025-04-01,2026-03-31,株式会社オリジン
S100YKE1,2026-06-25,2026-06-25 16:33,63580,2025-04-01,2026-03-31,酒井重工業株式会社
S100YKN6,2026-06-25,2026-06-25 16:33,72970,2025-04-01,2026-03-31,株式会社カーメイト
S100YLAF,2026-06-25,2026-06-25 16:37,72770,2025-04-01,2026-03-31,株式会社ＴＢＫ
S100YK3E,2026-06-25,2026-06-25 16:38,71290,2025-04-01,2026-03-31,ミアヘルサホールディングス株式会社
S100YJ12,2026-06-25,2026-06-25 16:39,42050,2025-04-01,2026-03-31,日本ゼオン株式会社
S100YC3A,2026-06-25,2026-06-25 16:39,90740,2025-04-01,2026-03-31,日本石油輸送株式会社
S100YI10,2026-06-25,2026-06-25 16:39,71330,2025-04-01,2026-03-31,ＨＹＵＧＡ　ＰＲＩＭＡＲＹ　ＣＡＲＥ株式会社
S100YLBS,2026-06-25,2026-06-25 16:39,61440,2025-04-01,2026-03-31,西部電機株式会社
S100YKQ4,2026-06-25,2026-06-25 16:40,78600,2025-04-01,2026-03-31,エイベックス株式会社
S100YFT7,2026-06-25,2026-06-25 16:41,81440,2025-04-01,2026-03-31,株式会社デンキョーグループホールディングス
S100YL8T,2026-06-25,2026-06-25 16:43,37620,2025-04-01,2026-03-31,テクマトリックス株式会社
S100YL91,2026-06-25,2026-06-25 16:52,30790,2025-04-01,2026-03-31,ディーブイエックス株式会社
S100YF9Y,2026-06-25,2026-06-25 16:55,29280,2025-04-01,2026-03-31,ＲＩＺＡＰグループ株式会社
S100YL53,2026-06-25,2026-06-25 16:57,65840,2025-04-01,2026-03-31,三櫻工業株式会社
S100YL1G,2026-06-25,2026-06-25 16:57,79160,2025-04-01,2026-03-31,光村印刷株式会社
S100YK8S,2026-06-25,2026-06-25 17:00,62570,2025-04-01,2026-03-31,株式会社藤商事
S100YHRI,2026-06-25,2026-06-25 17:01,70870,2025-04-01,2026-03-31,株式会社ウイルテック
S100YHLO,2026-06-25,2026-06-25 17:04,331A0,2025-04-01,2026-03-31,株式会社メディックス
S100YK63,2026-06-25,2026-06-25 17:05,68670,2025-04-01,2026-03-31,リーダー電子株式会社
S100YKGK,2026-06-25,2026-06-25 17:07,61370,2025-04-01,2026-03-31,小池酸素工業株式会社
S100YETX,2026-06-26,2026-06-26 09:02,62480,2025-04-01,2026-03-31,株式会社横田製作所
S100YLCK,2026-06-26,2026-06-26 09:03,45700,2025-04-01,2026-03-31,株式会社免疫生物研究所
S100YJ7Y,2026-06-26,2026-06-26 09:05,36410,2025-04-01,2026-03-31,株式会社パピレス
S100Y9CI,2026-06-26,2026-06-26 09:07,29240,2025-04-01,2026-03-31,イフジ産業株式会社
S100YIME,2026-06-26,2026-06-26 09:12,64390,2025-04-01,2026-03-31,中日本鋳工株式会社
S100YJPU,2026-06-26,2026-06-26 09:14,81350,2025-04-01,2026-03-31,ゼット株式会社
S100YKSP,2026-06-26,2026-06-26 09:27,77710,2025-04-01,2026-03-31,日本精密株式会社
S100YKNS,2026-06-26,2026-06-26 09:36,40080,2025-04-01,2026-03-31,住友精化株式会社
S100YJCQ,2026-06-26,2026-06-26 09:53,82250,2025-04-01,2026-03-31,株式会社タカチホ
S100YJ3Q,2026-06-26,2026-06-26 10:02,97390,2025-04-01,2026-03-31,ＮＳＷ株式会社
S100YLN8,2026-06-26,2026-06-26 10:07,42220,2025-04-01,2026-03-31,児玉化学工業株式会社
S100YL5Z,2026-06-26,2026-06-26 10:17,63330,2025-04-01,2026-03-31,株式会社ＴＥＩＫＯＫＵ
S100YK44,2026-06-26,2026-06-26 10:27,39530,2025-04-01,2026-03-31,大村紙業株式会社
S100YKX5,2026-06-26,2026-06-26 10:30,97660,2025-04-01,2026-03-31,コナミグループ株式会社
S100YGR6,2026-06-26,2026-06-26 10:32,66760,2025-04-01,2026-03-31,株式会社バッファロー
S100Y9O5,2026-06-26,2026-06-26 10:41,90350,2025-04-01,2026-03-31,第一交通産業株式会社
S100YLPB,2026-06-26,2026-06-26 10:51,35040,2025-04-01,2026-03-31,株式会社丸八ホールディングス
S100YFIK,2026-06-26,2026-06-26 10:53,69420,2025-04-01,2026-03-31,株式会社ソフィアホールディングス
S100YKV3,2026-06-26,2026-06-26 10:57,35290,2025-04-01,2026-03-31,アツギ株式会社
S100YLHM,2026-06-26,2026-06-26 11:13,78680,2025-04-01,2026-03-31,株式会社広済堂ホールディングス
S100YLRB,2026-06-26,2026-06-26 11:13,39320,2025-04-01,2026-03-31,株式会社アカツキ
S100YLRR,2026-06-26,2026-06-26 11:22,68320,2025-04-01,2026-03-31,アオイ電子株式会社
S100YL8X,2026-06-26,2026-06-26 11:29,64940,2025-04-01,2026-03-31,株式会社ＮＦＫホールディングス
S100YKY3,2026-06-26,2026-06-26 11:30,93360,2025-04-01,2026-03-31,大栄環境株式会社
S100YLK6,2026-06-26,2026-06-26 11:30,35610,2025-04-01,2026-03-31,株式会社力の源ホールディングス
S100YJIB,2026-06-26,2026-06-26 11:30,71140,2025-04-01,2026-03-31,株式会社フーディソン
S100YJKU,2026-06-26,2026-06-26 11:30,46800,2025-04-01,2026-03-31,株式会社ラウンドワン
S100YLDW,2026-06-26,2026-06-26 11:44,37500,2025-04-01,2026-03-31,株式会社ＡＤＲ１２０Ｓ
S100YI1Y,2026-06-26,2026-06-26 11:46,72550,2025-04-01,2026-03-31,株式会社　桜井製作所
S100YLBY,2026-06-26,2026-06-26 11:47,19210,2025-04-01,2026-03-31,株式会社　巴コーポレーション
S100YLDV,2026-06-26,2026-06-26 11:54,24320,2025-04-01,2026-03-31,株式会社ディー・エヌ・エー
S100YKKP,2026-06-26,2026-06-26 11:55,74130,2025-04-01,2026-03-31,株式会社創健社
S100YJYN,2026-06-26,2026-06-26 11:56,52870,2025-04-01,2026-03-31,株式会社イトーヨーギョー
S100YF1P,2026-06-26,2026-06-26 12:02,90810,2025-04-01,2026-03-31,神奈川中央交通株式会社
S100YLHU,2026-06-26,2026-06-26 12:09,69610,2025-04-01,2026-03-31,株式会社エンプラス
S100YLUK,2026-06-26,2026-06-26 12:12,52470,2025-04-01,2026-03-31,株式会社ＢＴＭ
S100YLT6,2026-06-26,2026-06-26 12:49,38030,2025-04-01,2026-03-31,イメージ情報開発株式会社
S100YJBP,2026-06-26,2026-06-26 12:55,68240,2025-04-01,2026-03-31,新コスモス電機株式会社
S100YLV8,2026-06-26,2026-06-26 12:56,26660,2025-04-01,2026-03-31,株式会社　オートウェーブ
S100YLVZ,2026-06-26,2026-06-26 12:58,70620,2025-04-01,2026-03-31,株式会社フレアス
S100YKJC,2026-06-26,2026-06-26 13:00,35910,2025-04-01,2026-03-31,株式会社ワコールホールディングス
S100YG4G,2026-06-26,2026-06-26 13:00,53560,2025-04-01,2026-03-31,美濃窯業株式会社
S100YLBX,2026-06-26,2026-06-26 13:06,62820,2025-04-01,2026-03-31,オイレス工業株式会社
S100YL7Q,2026-06-26,2026-06-26 13:06,99890,2025-04-01,2026-03-31,株式会社サンドラッグ
S100YL4M,2026-06-26,2026-06-26 13:07,77460,2025-04-01,2026-03-31,岡本硝子株式会社
S100YLU7,2026-06-26,2026-06-26 13:07,38510,2025-04-01,2026-03-31,株式会社日本一ソフトウェア
S100YGDM,2026-06-26,2026-06-26 13:08,41190,2025-04-01,2026-03-31,株式会社日本ピグメントホールディングス
S100Y9QZ,2026-06-26,2026-06-26 13:10,19920,2025-04-01,2026-03-31,神田通信機株式会社
S100YHI9,2026-06-26,2026-06-26 13:15,60700,2025-04-01,2026-03-31,キャリアリンク株式会社
S100YLMG,2026-06-26,2026-06-26 13:15,69960,2025-04-01,2026-03-31,ニチコン株式会社
S100YLSB,2026-06-26,2026-06-26 13:16,36940,2025-04-01,2026-03-31,株式会社オプティム
S100YLWW,2026-06-26,2026-06-26 13:18,33580,2025-04-01,2026-03-31,Ｔｒａｉｌｈｅａｄ　Ｇｌｏｂａｌ　Ｈｏｌｄｉｎｇｓ株式会社
S100YL7T,2026-06-26,2026-06-26 13:27,88350,2025-04-01,2026-03-31,太平洋興発株式会社
S100YLY9,2026-06-26,2026-06-26 13:36,46230,2025-04-01,2026-03-31,株式会社アサヒペン
S100YLXQ,2026-06-26,2026-06-26 13:51,31330,2025-04-01,2026-03-31,株式会社海帆
S100YGOW,2026-06-26,2026-06-26 13:52,43600,2025-04-01,2026-03-31,株式会社マナック・ケミカル・パートナーズ
S100YLUW,2026-06-26,2026-06-26 13:55,68190,2025-04-01,2026-03-31,伊豆シャボテンリゾート株式会社
S100YF8Q,2026-06-26,2026-06-26 14:04,21620,2025-04-01,2026-03-31,ｎｍｓホールディングス株式会社
S100YKTA,2026-06-26,2026-06-26 14:05,68570,2025-04-01,2026-03-31,株式会社アドバンテスト
S100YLLM,2026-06-26,2026-06-26 14:05,56440,2025-04-01,2026-03-31,株式会社メタルアート
S100YKOJ,2026-06-26,2026-06-26 14:06,59850,2025-04-01,2026-03-31,サンコール株式会社
S100YKOR,2026-06-26,2026-06-26 14:08,73430,2025-04-01,2026-03-31,ブロードマインド株式会社
S100YLDD,2026-06-26,2026-06-26 14:09,44440,2025-04-01,2026-03-31,株式会社インフォネット
S100YHNC,2026-06-26,2026-06-26 14:12,61380,2025-04-01,2026-03-31,ダイジェット工業株式会社
S100YLHV,2026-06-26,2026-06-26 14:12,78200,2025-04-01,2026-03-31,ニホンフラッシュ株式会社
S100YIC1,2026-06-26,2026-06-26 14:14,97230,2025-04-01,2026-03-31,株式会社京都ホテル
S100YM1I,2026-06-26,2026-06-26 14:16,96850,2025-04-01,2026-03-31,ＫＹＣＯＭホールディングス株式会社
S100YKK8,2026-06-26,2026-06-26 14:18,62180,2025-04-01,2026-03-31,エンシュウ株式会社
S100YK7L,2026-06-26,2026-06-26 14:22,44370,2025-04-01,2026-03-31,ｇｏｏｄｄａｙｓホールディングス株式会社
S100YLG9,2026-06-26,2026-06-26 14:24,53880,2025-04-01,2026-03-31,クニミネ工業株式会社
S100YLCH,2026-06-26,2026-06-26 14:25,65800,2025-04-01,2026-03-31,株式会社ライトアップ
S100YLK4,2026-06-26,2026-06-26 14:30,75550,2025-04-01,2026-03-31,株式会社大田花き
S100YIE8,2026-06-26,2026-06-26 14:34,67870,2025-04-01,2026-03-31,株式会社メイコー
S100YKKE,2026-06-26,2026-06-26 14:36,548A0,2025-04-01,2026-03-31,株式会社システムエグゼ
S100YK1Y,2026-06-26,2026-06-26 14:37,13840,2025-04-01,2026-03-31,株式会社　ホクリヨウ
S100YM2W,2026-06-26,2026-06-26 14:38,98490,2025-04-01,2026-03-31,株式会社共同紙販ホールディングス
S100YLC6,2026-06-26,2026-06-26 14:41,62730,2025-04-01,2026-03-31,ＳＭＣ株式会社
S100YM27,2026-06-26,2026-06-26 14:46,73830,2025-04-01,2026-03-31,株式会社ネットプロテクションズホールディングス
S100YKFC,2026-06-26,2026-06-26 14:55,34770,2025-04-01,2026-03-31,フォーライフ株式会社
S100YLGZ,2026-06-26,2026-06-26 14:55,65450,2025-04-01,2026-03-31,株式会社インターネットインフィニティー
S100YKLJ,2026-06-26,2026-06-26 14:57,66370,2025-04-01,2026-03-31,寺崎電気産業株式会社
S100YLZQ,2026-06-26,2026-06-26 15:00,31750,2025-04-01,2026-03-31,株式会社エー・ピーホールディングス
S100YFP2,2026-06-26,2026-06-26 15:00,46620,2025-04-01,2026-03-31,株式会社フォーカスシステムズ
S100YM22,2026-06-26,2026-06-26 15:00,18660,2025-04-01,2026-03-31,北野建設株式会社
S100YM3U,2026-06-26,2026-06-26 15:03,74630,2025-04-01,2026-03-31,株式会社アドヴァン
S100YKW2,2026-06-26,2026-06-26 15:03,18920,2025-04-01,2026-03-31,徳倉建設株式会社
S100YJO9,2026-06-26,2026-06-26 15:07,52800,2025-04-01,2026-03-31,ヨシコン株式会社
S100YEYH,2026-06-26,2026-06-26 15:11,48010,2025-04-01,2026-03-31,セントラルスポーツ株式会社
S100YL5Y,2026-06-26,2026-06-26 15:18,90090,2025-04-01,2026-03-31,京成電鉄株式会社
S100YLIH,2026-06-26,2026-06-26 15:21,81230,2025-04-01,2026-03-31,川辺株式会社
S100YLI5,2026-06-26,2026-06-26 15:24,90720,2025-04-01,2026-03-31,ニッコンホールディングス株式会社
S100YI6P,2026-06-26,2026-06-26 15:30,73170,2025-04-01,2026-03-31,株式会社松屋アールアンドディ
S100YM3K,2026-06-26,2026-06-26 15:30,67020,2025-04-01,2026-03-31,富士通株式会社
S100YM56,2026-06-26,2026-06-26 15:30,477A0,2025-04-01,2026-03-31,株式会社スタートライン
S100YKT7,2026-06-26,2026-06-26 15:30,70670,2025-04-01,2026-03-31,ブランディングテクノロジー株式会社
S100YM5Z,2026-06-26,2026-06-26 15:30,64120,2025-04-01,2026-03-31,株式会社平和
S100YKTN,2026-06-26,2026-06-26 15:31,55920,2025-04-01,2026-03-31,株式会社くすりの窓口
S100YLS8,2026-06-26,2026-06-26 15:32,87660,2025-04-01,2026-03-31,東京海上ホールディングス株式会社
S100YJTH,2026-06-26,2026-06-26 15:35,70460,2025-04-01,2026-03-31,ＴＤＳＥ株式会社
S100YKJL,2026-06-26,2026-06-26 15:35,60420,2025-04-01,2026-03-31,株式会社ニッキ
S100YJZ2,2026-06-26,2026-06-26 15:35,31990,2025-04-01,2026-03-31,綿半ホールディングス株式会社
S100YL2M,2026-06-26,2026-06-26 15:36,58020,2025-04-01,2026-03-31,住友電気工業株式会社
S100YLF7,2026-06-26,2026-06-26 15:36,69600,2025-04-01,2026-03-31,フクダ電子株式会社
S100YL8G,2026-06-26,2026-06-26 15:44,51940,2025-04-01,2026-03-31,相模ゴム工業株式会社
S100YL5S,2026-06-26,2026-06-26 15:44,27640,2025-04-01,2026-03-31,株式会社ひらまつ
S100YM8I,2026-06-26,2026-06-26 15:49,86980,2025-04-01,2026-03-31,マネックスグループ株式会社
S100YLLZ,2026-06-26,2026-06-26 16:00,72470,2025-04-01,2026-03-31,株式会社ミクニ
S100YLV9,2026-06-26,2026-06-26 16:00,66290,2025-04-01,2026-03-31,テクノホライゾン株式会社
S100YL9S,2026-06-26,2026-06-26 16:00,79180,2025-04-01,2026-03-31,株式会社ヴィア・ホールディングス
S100YLFM,2026-06-26,2026-06-26 16:01,45710,2025-04-01,2026-03-31,ＮＡＮＯホールディングス株式会社
S100YLVF,2026-06-26,2026-06-26 16:03,49780,2025-04-01,2026-03-31,株式会社リプロセル
S100YLTN,2026-06-26,2026-06-26 16:04,72730,2025-04-01,2026-03-31,株式会社イクヨ
S100YLJD,2026-06-26,2026-06-26 16:09,74160,2025-04-01,2026-03-31,株式会社はるやまホールディングス
S100YKW4,2026-06-26,2026-06-26 16:11,79530,2025-04-01,2026-03-31,菊水化学工業株式会社
S100YLWX,2026-06-26,2026-06-26 16:13,79460,2025-04-01,2026-03-31,株式会社光陽社
S100YKQ9,2026-06-26,2026-06-26 16:14,73740,2025-04-01,2026-03-31,株式会社コンフィデンス・インターワークス
S100YM7I,2026-06-26,2026-06-26 16:16,17110,2025-04-01,2026-03-31,株式会社ＳＤＳホールディングス
S100YMA3,2026-06-26,2026-06-26 16:20,70780,2025-04-01,2026-03-31,ＩＮＣＬＵＳＩＶＥ　Ｈｏｌｄｉｎｇｓ株式会社
S100YK0J,2026-06-26,2026-06-26 16:24,36610,2025-04-01,2026-03-31,株式会社エムアップホールディングス
S100YI2P,2026-06-26,2026-06-26 16:26,57070,2025-04-01,2026-03-31,東邦亜鉛株式会社
S100YM7M,2026-06-26,2026-06-26 16:41,60720,2025-04-01,2026-03-31,地盤ネットホールディングス株式会社
S100YMA4,2026-06-26,2026-06-26 16:42,24670,2025-04-01,2026-03-31,株式会社ＶＬＣセキュリティ
S100YL46,2026-06-26,2026-06-26 16:47,70840,2025-04-01,2026-03-31,株式会社Ｓｍｉｌｅ　Ｈｏｌｄｉｎｇｓ
S100YMC0,2026-06-26,2026-06-26 16:49,39090,2025-01-01,2026-03-31,株式会社ショーケース
S100YLGY,2026-06-26,2026-06-26 16:54,72390,2025-04-01,2026-03-31,株式会社タチエス
S100YGDN,2026-06-26,2026-06-26 16:58,330A0,2025-04-01,2026-03-31,株式会社ＴａｌｅｎｔＸ
S100YMBT,2026-06-26,2026-06-26 16:59,78510,2025-04-01,2026-03-31,カワセコンピュータサプライ株式会社
S100YMC7,2026-06-26,2026-06-26 17:00,55710,2025-04-01,2026-03-31,エキサイトホールディングス株式会社
S100YIKS,2026-06-26,2026-06-26 17:00,44250,2025-04-01,2026-03-31,Ｋｕｄａｎ株式会社
S100YLT7,2026-06-26,2026-06-26 17:07,64280,2025-04-01,2026-03-31,株式会社オーイズミ
S100YMFF,2026-06-29,2026-06-29 09:00,61950,2025-04-01,2026-03-31,株式会社ホープ
S100YLNO,2026-06-29,2026-06-29 09:10,75650,2025-04-01,2026-03-31,萬世電機株式会社
S100YKK1,2026-06-29,2026-06-29 09:13,21460,2025-04-01,2026-03-31,ＵＴグループ株式会社
S100XQ6A,2026-06-29,2026-06-29 09:23,77090,2025-04-01,2026-03-31,クボテック株式会社
S100YKGZ,2026-06-29,2026-06-29 09:31,79800,2025-04-01,2026-03-31,株式会社　重松製作所
S100YMIT,2026-06-29,2026-06-29 09:47,74260,2025-04-01,2026-03-31,株式会社　山大
S100YJ9F,2026-06-29,2026-06-29 09:55,30590,2025-04-01,2026-03-31,ヒラキ株式会社
S100YM6C,2026-06-29,2026-06-29 09:56,73990,2025-04-01,2026-03-31,株式会社ナンシン
S100YJ4V,2026-06-29,2026-06-29 10:00,31560,2025-04-01,2026-03-31,株式会社レスター
S100YKC9,2026-06-29,2026-06-29 10:00,74900,2025-04-01,2026-03-31,日新商事株式会社
S100YJPO,2026-06-29,2026-06-29 10:05,59660,2025-04-01,2026-03-31,京都機械工具株式会社
S100YLMI,2026-06-29,2026-06-29 10:11,27630,2025-04-01,2026-03-31,株式会社エフティグループ
S100YMM9,2026-06-29,2026-06-29 10:36,32240,2025-04-01,2026-03-31,株式会社ゼネラル・オイスター
S100YLKC,2026-06-29,2026-06-29 10:55,78720,2025-04-01,2026-03-31,エステールホールディングス株式会社
S100YKOH,2026-06-29,2026-06-29 11:12,94230,2025-04-01,2026-03-31,株式会社フォーバル・リアルストレート
S100YLWG,2026-06-29,2026-06-29 11:20,26560,2025-04-01,2026-03-31,株式会社ベクターホールディングス
S100YMRC,2026-06-29,2026-06-29 11:59,70310,2025-04-01,2026-03-31,株式会社インバウンドテック
S100YKBG,2026-06-29,2026-06-29 12:10,34090,2025-04-01,2026-03-31,株式会社北紡
S100YL9X,2026-06-29,2026-06-29 12:31,32930,2025-04-01,2026-03-31,アズマハウス株式会社
S100YMQ1,2026-06-29,2026-06-29 12:46,63560,2025-04-01,2026-03-31,日本ギア工業株式会社
S100YML0,2026-06-29,2026-06-29 13:02,75240,2025-04-01,2026-03-31,マルシェ株式会社
S100YM73,2026-06-29,2026-06-29 13:03,74620,2025-04-01,2026-03-31,株式会社ＣＡＰＩＴＡ
S100YMAI,2026-06-29,2026-06-29 13:33,32050,2025-04-01,2026-03-31,株式会社ダイドーリミテッド
S100YM6T,2026-06-29,2026-06-29 13:53,75380,2025-04-01,2026-03-31,株式会社大水
S100YMS0,2026-06-29,2026-06-29 14:19,77210,2025-04-01,2026-03-31,東京計器株式会社
S100YMXL,2026-06-29,2026-06-29 14:25,35210,2025-04-01,2026-03-31,テルマー湯ホールディングス株式会社
S100YLIN,2026-06-29,2026-06-29 14:26,54820,2025-04-01,2026-03-31,愛知製鋼株式会社
S100YMJJ,2026-06-29,2026-06-29 14:53,75220,2025-04-01,2026-03-31,ワタミ株式会社
S100YLYF,2026-06-29,2026-06-29 15:00,66990,2025-04-01,2026-03-31,ダイヤモンドエレクトリックホールディングス株式会社
S100YM06,2026-06-29,2026-06-29 15:00,549A0,2025-04-01,2026-03-31,ヒトトヒトホールディングス株式会社
S100YLE6,2026-06-29,2026-06-29 15:12,78630,2025-04-01,2026-03-31,株式会社平賀
S100YM6H,2026-06-29,2026-06-29 15:21,78360,2025-04-01,2026-03-31,アビックス株式会社
S100YM8W,2026-06-29,2026-06-29 15:29,81050,2025-04-01,2026-03-31,Ｂｉｔｃｏｉｎ　Ｊａｐａｎ株式会社
S100YN0V,2026-06-29,2026-06-29 15:30,94350,2025-04-01,2026-03-31,株式会社光通信
S100YMTN,2026-06-29,2026-06-29 15:30,65640,2025-04-01,2026-03-31,株式会社ミダックホールディングス
S100YN23,2026-06-29,2026-06-29 15:34,24790,2025-04-01,2026-03-31,株式会社ジェイテック
S100YN30,2026-06-29,2026-06-29 15:36,263A0,2025-04-01,2026-03-31,株式会社デジタルキューブ
S100YME7,2026-06-29,2026-06-29 15:40,81410,2025-04-01,2026-03-31,新光商事株式会社
S100YMTQ,2026-06-29,2026-06-29 15:44,62980,2025-04-01,2026-03-31,ワイエイシイホールディングス株式会社
S100YM8Y,2026-06-29,2026-06-29 15:46,61660,2025-04-01,2026-03-31,株式会社中村超硬
S100YN3J,2026-06-29,2026-06-29 15:51,64050,2025-04-01,2026-03-31,鈴茂器工株式会社
S100YN3H,2026-06-29,2026-06-29 15:52,98900,2025-04-01,2026-03-31,株式会社マキヤ
S100YHFW,2026-06-29,2026-06-29 15:57,30110,2025-04-01,2026-03-31,株式会社バナーズ
S100YM41,2026-06-29,2026-06-29 15:58,97600,2025-04-01,2026-03-31,株式会社　進学会ホールディングス
S100YMBF,2026-06-29,2026-06-29 16:03,23400,2025-04-01,2026-03-31,株式会社　極楽湯ホールディングス
S100YB3Z,2026-06-29,2026-06-29 16:04,92570,2025-01-01,2025-12-31,ＹＣＰホールディングス（グローバル）リミテッド
S100YMSD,2026-06-29,2026-06-29 16:08,36460,2025-04-01,2026-03-31,株式会社駅探
S100YMTV,2026-06-29,2026-06-29 16:09,36280,2025-04-01,2026-03-31,株式会社データホライゾン
S100YCG3,2026-06-29,2026-06-29 16:21,254A0,2025-04-01,2026-03-31,ＡＩフュージョンキャピタルグループ株式会社
S100YM65,2026-06-29,2026-06-29 16:24,71870,2025-04-01,2026-03-31,ジェイリース株式会社
S100YN6A,2026-06-29,2026-06-29 16:24,75780,2025-04-01,2026-03-31,株式会社ニチリョク
S100YMG4,2026-06-29,2026-06-29 16:27,85180,2025-04-01,2026-03-31,日本アジア投資株式会社
S100YDYA,2026-06-29,2026-06-29 16:31,38580,2025-04-01,2026-03-31,株式会社ユビキタスＡＩ
S100YN09,2026-06-29,2026-06-29 16:33,48140,2025-04-01,2026-03-31,ネクストウェア株式会社
S100YMXX,2026-06-29,2026-06-29 16:35,45840,2025-04-01,2026-03-31,キッズウェル・バイオ株式会社
S100YLEZ,2026-06-29,2026-06-29 16:48,61040,2025-04-01,2026-03-31,芝浦機械株式会社
S100YMGV,2026-06-29,2026-06-29 16:50,39050,2025-04-01,2026-03-31,データセクション株式会社
S100YMHZ,2026-06-29,2026-06-29 16:55,28940,2025-04-01,2026-03-31,石井食品株式会社
S100YN95,2026-06-30,2026-06-30 09:00,65740,2025-04-01,2026-03-31,株式会社コンヴァノ
S100YN9E,2026-06-30,2026-06-30 09:06,79850,2025-04-01,2026-03-31,ネポン株式会社
S100YN9T,2026-06-30,2026-06-30 10:06,39250,2025-04-01,2026-03-31,株式会社ダブルスタンダード
S100YNCJ,2026-06-30,2026-06-30 10:07,87250,2025-04-01,2026-03-31,ＭＳ＆ＡＤインシュアランスグループホールディングス株式会社
S100YNDU,2026-06-30,2026-06-30 10:24,42400,2025-04-01,2026-03-31,クラスターテクノロジー株式会社
S100YNEC,2026-06-30,2026-06-30 11:15,54710,2025-04-01,2026-03-31,大同特殊鋼株式会社
S100YH6S,2026-06-30,2026-06-30 11:26,67060,2025-04-01,2026-03-31,電気興業株式会社
S100YNFT,2026-06-30,2026-06-30 11:40,90850,2025-04-01,2026-03-31,北海道中央バス株式会社
S100YNI3,2026-06-30,2026-06-30 13:05,23210,2025-04-01,2026-03-31,株式会社ソフトフロントホールディングス
S100YNBV,2026-06-30,2026-06-30 13:20,90600,2025-04-01,2026-03-31,日本ロジテム株式会社
S100YNJD,2026-06-30,2026-06-30 13:24,46500,2025-04-01,2026-03-31,ＳＤエンターテイメント株式会社
S100YNKO,2026-06-30,2026-06-30 13:51,57210,2025-04-01,2026-03-31,エスクリプトエナジー株式会社
S100YNLK,2026-06-30,2026-06-30 14:04,96100,2025-04-01,2026-03-31,ウィルソン・ラーニング　ワールドワイド株式会社
S100YH7L,2026-06-30,2026-06-30 14:06,68400,2025-04-01,2026-03-31,株式会社ＡＫＩＢＡホールディングス
S100YNBB,2026-06-30,2026-06-30 14:50,65620,2025-04-01,2026-03-31,株式会社ジーニー
S100YNO3,2026-06-30,2026-06-30 15:02,554A0,2025-04-01,2026-03-31,株式会社バトンズ
S100YMK7,2026-06-30,2026-06-30 15:17,78860,2025-04-01,2026-03-31,ヤマト　モビリティ　＆　Ｍｆｇ．株式会社
S100YNIS,2026-06-30,2026-06-30 15:30,21340,2025-04-01,2026-03-31,北浜キャピタルパートナーズ株式会社
S100YNGH,2026-06-30,2026-06-30 15:30,60690,2025-04-01,2026-03-31,トレンダーズ株式会社
S100YGJH,2026-06-30,2026-06-30 15:30,147A0,2025-04-01,2026-03-31,株式会社ソラコム
S100YBI7,2026-06-30,2026-06-30 15:32,46670,2025-04-01,2026-03-31,アイサンテクノロジー株式会社
S100YNQ1,2026-06-30,2026-06-30 15:40,73630,2025-01-01,2025-12-31,株式会社ベビーカレンダー
S100YNOG,2026-06-30,2026-06-30 15:43,71380,2025-04-01,2026-03-31,株式会社ＴＯＲＩＣＯ
S100YNQJ,2026-06-30,2026-06-30 15:48,81540,2025-04-01,2026-03-31,加賀電子株式会社
S100YNJP,2026-06-30,2026-06-30 16:00,72560,2025-04-01,2026-03-31,河西工業株式会社
S100YNQL,2026-06-30,2026-06-30 16:08,14470,2025-04-01,2026-03-31,ＳＡＡＦホールディングス株式会社
S100YNMZ,2026-06-30,2026-06-30 16:17,87460,2025-04-01,2026-03-31,ｕｎｂａｎｋｅｄ株式会社
S100YNSR,2026-06-30,2026-06-30 16:31,36860,2025-04-01,2026-03-31,株式会社ディー・エル・イー
S100YNKG,2026-06-30,2026-06-30 16:35,19090,2025-04-01,2026-03-31,日本ドライケミカル株式会社
S100YNSQ,2026-06-30,2026-06-30 16:36,65790,2025-04-01,2026-03-31,ログリー株式会社
S100YMZU,2026-06-30,2026-06-30 16:46,23340,2025-04-01,2026-03-31,株式会社イオレ
S100YNM9,2026-06-30,2026-06-30 16:50,54840,2025-04-01,2026-03-31,東北特殊鋼株式会社
S100YNR0,2026-06-30,2026-06-30 16:52,81360,2025-04-01,2026-03-31,株式会社サンリオ
S100YNS5,2026-06-30,2026-06-30 16:56,39330,2025-04-01,2026-03-31,チエル株式会社
S100YNWZ,2026-07-02,2026-07-02 14:56,47500,2025-04-21,2026-04-20,株式会社ダイサン
S100YP3N,2026-07-07,2026-07-07 09:41,74880,2025-04-21,2026-04-20,株式会社ヤガミ
S100YQCW,2026-07-14,2026-07-14 16:03,40260,2025-05-01,2026-04-30,神島化学工業株式会社
S100YR8L,2026-07-17,2026-07-17 15:31,66560,2025-05-01,2026-04-30,インスペック株式会社
S100YR44,2026-07-21,2026-07-21 13:45,29230,2025-05-01,2026-04-30,サトウ食品株式会社
S100YRFE,2026-07-21,2026-07-21 15:35,556A0,2025-05-01,2026-04-30,犬猫生活株式会社
S100YRK7,2026-07-21,2026-07-21 16:20,25930,2025-05-01,2026-04-30,株式会社伊藤園
S100YR73,2026-07-22,2026-07-22 09:10,59710,2025-05-01,2026-04-30,株式会社共和工業所
S100YRIV,2026-07-22,2026-07-22 09:45,30310,2025-05-01,2026-04-30,株式会社ラクーンホールディングス
S100YR5P,2026-07-22,2026-07-22 10:00,18730,2025-05-01,2026-04-30,株式会社日本ハウスホールディングス
S100YRR3,2026-07-22,2026-07-22 13:47,79010,2025-05-01,2026-04-30,株式会社マツモト
S100YROC,2026-07-22,2026-07-22 13:53,34440,2025-05-01,2026-04-30,株式会社菊池製作所
S100YR3G,2026-07-22,2026-07-22 16:01,77770,2025-05-01,2026-04-30,株式会社スリー・ディー・マトリックス
S100YRWH,2026-07-23,2026-07-23 09:00,14360,2025-05-01,2026-04-30,株式会社グリーンエナジー＆カンパニー
S100YS1Z,2026-07-23,2026-07-23 15:28,43820,2025-05-01,2026-04-30,ＨＥＲＯＺ株式会社
S100YQZ2,2026-07-23,2026-07-23 15:32,35240,2025-05-01,2026-04-30,日東製網株式会社
S100YRG8,2026-07-23,2026-07-23 15:35,22940,2025-05-01,2026-04-30,株式会社柿安本店
S100YRYV,2026-07-23,2026-07-23 15:59,441A0,2025-05-01,2026-04-30,ＮＥ株式会社
S100YRYL,2026-07-24,2026-07-24 09:35,24380,2025-05-01,2026-04-30,株式会社アスカネット
S100YRSR,2026-07-24,2026-07-24 15:31,436A0,2025-05-01,2026-04-30,サイバーソリューションズ株式会社
S100YS4J,2026-07-24,2026-07-24 15:32,31340,2025-05-01,2026-04-30,Ｈａｍｅｅ株式会社
S100YS6C,2026-07-24,2026-07-24 15:40,17660,2025-05-01,2026-04-30,東建コーポレーション株式会社
S100YS74,2026-07-24,2026-07-24 15:46,31800,2025-05-01,2026-04-30,株式会社ビューティガレージ
S100YSCR,2026-07-27,2026-07-27 09:27,272A0,2025-05-01,2026-04-30,株式会社グリーンクロスホールディングス
S100YSC6,2026-07-27,2026-07-27 13:07,29100,2025-05-01,2026-04-30,株式会社ロック・フィールド
S100YS8Y,2026-07-27,2026-07-27 15:30,215A0,2025-11-01,2026-04-30,株式会社タイミー
S100YSEA,2026-07-27,2026-07-27 15:30,50320,2025-05-01,2026-04-30,ＡＮＹＣＯＬＯＲ株式会社
S100YSEQ,2026-07-27,2026-07-27 15:35,70950,2025-05-01,2026-04-30,株式会社Ｍａｃｂｅｅ　Ｐｌａｎｅｔ
S100YSBO,2026-07-27,2026-07-27 16:00,500A0,2025-05-01,2026-04-30,株式会社ＴＯブックス
S100YSCT,2026-07-27,2026-07-27 16:03,74350,2025-05-01,2026-04-30,株式会社ナ・デックス
S100YSGA,2026-07-27,2026-07-27 16:30,25020,2025-01-01,2025-12-31,アサヒグループホールディングス株式会社
S100YSDU,2026-07-28,2026-07-28 10:00,33610,2025-05-01,2026-04-30,株式会社トーエル
S100YSIF,2026-07-28,2026-07-28 10:13,76040,2025-05-01,2026-04-30,株式会社　梅の花グループ
S100YSG1,2026-07-28,2026-07-28 11:13,33290,2025-05-01,2026-04-30,東和フードサービス株式会社
S100YS8T,2026-07-28,2026-07-28 13:36,27510,2025-05-01,2026-04-30,株式会社テンポスホールディングス
S100YSPI,2026-07-28,2026-07-28 16:41,44310,2025-05-01,2026-04-30,株式会社スマレジ
S100YSTQ,2026-07-29,2026-07-29 10:35,96270,2025-05-01,2026-04-30,株式会社アインホールディングス
S100YSZC,2026-07-29,2026-07-29 15:34,186A0,2025-05-01,2026-04-30,株式会社アストロスケールホールディングス
S100YSTV,2026-07-29,2026-07-29 15:34,324A0,2025-05-01,2026-04-30,株式会社ブッキングリゾート
S100YSTZ,2026-07-29,2026-07-29 15:37,50790,2025-05-01,2026-04-30,株式会社ノバック
S100YSP4,2026-07-29,2026-07-29 15:47,39030,2025-05-01,2026-04-30,株式会社ｇｕｍｉ
S100YSV9,2026-07-29,2026-07-29 16:01,70500,2025-05-01,2026-04-30,株式会社フロンティアインターナショナル
S100YSR5,2026-07-29,2026-07-29 16:26,184A0,2025-05-01,2026-04-30,株式会社学びエイド
S100YSKW,2026-07-29,2026-07-29 16:30,31610,2025-05-01,2026-04-30,アゼアス株式会社
S100YT4P,2026-07-30,2026-07-30 10:00,391A0,2025-05-01,2026-04-30,株式会社山忠
S100YSYE,2026-07-30,2026-07-30 15:31,26780,2025-05-21,2026-05-20,アスクル株式会社
S100YTBE,2026-07-30,2026-07-30 16:38,38230,2025-09-01,2026-04-30,ＴＨＥ　ＷＨＹ　ＨＯＷ　ＤＯ　ＣＯＭＰＡＮＹ株式会社
S100YTD8,2026-07-31,2026-07-31 15:51,94440,2025-05-01,2026-04-30,株式会社トーシンホールディングス
S100YTII,2026-07-31,2026-07-31 17:00,40880,2025-04-01,2026-03-31,エア・ウォーター株式会社
S100YUHC,2026-08-06,2026-08-06 14:00,35440,2025-05-16,2026-05-15,サツドラホールディングス株式会社
S100YUI9,2026-08-10,2026-08-10 09:14,69050,2025-05-21,2026-05-20,コーセル株式会社
S100YWGX,2026-08-14,2026-08-14 12:17,92780,2025-06-01,2026-05-31,ブックオフグループホールディングス株式会社
S100YW7F,2026-08-14,2026-08-14 15:30,21680,2025-06-01,2026-05-31,株式会社パソナグループ
S100YX88,2026-08-18,2026-08-18 15:49,31600,2025-06-01,2026-05-31,株式会社大光
S100YXG0,2026-08-19,2026-08-19 10:02,40570,2025-06-01,2026-05-31,株式会社インターファクトリー
S100YXMA,2026-08-19,2026-08-19 11:48,38560,2025-04-01,2026-03-31,Ａｂａｌａｎｃｅ株式会社
S100YXFQ,2026-08-19,2026-08-19 15:33,44430,2025-06-01,2026-05-31,Ｓａｎｓａｎ株式会社
S100YXF5,2026-08-19,2026-08-19 15:35,35490,2025-05-21,2026-05-20,株式会社クスリのアオキホールディングス
S100YXNS,2026-08-20,2026-08-20 09:18,31480,2025-06-01,2026-05-31,株式会社クリエイトＳＤホールディングス
S100YXSF,2026-08-20,2026-08-20 12:43,137A0,2025-06-01,2026-05-31,Ｃｏｃｏｌｉｖｅ株式会社
S100YXMM,2026-08-20,2026-08-20 13:12,48250,2025-06-01,2026-05-31,株式会社ウェザーニューズ
S100YXWI,2026-08-20,2026-08-20 15:16,27960,2025-06-01,2026-05-31,ファーマライズホールディングス株式会社
S100YXLE,2026-08-21,2026-08-21 09:30,23030,2025-06-01,2026-05-31,株式会社ドーン
S100YXZQ,2026-08-21,2026-08-21 10:05,58850,2025-06-01,2026-05-31,株式会社ジーデップ・アドバンス
S100YY0V,2026-08-21,2026-08-21 13:26,47160,2025-06-01,2026-05-31,日本オラクル株式会社
S100YXXI,2026-08-21,2026-08-21 15:01,18870,2025-06-01,2026-05-31,日本国土開発株式会社
S100YXUM,2026-08-21,2026-08-21 15:30,13770,2025-06-01,2026-05-31,株式会社　サカタのタネ
S100YXYC,2026-08-21,2026-08-21 15:40,73700,2025-06-01,2026-05-31,株式会社Ｅｎｊｉｎ
S100YY3G,2026-08-24,2026-08-24 09:02,24590,2025-06-01,2026-05-31,アウンコンサルティング株式会社
S100YY3Q,2026-08-24,2026-08-24 10:33,27920,2025-06-01,2026-05-31,株式会社ハニーズホールディングス
S100YXKH,2026-08-24,2026-08-24 13:51,77130,2025-06-01,2026-05-31,シグマ光機株式会社
S100YXXB,2026-08-24,2026-08-24 14:14,14300,2025-06-01,2026-05-31,ファーストコーポレーション株式会社
S100YY3A,2026-08-24,2026-08-24 14:46,89080,2025-06-01,2026-05-31,株式会社毎日コムネット
S100YYE5,2026-08-24,2026-08-24 16:00,70680,2025-06-01,2026-05-31,フィードフォースグループ株式会社
S100YYGF,2026-08-25,2026-08-25 09:15,32970,2025-06-01,2026-05-31,株式会社東武住販
S100YYHK,2026-08-25,2026-08-25 10:07,27910,2025-06-01,2026-05-31,大黒天物産株式会社
S100YXFY,2026-08-25,2026-08-25 10:12,92650,2025-06-01,2026-05-31,ヤマシタヘルスケアホールディングス株式会社
S100YYAI,2026-08-25,2026-08-25 10:17,92160,2025-06-01,2026-05-31,ビーウィズ株式会社
S100YYIN,2026-08-25,2026-08-25 10:41,98120,2025-06-01,2026-05-31,株式会社テーオーホールディングス
S100YYIV,2026-08-25,2026-08-25 11:00,30210,2025-06-01,2026-05-31,株式会社パシフィックネット
S100YYF7,2026-08-25,2026-08-25 11:38,38920,2025-06-01,2026-05-31,株式会社岡山製紙
S100YYK8,2026-08-25,2026-08-25 12:57,29340,2025-06-01,2026-05-31,ジェイフロンティア株式会社
S100YY0T,2026-08-25,2026-08-25 12:57,97650,2025-06-01,2026-05-31,株式会社オオバ
S100YY6D,2026-08-25,2026-08-25 13:00,74870,2025-06-01,2026-05-31,小津産業株式会社
S100YYBG,2026-08-25,2026-08-25 14:20,48850,2025-06-01,2026-05-31,室町ケミカル株式会社
S100YYKZ,2026-08-25,2026-08-25 15:30,60470,2025-06-01,2026-05-31,株式会社Ｇｕｎｏｓｙ
S100YYMC,2026-08-25,2026-08-25 15:30,55750,2025-06-01,2026-05-31,株式会社Ｇｌｏｂｅｅ
S100YYH7,2026-08-25,2026-08-25 16:00,65520,2025-06-01,2026-05-31,株式会社ＧａｍｅＷｉｔｈ
S100YYKB,2026-08-25,2026-08-25 16:55,523A0,2025-06-01,2026-05-31,株式会社セイワホールディングス
S100YYMP,2026-08-26,2026-08-26 09:01,44650,2025-06-01,2026-05-31,株式会社ニイタカ
S100YYLT,2026-08-26,2026-08-26 09:21,21530,2025-06-01,2026-05-31,Ｅ・Ｊホールディングス株式会社
S100YYOS,2026-08-26,2026-08-26 10:10,65050,2025-06-01,2026-05-31,東洋電機製造株式会社
S100YYNO,2026-08-26,2026-08-26 11:39,79210,2025-06-01,2026-05-31,株式会社ＴＡＫＡＲＡ　＆　ＣＯＭＰＡＮＹ
S100YYFP,2026-08-26,2026-08-26 12:53,64960,2025-06-01,2026-05-31,株式会社中北製作所
S100YYEO,2026-08-26,2026-08-26 13:04,13760,2025-06-01,2026-05-31,カネコ種苗株式会社
S100YYEW,2026-08-26,2026-08-26 13:07,96510,2025-06-01,2026-05-31,日本プロセス株式会社
S100YYSK,2026-08-26,2026-08-26 13:33,58690,2025-04-01,2026-05-31,株式会社早稲田学習研究会
S100YYRG,2026-08-26,2026-08-26 13:38,40760,2025-06-01,2026-05-31,株式会社シイエヌエス
S100YYTC,2026-08-26,2026-08-26 14:25,205A0,2025-06-01,2026-05-31,株式会社ロゴスホールディングス
S100YYS4,2026-08-26,2026-08-26 15:03,36450,2025-06-01,2026-05-31,株式会社メディカルネット
S100YYIA,2026-08-26,2026-08-26 15:15,38240,2025-06-01,2026-05-31,メディアファイブ株式会社
S100YYNI,2026-08-26,2026-08-26 15:23,45770,2025-06-01,2026-05-31,ダイト株式会社
S100YYQX,2026-08-26,2026-08-26 15:30,277A0,2025-06-01,2026-05-31,グロービング株式会社
S100YYFR,2026-08-26,2026-08-26 15:30,14190,2025-06-01,2026-05-31,タマホーム株式会社
S100YXP8,2026-08-26,2026-08-26 15:30,41980,2025-06-01,2026-05-31,株式会社テンダ
S100YYRV,2026-08-26,2026-08-26 15:31,37910,2025-06-01,2026-05-31,株式会社ＩＧポート
S100YYUS,2026-08-26,2026-08-26 15:36,340A0,2025-06-01,2026-05-31,株式会社ジグザグ
S100YYQQ,2026-08-26,2026-08-26 15:59,27220,2025-06-01,2026-05-31,株式会社ＩＫホールディングス
S100YYN7,2026-08-26,2026-08-26 16:00,59320,2025-06-01,2026-05-31,三協立山株式会社
S100YYQB,2026-08-26,2026-08-26 16:00,14010,2025-06-01,2026-05-31,株式会社エムビーエス
S100YYGU,2026-08-26,2026-08-26 16:21,60830,2025-06-01,2026-05-31,ＥＲＩホールディングス株式会社
S100YYT8,2026-08-26,2026-08-26 16:32,463A0,2025-12-01,2026-05-31,株式会社インテリックスホールディングス
S100YYO2,2026-08-26,2026-08-26 16:36,372A0,2025-06-01,2026-05-31,株式会社レント
S100YYDI,2026-08-26,2026-08-26 16:42,33490,2025-06-01,2026-05-31,株式会社コスモス薬品
S100YYV1,2026-08-26,2026-08-26 16:47,402A0,2025-06-01,2026-05-31,株式会社アクセルスペースホールディングス
S100YYOW,2026-08-26,2026-08-26 17:04,464A0,2025-12-01,2026-05-31,株式会社ＱＰＳホールディングス
S100YYY4,2026-08-27,2026-08-27 10:05,78080,2025-06-01,2026-05-31,株式会社シー・エス・ランバー
S100YYVJ,2026-08-27,2026-08-27 10:44,33210,2025-06-01,2026-05-31,ミタチ産業株式会社
S100YZ0G,2026-08-27,2026-08-27 12:01,505A0,2025-06-01,2026-05-31,株式会社ギークリー
S100YXXZ,2026-08-27,2026-08-27 12:17,37600,2025-06-01,2026-05-31,株式会社ケイブ
S100YYF5,2026-08-27,2026-08-27 14:12,76730,2025-06-01,2026-05-31,ダイコー通産株式会社
S100YYJX,2026-08-27,2026-08-27 14:40,77250,2025-06-01,2026-05-31,株式会社インターアクション
S100YYVN,2026-08-27,2026-08-27 15:00,35010,2025-06-01,2026-05-31,ＳＵＭＩＮＯＥ株式会社
S100YYUD,2026-08-27,2026-08-27 15:30,44300,2025-06-01,2026-05-31,東海ソフト株式会社
S100YZ0T,2026-08-27,2026-08-27 15:46,48290,2025-06-01,2026-05-31,日本エンタープライズ株式会社
S100YZ31,2026-08-27,2026-08-27 15:51,27690,2025-06-01,2026-05-31,株式会社ヴィレッジヴァンガードコーポレーション
S100YYT4,2026-08-27,2026-08-27 16:00,60440,2025-06-01,2026-05-31,株式会社三機サービス
S100YZ4E,2026-08-27,2026-08-27 16:13,198A0,2025-06-01,2026-05-31,ＰｏｓｔＰｒｉｍｅ株式会社
S100YZ57,2026-08-27,2026-08-27 16:39,189A0,2025-06-01,2026-05-31,株式会社Ｄ＆Ｍカンパニー
S100YZ2B,2026-08-28,2026-08-28 10:35,78880,2025-06-01,2026-05-31,三光合成株式会社
S100YZCT,2026-08-28,2026-08-28 13:19,24620,2025-06-01,2026-05-31,ライク株式会社
S100YZDE,2026-08-28,2026-08-28 13:53,59670,2025-06-01,2026-05-31,ＴＯＮＥ株式会社
S100YZ4M,2026-08-28,2026-08-28 14:33,61500,2025-06-01,2026-05-31,タケダ機械株式会社
S100YZC8,2026-08-28,2026-08-28 15:30,38100,2025-06-01,2026-05-31,サイバーステップホールディングス株式会社
S100YZBZ,2026-08-28,2026-08-28 15:31,353A0,2025-06-01,2026-05-31,エレベーターコミュニケーションズ株式会社
S100YZ8K,2026-08-28,2026-08-28 16:00,82530,2025-06-13,2026-05-31,株式会社クレディセゾン
S100YZF9,2026-08-28,2026-08-28 16:39,32360,2025-06-01,2026-05-31,株式会社プロパスト
S100YZC3,2026-08-28,2026-08-28 16:55,24370,2025-06-01,2026-05-31,Ｓｈｉｎｗａ　Ｗｉｓｅ　Ｈｏｌｄｉｎｇｓ株式会社
S100YZFP,2026-08-28,2026-08-28 16:56,88870,2025-06-01,2026-05-31,株式会社シーラホールディングス
S100YZFU,2026-08-28,2026-08-28 17:00,581A0,2025-06-01,2026-05-31,ＧＯ株式会社
S100YYQN,2026-08-31,2026-08-31 10:00,49230,2025-04-01,2026-03-31,コタ株式会社
S100YZEV,2026-08-31,2026-08-31 13:25,192A0,2025-06-01,2026-05-31,インテグループ株式会社
S100Z0JO,2026-09-04,2026-09-04 15:37,208A0,2025-07-01,2026-06-30,株式会社構造計画研究所ホールディングス
S100Z0VF,2026-09-07,2026-09-07 15:30,00000,2025-01-01,2025-12-31,クラサスケミカル株式会社
S100Z0OS,2026-09-09,2026-09-09 10:59,92670,2025-06-21,2026-06-20,Ｇｅｎｋｙ　ＤｒｕｇＳｔｏｒｅｓ株式会社
S100Z1WR,2026-09-14,2026-09-14 17:08,99420,2025-07-01,2026-06-30,株式会社ジョイフル
S100Z1T7,2026-09-15,2026-09-15 15:00,31910,2025-06-21,2026-06-20,株式会社ジョイフル本田
S100Z29T,2026-09-16,2026-09-16 10:00,79620,2025-06-21,2026-06-20,株式会社キングジム
S100Z2OT,2026-09-16,2026-09-16 15:36,39840,2025-07-01,2026-06-30,株式会社ユーザーローカル
S100Z2CK,2026-09-16,2026-09-16 16:29,48260,2025-07-01,2026-06-30,株式会社ＣＩＪ
S100Z2EI,2026-09-17,2026-09-17 15:31,60900,2025-07-01,2026-06-30,ヒューマン・メタボローム・テクノロジーズ株式会社
S100Z2BE,2026-09-17,2026-09-17 15:31,43850,2025-07-01,2026-06-30,株式会社メルカリ
S100Z32B,2026-09-17,2026-09-17 16:41,92270,2025-04-01,2026-06-30,マイクロ波化学株式会社
S100Z2KC,2026-09-18,2026-09-18 09:34,48470,2025-07-01,2026-06-30,株式会社インテリジェント　ウェイブ
S100Z2QT,2026-09-18,2026-09-18 10:22,56980,2025-07-01,2026-06-30,株式会社エンビプロ・ホールディングス
S100Z32U,2026-09-18,2026-09-18 11:00,24810,2025-07-01,2026-06-30,株式会社タウンニュース社
S100Z38F,2026-09-18,2026-09-18 11:02,38360,2025-07-01,2026-06-30,株式会社アバントグループ
S100Z2Z6,2026-09-18,2026-09-18 12:54,92730,2025-07-01,2026-06-30,コーア商事ホールディングス株式会社
S100Z2G0,2026-09-18,2026-09-18 13:26,91590,2025-07-01,2026-06-30,株式会社Ｗ　ＴＯＫＹＯ
S100Z35K,2026-09-18,2026-09-18 15:30,21540,2025-07-01,2026-06-30,株式会社オープンアップグループ
S100Z35T,2026-09-18,2026-09-18 15:30,65480,2025-07-01,2026-06-30,株式会社旅工房
S100Z33X,2026-09-18,2026-09-18 15:30,43980,2025-07-01,2026-06-30,株式会社ブロードバンドセキュリティ
S100Z37I,2026-09-18,2026-09-18 15:35,93460,2025-07-01,2026-06-30,株式会社ココルポート
S100Z3DI,2026-09-18,2026-09-18 15:40,603A0,2025-07-01,2026-06-30,株式会社アイ・グリッド・ソリューションズ
S100Z2XO,2026-09-18,2026-09-18 15:44,78210,2025-07-01,2026-06-30,前田工繊株式会社
S100Z33F,2026-09-18,2026-09-18 16:00,77070,2025-07-01,2026-06-30,プレシジョン・システム・サイエンス株式会社
S100Z2S2,2026-09-18,2026-09-18 16:07,94210,2025-07-01,2026-06-30,株式会社エヌジェイホールディングス
S100Z2TG,2026-09-18,2026-09-18 17:00,40730,2025-07-01,2026-06-30,株式会社ジィ・シィ企画
S100Z3E4,2026-09-24,2026-09-24 09:13,78090,2025-07-01,2026-06-30,株式会社壽屋
S100Z383,2026-09-24,2026-09-24 09:35,65710,2025-07-01,2026-06-30,キュービーネットホールディングス株式会社
S100Z3FH,2026-09-24,2026-09-24 09:39,378A0,2025-07-01,2026-06-30,株式会社ヒット
S100Z3JA,2026-09-24,2026-09-24 09:45,34390,2025-07-01,2026-06-30,株式会社三ツ知
S100Z3CO,2026-09-24,2026-09-24 09:55,62390,2025-07-01,2026-06-30,株式会社ナガオカ
S100Z3AF,2026-09-24,2026-09-24 10:01,91650,2025-07-01,2026-06-30,株式会社クオルテック
S100Z3L9,2026-09-24,2026-09-24 10:11,73690,2025-07-01,2026-06-30,株式会社メイホーホールディングス
S100Z3LJ,2026-09-24,2026-09-24 10:33,559A0,2025-07-01,2026-06-30,梅乃宿酒造株式会社
S100Z39B,2026-09-24,2026-09-24 10:54,68740,2025-07-01,2026-06-30,協立電機株式会社
S100Z3JY,2026-09-24,2026-09-24 11:05,23850,2025-07-01,2026-06-30,株式会社総医研ホールディングス
S100Z3O7,2026-09-24,2026-09-24 11:10,13810,2025-07-01,2026-06-30,株式会社アクシーズ
S100Z359,2026-09-24,2026-09-24 11:12,63400,2025-07-01,2026-06-30,澁谷工業株式会社
S100Z3HP,2026-09-24,2026-09-24 11:46,76360,2025-07-01,2026-06-30,株式会社ハンズマン
S100Z3O3,2026-09-24,2026-09-24 11:53,14140,2025-07-01,2026-06-30,ショーボンドホールディングス株式会社
S100Z35F,2026-09-24,2026-09-24 12:13,67850,2025-07-01,2026-06-30,株式会社鈴木
S100Z3NV,2026-09-24,2026-09-24 12:18,29040,2025-07-01,2026-06-30,一正蒲鉾株式会社
S100Z3PM,2026-09-24,2026-09-24 12:28,55300,2025-07-01,2026-06-30,日本システムバンク株式会社
S100Z3PS,2026-09-24,2026-09-24 13:00,93400,2025-07-01,2026-06-30,株式会社アソインターナショナル
S100Z37J,2026-09-24,2026-09-24 13:15,32420,2025-07-01,2026-06-30,株式会社アーバネットコーポレーション
S100Z3BW,2026-09-24,2026-09-24 13:16,78120,2025-07-01,2026-06-30,株式会社クレステック
S100Z3IZ,2026-09-24,2026-09-24 13:19,47670,2025-07-01,2026-06-30,株式会社テー・オー・ダブリュー
S100Z3CG,2026-09-24,2026-09-24 14:04,65470,2025-07-01,2026-06-30,株式会社グリーンズ
S100Z3R0,2026-09-24,2026-09-24 14:14,95650,2025-11-01,2026-06-30,ＧＬＯＥ株式会社
S100Z3JM,2026-09-24,2026-09-24 14:31,94440,2026-05-01,2026-05-08,株式会社トーシンホールディングス
S100Z3RZ,2026-09-24,2026-09-24 14:51,40680,2025-07-01,2026-06-30,ベイシス株式会社
S100Z3H2,2026-09-24,2026-09-24 15:10,68880,2025-07-01,2026-06-30,アクモス株式会社
S100Z3CP,2026-09-24,2026-09-24 15:29,33000,2025-07-01,2026-06-30,株式会社アンビションＤＸホールディングス
S100Z3QG,2026-09-24,2026-09-24 15:30,24280,2025-07-01,2026-06-30,ウェルネット株式会社
S100Z3MW,2026-09-24,2026-09-24 15:30,24770,2025-07-01,2026-06-30,手間いらず株式会社
S100Z39P,2026-09-24,2026-09-24 15:30,43260,2025-07-01,2026-06-30,株式会社インテージホールディングス
S100Z3DU,2026-09-24,2026-09-24 15:30,27620,2025-07-01,2026-06-30,株式会社ＳＡＮＫＯ　ＭＡＲＫＥＴＩＮＧ　ＦＯＯＤＳ
S100Z3PT,2026-09-24,2026-09-24 15:33,34570,2025-07-01,2026-06-30,株式会社Ａｎｄ　Ｄｏホールディングス
S100Z32V,2026-09-24,2026-09-24 15:39,69200,2025-07-01,2026-06-30,レーザーテック株式会社
S100Z2YO,2026-09-24,2026-09-24 15:55,30280,2025-07-01,2026-06-30,株式会社アルペン
S100Z3FV,2026-09-24,2026-09-24 15:56,60300,2025-07-01,2026-06-30,株式会社アドベンチャー
S100Z3JC,2026-09-24,2026-09-24 15:57,49760,2025-07-01,2026-06-30,東洋ドライルーブ株式会社
S100Z33V,2026-09-24,2026-09-24 16:00,39580,2025-07-01,2026-06-30,笹徳印刷株式会社
S100Z3TN,2026-09-24,2026-09-24 16:00,141A0,2025-07-01,2026-06-30,株式会社トライアルホールディングス
S100Z3D3,2026-09-24,2026-09-24 16:00,52560,2025-07-01,2026-06-30,株式会社Ｆｕｓｉｃ
S100Z3BY,2026-09-24,2026-09-24 16:00,30410,2025-07-01,2026-06-30,株式会社ビューティカダンホールディングス
S100Z3SN,2026-09-24,2026-09-24 16:01,73200,2025-07-01,2026-06-30,Ｓｏｌｖｖｙ株式会社
S100Z3ME,2026-09-24,2026-09-24 16:08,30970,2025-07-01,2026-06-30,株式会社物語コーポレーション
S100Z3AD,2026-09-24,2026-09-24 16:21,94500,2025-07-01,2026-06-30,株式会社ファイバーゲート
S100Z3FB,2026-09-24,2026-09-24 16:22,62270,2025-07-01,2026-06-30,ＡＩメカテック株式会社
S100Z3TC,2026-09-24,2026-09-24 16:40,197A0,2025-07-01,2026-06-30,株式会社タウンズ
S100Z3ST,2026-09-24,2026-09-24 16:42,95570,2025-07-01,2026-06-30,株式会社エアークローゼット
S100Z2DG,2026-09-24,2026-09-24 16:48,76990,2025-04-01,2026-03-31,オムニ・プラス・システム・リミテッド
S100Z3GH,2026-09-24,2026-09-24 16:50,29380,2025-07-01,2026-06-30,株式会社オカムラ食品工業
S100Z38M,2026-09-25,2026-09-25 09:46,34260,2025-07-01,2026-06-30,アトムリビンテック株式会社
S100Z3BG,2026-09-25,2026-09-25 10:00,71350,2025-07-01,2026-06-30,ジャパンクラフトホールディングス株式会社
S100Z3YV,2026-09-25,2026-09-25 10:51,29620,2025-07-01,2026-06-30,株式会社テクニスコ
S100Z3I1,2026-09-25,2026-09-25 11:06,53800,2025-07-01,2026-06-30,新東株式会社
S100Z3V1,2026-09-25,2026-09-25 12:00,89450,2025-07-01,2026-06-30,サンネクスタグループ株式会社
S100Z3WK,2026-09-25,2026-09-25 13:06,14310,2025-07-01,2026-06-30,株式会社Ｌｉｂ　Ｗｏｒｋ
S100Z42D,2026-09-25,2026-09-25 13:37,50740,2025-07-01,2026-06-30,テスホールディングス株式会社
S100Z42G,2026-09-25,2026-09-25 14:07,75320,2025-07-01,2026-06-30,株式会社パン・パシフィック・インターナショナルホールディングス
S100Z429,2026-09-25,2026-09-25 14:09,43960,2025-07-01,2026-06-30,株式会社システムサポートホールディングス
S100Z44N,2026-09-25,2026-09-25 14:48,77810,2025-07-01,2026-06-30,株式会社平山ホールディングス
S100Z42X,2026-09-25,2026-09-25 15:02,66620,2025-07-01,2026-06-30,株式会社ユビテック
S100Z3WJ,2026-09-25,2026-09-25 15:23,35970,2025-07-01,2026-06-30,株式会社自重堂
S100Z45U,2026-09-25,2026-09-25 15:29,30760,2025-07-01,2026-06-30,あいホールディングス株式会社
S100Z461,2026-09-25,2026-09-25 15:30,44180,2025-07-01,2026-06-30,株式会社ＪＤＳＣ
S100Z3VX,2026-09-25,2026-09-25 15:30,30820,2025-07-01,2026-06-30,株式会社きちりホールディングス
S100Z3UE,2026-09-25,2026-09-25 15:30,598A0,2025-07-01,2026-06-30,チャットプラス株式会社
S100Z3C1,2026-09-25,2026-09-25 15:35,40180,2025-07-01,2026-06-30,株式会社Ｇｅｏｌｏｃａｔｉｏｎ　Ｔｅｃｈｎｏｌｏｇｙ
S100Z3T5,2026-09-25,2026-09-25 15:37,36600,2025-07-01,2026-06-30,株式会社アイスタイル
S100Z3S0,2026-09-25,2026-09-25 15:38,73750,2025-07-01,2026-06-30,株式会社リファインバースグループ
S100Z45E,2026-09-25,2026-09-25 15:39,92190,2025-07-01,2026-06-30,株式会社ギックス
S100Z3KY,2026-09-25,2026-09-25 15:47,67280,2025-07-01,2026-06-30,株式会社　アルバック
S100Z3F1,2026-09-25,2026-09-25 15:53,36320,2025-07-01,2026-06-30,グリーホールディングス株式会社
S100Z39X,2026-09-25,2026-09-25 16:01,44950,2025-07-01,2026-06-30,株式会社アイキューブドシステムズ
S100Z45A,2026-09-25,2026-09-25 16:04,95140,2025-07-01,2026-06-30,株式会社エフオン
S100Z404,2026-09-25,2026-09-25 16:07,60610,2025-07-01,2026-06-30,株式会社ユニバーサル園芸社
S100Z2RN,2026-09-25,2026-09-25 16:09,43910,2025-07-01,2026-06-30,ロジザード株式会社
S100Z46T,2026-09-25,2026-09-25 16:10,75850,2025-07-01,2026-06-30,株式会社かんなん丸
S100Z3J0,2026-09-25,2026-09-25 16:12,196A0,2025-07-01,2026-06-30,株式会社ＭＦＳ
S100Z46V,2026-09-25,2026-09-25 16:20,50340,2025-07-01,2026-06-30,株式会社ｕｎｅｒｒｙ
S100Z483,2026-09-25,2026-09-25 16:40,60360,2025-07-01,2026-06-30,ＫｅｅＰｅｒ技研株式会社
S100Z488,2026-09-28,2026-09-28 09:13,52830,2025-07-01,2026-06-30,株式会社高見澤
S100Z3XS,2026-09-28,2026-09-28 09:14,75000,2025-07-01,2026-06-30,西川計測株式会社
S100Z3MP,2026-09-28,2026-09-28 09:17,13820,2025-07-01,2026-06-30,株式会社ホーブ
S100Z3WT,2026-09-28,2026-09-28 10:00,26890,2025-07-01,2026-06-30,オルバディーブイエックスヘルスケア株式会社
S100Z433,2026-09-28,2026-09-28 10:02,246A0,2025-07-01,2026-06-30,株式会社アスア
S100Z4C6,2026-09-28,2026-09-28 10:04,63270,2025-07-01,2026-06-30,北川精機株式会社
S100Z45G,2026-09-28,2026-09-28 10:08,46570,2025-07-01,2026-06-30,株式会社環境管理センター
S100Z3ZU,2026-09-28,2026-09-28 10:26,93440,2025-07-01,2026-06-30,アクシスコンサルティング株式会社
S100Z43N,2026-09-28,2026-09-28 10:30,17880,2025-07-01,2026-06-30,株式会社三東工業社
S100Z42V,2026-09-28,2026-09-28 10:39,89120,2025-07-01,2026-06-30,株式会社エリアクエスト
S100Z468,2026-09-28,2026-09-28 10:52,36250,2025-07-01,2026-06-30,テックファームホールディングス株式会社
S100YZ8R,2026-09-28,2026-09-28 11:03,19990,2025-07-01,2026-06-30,サイタホールディングス株式会社
S100Z48T,2026-09-28,2026-09-28 11:31,31540,2025-07-01,2026-06-30,メディアスホールディングス株式会社
S100Z4HA,2026-09-28,2026-09-28 12:36,89280,2025-07-01,2026-06-30,穴吹興産株式会社
S100Z4H9,2026-09-28,2026-09-28 12:58,407A0,2025-07-01,2026-06-30,株式会社ＵＮＩＣＯＮホールディングス
S100Z3YQ,2026-09-28,2026-09-28 13:00,73710,2025-07-01,2026-06-30,Ｚｅｎｋｅｎ株式会社
S100Z4DE,2026-09-28,2026-09-28 13:10,17640,2025-07-01,2026-06-30,工藤建設株式会社
S100Z4HT,2026-09-28,2026-09-28 13:13,34460,2025-07-01,2026-06-30,株式会社ジェイテックコーポレーション
S100Z4HZ,2026-09-28,2026-09-28 13:16,39160,2025-07-01,2026-06-30,デジタル・インフォメーション・テクノロジー株式会社
S100Z4I4,2026-09-28,2026-09-28 13:24,60380,2025-07-01,2026-06-30,株式会社イード
S100Z4CW,2026-09-28,2026-09-28 13:27,61560,2025-07-01,2026-06-30,株式会社エーワン精密
S100Z4FH,2026-09-28,2026-09-28 13:30,60620,2025-07-01,2026-06-30,株式会社チャーム・ケア・コーポレーション
S100Z3L6,2026-09-28,2026-09-28 13:31,17160,2025-07-01,2026-06-30,第一カッター興業株式会社
S100Z4J8,2026-09-28,2026-09-28 14:39,28200,2025-07-01,2026-06-30,株式会社やまみ
S100Z4KK,2026-09-28,2026-09-28 15:00,34690,2025-07-01,2026-06-30,株式会社デュアルタップ
S100Z3SS,2026-09-28,2026-09-28 15:00,77470,2025-07-01,2026-06-30,朝日インテック株式会社
S100Z4JK,2026-09-28,2026-09-28 15:02,74090,2025-07-01,2026-06-30,ＡｅｒｏＥｄｇｅ株式会社
S100Z492,2026-09-28,2026-09-28 15:05,40540,2025-07-01,2026-06-30,日本情報クリエイト株式会社
S100Z4KT,2026-09-28,2026-09-28 15:14,65970,2025-07-01,2026-06-30,ＨＰＣシステムズ株式会社
S100Z46R,2026-09-28,2026-09-28 15:29,31350,2025-07-01,2026-06-30,株式会社マーケットエンタープライズ
S100Z4CX,2026-09-28,2026-09-28 15:30,48450,2025-07-01,2026-06-30,株式会社スカラ
S100Z4LD,2026-09-28,2026-09-28 15:30,584A0,2025-07-01,2026-06-30,ＬｉＮＫＸ株式会社
S100Z40G,2026-09-28,2026-09-28 15:30,151A0,2025-07-01,2026-06-30,株式会社ダイブグループ
S100Z1RU,2026-09-28,2026-09-28 15:30,40520,2025-07-01,2026-06-30,フィーチャ株式会社
S100YMFV,2026-09-28,2026-09-28 15:30,78130,2025-07-01,2026-06-30,株式会社プラッツ
S100Z4FT,2026-09-28,2026-09-28 15:30,51250,2025-07-01,2026-06-30,株式会社ファインズ
S100Z49G,2026-09-28,2026-09-28 15:32,36750,2025-07-01,2026-06-30,株式会社クロス・マーケティンググループ
S100Z4J4,2026-09-28,2026-09-28 15:33,78030,2025-07-01,2026-06-30,株式会社ブシロード
S100Z403,2026-09-28,2026-09-28 15:33,78260,2025-07-01,2026-06-30,株式会社フルヤ金属
S100Z4H1,2026-09-28,2026-09-28 15:39,94170,2025-07-01,2026-06-30,株式会社スマートバリュー
S100Z4LO,2026-09-28,2026-09-28 15:44,44780,2025-07-01,2026-06-30,フリー株式会社
S100Z40H,2026-09-28,2026-09-28 15:51,35380,2025-07-01,2026-06-30,株式会社ウイルプラスホールディングス
S100Z4IW,2026-09-28,2026-09-28 15:58,38080,2025-07-01,2026-06-30,株式会社オーケーウェブ
S100Z3K3,2026-09-28,2026-09-28 16:00,386A0,2025-07-01,2026-06-30,株式会社みのや
S100Z4GS,2026-09-28,2026-09-28 16:05,73250,2025-07-01,2026-06-30,株式会社アイリックコーポレーション
S100Z448,2026-09-28,2026-09-28 16:10,39860,2025-07-01,2026-06-30,株式会社ビーブレイクシステムズ
S100Z4IM,2026-09-28,2026-09-28 16:30,31400,2025-07-01,2026-06-30,ＢＲＵＮＯ株式会社
S100Z4MR,2026-09-28,2026-09-28 16:31,36390,2025-07-01,2026-06-30,株式会社ボルテージ
S100Z4N9,2026-09-28,2026-09-28 16:46,32860,2025-07-01,2026-06-30,トラストホールディングス株式会社
S100Z4OA,2026-09-28,2026-09-28 16:53,157A0,2025-07-01,2026-06-30,グリーンモンスター株式会社
S100Z4BV,2026-09-29,2026-09-29 10:09,31110,2025-04-01,2026-03-31,オーミケンシ株式会社
S100Z4PA,2026-09-29,2026-09-29 12:00,21720,2025-07-01,2026-06-30,株式会社インサイト
S100Z4LC,2026-09-29,2026-09-29 12:34,70630,2025-07-01,2026-06-30,株式会社Ｂｉｒｄｍａｎ
S100Z4XU,2026-09-29,2026-09-29 13:43,194A0,2025-07-01,2026-06-30,株式会社ＷＯＬＶＥＳ　ＨＡＮＤ
S100Z4Z3,2026-09-29,2026-09-29 15:30,634A0,2025-07-01,2026-06-30,株式会社レイヤード
S100Z4GF,2026-09-29,2026-09-29 15:30,42630,2025-07-01,2026-06-30,サスメド株式会社
S100Z3K6,2026-09-29,2026-09-29 15:30,387A0,2025-07-01,2026-06-30,フラー株式会社
S100Z4S4,2026-09-29,2026-09-29 15:31,58840,2025-07-01,2026-06-30,株式会社クラダシ
S100Z4LV,2026-09-29,2026-09-29 15:32,55820,2025-07-01,2026-06-30,株式会社グリッド
S100Z50D,2026-09-29,2026-09-29 15:33,91620,2025-07-01,2026-06-30,株式会社ブリーチ
S100Z4G9,2026-09-29,2026-09-29 15:40,45750,2025-07-01,2026-06-30,株式会社キャンバス
S100Z4WQ,2026-09-29,2026-09-29 16:03,52540,2025-07-01,2026-06-30,株式会社Ａｒｅｎｔ
S100Z4B6,2026-09-29,2026-09-29 16:53,94390,2025-07-01,2026-06-30,株式会社エム・エイチ・グループ
S100Z50O,2026-09-30,2026-09-30 09:28,59870,2025-07-01,2026-06-30,株式会社オーネックス
S100Z59R,2026-09-30,2026-09-30 11:03,93610,2025-07-01,2026-06-30,伏木海陸運送株式会社
S100Z5AL,2026-09-30,2026-09-30 11:36,90280,2025-07-01,2026-06-30,株式会社ゼロ
S100Z55N,2026-09-30,2026-09-30 12:00,624A0,2025-07-01,2026-06-30,かがやきホールディングス株式会社
S100Z5DN,2026-09-30,2026-09-30 14:24,607A0,2025-07-01,2026-06-30,株式会社エブリー
S100Z57M,2026-09-30,2026-09-30 15:12,69080,2025-04-01,2026-03-31,イリソ電子工業株式会社
S100Z571,2026-09-30,2026-09-30 15:35,43350,2025-07-01,2026-06-30,ＩＰＳホールディングス株式会社
S100Z5CA,2026-09-30,2026-09-30 15:50,65940,2025-04-01,2026-03-31,ニデック株式会社
S100Z4Q1,2026-09-30,2026-09-30 16:31,73770,2025-07-01,2026-06-30,ＤＮホールディングス株式会社
S100Z5HJ,2026-09-30,2026-09-30 16:48,40690,2025-04-01,2026-03-31,株式会社ＢｌｕｅＭｅｍｅ
