id,date,submit,sec,period_start,period_end,filer
S100HQYR,2020-01-16,2020-01-16 13:10,79590,2018-10-21,2019-10-20,株式会社オリバー
S100HQOD,2020-01-16,2020-01-16 13:37,47070,2018-10-21,2019-10-20,株式会社キタック
S100HRQ8,2020-01-20,2020-01-20 09:20,76400,2018-11-01,2019-10-31,株式会社トップカルチャー
S100HSSW,2020-01-24,2020-01-24 15:00,78560,2018-11-01,2019-10-31,萩原工業株式会社
S100HSLO,2020-01-24,2020-01-24 15:08,32480,2018-11-01,2019-10-31,株式会社アールエイジ
S100HSNC,2020-01-27,2020-01-27 09:29,23010,2018-11-01,2019-10-31,株式会社学情
S100HS4S,2020-01-27,2020-01-27 09:53,37330,2018-11-01,2019-10-31,株式会社ソフトウェア・サービス
S100HR6D,2020-01-27,2020-01-27 15:22,72790,2018-11-01,2019-10-31,株式会社ハイレックスコーポレーション
S100HSYU,2020-01-27,2020-01-27 16:08,89170,2018-11-01,2019-10-31,ファースト住建株式会社
S100HT0T,2020-01-28,2020-01-28 10:58,96780,2018-11-01,2019-10-31,株式会社カナモト
S100HSK7,2020-01-28,2020-01-28 11:10,18730,2018-11-01,2019-10-31,株式会社日本ハウスホールディングス
S100HT0R,2020-01-28,2020-01-28 13:18,18400,2018-11-01,2019-10-31,株式会社土屋ホールディングス
S100HT9F,2020-01-28,2020-01-28 14:19,23750,2018-11-01,2019-10-31,ギグワークス株式会社
S100HT4W,2020-01-28,2020-01-28 14:49,48800,2018-11-01,2019-10-31,セルソース株式会社
S100HSR8,2020-01-28,2020-01-28 15:00,21980,2018-11-01,2019-10-31,アイ・ケイ・ケイ株式会社
S100HT2V,2020-01-29,2020-01-29 09:00,46270,2018-11-01,2019-10-31,ナトコ株式会社
S100HTFU,2020-01-29,2020-01-29 10:03,78310,2018-11-01,2019-10-31,株式会社ウイルコホールディングス
S100HS3W,2020-01-29,2020-01-29 10:05,79830,2018-11-01,2019-10-31,株式会社ミロク
S100HT8H,2020-01-29,2020-01-29 13:06,72650,2018-11-01,2019-10-31,エイケン工業株式会社
S100HTG2,2020-01-29,2020-01-29 15:00,34800,2018-11-01,2019-10-31,株式会社ジェイ・エス・ビー
S100HTMA,2020-01-29,2020-01-29 15:42,43550,2018-11-01,2019-10-31,ロングライフホールディング株式会社
S100HTDB,2020-01-29,2020-01-29 15:49,23450,2019-01-01,2019-10-31,アイスタディ株式会社
S100HTOQ,2020-01-29,2020-01-29 16:51,34910,2018-11-01,2019-10-31,株式会社ＧＡ　ｔｅｃｈｎｏｌｏｇｉｅｓ
S100HTOW,2020-01-29,2020-01-29 17:10,78050,2018-11-01,2019-10-31,プリントネット株式会社
S100HTVL,2020-01-30,2020-01-30 11:26,96030,2018-11-01,2019-10-31,株式会社エイチ・アイ・エス
S100HTVS,2020-01-30,2020-01-30 11:29,70340,2018-11-01,2019-10-31,株式会社プロレド・パートナーズ
S100HSUN,2020-01-30,2020-01-30 13:28,49960,2018-11-01,2019-10-31,クミアイ化学工業株式会社
S100HTVU,2020-01-30,2020-01-30 13:40,88940,2018-11-01,2019-10-31,株式会社ＲＥＶＯＬＵＴＩＯＮ
S100HTLK,2020-01-30,2020-01-30 14:29,34190,2018-11-01,2019-10-31,アートグリーン株式会社
S100HTIV,2020-01-30,2020-01-30 14:47,34750,2018-11-01,2019-10-31,株式会社グッドコムアセット
S100HU19,2020-01-30,2020-01-30 15:00,92790,2018-11-01,2019-10-31,株式会社ギフト
S100HSYK,2020-01-30,2020-01-30 15:03,23150,2018-11-01,2019-10-31,株式会社カイカ
S100HTQY,2020-01-30,2020-01-30 15:12,26950,2018-11-01,2019-10-31,くら寿司株式会社
S100HTQ1,2020-01-30,2020-01-30 15:20,80790,2018-11-01,2019-10-31,正栄食品工業株式会社
S100HU2U,2020-01-30,2020-01-30 15:23,76050,2018-11-01,2019-10-31,株式会社　フジ・コーポレーション
S100HTDK,2020-01-30,2020-01-30 15:35,44410,2018-11-01,2019-10-31,トビラシステムズ株式会社
S100HTQF,2020-01-30,2020-01-30 15:50,31950,2018-11-01,2019-10-31,株式会社ジェネレーションパス
S100HTA8,2020-01-30,2020-01-30 15:51,38040,2018-11-01,2019-10-31,株式会社システム　ディ
S100HTIE,2020-01-30,2020-01-30 16:06,36530,2018-11-01,2019-10-31,株式会社モルフォ
S100HU34,2020-01-30,2020-01-30 16:14,63090,2018-11-01,2019-10-31,巴工業株式会社
S100HTOZ,2020-01-30,2020-01-30 16:22,52180,2018-11-01,2019-10-31,株式会社オハラ
S100HTNP,2020-01-30,2020-01-30 16:46,78040,2018-11-01,2019-10-31,株式会社ビーアンドピー
S100HU3O,2020-01-30,2020-01-30 17:07,23730,2018-11-01,2019-10-31,株式会社ケア２１
S100HUB7,2020-01-31,2020-01-31 09:58,78270,2018-11-01,2019-10-31,株式会社オービス
S100HU5Y,2020-01-31,2020-01-31 10:23,80770,2018-11-01,2019-10-31,小林産業株式会社
S100HUC0,2020-01-31,2020-01-31 10:37,98240,2018-11-01,2019-10-31,泉州電業株式会社
S100HUCI,2020-01-31,2020-01-31 10:56,39760,2018-11-01,2019-10-31,株式会社シャノン
S100HU8T,2020-01-31,2020-01-31 14:44,13830,2018-11-01,2019-10-31,ベルグアース株式会社
S100HU5M,2020-01-31,2020-01-31 15:00,39740,2018-11-01,2019-10-31,株式会社ティビィシィ・スキヤツト
S100HU8O,2020-01-31,2020-01-31 15:13,70330,2018-11-01,2019-10-31,株式会社マネジメントソリューションズ
S100HU6X,2020-01-31,2020-01-31 15:17,60490,2018-11-01,2019-10-31,株式会社イトクロ
S100HT49,2020-01-31,2020-01-31 16:10,46660,2018-11-01,2019-10-31,パーク二四株式会社（定款上の商号　パーク２４株式会社）
S100HUKA,2020-01-31,2020-01-31 16:49,30380,2018-11-01,2019-10-31,株式会社神戸物産
S100I2F6,2020-02-20,2020-02-20 09:13,79650,2018-11-21,2019-11-20,象印マホービン株式会社
S100I1M1,2020-02-20,2020-02-20 10:17,98720,2018-11-21,2019-11-20,北恵株式会社
S100I2VM,2020-02-20,2020-02-20 15:00,39940,2018-12-01,2019-11-30,株式会社マネーフォワード
S100I30G,2020-02-20,2020-02-20 15:00,64740,2018-12-01,2019-11-30,株式会社不二越
S100I37N,2020-02-20,2020-02-20 16:16,32670,2018-12-01,2019-11-30,株式会社フィル・カンパニー
S100I32H,2020-02-20,2020-02-20 17:03,66640,2018-12-01,2019-11-30,株式会社オプトエレクトロニクス
S100I2VQ,2020-02-21,2020-02-21 09:06,49950,2018-12-01,2019-11-30,サンケイ化学株式会社
S100I31A,2020-02-21,2020-02-21 14:44,31860,2018-12-01,2019-11-30,株式会社ネクステージ
S100I2U3,2020-02-21,2020-02-21 15:01,65580,2018-12-01,2019-11-30,クックビズ株式会社
S100I3DG,2020-02-21,2020-02-21 16:01,46160,2018-12-01,2019-11-30,川上塗料株式会社
S100I3FY,2020-02-21,2020-02-21 16:30,28300,2018-12-01,2019-11-30,アヲハタ株式会社
S100I2T9,2020-02-25,2020-02-25 09:04,93690,2018-12-01,2019-11-30,株式会社キユーソー流通システム
S100I2GD,2020-02-25,2020-02-25 09:19,61360,2018-12-01,2019-11-30,オーエスジー株式会社
S100I3IK,2020-02-25,2020-02-25 09:45,27340,2018-12-01,2019-11-30,株式会社サーラコーポレーション
S100I3RC,2020-02-26,2020-02-26 12:04,34540,2018-12-01,2019-11-30,ファーストブラザーズ株式会社
S100I3K3,2020-02-26,2020-02-26 14:17,32010,2018-12-01,2019-11-30,日本毛織株式会社
S100HST3,2020-02-26,2020-02-26 15:00,49920,2018-12-01,2019-11-30,北興化学工業株式会社
S100I3GY,2020-02-26,2020-02-26 15:06,59420,2018-12-01,2019-11-30,日本フイルコン株式会社
S100I3YQ,2020-02-26,2020-02-26 15:41,80950,2018-12-01,2019-11-30,イワキ株式会社
S100I3MS,2020-02-26,2020-02-26 16:10,75940,2018-12-01,2019-11-30,株式会社マルカ
S100I3H1,2020-02-27,2020-02-27 09:32,62170,2018-12-01,2019-11-30,津田駒工業株式会社
S100I41F,2020-02-27,2020-02-27 10:33,29750,2018-12-01,2019-11-30,スター・マイカ・ホールディングス株式会社
S100I3RK,2020-02-27,2020-02-27 11:16,99720,2018-12-01,2019-11-30,アルテック株式会社
S100I47Z,2020-02-27,2020-02-27 11:24,31390,2018-12-01,2019-11-30,株式会社ラクト・ジャパン
S100I35A,2020-02-27,2020-02-27 11:47,93130,2018-12-01,2019-11-30,丸八倉庫株式会社
S100I3BI,2020-02-27,2020-02-27 13:37,78790,2018-12-01,2019-11-30,株式会社ノダ
S100I426,2020-02-27,2020-02-27 13:37,98370,2018-12-01,2019-11-30,モリト株式会社
S100I3XG,2020-02-27,2020-02-27 13:38,97200,2018-12-01,2019-11-30,株式会社ホテル、ニューグランド
S100I3GB,2020-02-27,2020-02-27 14:02,75010,2018-12-01,2019-11-30,株式会社ティムコ
S100I4BC,2020-02-27,2020-02-27 14:25,30890,2018-12-01,2019-11-30,テクノアルファ株式会社
S100I2EK,2020-02-27,2020-02-27 14:41,43610,2018-12-01,2019-11-30,川口化学工業株式会社
S100I3YX,2020-02-27,2020-02-27 15:00,89230,2018-12-01,2019-11-30,トーセイ株式会社
S100I1EC,2020-02-27,2020-02-27 15:06,96470,2018-12-01,2019-11-30,株式会社協和コンサルタンツ
S100I475,2020-02-27,2020-02-27 15:08,39070,2018-12-01,2019-11-30,シリコンスタジオ株式会社
S100I42G,2020-02-27,2020-02-27 15:19,35470,2018-12-01,2019-11-30,株式会社串カツ田中ホールディングス
S100HXB9,2020-02-27,2020-02-27 15:27,60760,2018-12-01,2019-11-30,株式会社アメイズ
S100I49T,2020-02-27,2020-02-27 15:37,79970,2018-12-01,2019-11-30,株式会社くろがね工作所
S100I4DS,2020-02-27,2020-02-27 15:50,70740,2018-12-01,2019-11-30,株式会社トゥエンティーフォーセブン
S100I43F,2020-02-27,2020-02-27 16:00,33770,2018-12-01,2019-11-30,株式会社バイク王＆カンパニー
S100I413,2020-02-27,2020-02-27 16:13,26980,2018-12-01,2019-11-30,株式会社キャンドゥ
S100I4EE,2020-02-27,2020-02-27 16:30,66340,2018-12-01,2019-11-30,株式会社ネクスグループ
S100I4A8,2020-02-27,2020-02-27 17:10,97170,2018-12-01,2019-11-30,株式会社ジャステック
S100I4AL,2020-02-28,2020-02-28 09:02,72270,2018-12-01,2019-11-30,アスカ株式会社
S100I3TG,2020-02-28,2020-02-28 09:17,41870,2018-12-01,2019-11-30,大阪有機化学工業株式会社
S100I4IF,2020-02-28,2020-02-28 09:46,46730,2018-12-01,2019-11-30,川崎地質株式会社
S100I4G4,2020-02-28,2020-02-28 10:16,68660,2019-01-01,2019-12-31,日置電機株式会社
S100I4IN,2020-02-28,2020-02-28 10:20,64920,2018-12-01,2019-11-30,岡野バルブ製造株式会社
S100I3JL,2020-02-28,2020-02-28 10:26,28090,2018-12-01,2019-11-30,キユーピー株式会社
S100I4HW,2020-02-28,2020-02-28 10:33,24930,2018-12-01,2019-11-30,イーサポートリンク株式会社
S100I3UW,2020-02-28,2020-02-28 10:36,24710,2018-12-01,2019-11-30,株式会社エスプール
S100I4EM,2020-02-28,2020-02-28 11:00,70830,2018-12-01,2019-11-30,ＡＨＣグループ株式会社
S100I4JL,2020-02-28,2020-02-28 11:11,53410,2018-12-01,2019-11-30,アサヒ衛陶株式会社
S100I4KQ,2020-02-28,2020-02-28 12:10,43940,2018-12-01,2019-11-30,株式会社エクスモーション
S100I4FH,2020-02-28,2020-02-28 12:31,32660,2018-12-01,2019-11-30,株式会社ファンドクリエーショングループ
S100I48N,2020-02-28,2020-02-28 14:17,61120,2018-12-01,2019-11-30,株式会社　小島鐵工所
S100I4HA,2020-02-28,2020-02-28 15:05,32440,2018-12-01,2019-11-30,サムティ株式会社
S100I4ML,2020-02-28,2020-02-28 16:02,60640,2018-12-01,2019-11-30,株式会社アクトコール
S100I6U5,2020-03-12,2020-03-12 10:43,37840,2019-01-01,2019-12-31,株式会社ヴィンクス
S100I6UF,2020-03-12,2020-03-12 16:23,41510,2019-01-01,2019-12-31,協和キリン株式会社
S100I6V0,2020-03-13,2020-03-13 10:31,24080,2018-12-21,2019-12-20,株式会社ＫＧ情報
S100I79O,2020-03-13,2020-03-13 10:49,43120,2019-01-01,2019-12-31,サイバネットシステム株式会社
S100I69M,2020-03-13,2020-03-13 13:39,22680,2019-01-01,2019-12-31,Ｂ－Ｒ　サーティワン　アイスクリーム株式会社
S100I6KK,2020-03-13,2020-03-13 15:02,28110,2019-01-01,2019-12-31,カゴメ株式会社
S100I759,2020-03-13,2020-03-13 15:06,66970,2019-01-01,2019-12-31,テックポイント・インク（Ｔｅｃｈｐｏｉｎｔ，Ｉｎｃ．）
S100I7MQ,2020-03-16,2020-03-16 12:50,68580,2019-01-01,2019-12-31,株式会社小野測器
S100I7FX,2020-03-16,2020-03-16 16:03,89960,2019-01-01,2019-12-31,株式会社ハウスフリーダム
S100I6SD,2020-03-17,2020-03-17 10:04,98300,2019-01-01,2019-12-31,トラスコ中山株式会社
S100I7SL,2020-03-17,2020-03-17 13:40,30030,2019-01-01,2019-12-31,ヒューリック株式会社
S100I88P,2020-03-18,2020-03-18 13:43,30910,2019-01-01,2019-12-31,株式会社ブロンコビリー
S100I7TT,2020-03-18,2020-03-18 14:12,66630,2018-12-21,2019-12-20,太洋工業株式会社
S100I8QO,2020-03-19,2020-03-19 10:01,74220,2018-12-21,2019-12-20,東邦レマック株式会社
S100I82B,2020-03-19,2020-03-19 11:40,76750,2018-10-01,2019-12-31,セントラルフォレストグループ株式会社
S100I8NM,2020-03-19,2020-03-19 11:51,47720,2019-01-01,2019-12-31,株式会社ストリームメディアコーポレーション
S100I8LY,2020-03-19,2020-03-19 12:20,14350,2019-01-01,2019-12-31,株式会社ＴＡＴＥＲＵ
S100I8LE,2020-03-19,2020-03-19 13:05,21690,2019-01-01,2019-12-31,ＣＤＳ株式会社
S100I8G2,2020-03-19,2020-03-19 13:07,85940,2019-01-01,2019-12-31,中道リース株式会社
S100I886,2020-03-19,2020-03-19 14:16,65600,2019-01-01,2019-12-31,株式会社エル・ティー・エス
S100I8K8,2020-03-19,2020-03-19 14:18,62690,2019-01-01,2019-12-31,三井海洋開発株式会社
S100I7T6,2020-03-19,2020-03-19 14:56,63260,2019-01-01,2019-12-31,株式会社　クボタ
S100I7T2,2020-03-19,2020-03-19 15:30,21950,2019-01-01,2019-12-31,アミタホールディングス株式会社
S100I8OL,2020-03-19,2020-03-19 16:10,67890,2019-01-01,2019-12-31,ローランド　ディー．ジー．株式会社
S100I91E,2020-03-19,2020-03-19 16:47,29140,2019-01-01,2019-12-31,日本たばこ産業株式会社
S100I946,2020-03-23,2020-03-23 09:34,58190,2019-01-01,2019-12-31,カナレ電気株式会社
S100I8ZU,2020-03-23,2020-03-23 09:36,37760,2019-01-01,2019-12-31,株式会社ブロードバンドタワー
S100I8IB,2020-03-23,2020-03-23 10:02,78330,2019-01-01,2019-12-31,株式会社アイフィスジャパン
S100I934,2020-03-23,2020-03-23 10:21,24290,2019-01-01,2019-12-31,株式会社ワールドホールディングス
S100I8C1,2020-03-23,2020-03-23 11:19,36950,2019-01-01,2019-12-31,ＧＭＯリサーチ株式会社
S100I9BL,2020-03-23,2020-03-23 14:05,60260,2019-01-01,2019-12-31,ＧＭＯ　ＴＥＣＨ株式会社
S100I99V,2020-03-23,2020-03-23 14:40,30470,2019-01-01,2019-12-31,株式会社ＴＲＵＣＫ－ＯＮＥ
S100I8T1,2020-03-23,2020-03-23 15:00,61710,2019-01-01,2019-12-31,株式会社土木管理総合試験所
S100I86N,2020-03-23,2020-03-23 15:00,25330,2019-01-01,2019-12-31,オエノンホールディングス株式会社
S100I8XF,2020-03-23,2020-03-23 15:00,64810,2019-01-01,2019-12-31,ＴＨＫ株式会社
S100I8N6,2020-03-23,2020-03-23 15:29,38520,2019-01-01,2019-12-31,サイバーコム株式会社
S100I9DG,2020-03-23,2020-03-23 15:33,71770,2019-01-01,2019-12-31,ＧＭＯフィナンシャルホールディングス株式会社
S100I9CT,2020-03-23,2020-03-23 16:08,61800,2019-01-01,2019-12-31,ＧＭＯメディア株式会社
S100I9FQ,2020-03-23,2020-03-23 16:43,94490,2019-01-01,2019-12-31,ＧＭＯインターネット株式会社
S100I9DH,2020-03-24,2020-03-24 12:16,30400,2019-01-01,2019-12-31,株式会社ソリトンシステムズ
S100I9G8,2020-03-24,2020-03-24 12:34,32990,2019-01-01,2019-12-31,株式会社ムゲンエステート
S100I9O3,2020-03-24,2020-03-24 13:04,47840,2019-01-01,2019-12-31,ＧＭＯアドパートナーズ株式会社
S100I9NN,2020-03-24,2020-03-24 13:15,94410,2019-01-01,2019-12-31,株式会社ベルパーク
S100I9OD,2020-03-24,2020-03-24 13:20,39400,2019-01-01,2019-12-31,株式会社ノムラシステムコーポレーション
S100I9BE,2020-03-24,2020-03-24 13:21,48120,2019-01-01,2019-12-31,株式会社電通国際情報サービス
S100I8YU,2020-03-24,2020-03-24 13:26,53950,2019-01-01,2019-12-31,理研コランダム株式会社
S100I9FS,2020-03-24,2020-03-24 14:46,49270,2019-01-01,2019-12-31,株式会社ポーラ・オルビスホールディングス
S100I9Q1,2020-03-24,2020-03-24 15:31,60710,2019-01-01,2019-12-31,株式会社ＩＢＪ
S100I82B,2020-03-24,2020-03-19 11:40,76750,2019-04-01,2019-12-31,セントラルフォレストグループ株式会社
S100I9HA,2020-03-24,2020-03-24 16:01,51080,2019-01-01,2019-12-31,株式会社ブリヂストン
S100I9FA,2020-03-24,2020-03-24 16:09,39020,2019-01-01,2019-12-31,メディカル・データ・ビジョン株式会社
S100I929,2020-03-24,2020-03-24 16:11,37880,2019-01-01,2019-12-31,ＧＭＯクラウド株式会社
S100I8XG,2020-03-24,2020-03-24 16:37,97490,2019-01-01,2019-12-31,富士ソフト株式会社
S100I96B,2020-03-24,2020-03-24 17:01,44490,2019-01-01,2019-12-31,株式会社ギフティ
S100I9V1,2020-03-24,2020-03-24 17:04,61410,2019-01-01,2019-12-31,ＤＭＧ森精機株式会社
S100I95W,2020-03-25,2020-03-25 10:00,60770,2019-01-01,2019-12-31,株式会社Ｎ・フィールド
S100I9QO,2020-03-25,2020-03-25 10:22,39470,2019-01-01,2019-12-31,ダイナパック株式会社
S100I96Z,2020-03-25,2020-03-25 10:26,22060,2019-04-01,2019-12-31,江崎グリコ株式会社
S100IA2K,2020-03-25,2020-03-25 10:45,36640,2019-01-01,2019-12-31,株式会社モブキャストホールディングス
S100I9DD,2020-03-25,2020-03-25 11:00,62650,2019-01-01,2019-12-31,株式会社妙徳
S100I9BS,2020-03-25,2020-03-25 11:25,79150,2019-01-01,2019-12-31,ＮＩＳＳＨＡ株式会社
S100I9IW,2020-03-25,2020-03-25 11:29,21930,2019-01-01,2019-12-31,クックパッド株式会社
S100I9SE,2020-03-25,2020-03-25 12:02,31380,2019-01-01,2019-12-31,株式会社富士山マガジンサービス
S100I9VR,2020-03-25,2020-03-25 12:12,72280,2019-01-01,2019-12-31,株式会社デイトナ
S100I9OU,2020-03-25,2020-03-25 13:09,22110,2019-01-01,2019-12-31,株式会社不二家
S100IA6O,2020-03-25,2020-03-25 13:12,26750,2019-01-01,2019-12-31,株式会社ダイナックホールディングス
S100I95O,2020-03-25,2020-03-25 14:00,18970,2019-01-01,2019-12-31,金下建設株式会社
S100I9X6,2020-03-25,2020-03-25 14:08,33860,2019-01-01,2019-12-31,コスモ・バイオ株式会社
S100I8QQ,2020-03-25,2020-03-25 14:18,49550,2019-01-01,2019-12-31,アグロ　カネショウ株式会社
S100I86V,2020-03-25,2020-03-25 14:22,26930,2019-01-01,2019-12-31,ＹＫＴ株式会社
S100I9Q9,2020-03-25,2020-03-25 14:32,88040,2019-01-01,2019-12-31,東京建物株式会社
S100I9AK,2020-03-25,2020-03-25 14:39,43560,2019-01-01,2019-12-31,応用技術株式会社
S100IA61,2020-03-25,2020-03-25 14:40,49110,2019-01-01,2019-12-31,株式会社資生堂
S100IA9E,2020-03-25,2020-03-25 14:52,70370,2019-01-01,2019-12-31,株式会社テノ．ホールディングス
S100IA9C,2020-03-25,2020-03-25 14:57,50150,2019-01-01,2019-12-31,ビーピー・カストロール株式会社
S100I9NP,2020-03-25,2020-03-25 15:00,39110,2019-01-01,2019-12-31,株式会社Ａｉｍｉｎｇ
S100I9KE,2020-03-25,2020-03-25 15:00,62350,2019-01-01,2019-12-31,株式会社オプトラン
S100I8BU,2020-03-25,2020-03-25 15:02,47250,2019-01-01,2019-12-31,株式会社ＣＡＣ　Ｈｏｌｄｉｎｇｓ
S100IA30,2020-03-25,2020-03-25 15:03,27520,2019-01-01,2019-12-31,株式会社フジオフードシステム
S100IABD,2020-03-25,2020-03-25 15:03,44520,2019-01-01,2019-12-31,花王株式会社
S100IA16,2020-03-25,2020-03-25 15:07,79720,2019-01-01,2019-12-31,株式会社イトーキ
S100I9VU,2020-03-25,2020-03-25 15:10,73140,2019-01-01,2019-12-31,株式会社小田原機器
S100I9CY,2020-03-25,2020-03-25 15:20,62680,2019-01-01,2019-12-31,ナブテスコ株式会社
S100I9GJ,2020-03-25,2020-03-25 15:26,24060,2019-01-01,2019-12-31,株式会社アルテサロンホールディングス
S100IADM,2020-03-25,2020-03-25 15:28,49710,2019-01-01,2019-12-31,メック株式会社
S100I9YI,2020-03-25,2020-03-25 15:30,29700,2019-01-01,2019-12-31,株式会社グッドライフカンパニー
S100I9HI,2020-03-25,2020-03-25 15:35,79570,2019-01-01,2019-12-31,フジコピアン株式会社
S100I9XF,2020-03-25,2020-03-25 15:40,43210,2019-01-01,2019-12-31,ケネディクス株式会社
S100I9WZ,2020-03-25,2020-03-25 16:00,65530,2019-01-01,2019-12-31,ソウルドアウト株式会社
S100IA0T,2020-03-25,2020-03-25 16:04,70810,2019-01-01,2019-12-31,コーユーレンティア株式会社
S100IA6R,2020-03-25,2020-03-25 16:13,30540,2019-01-01,2019-12-31,株式会社ハイパー
S100I9YS,2020-03-25,2020-03-25 16:29,36960,2019-01-01,2019-12-31,株式会社セレス
S100IAFO,2020-03-25,2020-03-25 16:38,45650,2019-01-01,2019-12-31,そーせいグループ株式会社
S100I9XY,2020-03-25,2020-03-25 16:47,39680,2019-01-01,2019-12-31,セグエグループ株式会社
S100IAFR,2020-03-25,2020-03-25 17:00,60340,2019-04-01,2019-12-31,ＭＲＴ株式会社
S100IADG,2020-03-26,2020-03-26 09:13,68170,2019-01-01,2019-12-31,スミダコーポレーション株式会社
S100IANL,2020-03-26,2020-03-26 09:36,70480,2019-01-01,2019-12-31,ベルトラ株式会社
S100I9Y4,2020-03-26,2020-03-26 09:37,72720,2019-01-01,2019-12-31,ヤマハ発動機株式会社
S100IAOD,2020-03-26,2020-03-26 09:52,81130,2019-01-01,2019-12-31,ユニ・チャーム株式会社
S100IAOY,2020-03-26,2020-03-26 09:59,60990,2019-01-01,2019-12-31,株式会社エラン
S100IAOK,2020-03-26,2020-03-26 10:08,17180,2019-01-01,2019-12-31,美樹工業株式会社
S100IAP0,2020-03-26,2020-03-26 10:16,62950,2019-01-01,2019-12-31,富士変速機株式会社
S100IAHR,2020-03-26,2020-03-26 10:20,25020,2019-01-01,2019-12-31,アサヒグループホールディングス株式会社
S100I9I7,2020-03-26,2020-03-26 10:31,81790,2019-01-01,2019-12-31,ロイヤルホールディングス株式会社
S100IAR2,2020-03-26,2020-03-26 11:02,36300,2019-01-01,2019-12-31,株式会社電算システム
S100IAP9,2020-03-26,2020-03-26 11:18,36590,2019-01-01,2019-12-31,株式会社ネクソン
S100I7UA,2020-03-26,2020-03-26 11:18,24610,2019-01-01,2019-12-31,株式会社ファンコミュニケーションズ
S100IAGK,2020-03-26,2020-03-26 11:20,16050,2019-04-01,2019-12-31,国際石油開発帝石株式会社
S100IAET,2020-03-26,2020-03-26 11:25,47120,2019-04-01,2019-12-31,株式会社ＫｅｙＨｏｌｄｅｒ
S100IAIC,2020-03-26,2020-03-26 11:27,77400,2019-01-01,2019-12-31,株式会社タムロン
S100IA8Z,2020-03-26,2020-03-26 11:36,79760,2019-01-01,2019-12-31,三菱鉛筆株式会社
S100IAT0,2020-03-26,2020-03-26 11:38,48400,2019-01-01,2019-12-31,株式会社トライアイズ
S100I9JZ,2020-03-26,2020-03-26 11:40,49630,2019-01-01,2019-12-31,星光ＰＭＣ株式会社
S100I54Q,2020-03-26,2020-03-26 11:40,64640,2019-01-01,2019-12-31,株式会社ツバキ・ナカシマ
S100IA84,2020-03-26,2020-03-26 11:49,44040,2019-01-01,2019-12-31,ミヨシ油脂株式会社
S100I8Y1,2020-03-26,2020-03-26 12:14,39010,2019-01-01,2019-12-31,マークラインズ株式会社
S100I8KW,2020-03-26,2020-03-26 12:47,80600,2019-01-01,2019-12-31,キヤノンマーケティングジャパン株式会社
S100IAV5,2020-03-26,2020-03-26 13:02,47220,2019-01-01,2019-12-31,フューチャー株式会社
S100IAMQ,2020-03-26,2020-03-26 13:04,24180,2019-01-01,2019-12-31,株式会社ツカダ・グローバルホールディング
S100IAIP,2020-03-26,2020-03-26 13:05,22660,2019-01-01,2019-12-31,六甲バター株式会社
S100IAJC,2020-03-26,2020-03-26 13:06,56990,2019-01-01,2019-12-31,株式会社イボキン
S100I9FD,2020-03-26,2020-03-26 13:06,33550,2019-01-01,2019-12-31,クリヤマホールディングス株式会社
S100I9D7,2020-03-26,2020-03-26 13:06,69290,2019-01-01,2019-12-31,日本セラミック株式会社
S100IA92,2020-03-26,2020-03-26 13:07,35660,2019-01-01,2019-12-31,ユニフォームネクスト株式会社
S100IA65,2020-03-26,2020-03-26 13:09,51840,2019-01-01,2019-12-31,株式会社ニチリン
S100IAHE,2020-03-26,2020-03-26 13:12,67690,2019-01-01,2019-12-31,ザインエレクトロニクス株式会社
S100IA85,2020-03-26,2020-03-26 13:16,49190,2019-01-01,2019-12-31,株式会社ミルボン
S100IACV,2020-03-26,2020-03-26 13:19,46330,2019-01-01,2019-12-31,サカタインクス株式会社
S100IA0D,2020-03-26,2020-03-26 13:34,40250,2019-01-01,2019-12-31,多木化学株式会社
S100I9HP,2020-03-26,2020-03-26 13:38,45510,2019-01-01,2019-12-31,鳥居薬品株式会社
S100IAIA,2020-03-26,2020-03-26 13:41,47460,2019-01-01,2019-12-31,株式会社東計電算
S100IA67,2020-03-26,2020-03-26 13:49,79860,2019-01-01,2019-12-31,日本アイ・エス・ケイ株式会社
S100IA87,2020-03-26,2020-03-26 13:52,62660,2019-01-01,2019-12-31,タツモ株式会社
S100I9XA,2020-03-26,2020-03-26 13:56,97220,2019-01-01,2019-12-31,藤田観光株式会社
S100IA0A,2020-03-26,2020-03-26 14:00,46420,2019-01-01,2019-12-31,オリジナル設計株式会社
S100IAXA,2020-03-26,2020-03-26 14:02,27770,2019-01-01,2019-12-31,株式会社カッシーナ・イクスシー
S100IADF,2020-03-26,2020-03-26 14:11,64110,2019-01-01,2019-12-31,中野冷機株式会社
S100IAY9,2020-03-26,2020-03-26 14:12,47040,2019-01-01,2019-12-31,トレンドマイクロ株式会社
S100IAYD,2020-03-26,2020-03-26 14:19,80900,2019-01-01,2019-12-31,昭光通商株式会社
S100IAB7,2020-03-26,2020-03-26 14:27,27000,2019-01-01,2019-12-31,木徳神糧株式会社
S100I9Y6,2020-03-26,2020-03-26 14:29,69140,2019-01-01,2019-12-31,オプテックスグループ株式会社
S100IAWX,2020-03-26,2020-03-26 14:30,65570,2019-01-01,2019-12-31,株式会社ｇｌｏｂａｌ　ｂｒｉｄｇｅ　ＨＯＬＤＩＮＧＳ
S100IAK9,2020-03-26,2020-03-26 14:30,24910,2019-01-01,2019-12-31,バリューコマース株式会社
S100I9VE,2020-03-26,2020-03-26 14:43,34050,2019-01-01,2019-12-31,株式会社クラレ
S100I92A,2020-03-26,2020-03-26 14:47,66940,2019-01-01,2019-12-31,株式会社ズーム
S100IB06,2020-03-26,2020-03-26 14:51,40040,2019-01-01,2019-12-31,昭和電工株式会社
S100IA3W,2020-03-26,2020-03-26 15:00,21240,2019-01-01,2019-12-31,株式会社ジェイエイシーリクルートメント
S100IAGZ,2020-03-26,2020-03-26 15:00,18990,2019-01-01,2019-12-31,株式会社福田組
S100I99P,2020-03-26,2020-03-26 15:00,45760,2019-01-01,2019-12-31,株式会社デ・ウエスタン・セラピテクス研究所
S100IAQ8,2020-03-26,2020-03-26 15:00,42510,2019-01-01,2019-12-31,恵和株式会社
S100IAL5,2020-03-26,2020-03-26 15:01,76850,2019-01-01,2019-12-31,株式会社ＢｕｙＳｅｌｌ　Ｔｅｃｈｎｏｌｏｇｉｅｓ
S100I9AT,2020-03-26,2020-03-26 15:01,34360,2019-01-01,2019-12-31,株式会社ＳＵＭＣＯ
S100IAHD,2020-03-26,2020-03-26 15:02,23840,2019-01-01,2019-12-31,ＳＢＳホールディングス株式会社
S100IA2P,2020-03-26,2020-03-26 15:02,96720,2019-01-01,2019-12-31,東京都競馬株式会社
S100IAPA,2020-03-26,2020-03-26 15:04,36750,2019-01-01,2019-12-31,株式会社クロス・マーケティンググループ
S100I9Z3,2020-03-26,2020-03-26 15:04,23110,2019-01-01,2019-12-31,株式会社エプコ
S100IA10,2020-03-26,2020-03-26 15:05,69150,2019-01-01,2019-12-31,千代田インテグレ株式会社
S100IAC1,2020-03-26,2020-03-26 15:06,89140,2019-01-01,2019-12-31,エリアリンク株式会社
S100IACP,2020-03-26,2020-03-26 15:07,46340,2019-01-01,2019-12-31,東洋インキＳＣホールディングス株式会社
S100IAWQ,2020-03-26,2020-03-26 15:09,66270,2019-01-01,2019-12-31,株式会社テラプローブ
S100IAI2,2020-03-26,2020-03-26 15:09,59430,2019-01-01,2019-12-31,株式会社ノーリツ
S100I9GQ,2020-03-26,2020-03-26 15:10,42210,2019-01-01,2019-12-31,大倉工業株式会社
S100IB2G,2020-03-26,2020-03-26 15:18,25970,2019-01-01,2019-12-31,株式会社ユニカフェ
S100IB22,2020-03-26,2020-03-26 15:18,70360,2019-01-01,2019-12-31,株式会社イーエムネットジャパン
S100IAVB,2020-03-26,2020-03-26 15:19,39090,2019-01-01,2019-12-31,株式会社ショーケース
S100I9ZC,2020-03-26,2020-03-26 15:20,65370,2019-01-01,2019-12-31,ＷＡＳＨハウス株式会社
S100IAJX,2020-03-26,2020-03-26 15:21,91760,2019-01-01,2019-12-31,佐渡汽船株式会社
S100IACH,2020-03-26,2020-03-26 15:30,32770,2019-01-01,2019-12-31,株式会社サンセイランディック
S100IASF,2020-03-26,2020-03-26 15:30,60290,2019-01-01,2019-12-31,アトラ株式会社
S100IASW,2020-03-26,2020-03-26 15:32,24270,2019-01-01,2019-12-31,株式会社アウトソーシング
S100IARO,2020-03-26,2020-03-26 15:33,93860,2019-01-01,2019-12-31,日本コンセプト株式会社
S100IAXV,2020-03-26,2020-03-26 15:35,95430,2019-01-01,2019-12-31,静岡ガス株式会社
S100IAAR,2020-03-26,2020-03-26 15:40,41890,2019-01-01,2019-12-31,ＫＨネオケム株式会社
S100IAH0,2020-03-26,2020-03-26 15:42,63280,2019-01-01,2019-12-31,荏原実業株式会社
S100IB3J,2020-03-26,2020-03-26 15:43,39500,2019-01-01,2019-12-31,ザ・パック株式会社
S100IAWF,2020-03-26,2020-03-26 15:43,23300,2019-01-01,2019-12-31,株式会社フォーサイド
S100IA5L,2020-03-26,2020-03-26 15:50,24360,2019-01-01,2019-12-31,共同ピーアール株式会社
S100IB39,2020-03-26,2020-03-26 16:00,62740,2019-04-01,2019-12-31,ヤマハモーターロボティクスホールディングス株式会社
S100IB07,2020-03-26,2020-03-26 16:00,70800,2019-01-01,2019-12-31,株式会社スポーツフィールド
S100I9SD,2020-03-26,2020-03-26 16:02,39750,2019-01-01,2019-12-31,ＡＯＩ　ＴＹＯ　Ｈｏｌｄｉｎｇｓ　株式会社
S100I9V3,2020-03-26,2020-03-26 16:03,65400,2019-01-01,2019-12-31,株式会社船場
S100HWZ6,2020-03-26,2020-03-26 16:04,66330,2019-01-01,2019-12-31,株式会社Ｃ＆Ｇシステムズ
S100IB14,2020-03-26,2020-03-26 16:05,30530,2019-01-01,2019-12-31,株式会社ペッパーフードサービス
S100IAZO,2020-03-26,2020-03-26 16:10,78490,2019-01-01,2019-12-31,スターツ出版株式会社
S100IB51,2020-03-26,2020-03-26 16:12,34860,2019-01-01,2019-12-31,株式会社グローバル・リンク・マネジメント
S100IB5D,2020-03-26,2020-03-26 16:19,36670,2019-01-01,2019-12-31,株式会社ｅｎｉｓｈ
S100IB4B,2020-03-26,2020-03-26 16:28,45820,2019-01-01,2019-12-31,シンバイオ製薬株式会社
S100IAF5,2020-03-26,2020-03-26 16:32,47760,2019-01-01,2019-12-31,サイボウズ株式会社
S100IAFE,2020-03-26,2020-03-26 16:40,36230,2019-01-01,2019-12-31,ビリングシステム株式会社
S100IB3S,2020-03-26,2020-03-26 16:43,21740,2019-01-01,2019-12-31,ＧＣＡ株式会社
S100I4RG,2020-03-26,2020-03-26 16:45,46690,2019-01-01,2019-12-31,株式会社ニッパンレンタル
S100IB6U,2020-03-26,2020-03-26 16:51,64650,2019-01-01,2019-12-31,ホシザキ株式会社
S100IB6S,2020-03-26,2020-03-26 17:04,44770,2019-01-01,2019-12-31,ＢＡＳＥ株式会社
S100IB4J,2020-03-26,2020-03-26 17:11,97580,2019-01-01,2019-12-31,ジャパンシステム株式会社
S100IBE6,2020-03-27,2020-03-27 09:07,32610,2019-01-01,2019-12-31,株式会社グランディーズ
S100IB4W,2020-03-27,2020-03-27 09:11,88920,2019-01-01,2019-12-31,株式会社日本エスコン
S100IAMZ,2020-03-27,2020-03-27 09:14,93840,2019-01-01,2019-12-31,内外トランスライン株式会社
S100IAVZ,2020-03-27,2020-03-27 09:27,77180,2019-01-01,2019-12-31,スター精密株式会社
S100IBEZ,2020-03-27,2020-03-27 09:27,59500,2019-01-01,2019-12-31,日本パワーファスニング株式会社
S100IB9H,2020-03-27,2020-03-27 09:27,85080,2019-04-01,2019-12-31,Ｊトラスト株式会社
S100I9ZO,2020-03-27,2020-03-27 09:29,77390,2019-01-01,2019-12-31,キヤノン電子株式会社
S100IBCF,2020-03-27,2020-03-27 09:31,89460,2019-01-01,2019-12-31,株式会社ＡＳＩＡＮ　ＳＴＡＲ
S100I92R,2020-03-27,2020-03-27 09:35,91730,2019-01-01,2019-12-31,東海汽船株式会社
S100IBFF,2020-03-27,2020-03-27 09:41,59970,2019-01-01,2019-12-31,協立エアテック株式会社
S100IAZZ,2020-03-27,2020-03-27 09:43,50100,2019-01-01,2019-12-31,日本精蝋株式会社
S100IBFU,2020-03-27,2020-03-27 09:49,96210,2019-01-01,2019-12-31,株式会社建設技術研究所
S100IA93,2020-03-27,2020-03-27 09:56,73090,2019-01-01,2019-12-31,株式会社シマノ
S100IAYV,2020-03-27,2020-03-27 09:58,25790,2019-01-01,2019-12-31,コカ・コーラボトラーズジャパンホールディングス株式会社
S100IB4R,2020-03-27,2020-03-27 09:59,46410,2019-01-01,2019-12-31,株式会社アルプス技研
S100IBEN,2020-03-27,2020-03-27 10:04,30640,2019-01-01,2019-12-31,株式会社ＭｏｎｏｔａＲＯ
S100I94U,2020-03-27,2020-03-27 10:09,55420,2019-01-01,2019-12-31,新報国製鉄株式会社
S100IB4M,2020-03-27,2020-03-27 10:12,46120,2019-01-01,2019-12-31,日本ペイントホールディングス株式会社
S100IBH3,2020-03-27,2020-03-27 10:17,70610,2019-01-01,2019-12-31,日本ホスピスホールディングス株式会社
S100IBFN,2020-03-27,2020-03-27 10:19,81650,2019-01-01,2019-12-31,株式会社千趣会
S100IBHK,2020-03-27,2020-03-27 10:26,41070,2019-01-01,2019-12-31,伊勢化学工業株式会社
S100IAOO,2020-03-27,2020-03-27 10:27,39480,2019-01-01,2019-12-31,光ビジネスフォーム株式会社
S100I85I,2020-03-27,2020-03-27 10:35,64400,2019-01-01,2019-12-31,ＪＵＫＩ株式会社
S100IBIP,2020-03-27,2020-03-27 10:44,60630,2019-01-01,2019-12-31,日本エマージェンシーアシスタンス株式会社
S100IBIQ,2020-03-27,2020-03-27 10:45,45720,2019-01-01,2019-12-31,カルナバイオサイエンス株式会社
S100IA4C,2020-03-27,2020-03-27 10:45,97310,2019-01-01,2019-12-31,株式会社白洋舍
S100IAK4,2020-03-27,2020-03-27 11:17,51100,2019-01-01,2019-12-31,住友ゴム工業株式会社
S100IBK2,2020-03-27,2020-03-27 11:17,44810,2019-01-01,2019-12-31,ベース株式会社
S100IA4U,2020-03-27,2020-03-27 11:30,44630,2019-01-01,2019-12-31,日華化学株式会社
S100IBKK,2020-03-27,2020-03-27 11:30,45960,2019-01-01,2019-12-31,窪田製薬ホールディングス株式会社
S100I9RF,2020-03-27,2020-03-27 11:33,70380,2019-01-01,2019-12-31,フロンティア・マネジメント株式会社
S100IAMR,2020-03-27,2020-03-27 11:37,60540,2019-01-01,2019-12-31,株式会社リブセンス
S100IBJJ,2020-03-27,2020-03-27 11:39,51870,2019-01-01,2019-12-31,クリエートメディック株式会社
S100IATG,2020-03-27,2020-03-27 11:40,97020,2019-01-01,2019-12-31,株式会社アイ・エス・ビー
S100IAZ2,2020-03-27,2020-03-27 11:43,37190,2019-01-01,2019-12-31,株式会社ジェクシード
S100IAQA,2020-03-27,2020-03-27 12:01,43510,2019-01-01,2019-12-31,株式会社山田債権回収管理総合事務所
S100I7T8,2020-03-27,2020-03-27 12:06,20090,2019-01-01,2019-12-31,鳥越製粉株式会社
S100IAL9,2020-03-27,2020-03-27 12:14,53370,2019-01-01,2019-12-31,ダントーホールディングス株式会社
S100IAOM,2020-03-27,2020-03-27 12:32,89090,2019-01-01,2019-12-31,株式会社シノケングループ
S100IAAE,2020-03-27,2020-03-27 12:35,61490,2019-01-01,2019-12-31,株式会社小田原エンジニアリング
S100IB9W,2020-03-27,2020-03-27 12:42,44500,2019-01-01,2019-12-31,株式会社パワーソリューションズ
S100IAF2,2020-03-27,2020-03-27 12:48,96560,2019-01-01,2019-12-31,グリーンランドリゾート株式会社
S100I9QR,2020-03-27,2020-03-27 12:53,92600,2019-01-01,2019-12-31,西本Ｗｉｓｍｅｔｔａｃホールディングス株式会社
S100IBKS,2020-03-27,2020-03-27 13:03,14290,2019-01-01,2019-12-31,株式会社日本アクア
S100IBD9,2020-03-27,2020-03-27 13:07,39660,2019-01-01,2019-12-31,株式会社ユーザベース
S100IB0U,2020-03-27,2020-03-27 13:07,49850,2019-01-01,2019-12-31,アース製薬株式会社
S100IAYH,2020-03-27,2020-03-27 13:08,67220,2019-01-01,2019-12-31,株式会社エイアンドティー
S100IAWD,2020-03-27,2020-03-27 13:09,46310,2019-01-01,2019-12-31,ＤＩＣ株式会社
S100IAHZ,2020-03-27,2020-03-27 13:10,33020,2019-01-01,2019-12-31,帝国繊維株式会社
S100I9ZP,2020-03-27,2020-03-27 13:12,53020,2019-01-01,2019-12-31,日本カーボン株式会社
S100IAY5,2020-03-27,2020-03-27 13:13,52010,2019-01-01,2019-12-31,ＡＧＣ株式会社
S100I9TO,2020-03-27,2020-03-27 13:14,97680,2019-01-01,2019-12-31,いであ株式会社
S100IB64,2020-03-27,2020-03-27 13:17,78460,2019-01-01,2019-12-31,株式会社パイロットコーポレーション
S100I9UI,2020-03-27,2020-03-27 13:18,49670,2019-01-01,2019-12-31,小林製薬株式会社
S100IB9D,2020-03-27,2020-03-27 13:20,47680,2019-01-01,2019-12-31,株式会社　大塚商会
S100IBIA,2020-03-27,2020-03-27 13:25,97550,2019-01-01,2019-12-31,応用地質株式会社
S100IBMG,2020-03-27,2020-03-27 13:27,21500,2019-01-01,2019-12-31,株式会社ケアネット
S100I8YR,2020-03-27,2020-03-27 13:30,58510,2019-01-01,2019-12-31,リョービ株式会社
S100IB7L,2020-03-27,2020-03-27 13:36,51010,2019-01-01,2019-12-31,横浜ゴム株式会社
S100IB8D,2020-03-27,2020-03-27 13:37,94190,2019-01-01,2019-12-31,株式会社ワイヤレスゲート
S100I9S5,2020-03-27,2020-03-27 13:38,42860,2019-01-01,2019-12-31,株式会社レッグス
S100IA7Q,2020-03-27,2020-03-27 13:38,42450,2019-01-01,2019-12-31,株式会社ダイキアクシス
S100IBOW,2020-03-27,2020-03-27 13:45,45880,2019-01-01,2019-12-31,オンコリスバイオファーマ株式会社
S100I9PX,2020-03-27,2020-03-27 13:58,39440,2019-04-01,2019-12-31,古林紙工株式会社
S100IASO,2020-03-27,2020-03-27 13:58,61430,2019-01-01,2019-12-31,株式会社ソディック
S100IBQ9,2020-03-27,2020-03-27 14:09,14000,2019-01-01,2019-12-31,ルーデン・ホールディングス株式会社
S100I7KP,2020-03-27,2020-03-27 14:19,22120,2019-01-01,2019-12-31,山崎製パン株式会社
S100IB7E,2020-03-27,2020-03-27 14:21,62910,2019-01-01,2019-12-31,日本エアーテック株式会社
S100IAP2,2020-03-27,2020-03-27 14:22,42350,2019-01-01,2019-12-31,ウルトラファブリックス・ホールディングス株式会社
S100IAQ0,2020-03-27,2020-03-27 14:33,42480,2019-01-01,2019-12-31,竹本容器株式会社
S100I88N,2020-03-27,2020-03-27 14:40,68530,2019-01-01,2019-12-31,株式会社共和電業
S100IBRR,2020-03-27,2020-03-27 14:48,44860,2019-01-01,2019-12-31,ユナイトアンドグロウ株式会社
S100IBQM,2020-03-27,2020-03-27 14:49,39980,2019-01-01,2019-12-31,株式会社すららネット
S100IBRY,2020-03-27,2020-03-27 14:50,35400,2019-01-01,2019-12-31,株式会社歯愛メディカル
S100IAXD,2020-03-27,2020-03-27 14:50,40450,2019-01-01,2019-12-31,東亞合成株式会社
S100IB7A,2020-03-27,2020-03-27 14:52,39610,2019-01-01,2019-12-31,シルバーエッグ・テクノロジー株式会社
S100IBB5,2020-03-27,2020-03-27 14:56,78410,2019-01-01,2019-12-31,株式会社遠藤製作所
S100IBQT,2020-03-27,2020-03-27 14:59,65610,2019-01-01,2019-12-31,株式会社ＨＡＮＡＴＯＵＲ　ＪＡＰＡＮ
S100IBFB,2020-03-27,2020-03-27 15:00,79630,2019-01-01,2019-12-31,興研株式会社
S100IBQ1,2020-03-27,2020-03-27 15:00,39280,2019-01-01,2019-12-31,株式会社マイネット
S100IAD1,2020-03-27,2020-03-27 15:00,47550,2019-01-01,2019-12-31,楽天株式会社
S100IAPO,2020-03-27,2020-03-27 15:00,59590,2019-01-01,2019-12-31,岡部株式会社
S100IA8M,2020-03-27,2020-03-27 15:00,66400,2019-01-01,2019-12-31,第一精工株式会社
S100IBNS,2020-03-27,2020-03-27 15:01,71720,2019-01-01,2019-12-31,株式会社ジャパンインベストメントアドバイザー
S100IBQS,2020-03-27,2020-03-27 15:02,43240,2019-01-01,2019-12-31,株式会社電通グループ
S100IBIC,2020-03-27,2020-03-27 15:02,45790,2019-01-01,2019-12-31,ラクオリア創薬株式会社
S100IBAN,2020-03-27,2020-03-27 15:03,39380,2019-01-01,2019-12-31,ＬＩＮＥ株式会社
S100IA71,2020-03-27,2020-03-27 15:04,95390,2019-01-01,2019-12-31,京葉瓦斯株式会社
S100IB86,2020-03-27,2020-03-27 15:04,55630,2019-01-01,2019-12-31,新日本電工株式会社
S100IB9K,2020-03-27,2020-03-27 15:06,39810,2019-01-01,2019-12-31,株式会社ビーグリー
S100IBT6,2020-03-27,2020-03-27 15:06,39140,2019-01-01,2019-12-31,ＪＩＧ－ＳＡＷ株式会社
S100IBBS,2020-03-27,2020-03-27 15:07,34740,2019-01-01,2019-12-31,Ｇ－ＦＡＣＴＯＲＹ株式会社
S100IB41,2020-03-27,2020-03-27 15:08,34160,2019-01-01,2019-12-31,ピクスタ株式会社
S100IAUE,2020-03-27,2020-03-27 15:10,70820,2019-01-01,2019-12-31,株式会社ジモティー
S100IBQW,2020-03-27,2020-03-27 15:10,89290,2019-01-01,2019-12-31,株式会社青山財産ネットワークス
S100IBT2,2020-03-27,2020-03-27 15:11,93990,2019-01-01,2019-12-31,ビート・ホールディングス・リミテッド　（貝德控股有限公司、Ｂｅａｔ　Ｈｏｌｄｉｎｇｓ　Ｌｉｍｉｔｅｄ）
S100IB70,2020-03-27,2020-03-27 15:12,77510,2019-01-01,2019-12-31,キヤノン株式会社
S100IBLT,2020-03-27,2020-03-27 15:12,88850,2019-01-01,2019-12-31,株式会社ラ・アトレ
S100IBB8,2020-03-27,2020-03-27 15:16,76130,2019-01-01,2019-12-31,シークス株式会社
S100IBTS,2020-03-27,2020-03-27 15:18,45830,2019-01-01,2019-12-31,株式会社カイオム・バイオサイエンス
S100IBDS,2020-03-27,2020-03-27 15:18,39830,2019-01-01,2019-12-31,株式会社オロ
S100IAMO,2020-03-27,2020-03-27 15:18,96220,2019-01-01,2019-12-31,株式会社スペース
S100IBTT,2020-03-27,2020-03-27 15:23,66190,2019-01-01,2019-12-31,ダブル・スコープ株式会社
S100I3XL,2020-03-27,2020-03-27 15:26,39130,2019-01-01,2019-12-31,株式会社ｓＭｅｄｉｏ
S100IBSY,2020-03-27,2020-03-27 15:27,34450,2019-01-01,2019-12-31,株式会社ＲＳ　Ｔｅｃｈｎｏｌｏｇｉｅｓ
S100IAXO,2020-03-27,2020-03-27 15:27,67230,2019-01-01,2019-12-31,ルネサスエレクトロニクス株式会社
S100IBCW,2020-03-27,2020-03-27 15:29,72440,2019-01-01,2019-12-31,市光工業株式会社
S100IAZN,2020-03-27,2020-03-27 15:30,51050,2019-01-01,2019-12-31,ＴＯＹＯ　ＴＩＲＥ株式会社
S100IBLN,2020-03-27,2020-03-27 15:30,44380,2019-01-01,2019-12-31,株式会社Ｗｅｌｂｙ
S100I7RQ,2020-03-27,2020-03-27 15:31,62780,2019-01-01,2019-12-31,ユニオンツール株式会社
S100IA6Z,2020-03-27,2020-03-27 15:32,25030,2019-01-01,2019-12-31,キリンホールディングス株式会社
S100IBU6,2020-03-27,2020-03-27 15:33,70930,2019-01-01,2019-12-31,アディッシュ株式会社
S100IB76,2020-03-27,2020-03-27 15:33,66530,2019-01-01,2019-12-31,株式会社正興電機製作所
S100I9HT,2020-03-27,2020-03-27 15:35,21910,2019-01-01,2019-12-31,テラ株式会社
S100IBTB,2020-03-27,2020-03-27 15:38,36730,2019-01-01,2019-12-31,株式会社ブロードリーフ
S100IB53,2020-03-27,2020-03-27 15:50,96310,2019-01-01,2019-12-31,株式会社東急レクリエーション
S100IBTX,2020-03-27,2020-03-27 15:52,22150,2019-01-01,2019-12-31,第一屋製パン株式会社
S100IAU9,2020-03-27,2020-03-27 15:53,53010,2019-01-01,2019-12-31,東海カーボン株式会社
S100IBVI,2020-03-27,2020-03-27 15:53,44480,2019-01-01,2019-12-31,Ｃｈａｔｗｏｒｋ株式会社
S100IB7X,2020-03-27,2020-03-27 16:00,47640,2019-02-01,2019-12-31,ＳＡＭＵＲＡＩ＆Ｊ　ＰＡＲＴＮＥＲＳ株式会社
S100IALZ,2020-03-27,2020-03-27 16:00,82020,2019-01-01,2019-12-31,ラオックス株式会社
S100IB7R,2020-03-27,2020-03-27 16:00,44800,2019-01-01,2019-12-31,株式会社メドレー
S100I8V2,2020-03-27,2020-03-27 16:00,31050,2019-01-01,2019-12-31,日清紡ホールディングス株式会社
S100IAGP,2020-03-27,2020-03-27 16:03,41860,2019-01-01,2019-12-31,東京応化工業株式会社
S100IBVX,2020-03-27,2020-03-27 16:06,60810,2019-01-01,2019-12-31,アライドアーキテクツ株式会社
S100IBU8,2020-03-27,2020-03-27 16:09,68350,2019-01-01,2019-12-31,アライドテレシスホールディングス株式会社
S100IAWM,2020-03-27,2020-03-27 16:17,30010,2019-01-01,2019-12-31,片倉工業株式会社
S100IBVP,2020-03-27,2020-03-27 16:20,39040,2019-01-01,2019-12-31,株式会社カヤック
S100IBQX,2020-03-27,2020-03-27 16:26,79890,2019-01-01,2019-12-31,立川ブラインド工業株式会社
S100IBMM,2020-03-27,2020-03-27 16:30,36810,2019-01-01,2019-12-31,株式会社ブイキューブ
S100IBCY,2020-03-27,2020-03-27 16:39,60670,2019-01-01,2019-12-31,インパクトホールディングス株式会社
S100IBP2,2020-03-27,2020-03-27 16:46,39120,2019-01-01,2019-12-31,株式会社モバイルファクトリー
S100I9VI,2020-03-27,2020-03-27 16:51,32410,2019-01-01,2019-12-31,株式会社ウィル
S100IBDX,2020-03-27,2020-03-27 16:53,27430,2019-01-01,2019-12-31,ピクセルカンパニーズ株式会社
S100I9CI,2020-03-27,2020-03-27 17:04,64250,2019-01-01,2019-12-31,株式会社ユニバーサルエンターテインメント
S100IBYN,2020-03-27,2020-03-27 17:08,80290,2019-01-01,2019-12-31,株式会社ルックホールディングス
S100I7OF,2020-03-30,2020-03-30 09:00,49120,2019-01-01,2019-12-31,ライオン株式会社
S100IA2I,2020-03-30,2020-03-30 09:01,77160,2019-01-01,2019-12-31,株式会社ナカニシ
S100IBXU,2020-03-30,2020-03-30 09:06,64000,2019-01-01,2019-12-31,不二精機株式会社
S100IBQV,2020-03-30,2020-03-30 09:08,65460,2019-01-01,2019-12-31,フルテック株式会社
S100IBS8,2020-03-30,2020-03-30 09:15,79360,2019-01-01,2019-12-31,株式会社アシックス
S100IAZA,2020-03-30,2020-03-30 09:16,25730,2019-01-01,2019-12-31,北海道コカ・コーラボトリング株式会社
S100IBZA,2020-03-30,2020-03-30 09:19,49790,2019-01-01,2019-12-31,ＯＡＴアグリオ株式会社
S100IBXI,2020-03-30,2020-03-30 09:20,94160,2019-01-01,2019-12-31,株式会社ビジョン
S100IA5N,2020-03-30,2020-03-30 09:21,80400,2019-01-01,2019-12-31,株式会社東京ソワール
S100IC57,2020-03-30,2020-03-30 09:36,45630,2019-01-01,2019-12-31,アンジェス株式会社
S100IASP,2020-03-30,2020-03-30 09:38,24990,2019-01-01,2019-12-31,日本和装ホールディングス株式会社
S100I9MC,2020-03-30,2020-03-30 09:41,48480,2019-01-01,2019-12-31,株式会社フルキャストホールディングス
S100IAPM,2020-03-30,2020-03-30 09:51,98270,2019-01-01,2019-12-31,リリカラ株式会社
S100IAG4,2020-03-30,2020-03-30 10:00,45950,2019-01-01,2019-12-31,株式会社ミズホメディー
S100IA57,2020-03-30,2020-03-30 10:00,75310,2019-01-01,2019-12-31,清和中央ホールディングス株式会社
S100IC6M,2020-03-30,2020-03-30 10:02,57040,2019-01-01,2019-12-31,株式会社ＪＭＣ
S100IAR6,2020-03-30,2020-03-30 10:15,77760,2019-01-01,2019-12-31,株式会社セルシード
S100IC6Q,2020-03-30,2020-03-30 10:17,52140,2019-01-01,2019-12-31,日本電気硝子株式会社
S100IC7B,2020-03-30,2020-03-30 10:19,33500,2019-01-01,2019-12-31,株式会社レッド・プラネット・ジャパン
S100I9R5,2020-03-30,2020-03-30 10:20,32040,2019-01-01,2019-12-31,株式会社トーア紡コーポレーション
S100IA0C,2020-03-30,2020-03-30 10:24,79560,2019-02-01,2019-12-31,ピジョン株式会社
S100IBRV,2020-03-30,2020-03-30 10:24,46960,2019-04-01,2019-12-31,ワタベウェディング株式会社
S100I8WK,2020-03-30,2020-03-30 10:29,63100,2019-01-01,2019-12-31,井関農機株式会社
S100IC7O,2020-03-30,2020-03-30 10:31,68560,2019-01-01,2019-12-31,株式会社堀場製作所
S100IAF4,2020-03-30,2020-03-30 10:31,19940,2019-01-01,2019-12-31,高橋カーテンウォール工業株式会社
S100IBKN,2020-03-30,2020-03-30 10:33,31970,2019-01-01,2019-12-31,株式会社すかいらーくホールディングス
S100IBML,2020-03-30,2020-03-30 10:47,37750,2019-01-01,2019-12-31,株式会社ガイアックス
S100IBRA,2020-03-30,2020-03-30 10:54,21700,2019-01-01,2019-12-31,株式会社リンクアンドモチベーション
S100IC3C,2020-03-30,2020-03-30 10:55,43950,2019-01-01,2019-12-31,株式会社アクリート
S100IC3K,2020-03-30,2020-03-30 10:59,76250,2019-01-01,2019-12-31,株式会社グローバルダイニング
S100IA1S,2020-03-30,2020-03-30 11:00,36560,2019-01-01,2019-12-31,ＫＬａｂ株式会社
S100IC6W,2020-03-30,2020-03-30 11:05,36630,2019-01-01,2019-12-31,アートスパークホールディングス株式会社
S100IC8H,2020-03-30,2020-03-30 11:08,36490,2019-01-01,2019-12-31,株式会社ファインデックス
S100ICAF,2020-03-30,2020-03-30 11:12,25870,2019-01-01,2019-12-31,サントリー食品インターナショナル株式会社
S100ICAI,2020-03-30,2020-03-30 11:20,70390,2019-01-01,2019-12-31,ブリッジインターナショナル株式会社
S100IANU,2020-03-30,2020-03-30 11:21,16630,2019-01-01,2019-12-31,Ｋ＆Ｏエナジーグループ株式会社
S100IC9F,2020-03-30,2020-03-30 11:21,78140,2019-01-01,2019-12-31,株式会社日本創発グループ
S100IC77,2020-03-30,2020-03-30 11:22,65730,2019-01-01,2019-12-31,アジャイルメディア・ネットワーク株式会社
S100IC88,2020-03-30,2020-03-30 11:29,24920,2019-01-01,2019-12-31,株式会社インフォマート
S100IC1B,2020-03-30,2020-03-30 11:33,78160,2019-01-01,2019-12-31,株式会社スノーピーク
S100IAGD,2020-03-30,2020-03-30 11:34,74250,2019-01-01,2019-12-31,初穂商事株式会社
S100ICBH,2020-03-30,2020-03-30 11:39,64590,2019-01-01,2019-12-31,大和冷機工業株式会社
S100IASJ,2020-03-30,2020-03-30 11:44,58160,2019-01-01,2019-12-31,オーナンバ株式会社
S100IC2D,2020-03-30,2020-03-30 11:47,39640,2019-01-01,2019-12-31,株式会社オークネット
S100IC75,2020-03-30,2020-03-30 11:49,53100,2019-01-01,2019-12-31,東洋炭素株式会社
S100IC23,2020-03-30,2020-03-30 11:49,22160,2019-01-01,2019-12-31,カンロ株式会社
S100IC9M,2020-03-30,2020-03-30 11:54,47790,2019-01-01,2019-12-31,ソフトブレーン株式会社
S100IBOF,2020-03-30,2020-03-30 12:04,47660,2019-01-01,2019-12-31,株式会社ピーエイ
S100ICCG,2020-03-30,2020-03-30 12:19,37440,2019-01-01,2019-12-31,サイオス株式会社
S100IBOD,2020-03-30,2020-03-30 12:35,42840,2019-01-01,2019-12-31,株式会社　ソルクシーズ
S100IAEC,2020-03-30,2020-03-30 12:45,63760,2019-01-01,2019-12-31,日機装株式会社
S100ICBV,2020-03-30,2020-03-30 12:56,17240,2019-01-01,2019-12-31,シンクレイヤ株式会社
S100IBSS,2020-03-30,2020-03-30 13:03,25010,2019-01-01,2019-12-31,サッポロホールディングス株式会社
S100ICBO,2020-03-30,2020-03-30 13:10,27020,2019-01-01,2019-12-31,日本マクドナルドホールディングス株式会社
S100IBZ1,2020-03-30,2020-03-30 13:13,43920,2019-01-01,2019-12-31,ＦＩＧ株式会社
S100IC5H,2020-03-30,2020-03-30 13:20,66350,2019-01-01,2019-12-31,株式会社大日光・エンジニアリング
S100IB63,2020-03-30,2020-03-30 13:20,68700,2019-01-01,2019-12-31,日本フェンオール株式会社
S100IBVT,2020-03-30,2020-03-30 13:29,62500,2019-01-01,2019-12-31,株式会社やまびこ
S100IBYI,2020-03-30,2020-03-30 13:35,61770,2019-01-01,2019-12-31,ＡｐｐＢａｎｋ株式会社
S100IBZ9,2020-03-30,2020-03-30 13:36,79840,2019-01-01,2019-12-31,コクヨ株式会社
S100ICEF,2020-03-30,2020-03-30 13:37,75870,2019-01-01,2019-12-31,株式会社パルテック（定款上の商号　株式会社ＰＡＬＴＥＫ）
S100IBZ4,2020-03-30,2020-03-30 13:54,88540,2019-01-01,2019-12-31,株式会社　日住サービス
S100ICGQ,2020-03-30,2020-03-30 14:02,39970,2019-01-01,2019-12-31,株式会社トレードワークス
S100IC5W,2020-03-30,2020-03-30 14:03,14490,2019-01-01,2019-12-31,株式会社ＦＵＪＩジャパン
S100IBUG,2020-03-30,2020-03-30 14:16,70440,2019-01-01,2019-12-31,株式会社ピアラ
S100IBYZ,2020-03-30,2020-03-30 14:18,36830,2019-01-01,2019-12-31,株式会社サイバーリンクス
S100ICHJ,2020-03-30,2020-03-30 14:25,34490,2019-01-01,2019-12-31,株式会社テクノフレックス
S100IC7N,2020-03-30,2020-03-30 14:37,61640,2019-01-01,2019-12-31,株式会社太陽工機
S100ICCY,2020-03-30,2020-03-30 14:44,65920,2019-01-01,2019-12-31,マブチモーター株式会社
S100ICIT,2020-03-30,2020-03-30 14:50,96120,2019-01-01,2019-12-31,株式会社ラックランド
S100IBPY,2020-03-30,2020-03-30 14:51,23250,2019-01-01,2019-12-31,株式会社ＮＪＳ
S100IBKZ,2020-03-30,2020-03-30 14:51,97570,2019-01-01,2019-12-31,株式会社船井総研ホールディングス
S100IBYW,2020-03-30,2020-03-30 15:00,44200,2019-01-01,2019-12-31,イーソル株式会社
S100IC3Y,2020-03-30,2020-03-30 15:00,44870,2019-01-01,2019-12-31,株式会社スペースマーケット
S100IBWP,2020-03-30,2020-03-30 15:01,36880,2018-10-01,2019-12-31,株式会社ＣＡＲＴＡ　ＨＯＬＤＩＮＧＳ
S100IBLY,2020-03-30,2020-03-30 15:02,27880,2019-01-01,2019-12-31,アップルインターナショナル株式会社
S100ICJJ,2020-03-30,2020-03-30 15:05,31960,2019-01-01,2019-12-31,株式会社ホットランド
S100IB79,2020-03-30,2020-03-30 15:08,60780,2019-01-01,2019-12-31,株式会社バリューＨＲ
S100IC2M,2020-03-30,2020-03-30 15:08,33190,2019-01-01,2019-12-31,株式会社ゴルフダイジェスト・オンライン
S100IBYM,2020-03-30,2020-03-30 15:09,45870,2019-07-01,2019-12-31,ペプチドリーム株式会社
S100ICJU,2020-03-30,2020-03-30 15:10,45970,2019-01-01,2019-12-31,ソレイジア・ファーマ株式会社
S100IC3U,2020-03-30,2020-03-30 15:12,45860,2019-01-01,2019-12-31,株式会社メドレックス
S100ICEB,2020-03-30,2020-03-30 15:18,71900,2019-01-01,2019-12-31,株式会社マーキュリアインベストメント
S100IBUN,2020-03-30,2020-03-30 15:30,70430,2019-01-01,2019-12-31,アルー株式会社
S100ICI1,2020-03-30,2020-03-30 15:30,61720,2018-09-01,2019-12-31,株式会社メタップス
S100ICLB,2020-03-30,2020-03-30 15:30,45930,2019-01-01,2019-12-31,株式会社ヘリオス
S100IAU4,2020-03-30,2020-03-30 15:45,45190,2019-01-01,2019-12-31,中外製薬株式会社
S100ICK0,2020-03-30,2020-03-30 15:46,30850,2019-01-01,2019-12-31,アークランドサービスホールディングス株式会社
S100ICLF,2020-03-30,2020-03-30 15:51,65330,2019-01-01,2019-12-31,株式会社Ｏｒｃｈｅｓｔｒａ　Ｈｏｌｄｉｎｇｓ
S100ICLP,2020-03-30,2020-03-30 15:59,37650,2019-01-01,2019-12-31,ガンホー・オンライン・エンターテイメント株式会社
S100ICIA,2020-03-30,2020-03-30 16:00,23890,2019-01-01,2019-12-31,株式会社オプトホールディング
S100IC2U,2020-03-30,2020-03-30 16:00,36800,2019-01-01,2019-12-31,株式会社ホットリンク
S100IB3G,2020-03-30,2020-03-30 16:05,44280,2019-01-01,2019-12-31,株式会社シノプス
S100ICKA,2020-03-30,2020-03-30 16:08,32760,2019-01-01,2019-12-31,日本管理センター株式会社
S100ICNE,2020-03-30,2020-03-30 16:10,34520,2019-01-01,2019-12-31,株式会社ビーロット
S100IC0T,2020-03-30,2020-03-30 16:14,63610,2019-01-01,2019-12-31,株式会社荏原製作所
S100IARE,2020-03-30,2020-03-30 16:16,14390,2019-01-01,2019-12-31,株式会社安江工務店
S100ICNQ,2020-03-30,2020-03-30 16:18,45780,2019-01-01,2019-12-31,大塚ホールディングス株式会社
S100ICKJ,2020-03-30,2020-03-30 16:21,37820,2019-01-01,2019-12-31,株式会社ディー・ディー・エス
S100ICNM,2020-03-30,2020-03-30 16:24,44760,2019-01-01,2019-12-31,ＡＩ　ＣＲＯＳＳ株式会社
S100ICOE,2020-03-30,2020-03-30 16:30,79920,2019-01-01,2019-12-31,セーラー万年筆株式会社
S100ICI5,2020-03-30,2020-03-30 16:33,38070,2019-01-01,2019-12-31,株式会社フィスコ
S100ICCC,2020-03-30,2020-03-30 16:51,14130,2019-01-01,2019-12-31,株式会社ヒノキヤグループ
S100IB58,2020-03-31,2020-03-31 09:00,76090,2019-01-01,2019-12-31,ダイトロン株式会社
S100I8MA,2020-03-31,2020-03-31 09:08,69770,2019-01-01,2019-12-31,株式会社日本抵抗器製作所
S100ICAQ,2020-03-31,2020-03-31 09:19,97040,2019-01-01,2019-12-31,株式会社アゴーラ・ホスピタリティー・グループ
S100IBYS,2020-03-31,2020-03-31 10:00,36330,2019-01-01,2019-12-31,ＧＭＯペパボ株式会社
S100ICU7,2020-03-31,2020-03-31 10:18,64970,2019-01-01,2019-12-31,株式会社ハマイ
S100ICUX,2020-03-31,2020-03-31 10:46,52160,2019-01-01,2019-12-31,株式会社倉元製作所
S100ICQZ,2020-03-31,2020-03-31 10:51,92710,2019-01-01,2019-12-31,株式会社和心
S100ICV8,2020-03-31,2020-03-31 11:12,37270,2019-01-01,2019-12-31,株式会社アプリックス
S100ICWC,2020-03-31,2020-03-31 11:36,77820,2019-01-01,2019-12-31,株式会社シンシア
S100ICEJ,2020-03-31,2020-03-31 11:52,59460,2019-01-01,2019-12-31,株式会社長府製作所
S100ICN3,2020-03-31,2020-03-31 14:00,59570,2019-01-01,2019-12-31,日東精工株式会社
S100ICZI,2020-03-31,2020-03-31 14:16,44820,2019-01-01,2019-12-31,株式会社ウィルズ
S100ID0B,2020-03-31,2020-03-31 14:55,34820,2019-01-01,2019-12-31,ロードスターキャピタル株式会社
S100ID0X,2020-03-31,2020-03-31 15:15,99730,2019-01-01,2019-12-31,株式会社小僧寿し
S100I5MU,2020-03-31,2020-03-31 15:18,36710,2019-01-01,2019-12-31,ソフトマックス株式会社
S100IBJE,2020-03-31,2020-03-31 15:21,37580,2019-01-01,2019-12-31,株式会社アエリア
S100IBRS,2020-03-31,2020-03-31 16:03,56100,2019-01-01,2019-12-31,大和重工株式会社
S100ID2W,2020-03-31,2020-03-31 16:19,24020,2019-01-01,2019-12-31,株式会社アマナ
S100ID2V,2020-03-31,2020-03-31 16:25,36060,2019-03-01,2019-12-31,株式会社レナウン
S100ID3U,2020-03-31,2020-03-31 17:15,21600,2019-01-01,2019-12-31,株式会社ジーエヌアイグループ
S100IF2Y,2020-04-10,2020-04-10 09:48,75900,2019-01-21,2020-01-20,株式会社タカショー
S100IG28,2020-04-15,2020-04-15 11:08,78650,2019-01-21,2020-01-20,ピープル株式会社
S100IGCO,2020-04-16,2020-04-16 09:14,98290,2019-02-01,2020-01-31,株式会社ながの東急百貨店
S100IGJ9,2020-04-17,2020-04-17 09:18,25900,2019-01-21,2020-01-20,ダイドーグループホールディングス株式会社
S100IGLA,2020-04-20,2020-04-20 13:32,69660,2019-02-01,2020-01-31,株式会社三井ハイテック
S100IGWE,2020-04-20,2020-04-20 15:18,61840,2019-02-01,2020-01-31,株式会社鎌倉新書
S100IHBG,2020-04-22,2020-04-22 10:00,81420,2019-02-01,2020-01-31,株式会社トーホー
S100IHHL,2020-04-22,2020-04-22 11:55,39950,2019-02-01,2020-01-31,株式会社ＳＫＩＹＡＫＩ
S100IHCL,2020-04-22,2020-04-22 13:10,96920,2019-02-01,2020-01-31,株式会社シーイーシー
S100IHLH,2020-04-23,2020-04-23 11:08,43800,2019-02-01,2020-01-31,株式会社Ｍマート
S100IGXO,2020-04-23,2020-04-23 12:03,96360,2019-02-01,2020-01-31,株式会社きんえい
S100IGWG,2020-04-23,2020-04-23 14:01,97430,2019-02-01,2020-01-31,株式会社丹青社
S100IHQV,2020-04-23,2020-04-23 14:11,42380,2019-02-01,2020-01-31,ミライアル株式会社
S100IHLM,2020-04-23,2020-04-23 14:58,21630,2019-02-01,2020-01-31,株式会社アルトナー
S100IHEB,2020-04-23,2020-04-23 15:32,48130,2019-02-01,2020-01-31,株式会社ＡＣＣＥＳＳ
S100IHSH,2020-04-23,2020-04-23 16:47,35650,2019-02-01,2020-01-31,アセンテック株式会社
S100IHRX,2020-04-23,2020-04-23 16:58,66960,2019-02-01,2020-01-31,株式会社トランザス
S100IHGB,2020-04-24,2020-04-24 09:22,66540,2019-02-01,2020-01-31,不二電機工業株式会社
S100IGXS,2020-04-24,2020-04-24 09:31,39550,2019-02-01,2020-01-31,株式会社イムラ封筒
S100IHRK,2020-04-24,2020-04-24 09:42,32460,2019-02-01,2020-01-31,株式会社コーセーアールイー
S100IGRF,2020-04-24,2020-04-24 09:48,14330,2019-02-01,2020-01-31,ベステラ株式会社
S100IHTB,2020-04-24,2020-04-24 10:06,19280,2019-02-01,2020-01-31,積水ハウス株式会社
S100IGTI,2020-04-24,2020-04-24 10:15,96370,2019-02-01,2020-01-31,オーエス株式会社
S100IHRE,2020-04-24,2020-04-24 11:00,80130,2019-02-01,2020-01-31,株式会社ナイガイ
S100IHVT,2020-04-24,2020-04-24 11:17,36570,2019-02-01,2020-01-31,ポールトゥウィン・ピットクルーホールディングス株式会社
S100IHRY,2020-04-24,2020-04-24 15:02,36650,2019-02-01,2020-01-31,株式会社エニグモ
S100IHWV,2020-04-24,2020-04-24 16:00,71960,2019-02-01,2020-01-31,株式会社Ｃａｓａ
S100IH31,2020-04-27,2020-04-27 09:02,43690,2019-02-01,2020-01-31,株式会社　トリケミカル研究所
S100II0D,2020-04-27,2020-04-27 09:06,17580,2019-02-01,2020-01-31,太洋基礎工業株式会社
S100IHTP,2020-04-27,2020-04-27 09:18,22170,2019-02-01,2020-01-31,モロゾフ株式会社
S100II36,2020-04-27,2020-04-27 10:19,63360,2019-02-01,2020-01-31,株式会社石井表記
S100IHOW,2020-04-27,2020-04-27 10:52,39310,2019-02-01,2020-01-31,株式会社バリューゴルフ
S100II07,2020-04-27,2020-04-27 11:28,33200,2019-02-01,2020-01-31,クロスプラス株式会社
S100II5C,2020-04-27,2020-04-27 11:53,78780,2019-02-01,2020-01-31,株式会社光・彩
S100II63,2020-04-27,2020-04-27 13:18,76830,2019-02-01,2020-01-31,株式会社ダブルエー
S100IHO0,2020-04-27,2020-04-27 13:43,68980,2019-02-01,2020-01-31,トミタ電機株式会社
S100IHX4,2020-04-27,2020-04-27 14:50,31590,2019-02-01,2020-01-31,丸善ＣＨＩホールディングス株式会社
S100IHR8,2020-04-27,2020-04-27 15:00,39210,2019-02-01,2020-01-31,株式会社ネオジャパン
S100IHQ4,2020-04-28,2020-04-28 10:36,43340,2019-02-01,2020-01-31,株式会社ユークス
S100IHP7,2020-04-28,2020-04-28 11:22,97340,2019-02-01,2020-01-31,株式会社精養軒
S100II7F,2020-04-28,2020-04-28 11:34,96320,2019-02-01,2020-01-31,スバル興業株式会社
S100II8O,2020-04-28,2020-04-28 13:38,80680,2019-02-01,2020-01-31,菱洋エレクトロ株式会社
S100IDBS,2020-04-28,2020-04-28 15:00,96810,2019-02-01,2020-01-31,株式会社東京ドーム
S100II53,2020-04-28,2020-04-28 15:04,42870,2019-02-01,2020-01-31,株式会社ジャストプランニング
S100II42,2020-04-28,2020-04-28 15:07,27760,2019-02-01,2020-01-31,新都ホールディングス株式会社
S100IIAD,2020-04-28,2020-04-28 15:19,30700,2019-02-01,2020-01-31,株式会社アマガサ
S100III0,2020-04-28,2020-04-28 15:32,45920,2019-02-01,2020-01-31,サンバイオ株式会社
S100IILI,2020-04-30,2020-04-30 09:42,33990,2019-02-01,2020-01-31,株式会社丸千代山岡家
S100IIGY,2020-04-30,2020-04-30 09:56,30710,2019-02-01,2020-01-31,株式会社ストリーム
S100IIEO,2020-04-30,2020-04-30 10:12,76140,2019-02-01,2020-01-31,株式会社オーエムツーネットワーク
S100IIGP,2020-04-30,2020-04-30 10:33,31690,2019-02-01,2020-01-31,株式会社ミサワ
S100IINB,2020-04-30,2020-04-30 11:18,70640,2019-02-01,2020-01-31,株式会社ハウテレビジョン
S100IHV9,2020-04-30,2020-04-30 11:31,88420,2019-02-01,2020-01-31,株式会社　東京楽天地
S100IIPW,2020-04-30,2020-04-30 15:03,70730,2019-02-01,2020-01-31,株式会社ジェイック
S100IIQY,2020-04-30,2020-04-30 15:53,67570,2019-02-01,2020-01-31,株式会社ＯＳＧコーポレーション
S100IK6K,2020-05-13,2020-05-13 10:15,75450,2019-02-21,2020-02-20,株式会社西松屋チェーン
S100IKQD,2020-05-14,2020-05-14 11:01,99460,2019-03-01,2020-02-29,ミニストップ株式会社
S100IKL1,2020-05-14,2020-05-14 14:50,98420,2019-02-21,2020-02-20,アークランドサカモト株式会社
S100IKT6,2020-05-14,2020-05-14 15:12,82170,2019-02-21,2020-02-20,株式会社オークワ
S100IL86,2020-05-15,2020-05-15 10:21,82760,2019-02-21,2020-02-20,株式会社　平和堂
S100ILRI,2020-05-15,2020-05-15 11:01,27780,2019-02-21,2020-02-20,パレモ・ホールディングス株式会社
S100ILRR,2020-05-15,2020-05-15 11:12,31710,2019-03-01,2020-02-29,マックスバリュ九州株式会社
S100ILF5,2020-05-15,2020-05-15 13:11,98430,2019-02-21,2020-02-20,株式会社ニトリホールディングス
S100ILP8,2020-05-15,2020-05-15 13:28,62790,2019-02-21,2020-02-20,株式会社瑞光
S100ILLL,2020-05-15,2020-05-15 14:47,26530,2019-03-01,2020-02-29,イオン九州株式会社
S100ILM0,2020-05-15,2020-05-15 16:28,99760,2019-02-21,2020-02-20,株式会社　セキチュー
S100ILSU,2020-05-18,2020-05-18 09:00,33330,2019-02-21,2020-02-20,株式会社あさひ
S100IM16,2020-05-18,2020-05-18 15:41,82270,2019-02-21,2020-02-20,株式会社しまむら
S100ILVX,2020-05-18,2020-05-18 16:20,82870,2019-03-01,2020-02-29,マックスバリュ西日本株式会社
S100IMLF,2020-05-20,2020-05-20 10:36,89050,2019-03-01,2020-02-29,イオンモール株式会社
S100IMKC,2020-05-20,2020-05-20 10:58,98760,2019-03-01,2020-02-29,株式会社コックス
S100IMU4,2020-05-21,2020-05-21 10:21,74500,2019-03-01,2020-02-29,株式会社サンデー
S100IMU7,2020-05-21,2020-05-21 10:27,43430,2019-03-01,2020-02-29,株式会社イオンファンタジー
S100IMUL,2020-05-21,2020-05-21 10:29,32220,2019-03-01,2020-02-29,ユナイテッド・スーパーマーケット・ホールディングス株式会社
S100IHOK,2020-05-21,2020-05-21 10:40,26860,2019-03-01,2020-02-29,株式会社ジーフット
S100IMT0,2020-05-21,2020-05-21 10:47,76030,2019-03-01,2020-02-29,株式会社マックハウス
S100IMV9,2020-05-21,2020-05-21 11:56,26680,2019-03-01,2020-02-29,タビオ株式会社
S100IMXS,2020-05-21,2020-05-21 13:41,76490,2019-03-01,2020-02-29,スギホールディングス株式会社
S100IMXO,2020-05-21,2020-05-21 14:02,35570,2019-03-01,2020-02-29,ユナイテッド＆コレクティブ株式会社
S100IMVM,2020-05-21,2020-05-21 15:24,82330,2019-03-01,2020-02-29,株式会社髙島屋
S100IMVH,2020-05-21,2020-05-21 15:27,61420,2019-03-01,2020-02-29,富士精工株式会社
S100IMM9,2020-05-21,2020-05-21 15:36,99770,2019-03-01,2020-02-29,株式会社アオキスーパー
S100IMVS,2020-05-22,2020-05-22 09:09,26690,2019-03-01,2020-02-29,カネ美食品株式会社
S100IN26,2020-05-22,2020-05-22 09:34,82780,2019-03-01,2020-02-29,株式会社フジ
S100IMUY,2020-05-22,2020-05-22 09:50,82440,2019-03-01,2020-02-29,株式会社近鉄百貨店
S100IMYQ,2020-05-22,2020-05-22 09:58,81850,2019-03-01,2020-02-29,株式会社チヨダ
S100IN3C,2020-05-22,2020-05-22 10:00,98610,2019-03-01,2020-02-29,株式会社吉野家ホールディングス
S100IMKM,2020-05-22,2020-05-22 11:26,99030,2019-03-01,2020-02-29,株式会社カンセキ
S100IMNE,2020-05-22,2020-05-22 15:00,36080,2019-03-01,2020-02-29,株式会社ＴＳＩホールディングス
S100IN0N,2020-05-22,2020-05-22 15:17,31410,2019-03-01,2020-02-29,ウエルシアホールディングス株式会社
S100IMZG,2020-05-22,2020-05-22 15:30,22940,2019-03-01,2020-02-29,株式会社柿安本店
S100IN9I,2020-05-22,2020-05-22 15:32,61830,2019-03-01,2020-02-29,株式会社ベルシステム２４ホールディングス
S100IN8J,2020-05-22,2020-05-22 16:00,45300,2019-03-01,2020-02-29,久光製薬株式会社
S100IMW6,2020-05-22,2020-05-22 16:10,21860,2019-03-01,2020-02-29,ソーバル株式会社
S100IN1H,2020-05-22,2020-05-22 16:46,28720,2019-03-01,2020-02-29,株式会社　セイヒョー
S100IN6I,2020-05-22,2020-05-22 16:54,39350,2019-03-01,2020-02-29,株式会社エディア
S100INAX,2020-05-25,2020-05-25 09:26,98350,2019-03-01,2020-02-29,株式会社ジュンテンドー
S100INB6,2020-05-25,2020-05-25 09:43,22920,2019-03-01,2020-02-29,エスフーズ株式会社
S100IMO0,2020-05-25,2020-05-25 11:53,93810,2019-03-01,2020-02-29,株式会社エーアイテイー
S100INCT,2020-05-25,2020-05-25 13:03,23540,2019-03-01,2020-02-29,株式会社ＹＥ　ＤＩＧＩＴＡＬ
S100INCI,2020-05-25,2020-05-25 13:25,27060,2019-03-01,2020-02-29,株式会社ブロッコリー
S100INCJ,2020-05-25,2020-05-25 13:45,78940,2019-03-01,2020-02-29,丸東産業株式会社
S100INBS,2020-05-25,2020-05-25 14:01,39770,2019-03-01,2020-02-29,フュージョン株式会社
S100INJ0,2020-05-25,2020-05-25 14:57,81660,2019-03-01,2020-02-29,株式会社タカキュー
S100IN6Y,2020-05-25,2020-05-25 15:02,59930,2019-03-01,2020-02-29,知多鋼業株式会社
S100INFX,2020-05-25,2020-05-25 15:09,65550,2019-04-01,2020-02-29,株式会社ＭＳ＆Ｃｏｎｓｕｌｔｉｎｇ
S100INBR,2020-05-25,2020-05-25 15:10,23370,2019-03-01,2020-02-29,いちご株式会社
S100INJT,2020-05-25,2020-05-25 15:31,23000,2019-03-01,2020-02-29,株式会社きょくとう
S100INLJ,2020-05-25,2020-05-25 16:25,35500,2019-03-01,2020-02-29,株式会社スタジオアタオ
S100INDK,2020-05-25,2020-05-25 16:42,82670,2019-03-01,2020-02-29,イオン株式会社
S100INGT,2020-05-26,2020-05-26 09:28,27890,2019-03-01,2020-02-29,株式会社カルラ
S100INIU,2020-05-26,2020-05-26 12:10,99480,2019-03-01,2020-02-29,株式会社アークス
S100INC1,2020-05-26,2020-05-26 12:37,76240,2019-03-01,2020-02-29,株式会社ＮａＩＴＯ
S100INCN,2020-05-26,2020-05-26 13:20,30930,2019-03-01,2020-02-29,株式会社トレジャー・ファクトリー
S100INMD,2020-05-26,2020-05-26 14:55,52710,2019-03-01,2020-02-29,株式会社トーヨーアサノ
S100INV8,2020-05-26,2020-05-26 15:00,99450,2019-03-01,2020-02-29,株式会社プレナス
S100INKU,2020-05-26,2020-05-26 15:02,39220,2019-03-01,2020-02-29,株式会社ＰＲ　ＴＩＭＥＳ
S100INPL,2020-05-26,2020-05-26 16:20,50180,2019-03-01,2020-02-29,株式会社ＭＯＲＥＳＣＯ
S100INXC,2020-05-26,2020-05-26 17:05,80110,2019-01-01,2020-02-29,株式会社三陽商会
S100INIE,2020-05-27,2020-05-27 09:18,75120,2019-03-01,2020-02-29,イオン北海道株式会社
S100IN9H,2020-05-27,2020-05-27 09:29,23410,2019-03-01,2020-02-29,株式会社アルバイトタイムス
S100INRP,2020-05-27,2020-05-27 09:33,81680,2019-03-01,2020-02-29,株式会社ケーヨー
S100INNJ,2020-05-27,2020-05-27 11:25,31940,2019-03-01,2020-02-29,株式会社キリン堂ホールディングス
S100INL0,2020-05-27,2020-05-27 11:36,67340,2019-03-01,2020-02-29,株式会社ニューテック
S100INWD,2020-05-27,2020-05-27 11:37,30800,2019-03-01,2020-02-29,株式会社ジェーソン
S100INU1,2020-05-27,2020-05-27 11:54,82570,2019-03-01,2020-02-29,株式会社　山陽百貨店
S100IO4K,2020-05-27,2020-05-27 11:57,24170,2019-03-01,2020-02-29,株式会社ツヴァイ
S100INXE,2020-05-27,2020-05-27 12:01,76110,2019-03-01,2020-02-29,株式会社ハイデイ日高
S100INRX,2020-05-27,2020-05-27 13:15,97160,2019-03-01,2020-02-29,株式会社乃村工藝社
S100IO2D,2020-05-27,2020-05-27 13:30,78110,2019-03-01,2020-02-29,中本パックス株式会社
S100INP0,2020-05-27,2020-05-27 13:41,36700,2019-03-01,2020-02-29,協立情報通信株式会社
S100IO7M,2020-05-27,2020-05-27 14:01,32230,2019-03-01,2020-02-29,株式会社エスエルディー
S100IO84,2020-05-27,2020-05-27 14:07,70770,2019-03-01,2020-02-29,株式会社ＡＬｉＮＫインターネット
S100IO86,2020-05-27,2020-05-27 14:26,76790,2019-03-01,2020-02-29,株式会社薬王堂ホールディングス
S100INHM,2020-05-27,2020-05-27 14:29,60700,2019-03-01,2020-02-29,キャリアリンク株式会社
S100INQ5,2020-05-27,2020-05-27 14:30,27470,2019-03-01,2020-02-29,北雄ラッキー株式会社
S100IO9H,2020-05-27,2020-05-27 14:47,96010,2019-03-01,2020-02-29,松竹株式会社
S100IO57,2020-05-27,2020-05-27 14:53,39670,2019-03-01,2020-02-29,株式会社エルテス
S100INSP,2020-05-27,2020-05-27 15:00,21780,2019-03-01,2020-02-29,株式会社トライステージ
S100IOBG,2020-05-27,2020-05-27 15:45,23790,2019-03-01,2020-02-29,ディップ株式会社
S100INW7,2020-05-27,2020-05-27 15:46,30870,2019-03-01,2020-02-29,株式会社ドトール・日レスホールディングス
S100IOBJ,2020-05-27,2020-05-27 15:53,26590,2019-03-01,2020-02-29,株式会社サンエー
S100INZX,2020-05-27,2020-05-27 16:00,30570,2019-03-01,2020-02-29,株式会社ゼットン
S100IO8H,2020-05-27,2020-05-27 16:01,60860,2019-03-01,2020-02-29,シンメンテホールディングス株式会社
S100IOAJ,2020-05-28,2020-05-28 09:00,32800,2019-03-01,2020-02-29,株式会社エストラスト
S100IO7N,2020-05-28,2020-05-28 09:00,17120,2019-03-01,2020-02-29,株式会社ダイセキ環境ソリューション
S100INQ0,2020-05-28,2020-05-28 09:01,58170,2019-03-01,2020-02-29,ＪＭＡＣＳ株式会社
S100IO7V,2020-05-28,2020-05-28 09:01,89310,2019-03-01,2020-02-29,和田興産株式会社
S100IOC5,2020-05-28,2020-05-28 09:02,75200,2019-03-01,2020-02-29,株式会社エコス
S100IODS,2020-05-28,2020-05-28 09:15,14180,2019-03-01,2020-02-29,インターライフホールディングス株式会社
S100INOW,2020-05-28,2020-05-28 09:18,97780,2019-03-01,2020-02-29,株式会社昴
S100INCE,2020-05-28,2020-05-28 09:28,59000,2019-03-01,2020-02-29,株式会社ダイケン
S100INTX,2020-05-28,2020-05-28 09:34,74270,2019-03-01,2020-02-29,エコートレーディング株式会社
S100INXY,2020-05-28,2020-05-28 09:47,74530,2019-03-01,2020-02-29,株式会社　良品計画
S100IOHI,2020-05-28,2020-05-28 10:05,49200,2019-03-01,2020-02-29,株式会社日本色材工業研究所
S100IOCF,2020-05-28,2020-05-28 10:12,59820,2019-03-01,2020-02-29,株式会社マルゼン
S100INCU,2020-05-28,2020-05-28 10:18,77190,2019-03-01,2020-02-29,株式会社東京衡機
S100IOI2,2020-05-28,2020-05-28 10:24,92750,2019-03-01,2020-02-29,株式会社ナルミヤ・インターナショナル
S100INLB,2020-05-28,2020-05-28 10:31,30300,2019-03-01,2020-02-29,株式会社ハブ
S100INWU,2020-05-28,2020-05-28 10:35,93260,2019-03-01,2020-02-29,株式会社関通
S100IODY,2020-05-28,2020-05-28 10:49,82000,2019-03-01,2020-02-29,株式会社リンガーハット
S100IO4T,2020-05-28,2020-05-28 11:04,82030,2019-03-01,2020-02-29,株式会社ミスターマックス・ホールディングス
S100IOL2,2020-05-28,2020-05-28 11:49,47450,2019-03-01,2020-02-29,株式会社東京個別指導学院
S100IOF6,2020-05-28,2020-05-28 12:22,33530,2019-03-01,2020-02-29,株式会社メディカル一光グループ
S100IOLD,2020-05-28,2020-05-28 13:41,36270,2019-03-01,2020-02-29,ネオス株式会社
S100IOES,2020-05-28,2020-05-28 13:43,96610,2019-03-01,2020-02-29,株式会社歌舞伎座
S100IOC8,2020-05-28,2020-05-28 13:45,33820,2019-03-01,2020-02-29,株式会社セブン＆アイ・ホールディングス
S100IO1I,2020-05-28,2020-05-28 13:46,99930,2019-03-01,2020-02-29,株式会社ヤマザワ
S100IOJZ,2020-05-28,2020-05-28 13:47,33960,2019-03-01,2020-02-29,株式会社フェリシモ
S100IO5B,2020-05-28,2020-05-28 14:01,30830,2019-03-01,2020-02-29,株式会社シーズメン
S100IOD7,2020-05-28,2020-05-28 14:02,99820,2019-03-01,2020-02-29,タキヒヨー株式会社
S100IOOH,2020-05-28,2020-05-28 14:15,85700,2019-04-01,2020-02-29,イオンフィナンシャルサービス株式会社
S100IO9I,2020-05-28,2020-05-28 14:24,82890,2019-03-01,2020-02-29,株式会社Ｏｌｙｍｐｉｃグループ
S100IO8X,2020-05-28,2020-05-28 14:30,76010,2019-03-01,2020-02-29,株式会社ポプラ
S100IOOX,2020-05-28,2020-05-28 14:33,65060,2019-03-01,2020-02-29,株式会社安川電機
S100IO7O,2020-05-28,2020-05-28 14:37,44290,2019-03-01,2020-02-29,リックソフト株式会社
S100IOP9,2020-05-28,2020-05-28 14:37,60580,2019-03-01,2020-02-29,株式会社ベクトル
S100IOHH,2020-05-28,2020-05-28 14:40,82540,2019-03-01,2020-02-29,株式会社さいか屋
S100IO3S,2020-05-28,2020-05-28 14:52,64320,2019-03-01,2020-02-29,株式会社竹内製作所
S100IOCJ,2020-05-28,2020-05-28 14:57,35480,2019-03-01,2020-02-29,株式会社バロックジャパンリミテッド
S100IODP,2020-05-28,2020-05-28 15:00,35620,2019-03-01,2020-02-29,株式会社Ｎｏ．１
S100IO7Y,2020-05-28,2020-05-28 15:00,39150,2019-03-01,2020-02-29,株式会社テラスカイ
S100IOF2,2020-05-28,2020-05-28 15:01,65320,2019-03-01,2020-02-29,株式会社ベイカレント・コンサルティング
S100IOLR,2020-05-28,2020-05-28 15:02,34150,2019-03-01,2020-02-29,株式会社ＴＯＫＹＯ　ＢＡＳＥ
S100IOE8,2020-05-28,2020-05-28 15:04,65430,2019-03-01,2020-02-29,株式会社日宣
S100IOPK,2020-05-28,2020-05-28 15:06,34900,2019-03-01,2020-02-29,株式会社アズ企画設計
S100INOB,2020-05-28,2020-05-28 15:06,29250,2019-03-01,2020-02-29,株式会社ピックルスコーポレーション
S100IOIW,2020-05-28,2020-05-28 15:11,82730,2019-03-01,2020-02-29,株式会社イズミ
S100IO63,2020-05-28,2020-05-28 15:12,26510,2019-03-01,2020-02-29,株式会社ローソン
S100IOQJ,2020-05-28,2020-05-28 15:14,99740,2019-03-01,2020-02-29,株式会社ベルク
S100IO23,2020-05-28,2020-05-28 15:40,68140,2019-03-01,2020-02-29,古野電気株式会社
S100INO1,2020-05-28,2020-05-28 15:42,98460,2019-03-01,2020-02-29,株式会社天満屋ストア
S100IORL,2020-05-28,2020-05-28 15:46,61820,2019-03-01,2020-02-29,株式会社ロゼッタ
S100INGE,2020-05-28,2020-05-28 16:00,96020,2019-03-01,2020-02-29,東宝株式会社
S100IOL4,2020-05-28,2020-05-28 16:00,39190,2019-03-01,2020-02-29,パイプドＨＤ株式会社
S100IOR2,2020-05-28,2020-05-28 16:03,70490,2019-03-01,2020-02-29,株式会社識学
S100IOQQ,2020-05-28,2020-05-28 16:32,23380,2019-03-01,2020-02-29,株式会社ビットワングループ
S100IOT0,2020-05-28,2020-05-28 16:38,65720,2019-03-01,2020-02-29,ＲＰＡホールディングス株式会社
S100IO5X,2020-05-29,2020-05-29 09:00,63230,2019-03-01,2020-02-29,ローツェ株式会社
S100IO65,2020-05-29,2020-05-29 09:01,89180,2019-03-01,2020-02-29,株式会社ランド
S100IO3F,2020-05-29,2020-05-29 09:02,81670,2019-03-01,2020-02-29,株式会社リテールパートナーズ
S100IMBX,2020-05-29,2020-05-29 09:02,33840,2019-03-01,2020-02-29,株式会社アークコア
S100IODN,2020-05-29,2020-05-29 09:03,30940,2019-03-01,2020-02-29,株式会社スーパーバリュー
S100IOUC,2020-05-29,2020-05-29 09:04,64690,2019-03-01,2020-02-29,株式会社　放電精密加工研究所
S100IO9U,2020-05-29,2020-05-29 09:05,30650,2019-03-01,2020-02-29,株式会社ライフフーズ
S100INJM,2020-05-29,2020-05-29 09:08,23050,2019-03-01,2020-02-29,株式会社スタジオアリス
S100INO5,2020-05-29,2020-05-29 09:09,97930,2019-03-01,2020-02-29,株式会社ダイセキ
S100IOP1,2020-05-29,2020-05-29 09:12,27420,2019-03-01,2020-02-29,株式会社ハローズ
S100IOPB,2020-05-29,2020-05-29 09:14,30500,2019-03-01,2020-02-29,ＤＣＭホールディングス株式会社
S100IO6W,2020-05-29,2020-05-29 09:17,78470,2019-03-01,2020-02-29,株式会社グラファイトデザイン
S100INUN,2020-05-29,2020-05-29 09:26,74850,2019-03-01,2020-02-29,岡谷鋼機株式会社
S100IOXL,2020-05-29,2020-05-29 09:31,76080,2019-03-01,2020-02-29,株式会社エスケイジャパン
S100INCS,2020-05-29,2020-05-29 09:33,81940,2019-03-01,2020-02-29,株式会社ライフコーポレーション
S100IOUF,2020-05-29,2020-05-29 09:36,61730,2019-03-01,2020-02-29,株式会社アクアライン
S100IOXM,2020-05-29,2020-05-29 09:44,81250,2019-03-01,2020-02-29,株式会社ワキタ
S100IO24,2020-05-29,2020-05-29 10:04,26830,2019-03-01,2020-02-29,株式会社魚喜
S100IOY8,2020-05-29,2020-05-29 10:09,60930,2019-03-01,2020-02-29,株式会社エスクロー・エージェント・ジャパン
S100IOJH,2020-05-29,2020-05-29 10:10,76100,2019-03-01,2020-02-29,株式会社テイツー
S100IOOV,2020-05-29,2020-05-29 10:10,26850,2019-03-01,2020-02-29,株式会社アダストリア
S100IOPN,2020-05-29,2020-05-29 10:21,81810,2019-03-01,2020-02-29,株式会社東天紅
S100IOMD,2020-05-29,2020-05-29 10:21,80080,2019-03-01,2020-02-29,株式会社ヨンドシーホールディングス
S100IOZ1,2020-05-29,2020-05-29 10:26,76300,2019-03-01,2020-02-29,株式会社壱番屋
S100IOQT,2020-05-29,2020-05-29 10:32,82470,2019-03-01,2020-02-29,株式会社大和
S100IOX4,2020-05-29,2020-05-29 10:36,39960,2019-03-01,2020-02-29,サインポスト株式会社
S100IP0D,2020-05-29,2020-05-29 10:56,79750,2019-03-01,2020-02-29,株式会社リヒトラブ
S100IOZY,2020-05-29,2020-05-29 10:59,47630,2019-03-01,2020-02-29,株式会社クリーク・アンド・リバー社
S100IOIU,2020-05-29,2020-05-29 11:00,47140,2019-03-01,2020-02-29,株式会社　リソー教育
S100IOV4,2020-05-29,2020-05-29 11:18,63120,2019-03-01,2020-02-29,フロイント産業株式会社
S100INPO,2020-05-29,2020-05-29 11:24,29180,2019-03-01,2020-02-29,わらべや日洋ホールディングス株式会社
S100IORU,2020-05-29,2020-05-29 11:35,75440,2019-03-01,2020-02-29,株式会社スリーエフ
S100IOVC,2020-05-29,2020-05-29 11:35,82370,2019-03-01,2020-02-29,株式会社松屋
S100IP0A,2020-05-29,2020-05-29 11:41,31770,2019-03-01,2020-02-29,株式会社ありがとうサービス
S100IOVI,2020-05-29,2020-05-29 12:04,35580,2019-03-01,2020-02-29,株式会社ロコンド
S100IP1O,2020-05-29,2020-05-29 12:54,30860,2019-03-01,2020-02-29,Ｊ．フロント　リテイリング株式会社
S100IOWC,2020-05-29,2020-05-29 13:00,35430,2019-03-01,2020-02-29,株式会社コメダホールディングス
S100IOT5,2020-05-29,2020-05-29 13:27,32600,2019-03-01,2020-02-29,株式会社エスポア
S100IP2A,2020-05-29,2020-05-29 13:34,43170,2019-03-01,2020-02-29,株式会社レイ
S100IP2V,2020-05-29,2020-05-29 13:36,80050,2019-04-01,2020-03-31,株式会社スクロール
S100IOWX,2020-05-29,2020-05-29 13:37,80160,2019-03-01,2020-02-29,株式会社オンワードホールディングス
S100IP08,2020-05-29,2020-05-29 13:43,26870,2019-03-01,2020-02-29,株式会社シー・ヴイ・エス・ベイエリア
S100IOK2,2020-05-29,2020-05-29 13:49,35460,2019-03-01,2020-02-29,アレンザホールディングス株式会社
S100IP3P,2020-05-29,2020-05-29 13:49,75160,2019-03-01,2020-02-29,コーナン商事株式会社
S100IP46,2020-05-29,2020-05-29 14:04,82600,2019-03-01,2020-02-29,株式会社井筒屋
S100IP1P,2020-05-29,2020-05-29 14:08,97400,2019-03-01,2020-02-29,セントラル警備保障株式会社
S100IP0H,2020-05-29,2020-05-29 14:27,80280,2019-03-01,2020-02-29,株式会社ファミリーマート
S100IOZN,2020-05-29,2020-05-29 14:28,81430,2019-03-01,2020-02-29,株式会社ラピーヌ
S100IP4S,2020-05-29,2020-05-29 14:32,36780,2019-03-01,2020-02-29,株式会社メディアドゥホールディングス
S100IOML,2020-05-29,2020-05-29 15:00,31980,2019-03-01,2020-02-29,ＳＦＰホールディングス株式会社
S100IMNR,2020-05-29,2020-05-29 15:03,75150,2019-03-01,2020-02-29,株式会社マルヨシセンター
S100IP5S,2020-05-29,2020-05-29 15:04,75990,2019-03-01,2020-02-29,株式会社ＩＤＯＭ
S100IORN,2020-05-29,2020-05-29 15:05,31920,2019-03-01,2020-02-29,株式会社白鳩
S100IP3K,2020-05-29,2020-05-29 15:06,44900,2019-03-01,2020-02-29,株式会社ビザスク
S100IOWG,2020-05-29,2020-05-29 15:06,97870,2019-03-01,2020-02-29,イオンディライト株式会社
S100IP2P,2020-05-29,2020-05-29 15:30,30730,2019-03-01,2020-02-29,株式会社ＤＤホールディングス
S100IP3A,2020-05-29,2020-05-29 15:30,29300,2019-03-01,2020-02-29,株式会社北の達人コーポレーション
S100IP6O,2020-05-29,2020-05-29 15:41,28840,2019-03-01,2020-02-29,株式会社ヨシムラ・フード・ホールディングス
S100IOUO,2020-05-29,2020-05-29 15:53,44340,2019-03-01,2020-02-29,株式会社サーバーワークス
S100IP3E,2020-05-29,2020-05-29 16:01,46450,2019-03-01,2020-02-29,株式会社市進ホールディングス
S100IG84,2020-05-29,2020-05-29 16:04,31810,2019-03-01,2020-02-29,株式会社買取王国
S100IP7N,2020-05-29,2020-05-29 16:35,27260,2019-03-01,2020-02-29,株式会社パルグループホールディングス
S100IP5D,2020-05-29,2020-05-29 16:44,30630,2019-03-01,2020-02-29,株式会社ジェイグループホールディングス
S100IOBO,2020-06-01,2020-06-01 09:03,26700,2019-03-01,2020-02-29,株式会社エービーシー・マート
S100IPAA,2020-06-01,2020-06-01 09:05,81980,2019-03-01,2020-02-29,マックスバリュ東海株式会社
S100IP8I,2020-06-05,2020-06-05 12:03,59900,2019-03-16,2020-03-15,株式会社スーパーツール
S100IQMU,2020-06-08,2020-06-08 13:16,68970,2019-03-01,2020-02-29,ツインバード工業株式会社
S100IQL4,2020-06-10,2020-06-10 09:38,83660,2019-04-01,2020-03-31,株式会社滋賀銀行
S100IQZU,2020-06-10,2020-06-10 15:22,64700,2019-04-01,2020-03-31,大豊工業株式会社
S100IQKG,2020-06-10,2020-06-10 16:00,48750,2019-01-01,2019-12-31,メディシノバ・インク
S100IR3B,2020-06-10,2020-06-10 16:33,69950,2019-04-01,2020-03-31,株式会社東海理化電機製作所
S100IQZN,2020-06-11,2020-06-11 14:05,38500,2019-04-01,2020-03-31,株式会社エヌ・ティ・ティ・データ・イントラマート
S100IR9K,2020-06-11,2020-06-11 15:13,82850,2019-04-01,2020-03-31,三谷産業株式会社
S100IRFY,2020-06-11,2020-06-11 16:31,94360,2019-04-01,2020-03-31,沖縄セルラー電話株式会社
S100IRJM,2020-06-12,2020-06-12 09:17,78570,2019-04-01,2020-03-31,セキ株式会社
S100IRNZ,2020-06-12,2020-06-12 09:29,75180,2019-04-01,2020-03-31,ネットワンシステムズ株式会社
S100IRL3,2020-06-12,2020-06-12 09:56,26640,2019-03-16,2020-03-15,株式会社カワチ薬品
S100IRT4,2020-06-12,2020-06-12 13:55,38000,2019-04-01,2020-03-31,株式会社ユニリタ
S100IROY,2020-06-12,2020-06-12 14:47,39060,2019-01-01,2019-12-31,株式会社ＡＬＢＥＲＴ
S100IRUR,2020-06-12,2020-06-12 15:27,30920,2019-04-01,2020-03-31,株式会社ＺＯＺＯ
S100IQAP,2020-06-12,2020-06-12 15:30,72830,2019-04-01,2020-03-31,愛三工業株式会社
S100IQVA,2020-06-15,2020-06-15 14:47,30990,2019-04-01,2020-03-31,株式会社三越伊勢丹ホールディングス
S100IS40,2020-06-15,2020-06-15 15:02,68610,2019-03-21,2020-03-20,株式会社キーエンス
S100IRXI,2020-06-15,2020-06-15 15:14,37780,2019-04-01,2020-03-31,さくらインターネット株式会社
S100IRKC,2020-06-15,2020-06-15 15:46,45680,2019-04-01,2020-03-31,第一三共株式会社
S100ISA8,2020-06-16,2020-06-16 10:21,86970,2019-04-01,2020-03-31,株式会社日本取引所グループ
S100ISE0,2020-06-16,2020-06-16 13:27,90370,2019-04-01,2020-03-31,株式会社ハマキョウレックス
S100IRTT,2020-06-16,2020-06-16 13:49,52040,2019-03-21,2020-03-20,石塚硝子株式会社
S100ISM2,2020-06-16,2020-06-16 14:45,32320,2019-04-01,2020-03-31,三重交通グループホールディングス株式会社
S100ISE3,2020-06-16,2020-06-16 14:50,96630,2019-04-01,2020-03-31,株式会社ナガワ
S100INJ0,2020-06-16,2020-05-25 14:57,81660,2019-03-01,2020-02-29,株式会社タカキュー
S100ISIH,2020-06-16,2020-06-16 15:33,27210,2019-01-01,2019-12-31,株式会社ジェイホールディングス
S100IS24,2020-06-16,2020-06-16 15:55,59060,2019-03-21,2020-03-20,エムケー精工株式会社
S100ISQU,2020-06-16,2020-06-16 16:16,98780,2019-03-21,2020-03-20,株式会社　セキド
S100ISR4,2020-06-16,2020-06-16 16:42,71570,2019-04-01,2020-03-31,ライフネット生命保険株式会社
S100ISRM,2020-06-16,2020-06-16 16:53,29800,2019-04-01,2020-03-31,ＳＲＥホールディングス株式会社
S100IS9V,2020-06-17,2020-06-17 09:00,72590,2019-04-01,2020-03-31,アイシン精機株式会社
S100ISRA,2020-06-17,2020-06-17 09:12,49570,2019-04-01,2020-03-31,ヤスハラケミカル株式会社
S100IQNM,2020-06-17,2020-06-17 09:22,80140,2019-04-01,2020-03-31,蝶理株式会社
S100ISML,2020-06-17,2020-06-17 09:35,58570,2019-04-01,2020-03-31,アサヒホールディングス株式会社
S100ISWS,2020-06-17,2020-06-17 10:28,19670,2019-03-21,2020-03-20,株式会社ヤマト
S100IRQO,2020-06-17,2020-06-17 10:30,96190,2019-04-01,2020-03-31,株式会社イチネンホールディングス
S100ISMU,2020-06-17,2020-06-17 10:37,46790,2019-04-01,2020-03-31,株式会社　田　谷
S100ISGH,2020-06-17,2020-06-17 10:43,93750,2019-04-01,2020-03-31,株式会社近鉄エクスプレス
S100ISGK,2020-06-17,2020-06-17 11:00,43480,2019-04-01,2020-03-31,インフォコム株式会社
S100ISRH,2020-06-17,2020-06-17 12:12,80380,2019-04-01,2020-03-31,東都水産株式会社
S100ISLQ,2020-06-17,2020-06-17 12:58,97260,2019-04-01,2020-03-31,ＫＮＴ－ＣＴホールディングス株式会社
S100ISSW,2020-06-17,2020-06-17 13:02,85950,2019-04-01,2020-03-31,株式会社ジャフコ
S100ISP7,2020-06-17,2020-06-17 13:18,81330,2019-04-01,2020-03-31,伊藤忠エネクス株式会社
S100ISYW,2020-06-17,2020-06-17 13:37,27290,2019-04-01,2020-03-31,株式会社ＪＡＬＵＸ
S100ISNH,2020-06-17,2020-06-17 14:05,79080,2019-04-01,2020-03-31,株式会社きもと
S100ISUX,2020-06-17,2020-06-17 14:12,96400,2019-04-01,2020-03-31,株式会社セゾン情報システムズ
S100IT2W,2020-06-17,2020-06-17 14:16,28830,2019-04-01,2020-03-31,株式会社大冷
S100ISEG,2020-06-17,2020-06-17 15:00,94370,2019-04-01,2020-03-31,株式会社ＮＴＴドコモ
S100ISRR,2020-06-17,2020-06-17 15:00,37770,2019-01-01,2019-12-31,株式会社ＦＨＴホールディングス
S100ISNG,2020-06-17,2020-06-17 15:00,27670,2019-04-01,2020-03-31,フィールズ株式会社
S100ISSN,2020-06-17,2020-06-17 15:00,22200,2019-04-01,2020-03-31,亀田製菓株式会社
S100IS5Q,2020-06-17,2020-06-17 15:03,40620,2019-04-01,2020-03-31,イビデン株式会社
S100ISNX,2020-06-17,2020-06-17 15:07,33930,2019-04-01,2020-03-31,スターティアホールディングス株式会社
S100IMKC,2020-06-17,2020-05-20 10:58,98760,2019-03-01,2020-02-29,株式会社コックス
S100ISMM,2020-06-17,2020-06-17 15:36,49990,2019-04-01,2020-03-31,セメダイン株式会社
S100IT4K,2020-06-17,2020-06-17 16:01,48200,2019-04-01,2020-03-31,株式会社イーエムシステムズ（商号　株式会社ＥＭシステムズ）
S100IT1N,2020-06-17,2020-06-17 16:48,34840,2019-04-01,2020-03-31,株式会社テンポイノベーション
S100ISF0,2020-06-17,2020-06-17 16:49,49510,2019-04-01,2020-03-31,エステー株式会社
S100IT15,2020-06-18,2020-06-18 09:02,79310,2019-03-21,2020-03-20,未来工業株式会社
S100IT3Y,2020-06-18,2020-06-18 09:05,38410,2019-04-01,2020-03-31,株式会社ジーダット
S100ITET,2020-06-18,2020-06-18 09:27,90400,2019-03-21,2020-03-20,大宝運輸株式会社
S100ISOJ,2020-06-18,2020-06-18 09:42,83030,2019-04-01,2020-03-31,株式会社新生銀行
S100ISSX,2020-06-18,2020-06-18 09:46,81900,2019-03-21,2020-03-20,株式会社ヤマナカ
S100ITDI,2020-06-18,2020-06-18 10:01,90100,2019-04-01,2020-03-31,富士急行株式会社
S100IT62,2020-06-18,2020-06-18 10:08,24400,2019-04-01,2020-03-31,株式会社ぐるなび
S100IT1L,2020-06-18,2020-06-18 10:09,62490,2019-04-01,2020-03-31,株式会社ゲームカード・ジョイコホールディングス
S100ISLY,2020-06-18,2020-06-18 10:37,99090,2019-03-21,2020-03-20,愛光電気株式会社
S100IT8U,2020-06-18,2020-06-18 10:50,67770,2019-04-01,2020-03-31,サンテック株式会社
S100IT9T,2020-06-18,2020-06-18 11:00,27600,2019-04-01,2020-03-31,東京エレクトロンデバイス株式会社
S100ISXD,2020-06-18,2020-06-18 11:21,75040,2019-04-01,2020-03-31,株式会社高速
S100ISZ0,2020-06-18,2020-06-18 11:24,77030,2019-04-01,2020-03-31,川澄化学工業株式会社
S100ITIY,2020-06-18,2020-06-18 11:44,79950,2019-04-01,2020-03-31,株式会社バルカー
S100ISUW,2020-06-18,2020-06-18 11:47,23710,2019-04-01,2020-03-31,株式会社カカクコム
S100IT7A,2020-06-18,2020-06-18 12:20,96970,2019-04-01,2020-03-31,株式会社カプコン
S100ISJL,2020-06-18,2020-06-18 12:31,99500,2019-03-21,2020-03-20,株式会社ハチバン
S100ITDB,2020-06-18,2020-06-18 13:00,61010,2019-04-01,2020-03-31,株式会社ツガミ
S100IS6O,2020-06-18,2020-06-18 13:04,18500,2019-04-01,2020-03-31,南海辰村建設株式会社
S100ISTC,2020-06-18,2020-06-18 13:10,90440,2019-04-01,2020-03-31,南海電気鉄道株式会社
S100IT1U,2020-06-18,2020-06-18 13:21,56120,2019-04-01,2020-03-31,日本鋳鉄管株式会社
S100IT98,2020-06-18,2020-06-18 13:23,26070,2019-04-01,2020-03-31,不二製油グループ本社株式会社
S100IT4F,2020-06-18,2020-06-18 13:29,33160,2019-04-01,2020-03-31,東京日産コンピュータシステム株式会社
S100ITBV,2020-06-18,2020-06-18 13:40,61610,2019-03-21,2020-03-20,株式会社エスティック
S100ITH6,2020-06-18,2020-06-18 13:51,35530,2019-04-01,2020-03-31,共和レザー株式会社
S100ITM7,2020-06-18,2020-06-18 13:53,56090,2019-04-01,2020-03-31,日本鋳造株式会社
S100IT0W,2020-06-18,2020-06-18 14:05,72820,2019-04-01,2020-03-31,豊田合成株式会社
S100ITOS,2020-06-18,2020-06-18 14:12,33710,2019-04-01,2020-03-31,株式会社ソフトクリエイトホールディングス
S100ISOS,2020-06-18,2020-06-18 14:16,23420,2019-04-01,2020-03-31,株式会社トランスジェニック
S100ISZ6,2020-06-18,2020-06-18 14:25,62710,2019-04-01,2020-03-31,株式会社ニッセイ
S100ITP5,2020-06-18,2020-06-18 14:31,70890,2019-04-01,2020-03-31,フォースタートアップス株式会社
S100ISNN,2020-06-18,2020-06-18 14:45,27680,2019-04-01,2020-03-31,双日株式会社
S100IBY5,2020-06-18,2020-06-18 14:55,90290,2019-04-01,2020-03-31,株式会社ヒガシトゥエンティワン
S100IRKQ,2020-06-18,2020-06-18 15:00,71820,2019-04-01,2020-03-31,株式会社ゆうちょ銀行
S100ISJI,2020-06-18,2020-06-18 15:00,49290,2019-03-21,2020-03-20,株式会社アジュバンコスメジャパン
S100ITE5,2020-06-18,2020-06-18 15:00,71810,2019-04-01,2020-03-31,株式会社かんぽ生命保険
S100IT7S,2020-06-18,2020-06-18 15:00,96710,2019-04-01,2020-03-31,株式会社よみうりランド
S100ITAR,2020-06-18,2020-06-18 15:01,94330,2019-04-01,2020-03-31,ＫＤＤＩ株式会社
S100IT2U,2020-06-18,2020-06-18 15:02,61780,2019-04-01,2020-03-31,日本郵政株式会社
S100IT3F,2020-06-18,2020-06-18 15:06,57270,2019-04-01,2020-03-31,東邦チタニウム株式会社
S100ITIG,2020-06-18,2020-06-18 15:08,82530,2019-04-01,2020-03-31,株式会社クレディセゾン
S100IT1R,2020-06-18,2020-06-18 15:10,82490,2019-04-01,2020-03-31,株式会社テクノアソシエ
S100ISXY,2020-06-18,2020-06-18 15:11,45030,2019-04-01,2020-03-31,アステラス製薬株式会社
S100ITLI,2020-06-18,2020-06-18 15:11,96250,2019-04-01,2020-03-31,株式会社セレスポ
S100IT6O,2020-06-18,2020-06-18 15:29,72660,2019-04-01,2020-03-31,株式会社今仙電機製作所
S100ISN0,2020-06-18,2020-06-18 15:46,65940,2019-04-01,2020-03-31,日本電産株式会社
S100IT9B,2020-06-18,2020-06-18 15:58,81140,2019-04-01,2020-03-31,株式会社デサント
S100ISX7,2020-06-18,2020-06-18 16:49,99910,2019-04-01,2020-03-31,ジェコス株式会社
S100ITH1,2020-06-18,2020-06-18 16:58,96130,2019-04-01,2020-03-31,株式会社エヌ・ティ・ティ・データ
S100IQL8,2020-06-19,2020-06-19 09:00,45280,2019-04-01,2020-03-31,小野薬品工業株式会社
S100ITST,2020-06-19,2020-06-19 09:02,46400,2019-04-01,2020-03-31,アンドール株式会社
S100ITOE,2020-06-19,2020-06-19 09:03,96860,2019-04-01,2020-03-31,東洋テック株式会社
S100IT5I,2020-06-19,2020-06-19 09:11,64090,2019-04-01,2020-03-31,株式会社キトー
S100IT5U,2020-06-19,2020-06-19 09:11,47390,2019-04-01,2020-03-31,伊藤忠テクノソリューションズ株式会社
S100ITQ8,2020-06-19,2020-06-19 09:15,93680,2019-04-01,2020-03-31,キムラユニティー株式会社
S100ITRN,2020-06-19,2020-06-19 09:35,94130,2019-04-01,2020-03-31,株式会社テレビ東京ホールディングス
S100IU2Q,2020-06-19,2020-06-19 09:59,75950,2019-04-01,2020-03-31,株式会社アルゴグラフィックス
S100IST3,2020-06-19,2020-06-19 10:35,75520,2019-04-01,2020-03-31,株式会社ハピネット
S100IU4E,2020-06-19,2020-06-19 10:37,90580,2019-04-01,2020-03-31,トランコム株式会社
S100ITZH,2020-06-19,2020-06-19 10:37,97280,2019-04-01,2020-03-31,日本管財株式会社
S100IR5E,2020-06-19,2020-06-19 10:42,23320,2019-04-01,2020-03-31,株式会社クエスト
S100ITX0,2020-06-19,2020-06-19 10:45,80870,2019-04-01,2020-03-31,フルサト工業株式会社
S100ISY3,2020-06-19,2020-06-19 11:12,88360,2019-04-01,2020-03-31,株式会社ＲＩＳＥ
S100ITMC,2020-06-19,2020-06-19 11:15,45500,2019-04-01,2020-03-31,日水製薬株式会社
S100IT6J,2020-06-19,2020-06-19 11:16,46190,2019-04-01,2020-03-31,日本特殊塗料株式会社
S100ITS8,2020-06-19,2020-06-19 11:26,80010,2019-04-01,2020-03-31,伊藤忠商事株式会社
S100IU0E,2020-06-19,2020-06-19 11:32,94280,2019-04-01,2020-03-31,株式会社クロップス
S100ITGQ,2020-06-19,2020-06-19 11:39,15180,2019-04-01,2020-03-31,三井松島ホールディングス株式会社
S100ITMX,2020-06-19,2020-06-19 11:42,98880,2019-04-01,2020-03-31,株式会社ＵＥＸ
S100IU2A,2020-06-19,2020-06-19 11:44,65160,2019-04-01,2020-03-31,山洋電気株式会社
S100IU56,2020-06-19,2020-06-19 11:44,36350,2019-04-01,2020-03-31,株式会社コーエーテクモホールディングス
S100IT60,2020-06-19,2020-06-19 11:45,97090,2019-04-01,2020-03-31,ＮＣＳ＆Ａ株式会社
S100ITDW,2020-06-19,2020-06-19 11:51,62010,2019-04-01,2020-03-31,株式会社豊田自動織機
S100IR4D,2020-06-19,2020-06-19 11:56,41140,2019-04-01,2020-03-31,株式会社日本触媒
S100ISW5,2020-06-19,2020-06-19 11:58,21750,2019-04-01,2020-03-31,株式会社エス・エム・エス
S100IQUZ,2020-06-19,2020-06-19 12:12,67420,2019-04-01,2020-03-31,株式会社京三製作所
S100IS07,2020-06-19,2020-06-19 12:12,59330,2019-03-21,2020-03-20,アルインコ株式会社
S100IU6X,2020-06-19,2020-06-19 12:18,21300,2019-04-01,2020-03-31,株式会社メンバーズ
S100I6K4,2020-06-19,2020-06-19 12:25,64070,2019-04-01,2020-03-31,ＣＫＤ株式会社
S100ITE4,2020-06-19,2020-06-19 12:58,47520,2019-04-01,2020-03-31,株式会社　昭和システムエンジニアリング
S100ITZS,2020-06-19,2020-06-19 13:04,70450,2019-04-01,2020-03-31,株式会社ツクイスタッフ
S100IU2V,2020-06-19,2020-06-19 13:06,93770,2019-04-01,2020-03-31,株式会社　エージーピー
S100ITHC,2020-06-19,2020-06-19 13:06,80310,2019-04-01,2020-03-31,三井物産株式会社
S100IU19,2020-06-19,2020-06-19 13:08,39080,2019-04-01,2020-03-31,株式会社コラボス
S100ITMS,2020-06-19,2020-06-19 13:08,99320,2019-04-01,2020-03-31,杉本商事株式会社
S100ITP8,2020-06-19,2020-06-19 13:08,40610,2019-04-01,2020-03-31,デンカ株式会社
S100IUC3,2020-06-19,2020-06-19 13:10,39690,2019-04-01,2020-03-31,株式会社エイトレッド
S100ITHF,2020-06-19,2020-06-19 13:12,31250,2019-03-26,2020-03-25,新内外綿株式会社
S100IT88,2020-06-19,2020-06-19 13:23,98160,2019-04-01,2020-03-31,株式会社　ストライダーズ
S100ITW8,2020-06-19,2020-06-19 13:27,80960,2019-04-01,2020-03-31,兼松エレクトロニクス株式会社
S100ITNA,2020-06-19,2020-06-19 13:30,81310,2019-04-01,2020-03-31,株式会社ミツウロコグループホールディングス
S100ITJE,2020-06-19,2020-06-19 13:38,54460,2019-04-01,2020-03-31,北越メタル株式会社
S100IS4J,2020-06-19,2020-06-19 13:43,68340,2019-04-01,2020-03-31,株式会社　精工技研
S100ITNS,2020-06-19,2020-06-19 13:44,83560,2019-04-01,2020-03-31,株式会社十六銀行
S100IT4A,2020-06-19,2020-06-19 13:52,61030,2019-04-01,2020-03-31,オークマ株式会社
S100ITGE,2020-06-19,2020-06-19 14:00,99140,2019-03-21,2020-03-20,株式会社　植松商会
S100IT0D,2020-06-19,2020-06-19 14:01,45560,2019-04-01,2020-03-31,株式会社カイノス
S100ITZM,2020-06-19,2020-06-19 14:05,80530,2019-04-01,2020-03-31,住友商事株式会社
S100ITI0,2020-06-19,2020-06-19 14:06,49730,2019-04-01,2020-03-31,日本高純度化学株式会社
S100IU8G,2020-06-19,2020-06-19 14:11,79610,2019-04-01,2020-03-31,兼松サステック株式会社
S100ITB3,2020-06-19,2020-06-19 14:20,69020,2019-04-01,2020-03-31,株式会社デンソー
S100IRMH,2020-06-19,2020-06-19 14:34,58090,2019-04-01,2020-03-31,タツタ電線株式会社
S100ITIK,2020-06-19,2020-06-19 14:38,93080,2019-04-01,2020-03-31,乾汽船株式会社
S100ITSY,2020-06-19,2020-06-19 14:48,43450,2019-04-01,2020-03-31,株式会社シーティーエス
S100ITQ9,2020-06-19,2020-06-19 14:51,63390,2019-04-01,2020-03-31,新東工業株式会社
S100ITZW,2020-06-19,2020-06-19 14:57,30240,2019-04-01,2020-03-31,クリエイト株式会社
S100IT8W,2020-06-19,2020-06-19 15:00,95190,2019-04-01,2020-03-31,株式会社レノバ
S100ITRY,2020-06-19,2020-06-19 15:00,32750,2019-04-01,2020-03-31,ハウスコム株式会社
S100IUBQ,2020-06-19,2020-06-19 15:00,90450,2019-04-01,2020-03-31,京阪ホールディングス株式会社
S100IU8E,2020-06-19,2020-06-19 15:03,29190,2019-04-01,2020-03-31,株式会社　マルタイ
S100ITXZ,2020-06-19,2020-06-19 15:04,33870,2019-03-01,2020-02-29,株式会社クリエイト・レストランツ・ホールディングス
S100IQ2U,2020-06-19,2020-06-19 15:05,27530,2019-04-01,2020-03-31,株式会社　あみやき亭
S100ITVP,2020-06-19,2020-06-19 15:07,62810,2019-04-01,2020-03-31,株式会社前田製作所
S100IU5R,2020-06-19,2020-06-19 15:07,49800,2019-04-01,2020-03-31,デクセリアルズ株式会社
S100IUD1,2020-06-19,2020-06-19 15:11,38260,2019-03-01,2020-02-29,株式会社システムインテグレータ
S100ITNG,2020-06-19,2020-06-19 15:11,68690,2019-04-01,2020-03-31,シスメックス株式会社
S100IU0D,2020-06-19,2020-06-19 15:17,43440,2019-04-01,2020-03-31,ソースネクスト株式会社
S100ITUY,2020-06-19,2020-06-19 15:18,54820,2019-04-01,2020-03-31,愛知製鋼株式会社
S100ISFD,2020-06-19,2020-06-19 15:20,54110,2019-04-01,2020-03-31,ジェイ　エフ　イー　ホールディングス株式会社
S100ITZN,2020-06-19,2020-06-19 15:22,68070,2019-04-01,2020-03-31,日本航空電子工業株式会社
S100IU13,2020-06-19,2020-06-19 15:30,24970,2019-04-01,2020-03-31,ユナイテッド株式会社
S100IT9V,2020-06-19,2020-06-19 15:30,72670,2019-04-01,2020-03-31,本田技研工業株式会社
S100IT3X,2020-06-19,2020-06-19 15:33,35930,2019-04-01,2020-03-31,株式会社ホギメディカル
S100IUGW,2020-06-19,2020-06-19 15:40,17750,2019-04-01,2020-03-31,富士古河Ｅ＆Ｃ株式会社
S100ITSP,2020-06-19,2020-06-19 15:43,45230,2019-04-01,2020-03-31,エーザイ株式会社
S100ITY9,2020-06-19,2020-06-19 15:44,78710,2019-04-01,2020-03-31,フクビ化学工業株式会社
S100ISK7,2020-06-19,2020-06-19 15:44,80580,2019-04-01,2020-03-31,三菱商事株式会社
S100ITWG,2020-06-19,2020-06-19 15:50,63450,2019-04-01,2020-03-31,株式会社アイチコーポレーション
S100ITZU,2020-06-19,2020-06-19 15:55,74720,2019-04-01,2020-03-31,株式会社鳥羽洋行
S100IUH5,2020-06-19,2020-06-19 15:56,71800,2019-04-01,2020-03-31,株式会社九州フィナンシャルグループ
S100ITIS,2020-06-19,2020-06-19 16:00,42460,2019-04-01,2020-03-31,ダイキョーニシカワ株式会社
S100ITJ5,2020-06-19,2020-06-19 16:00,79170,2019-04-01,2020-03-31,藤森工業株式会社
S100ISOQ,2020-06-19,2020-06-19 16:14,34010,2019-04-01,2020-03-31,帝人株式会社
S100ITXK,2020-06-19,2020-06-19 16:18,66320,2019-04-01,2020-03-31,株式会社ＪＶＣケンウッド
S100ISNQ,2020-06-19,2020-06-19 16:27,19500,2019-04-01,2020-03-31,日本電設工業株式会社
S100IR7D,2020-06-19,2020-06-19 16:31,22090,2019-04-01,2020-03-31,井村屋グループ株式会社
S100ISGM,2020-06-19,2020-06-19 16:33,69880,2019-04-01,2020-03-31,日東電工株式会社
S100IU2L,2020-06-19,2020-06-19 16:36,85300,2019-04-01,2020-03-31,株式会社中京銀行
S100ITRR,2020-06-19,2020-06-19 16:36,38570,2019-04-01,2020-03-31,株式会社ラック
S100IU0U,2020-06-19,2020-06-19 16:50,80020,2019-04-01,2020-03-31,丸紅株式会社
S100ITYC,2020-06-19,2020-06-19 17:04,42200,2019-04-01,2020-03-31,リケンテクノス株式会社
S100ITJ4,2020-06-19,2020-06-19 17:06,47430,2019-04-01,2020-03-31,株式会社アイティフォー
S100IT59,2020-06-19,2020-06-19 17:06,90550,2019-04-01,2020-03-31,株式会社アルプス物流
S100IUNN,2020-06-19,2020-06-19 17:09,26920,2019-04-01,2020-03-31,伊藤忠食品株式会社
S100IUQC,2020-06-22,2020-06-22 09:00,44710,2019-04-01,2020-03-31,三洋化成工業株式会社
S100IUOZ,2020-06-22,2020-06-22 09:00,46580,2019-04-01,2020-03-31,日本空調サービス株式会社
S100ITW5,2020-06-22,2020-06-22 09:03,43500,2019-04-01,2020-03-31,株式会社　メディカルシステムネットワーク
S100ISXQ,2020-06-22,2020-06-22 09:03,96820,2019-04-01,2020-03-31,株式会社ＤＴＳ
S100IUMC,2020-06-22,2020-06-22 09:06,90570,2019-04-01,2020-03-31,遠州トラック株式会社
S100IUD7,2020-06-22,2020-06-22 09:07,62940,2019-04-01,2020-03-31,オカダアイヨン株式会社
S100IUDE,2020-06-22,2020-06-22 09:08,51040,2019-04-01,2020-03-31,日東化工株式会社
S100IUHT,2020-06-22,2020-06-22 09:09,64020,2019-04-01,2020-03-31,兼松エンジニアリング株式会社
S100IT5R,2020-06-22,2020-06-22 09:10,17260,2019-04-01,2020-03-31,株式会社ビーアールホールディングス
S100IRGH,2020-06-22,2020-06-22 09:10,53670,2019-04-01,2020-03-31,株式会社ニッカトー
S100ITE8,2020-06-22,2020-06-22 09:14,71750,2019-04-01,2020-03-31,今村証券株式会社
S100ITE2,2020-06-22,2020-06-22 09:14,28150,2019-04-01,2020-03-31,アリアケジャパン株式会社
S100ITIT,2020-06-22,2020-06-22 09:18,43680,2019-04-01,2020-03-31,扶桑化学工業株式会社
S100ISGV,2020-06-22,2020-06-22 09:21,83590,2019-04-01,2020-03-31,株式会社八十二銀行
S100IUDB,2020-06-22,2020-06-22 09:24,46740,2019-04-01,2020-03-31,株式会社クレスコ
S100IUDY,2020-06-22,2020-06-22 09:32,99670,2019-04-01,2020-03-31,堺商事株式会社
S100ISRB,2020-06-22,2020-06-22 09:35,71860,2019-04-01,2020-03-31,株式会社コンコルディア・フィナンシャルグループ
S100IUUQ,2020-06-22,2020-06-22 09:38,65180,2019-04-01,2020-03-31,三相電機株式会社
S100IUHK,2020-06-22,2020-06-22 09:38,73220,2019-04-01,2020-03-31,株式会社三十三フィナンシャルグループ
S100IUD2,2020-06-22,2020-06-22 09:40,72500,2019-04-01,2020-03-31,太平洋工業株式会社
S100IUR8,2020-06-22,2020-06-22 09:45,42990,2019-04-01,2020-03-31,株式会社ハイマックス
S100ITRP,2020-06-22,2020-06-22 09:47,40910,2019-04-01,2020-03-31,大陽日酸株式会社
S100IULE,2020-06-22,2020-06-22 10:00,17980,2019-04-01,2020-03-31,株式会社守谷商会
S100IUWC,2020-06-22,2020-06-22 10:00,64940,2019-04-01,2020-03-31,株式会社ＮＦＫホールディングス
S100IUGF,2020-06-22,2020-06-22 10:08,83630,2019-04-01,2020-03-31,株式会社　北國銀行
S100IU20,2020-06-22,2020-06-22 10:17,18130,2019-04-01,2020-03-31,株式会社不動テトラ
S100ISY9,2020-06-22,2020-06-22 10:21,51910,2019-04-01,2020-03-31,住友理工株式会社
S100IUPS,2020-06-22,2020-06-22 10:21,96290,2019-04-01,2020-03-31,ピー・シー・エー株式会社
S100ISP6,2020-06-22,2020-06-22 10:27,49230,2019-04-01,2020-03-31,コタ株式会社
S100IU0B,2020-06-22,2020-06-22 10:41,99890,2019-04-01,2020-03-31,株式会社サンドラッグ
S100IV13,2020-06-22,2020-06-22 10:41,76060,2019-04-01,2020-03-31,株式会社ユナイテッドアローズ
S100IUPT,2020-06-22,2020-06-22 10:42,18480,2019-04-01,2020-03-31,株式会社富士ピー・エス
S100IU1V,2020-06-22,2020-06-22 10:50,17380,2019-04-01,2020-03-31,株式会社ニットー
S100ITIZ,2020-06-22,2020-06-22 10:50,94780,2019-04-01,2020-03-31,ＳＥホールディングス・アンド・インキュベーションズ株式会社
S100ITMK,2020-06-22,2020-06-22 11:00,94740,2019-04-01,2020-03-31,株式会社ゼンリン
S100ITKZ,2020-06-22,2020-06-22 11:01,63170,2019-04-01,2020-03-31,株式会社北川鉄工所
S100IV26,2020-06-22,2020-06-22 11:03,32370,2019-04-01,2020-03-31,株式会社イントランス
S100ITFV,2020-06-22,2020-06-22 11:07,45390,2019-04-01,2020-03-31,日本ケミファ株式会社
S100IUKE,2020-06-22,2020-06-22 11:13,33520,2019-04-01,2020-03-31,株式会社バッファロー
S100IV1W,2020-06-22,2020-06-22 11:22,35690,2019-04-01,2020-03-31,セーレン株式会社
S100IV1Y,2020-06-22,2020-06-22 11:23,34200,2019-04-01,2020-03-31,株式会社ケー・エフ・シー
S100ISF1,2020-06-22,2020-06-22 11:23,78320,2019-04-01,2020-03-31,株式会社バンダイナムコホールディングス
S100IV5U,2020-06-22,2020-06-22 11:30,44830,2019-04-01,2020-03-31,株式会社ＪＭＤＣ
S100IV6J,2020-06-22,2020-06-22 11:40,57020,2019-04-01,2020-03-31,株式会社大紀アルミニウム工業所
S100IV5I,2020-06-22,2020-06-22 11:45,98890,2019-04-01,2020-03-31,ＪＢＣＣホールディングス株式会社
S100IUW9,2020-06-22,2020-06-22 11:49,17280,2019-04-01,2020-03-31,ミサワホーム中国株式会社
S100IV71,2020-06-22,2020-06-22 11:50,39360,2019-04-01,2020-03-31,株式会社グローバルウェイ
S100IU0M,2020-06-22,2020-06-22 11:55,39460,2019-04-01,2020-03-31,株式会社トーモク
S100IURD,2020-06-22,2020-06-22 12:00,94680,2019-04-01,2020-03-31,株式会社ＫＡＤＯＫＡＷＡ
S100ITA7,2020-06-22,2020-06-22 12:02,60730,2019-04-01,2020-03-31,株式会社アサンテ
S100IV45,2020-06-22,2020-06-22 12:03,92720,2019-04-01,2020-03-31,ブティックス株式会社
S100IUNX,2020-06-22,2020-06-22 12:12,86980,2019-04-01,2020-03-31,マネックスグループ株式会社
S100ITCE,2020-06-22,2020-06-22 12:44,83550,2019-04-01,2020-03-31,株式会社静岡銀行
S100IUW0,2020-06-22,2020-06-22 12:51,23260,2019-04-01,2020-03-31,デジタルアーツ株式会社
S100ISXS,2020-06-22,2020-06-22 12:52,63220,2019-04-01,2020-03-31,株式会社タクミナ
S100IUYV,2020-06-22,2020-06-22 13:00,86920,2019-04-01,2020-03-31,株式会社だいこう証券ビジネス
S100ITRK,2020-06-22,2020-06-22 13:02,49210,2019-04-01,2020-03-31,株式会社ファンケル
S100IU8L,2020-06-22,2020-06-22 13:04,68940,2019-04-01,2020-03-31,パルステック工業株式会社
S100IUMD,2020-06-22,2020-06-22 13:06,46440,2019-04-01,2020-03-31,イマジニア株式会社
S100IUDG,2020-06-22,2020-06-22 13:13,65700,2019-04-01,2020-03-31,株式会社共和コーポレーション
S100IRQH,2020-06-22,2020-06-22 13:15,72410,2019-04-01,2020-03-31,フタバ産業株式会社
S100IUEC,2020-06-22,2020-06-22 13:20,41090,2019-04-01,2020-03-31,ステラケミファ株式会社
S100ISUJ,2020-06-22,2020-06-22 13:27,79660,2019-04-01,2020-03-31,リンテック株式会社
S100IVC3,2020-06-22,2020-06-22 13:55,67020,2019-04-01,2020-03-31,富士通株式会社
S100IU0X,2020-06-22,2020-06-22 14:00,46260,2019-04-01,2020-03-31,太陽ホールディングス株式会社
S100IVEC,2020-06-22,2020-06-22 14:23,72180,2019-04-01,2020-03-31,田中精密工業株式会社
S100IVBT,2020-06-22,2020-06-22 14:28,90390,2019-04-01,2020-03-31,株式会社サカイ引越センター
S100IVFD,2020-06-22,2020-06-22 14:38,65840,2019-04-01,2020-03-31,三櫻工業株式会社
S100IT8B,2020-06-22,2020-06-22 14:45,23270,2019-04-01,2020-03-31,日鉄ソリューションズ株式会社
S100IVFF,2020-06-22,2020-06-22 14:46,36520,2019-04-01,2020-03-31,株式会社ディジタルメディアプロフェッショナル
S100IV85,2020-06-22,2020-06-22 14:52,73130,2019-04-01,2020-03-31,テイ・エス　テック株式会社
S100IUFD,2020-06-22,2020-06-22 15:00,92010,2019-04-01,2020-03-31,日本航空株式会社
S100IU1D,2020-06-22,2020-06-22 15:00,62870,2019-04-01,2020-03-31,サトーホールディングス株式会社
S100IV81,2020-06-22,2020-06-22 15:00,77440,2019-04-01,2020-03-31,ノーリツ鋼機株式会社
S100IUR4,2020-06-22,2020-06-22 15:00,37960,2019-04-01,2020-03-31,株式会社いい生活
S100IUH8,2020-06-22,2020-06-22 15:00,77750,2019-04-01,2020-03-31,大研医器株式会社
S100IUHZ,2020-06-22,2020-06-22 15:00,45690,2019-04-01,2020-03-31,キョーリン製薬ホールディングス株式会社
S100IUZ7,2020-06-22,2020-06-22 15:02,37630,2019-04-01,2020-03-31,株式会社プロシップ
S100IVCQ,2020-06-22,2020-06-22 15:02,79400,2019-04-01,2020-03-31,ウェーブロックホールディングス株式会社
S100IVG8,2020-06-22,2020-06-22 15:04,61660,2019-04-01,2020-03-31,株式会社中村超硬
S100ITVB,2020-06-22,2020-06-22 15:06,71910,2019-04-01,2020-03-31,株式会社イントラスト
S100IU1Y,2020-06-22,2020-06-22 15:18,75780,2019-04-01,2020-03-31,株式会社ニチリョク
S100IURT,2020-06-22,2020-06-22 15:19,24320,2019-04-01,2020-03-31,株式会社ディー・エヌ・エー
S100IT7Z,2020-06-22,2020-06-22 15:22,46890,2019-04-01,2020-03-31,Ｚホールディングス株式会社
S100IV7W,2020-06-22,2020-06-22 15:37,43870,2019-04-01,2020-03-31,株式会社ＺＵＵ
S100IVLU,2020-06-22,2020-06-22 15:48,82560,2019-03-21,2020-03-20,株式会社プロルート丸光
S100IVKE,2020-06-22,2020-06-22 15:49,47090,2019-04-01,2020-03-31,株式会社ＩＤホールディングス
S100IVJH,2020-06-22,2020-06-22 15:57,87320,2019-04-01,2020-03-31,株式会社マネーパートナーズグループ
S100ITI5,2020-06-22,2020-06-22 16:08,72050,2019-04-01,2020-03-31,日野自動車株式会社
S100IV7R,2020-06-22,2020-06-22 16:09,83620,2019-04-01,2020-03-31,株式会社福井銀行
S100IVEE,2020-06-22,2020-06-22 16:19,87390,2019-04-01,2020-03-31,スパークス・グループ株式会社
S100ITCY,2020-06-22,2020-06-22 16:20,36340,2019-04-01,2020-03-31,株式会社ソケッツ
S100IUY3,2020-06-22,2020-06-22 16:34,83610,2019-04-01,2020-03-31,株式会社　大垣共立銀行
S100IUKB,2020-06-22,2020-06-22 17:08,84390,2019-04-01,2020-03-31,東京センチュリー株式会社
S100IVRV,2020-06-22,2020-06-22 17:11,66590,2019-04-01,2020-03-31,株式会社メディアリンクス
S100IUDF,2020-06-23,2020-06-23 09:01,86240,2019-04-01,2020-03-31,いちよし証券株式会社
S100ITVZ,2020-06-23,2020-06-23 09:01,87500,2019-04-01,2020-03-31,第一生命ホールディングス株式会社
S100IVGM,2020-06-23,2020-06-23 09:08,27370,2019-04-01,2020-03-31,株式会社トーメンデバイス
S100IVSV,2020-06-23,2020-06-23 09:18,87930,2019-04-01,2020-03-31,ＮＥＣキャピタルソリューション株式会社
S100IVQP,2020-06-23,2020-06-23 09:21,47330,2019-04-01,2020-03-31,株式会社オービックビジネスコンサルタント
S100ITL1,2020-06-23,2020-06-23 09:25,59550,2019-04-01,2020-03-31,株式会社ヤマシナ
S100IVX4,2020-06-23,2020-06-23 09:34,47650,2019-04-01,2020-03-31,モーニングスター株式会社
S100IV1N,2020-06-23,2020-06-23 10:00,83080,2019-04-01,2020-03-31,株式会社　りそなホールディングス
S100IV0U,2020-06-23,2020-06-23 10:22,76000,2019-04-01,2020-03-31,株式会社　日本エム・ディ・エム
S100IVUV,2020-06-23,2020-06-23 10:33,97230,2019-04-01,2020-03-31,株式会社京都ホテル
S100IW5X,2020-06-23,2020-06-23 10:35,74510,2019-04-01,2020-03-31,三菱食品株式会社
S100IVRI,2020-06-23,2020-06-23 10:39,69380,2019-04-01,2020-03-31,双信電機株式会社
S100IV61,2020-06-23,2020-06-23 10:50,75060,2019-04-01,2020-03-31,株式会社　ハウス　オブ　ローゼ
S100IUX6,2020-06-23,2020-06-23 10:59,70220,2019-04-01,2020-03-31,サノヤスホールディングス株式会社
S100IVEJ,2020-06-23,2020-06-23 11:00,36120,2019-04-01,2020-03-31,株式会社ワールド
S100IUYL,2020-06-23,2020-06-23 11:00,73260,2019-04-01,2020-03-31,ＳＢＩインシュアランスグループ株式会社
S100IUVM,2020-06-23,2020-06-23 11:11,74860,2019-04-01,2020-03-31,サンリン株式会社
S100IVFT,2020-06-23,2020-06-23 11:17,97820,2019-04-01,2020-03-31,株式会社ディーエムエス
S100IUFC,2020-06-23,2020-06-23 11:18,36480,2019-04-01,2020-03-31,ＡＧＳ株式会社
S100IVMK,2020-06-23,2020-06-23 11:23,27140,2019-04-01,2020-03-31,プラマテルズ株式会社
S100IVL3,2020-06-23,2020-06-23 11:26,63580,2019-04-01,2020-03-31,酒井重工業株式会社
S100IW0U,2020-06-23,2020-06-23 11:32,60960,2019-04-01,2020-03-31,株式会社レアジョブ
S100IVS5,2020-06-23,2020-06-23 11:38,72990,2019-04-01,2020-03-31,フジオーゼックス株式会社
S100IVRJ,2020-06-23,2020-06-23 11:39,21140,2019-04-01,2020-03-31,フジ日本精糖株式会社
S100IVLM,2020-06-23,2020-06-23 11:39,89030,2019-04-01,2020-03-31,株式会社サンウッド
S100IW9P,2020-06-23,2020-06-23 11:41,88030,2019-04-01,2020-03-31,平和不動産株式会社
S100IV6R,2020-06-23,2020-06-23 11:43,71640,2019-04-01,2020-03-31,全国保証株式会社
S100IVL1,2020-06-23,2020-06-23 11:45,59070,2019-04-01,2020-03-31,ＪＦＥコンテイナー株式会社
S100IVZ4,2020-06-23,2020-06-23 11:46,26120,2019-04-01,2020-03-31,かどや製油株式会社
S100ITSL,2020-06-23,2020-06-23 11:49,82790,2019-04-01,2020-03-31,株式会社ヤオコー
S100IW1D,2020-06-23,2020-06-23 11:54,90220,2019-04-01,2020-03-31,東海旅客鉄道株式会社
S100IT39,2020-06-23,2020-06-23 11:54,67410,2019-04-01,2020-03-31,日本信号株式会社
S100IV4D,2020-06-23,2020-06-23 12:00,42490,2019-04-01,2020-03-31,森六ホールディングス株式会社
S100IUVY,2020-06-23,2020-06-23 12:03,82910,2019-04-01,2020-03-31,日産東京販売ホールディングス株式会社
S100IUZX,2020-06-23,2020-06-23 12:36,62380,2019-04-01,2020-03-31,フリュー株式会社
S100IU6I,2020-06-23,2020-06-23 12:46,69180,2019-04-01,2020-03-31,株式会社アバールデータ
S100IWD9,2020-06-23,2020-06-23 12:47,88440,2019-04-01,2020-03-31,株式会社コスモスイニシア
S100IS7M,2020-06-23,2020-06-23 12:52,68090,2019-04-01,2020-03-31,ＴＯＡ株式会社
S100IULA,2020-06-23,2020-06-23 12:54,80120,2019-04-01,2020-03-31,長瀬産業株式会社
S100ITLS,2020-06-23,2020-06-23 13:00,84100,2019-04-01,2020-03-31,株式会社セブン銀行
S100IUUY,2020-06-23,2020-06-23 13:07,82280,2019-04-01,2020-03-31,株式会社マルイチ産商
S100IUDM,2020-06-23,2020-06-23 13:07,78910,2019-04-01,2020-03-31,日本ユピカ株式会社
S100IUAE,2020-06-23,2020-06-23 13:08,20600,2019-04-01,2020-03-31,フィード・ワン株式会社
S100IVQO,2020-06-23,2020-06-23 13:14,33560,2019-04-01,2020-03-31,株式会社テリロジー
S100IUQJ,2020-06-23,2020-06-23 13:15,90010,2019-04-01,2020-03-31,東武鉄道株式会社
S100ITUL,2020-06-23,2020-06-23 13:17,17820,2019-04-01,2020-03-31,常磐開発株式会社
S100IVAW,2020-06-23,2020-06-23 13:19,95510,2019-04-01,2020-03-31,メタウォーター株式会社
S100ISRW,2020-06-23,2020-06-23 13:22,29080,2019-04-01,2020-03-31,フジッコ株式会社
S100IU4H,2020-06-23,2020-06-23 13:24,46150,2019-04-01,2020-03-31,神東塗料株式会社
S100ISO1,2020-06-23,2020-06-23 13:25,75380,2019-04-01,2020-03-31,株式会社大水
S100IV14,2020-06-23,2020-06-23 13:25,82830,2019-04-01,2020-03-31,株式会社ＰＡＬＴＡＣ
S100IVAP,2020-06-23,2020-06-23 13:26,80150,2019-04-01,2020-03-31,豊田通商株式会社
S100IUT1,2020-06-23,2020-06-23 13:28,67980,2019-04-01,2020-03-31,ＳＭＫ株式会社
S100IVJA,2020-06-23,2020-06-23 13:29,79450,2019-04-01,2020-03-31,コマニー株式会社
S100IVSN,2020-06-23,2020-06-23 13:35,18530,2019-04-01,2020-03-31,株式会社　森組
S100IVZN,2020-06-23,2020-06-23 13:36,61550,2019-04-01,2020-03-31,高松機械工業株式会社
S100IRZI,2020-06-23,2020-06-23 13:41,98730,2019-04-01,2020-03-31,日本ＫＦＣホールディングス株式会社
S100IWGZ,2020-06-23,2020-06-23 13:46,54860,2019-04-01,2020-03-31,日立金属株式会社
S100IV0I,2020-06-23,2020-06-23 13:47,31320,2019-04-01,2020-03-31,マクニカ・富士エレ　ホールディングス株式会社
S100IWFO,2020-06-23,2020-06-23 13:50,48320,2019-04-01,2020-03-31,ＪＦＥシステムズ株式会社
S100IV33,2020-06-23,2020-06-23 13:51,18810,2019-04-01,2020-03-31,株式会社ＮＩＰＰＯ
S100IRW7,2020-06-23,2020-06-23 13:53,86130,2019-04-01,2020-03-31,丸三証券株式会社
S100ISYE,2020-06-23,2020-06-23 14:00,49680,2019-04-01,2020-03-31,荒川化学工業株式会社
S100ITCL,2020-06-23,2020-06-23 14:00,26020,2019-04-01,2020-03-31,日清オイリオグループ株式会社
S100IWHC,2020-06-23,2020-06-23 14:00,54510,2019-04-01,2020-03-31,株式会社淀川製鋼所
S100IVO8,2020-06-23,2020-06-23 14:02,28010,2019-04-01,2020-03-31,キッコーマン株式会社
S100IUE9,2020-06-23,2020-06-23 14:03,78400,2019-04-01,2020-03-31,フランスベッドホールディングス株式会社
S100IVGB,2020-06-23,2020-06-23 14:03,83450,2019-04-01,2020-03-31,株式会社岩手銀行
S100IVI6,2020-06-23,2020-06-23 14:04,54760,2019-04-01,2020-03-31,日本高周波鋼業株式会社
S100IV3L,2020-06-23,2020-06-23 14:04,56070,2019-04-01,2020-03-31,中央可鍛工業株式会社
S100IV25,2020-06-23,2020-06-23 14:07,57570,2019-04-01,2020-03-31,株式会社ＣＫサンエツ
S100IVIT,2020-06-23,2020-06-23 14:15,83490,2019-04-01,2020-03-31,株式会社　東北銀行
S100IW1N,2020-06-23,2020-06-23 14:15,21090,2019-04-01,2020-03-31,三井製糖株式会社
S100IVZJ,2020-06-23,2020-06-23 14:19,42040,2019-04-01,2020-03-31,積水化学工業株式会社
S100IRST,2020-06-23,2020-06-23 14:26,99340,2019-04-01,2020-03-31,因幡電機産業株式会社
S100IWKT,2020-06-23,2020-06-23 14:29,43070,2019-04-01,2020-03-31,株式会社野村総合研究所
S100IWLY,2020-06-23,2020-06-23 14:34,13520,2019-04-01,2020-03-31,株式会社ホウスイ
S100IU01,2020-06-23,2020-06-23 14:35,77410,2019-04-01,2020-03-31,ＨＯＹＡ株式会社
S100IVTH,2020-06-23,2020-06-23 14:37,38350,2019-04-01,2020-03-31,ｅＢＡＳＥ株式会社
S100IVOB,2020-06-23,2020-06-23 14:42,70180,2019-04-01,2020-03-31,内海造船株式会社
S100IWHT,2020-06-23,2020-06-23 14:42,79250,2019-04-01,2020-03-31,前澤化成工業株式会社
S100IWLN,2020-06-23,2020-06-23 14:44,63820,2019-04-01,2020-03-31,トリニティ工業株式会社
S100IUTN,2020-06-23,2020-06-23 14:45,18980,2019-04-01,2020-03-31,世紀東急工業株式会社
S100IVLA,2020-06-23,2020-06-23 14:48,78960,2019-04-01,2020-03-31,セブン工業株式会社
S100IUKV,2020-06-23,2020-06-23 14:50,98820,2019-04-01,2020-03-31,株式会社イエローハット
S100IVW9,2020-06-23,2020-06-23 14:52,67620,2019-04-01,2020-03-31,ＴＤＫ株式会社
S100IW06,2020-06-23,2020-06-23 14:53,91040,2019-04-01,2020-03-31,株式会社商船三井
S100IU6D,2020-06-23,2020-06-23 14:53,69450,2019-04-01,2020-03-31,富士通フロンテック株式会社
S100IW04,2020-06-23,2020-06-23 14:55,78640,2019-04-01,2020-03-31,株式会社フジシールインターナショナル
S100IVMP,2020-06-23,2020-06-23 15:00,36580,2019-04-01,2020-03-31,株式会社イーブックイニシアティブジャパン
S100IWJN,2020-06-23,2020-06-23 15:00,89190,2019-04-01,2020-03-31,株式会社カチタス
S100IV5Q,2020-06-23,2020-06-23 15:01,44250,2019-04-01,2020-03-31,Ｋｕｄａｎ株式会社
S100IVIB,2020-06-23,2020-06-23 15:03,24540,2019-04-01,2020-03-31,株式会社オールアバウト
S100IV54,2020-06-23,2020-06-23 15:03,61670,2019-04-01,2020-03-31,冨士ダイス株式会社
S100IVT5,2020-06-23,2020-06-23 15:05,39260,2019-04-01,2020-03-31,株式会社オープンドア
S100IUPC,2020-06-23,2020-06-23 15:05,94220,2019-04-01,2020-03-31,コネクシオ株式会社
S100IVCO,2020-06-23,2020-06-23 15:05,92320,2019-04-01,2020-03-31,株式会社パスコ
S100IWA8,2020-06-23,2020-06-23 15:06,30660,2019-04-01,2020-03-31,株式会社ＪＢイレブン
S100IW8N,2020-06-23,2020-06-23 15:11,60890,2019-04-01,2020-03-31,株式会社ウィルグループ
S100IU71,2020-06-23,2020-06-23 15:11,90640,2019-04-01,2020-03-31,ヤマトホールディングス株式会社
S100IVX0,2020-06-23,2020-06-23 15:14,80350,2019-04-01,2020-03-31,東京エレクトロン株式会社
S100IUN2,2020-06-23,2020-06-23 15:16,71830,2019-04-01,2020-03-31,あんしん保証株式会社
S100IVS2,2020-06-23,2020-06-23 15:17,45550,2019-04-01,2020-03-31,沢井製薬株式会社
S100IV2U,2020-06-23,2020-06-23 15:21,19110,2019-04-01,2020-03-31,住友林業株式会社
S100IWR3,2020-06-23,2020-06-23 15:28,61860,2019-04-01,2020-03-31,株式会社一蔵
S100IVQU,2020-06-23,2020-06-23 15:28,72980,2019-04-01,2020-03-31,八千代工業株式会社
S100ITK9,2020-06-23,2020-06-23 15:30,42170,2019-04-01,2020-03-31,日立化成株式会社
S100IW14,2020-06-23,2020-06-23 15:32,85720,2019-04-01,2020-03-31,アコム株式会社
S100IWP7,2020-06-23,2020-06-23 15:34,48190,2019-04-01,2020-03-31,株式会社デジタルガレージ
S100IWIK,2020-06-23,2020-06-23 15:42,72640,2019-04-01,2020-03-31,株式会社ムロコーポレーション
S100IWJW,2020-06-23,2020-06-23 15:51,90200,2019-04-01,2020-03-31,東日本旅客鉄道株式会社
S100IVAE,2020-06-23,2020-06-23 15:51,72390,2019-04-01,2020-03-31,株式会社タチエス
S100IVY3,2020-06-23,2020-06-23 15:57,36760,2019-04-01,2020-03-31,株式会社デジタルハーツホールディングス
S100IWFF,2020-06-23,2020-06-23 16:01,18140,2019-04-01,2020-03-31,大末建設株式会社
S100IVWI,2020-06-23,2020-06-23 16:06,78440,2019-04-01,2020-03-31,株式会社マーベラス
S100IVT7,2020-06-23,2020-06-23 16:08,32310,2019-04-01,2020-03-31,野村不動産ホールディングス株式会社
S100IVJ6,2020-06-23,2020-06-23 16:10,61850,2019-04-01,2020-03-31,ＳＭＮ株式会社
S100IVP9,2020-06-23,2020-06-23 16:16,46710,2019-04-01,2020-03-31,株式会社ファルコホールディングス
S100ITYL,2020-06-23,2020-06-23 16:16,34020,2019-04-01,2020-03-31,東レ株式会社
S100IRQK,2020-06-23,2020-06-23 16:18,91070,2019-04-01,2020-03-31,川崎汽船株式会社
S100IVCX,2020-06-23,2020-06-23 16:20,97190,2019-04-01,2020-03-31,ＳＣＳＫ株式会社
S100IWVZ,2020-06-23,2020-06-23 16:20,18240,2019-04-01,2020-03-31,前田建設工業株式会社
S100IUNI,2020-06-23,2020-06-23 16:21,49560,2019-04-01,2020-03-31,コニシ株式会社
S100IWW5,2020-06-23,2020-06-23 16:30,61580,2019-04-01,2020-03-31,株式会社和井田製作所
S100IVGN,2020-06-23,2020-06-23 16:34,37990,2019-04-01,2020-03-31,キーウェアソリューションズ株式会社
S100IV4M,2020-06-23,2020-06-23 16:45,75590,2019-04-01,2020-03-31,ジーエフシー株式会社
S100IWKX,2020-06-23,2020-06-23 16:48,74660,2019-04-01,2020-03-31,ＳＰＫ株式会社
S100IVZ0,2020-06-23,2020-06-23 16:52,58010,2019-04-01,2020-03-31,古河電気工業株式会社
S100IU2H,2020-06-23,2020-06-23 16:53,45060,2019-04-01,2020-03-31,大日本住友製薬株式会社
S100IVLV,2020-06-23,2020-06-23 16:53,46360,2019-04-01,2020-03-31,株式会社Ｔ＆Ｋ　ＴＯＫＡ
S100IWKH,2020-06-23,2020-06-23 16:58,79060,2019-04-01,2020-03-31,ヨネックス株式会社
S100IUE5,2020-06-24,2020-06-24 09:00,43640,2019-04-01,2020-03-31,マナック株式会社
S100IWP5,2020-06-24,2020-06-24 09:00,13800,2019-04-01,2020-03-31,株式会社秋川牧園
S100IS44,2020-06-24,2020-06-24 09:01,42310,2019-04-01,2020-03-31,タイガースポリマー株式会社
S100IW5A,2020-06-24,2020-06-24 09:03,83830,2019-04-01,2020-03-31,株式会社　鳥取銀行
S100IWUE,2020-06-24,2020-06-24 09:04,81580,2019-04-01,2020-03-31,ソーダニッカ株式会社
S100IVDC,2020-06-24,2020-06-24 09:04,49170,2019-04-01,2020-03-31,株式会社マンダム
S100IUP4,2020-06-24,2020-06-24 09:07,62360,2019-04-01,2020-03-31,ＮＣホールディングス株式会社
S100ITNY,2020-06-24,2020-06-24 09:08,83680,2019-04-01,2020-03-31,株式会社　百五銀行
S100IWNI,2020-06-24,2020-06-24 09:08,88910,2019-04-01,2020-03-31,株式会社エムジーホーム
S100IWL9,2020-06-24,2020-06-24 09:08,43410,2019-04-01,2020-03-31,西菱電機株式会社
S100IVNF,2020-06-24,2020-06-24 09:09,66550,2019-04-01,2020-03-31,東洋電機株式会社
S100IWKG,2020-06-24,2020-06-24 09:10,22220,2019-04-01,2020-03-31,寿スピリッツ株式会社
S100IWB8,2020-06-24,2020-06-24 09:12,68590,2019-04-01,2020-03-31,エスペック株式会社
S100IV42,2020-06-24,2020-06-24 09:14,22960,2019-04-01,2020-03-31,伊藤ハム米久ホールディングス株式会社
S100IUZH,2020-06-24,2020-06-24 09:16,42410,2019-04-01,2020-03-31,株式会社アテクト
S100IV3T,2020-06-24,2020-06-24 09:17,99550,2019-04-01,2020-03-31,株式会社ヨンキュウ
S100IUMI,2020-06-24,2020-06-24 09:19,85620,2019-04-01,2020-03-31,株式会社　福島銀行
S100IVYM,2020-06-24,2020-06-24 09:29,53860,2019-04-01,2020-03-31,株式会社鶴弥
S100ISVQ,2020-06-24,2020-06-24 09:30,80980,2019-04-01,2020-03-31,稲畑産業株式会社
S100IWF4,2020-06-24,2020-06-24 09:37,43420,2019-04-01,2020-03-31,セコム上信越株式会社
S100IWEH,2020-06-24,2020-06-24 09:39,97990,2019-04-01,2020-03-31,旭情報サービス株式会社
S100IWZA,2020-06-24,2020-06-24 09:41,26560,2019-04-01,2020-03-31,株式会社ベクター
S100IVW6,2020-06-24,2020-06-24 09:43,61510,2019-04-01,2020-03-31,日東工器株式会社
S100IWW4,2020-06-24,2020-06-24 09:44,74820,2019-04-01,2020-03-31,株式会社シモジマ
S100IX5K,2020-06-24,2020-06-24 09:50,24690,2019-04-01,2020-03-31,ヒビノ株式会社
S100IXH4,2020-06-24,2020-06-24 09:51,64670,2019-04-01,2020-03-31,株式会社ニチダイ
S100IXGB,2020-06-24,2020-06-24 09:51,76700,2019-04-01,2020-03-31,オーウエル株式会社
S100IWPK,2020-06-24,2020-06-24 09:56,45440,2019-04-01,2020-03-31,みらかホールディングス株式会社
S100IWEQ,2020-06-24,2020-06-24 09:59,54610,2019-04-01,2020-03-31,中部鋼鈑株式会社
S100IWIL,2020-06-24,2020-06-24 09:59,48390,2019-04-01,2020-03-31,株式会社ＷＯＷＯＷ
S100IUOK,2020-06-24,2020-06-24 10:00,45490,2019-04-01,2020-03-31,栄研化学株式会社
S100IUNY,2020-06-24,2020-06-24 10:01,31310,2019-04-01,2020-03-31,シンデン・ハイテックス株式会社
S100IXHT,2020-06-24,2020-06-24 10:01,37660,2019-04-01,2020-03-31,システムズ・デザイン株式会社
S100IVFN,2020-06-24,2020-06-24 10:03,62540,2019-04-01,2020-03-31,野村マイクロ・サイエンス株式会社
S100IWFZ,2020-06-24,2020-06-24 10:07,41200,2019-04-01,2020-03-31,スガイ化学工業株式会社
S100IX45,2020-06-24,2020-06-24 10:07,43330,2019-04-01,2020-03-31,株式会社東邦システムサイエンス
S100IX1E,2020-06-24,2020-06-24 10:08,52170,2019-04-01,2020-03-31,テクノクオーツ株式会社
S100IT79,2020-06-24,2020-06-24 10:09,43620,2019-04-01,2020-03-31,日本精化株式会社
S100IVGS,2020-06-24,2020-06-24 10:10,38420,2019-04-01,2020-03-31,株式会社ネクストジェン
S100IVDN,2020-06-24,2020-06-24 10:11,74170,2019-04-01,2020-03-31,株式会社南陽
S100IVY8,2020-06-24,2020-06-24 10:14,94050,2019-04-01,2020-03-31,朝日放送グループホールディングス株式会社
S100IX12,2020-06-24,2020-06-24 10:24,41850,2019-04-01,2020-03-31,ＪＳＲ株式会社
S100IVOR,2020-06-24,2020-06-24 10:29,36220,2019-04-01,2020-03-31,ネットイヤーグループ株式会社
S100IXGQ,2020-06-24,2020-06-24 10:32,46530,2019-04-01,2020-03-31,株式会社ダイオーズ
S100IWI6,2020-06-24,2020-06-24 10:33,61570,2019-04-01,2020-03-31,日進工具株式会社
S100IW4L,2020-06-24,2020-06-24 10:38,50080,2019-01-01,2020-03-31,東亜石油株式会社
S100IWLH,2020-06-24,2020-06-24 10:39,85150,2019-04-01,2020-03-31,アイフル株式会社
S100IWHR,2020-06-24,2020-06-24 10:41,45310,2019-04-01,2020-03-31,有機合成薬品工業株式会社
S100IWL2,2020-06-24,2020-06-24 10:44,24680,2019-04-01,2020-03-31,株式会社フュートレック
S100IUTK,2020-06-24,2020-06-24 10:45,90210,2019-04-01,2020-03-31,西日本旅客鉄道株式会社
S100IXFD,2020-06-24,2020-06-24 10:54,49870,2019-04-01,2020-03-31,株式会社寺岡製作所
S100IWWY,2020-06-24,2020-06-24 10:58,47080,2019-04-01,2020-03-31,りらいあコミュニケーションズ株式会社
S100IW5U,2020-06-24,2020-06-24 10:58,96000,2019-04-01,2020-03-31,株式会社アイネット
S100IWS2,2020-06-24,2020-06-24 11:02,35710,2019-04-01,2020-03-31,株式会社ソトー
S100IWVO,2020-06-24,2020-06-24 11:04,42160,2019-04-01,2020-03-31,旭有機材株式会社
S100IWWD,2020-06-24,2020-06-24 11:06,46670,2019-04-01,2020-03-31,アイサンテクノロジー株式会社
S100IWWU,2020-06-24,2020-06-24 11:08,42060,2019-04-01,2020-03-31,アイカ工業株式会社
S100IX9O,2020-06-24,2020-06-24 11:12,38480,2019-04-01,2020-03-31,株式会社データ・アプリケーション
S100IXMU,2020-06-24,2020-06-24 11:13,81320,2019-04-01,2020-03-31,シナネンホールディングス株式会社
S100IUV8,2020-06-24,2020-06-24 11:17,82980,2019-04-01,2020-03-31,株式会社ファミリー
S100ITRU,2020-06-24,2020-06-24 11:18,33440,2019-04-01,2020-03-31,株式会社ワンダーコーポレーション
S100IX4X,2020-06-24,2020-06-24 11:19,99590,2019-04-01,2020-03-31,アシードホールディングス株式会社
S100IW60,2020-06-24,2020-06-24 11:19,94230,2019-04-01,2020-03-31,株式会社フォーバル・リアルストレート
S100IW23,2020-06-24,2020-06-24 11:21,34420,2019-04-01,2020-03-31,株式会社ＭＩＥコーポレーション
S100IXHG,2020-06-24,2020-06-24 11:22,64060,2019-04-01,2020-03-31,フジテック株式会社
S100IXEM,2020-06-24,2020-06-24 11:27,64860,2019-04-01,2020-03-31,イーグル工業株式会社
S100IQVC,2020-06-24,2020-06-24 11:28,54100,2019-04-01,2020-03-31,合同製鐵株式会社
S100IX08,2020-06-24,2020-06-24 11:30,80220,2019-04-01,2020-03-31,美津濃株式会社
S100IVNX,2020-06-24,2020-06-24 11:31,60600,2019-04-01,2020-03-31,こころネット株式会社
S100IVU2,2020-06-24,2020-06-24 11:31,27820,2019-04-01,2020-03-31,株式会社セリア
S100ITKE,2020-06-24,2020-06-24 11:32,29020,2019-04-01,2020-03-31,太陽化学株式会社
S100IVBW,2020-06-24,2020-06-24 11:32,79700,2019-04-01,2020-03-31,信越ポリマー株式会社
S100IXOM,2020-06-24,2020-06-24 11:33,47320,2019-04-01,2020-03-31,株式会社ユー・エス・エス
S100IWOA,2020-06-24,2020-06-24 11:34,75090,2019-04-01,2020-03-31,アイエーグループ株式会社
S100IVQT,2020-06-24,2020-06-24 11:37,43880,2019-04-01,2020-03-31,株式会社エーアイ
S100IVD6,2020-06-24,2020-06-24 11:39,85110,2019-04-01,2020-03-31,日本証券金融株式会社
S100IXIV,2020-06-24,2020-06-24 11:39,31010,2019-04-01,2020-03-31,東洋紡株式会社
S100IW7Y,2020-06-24,2020-06-24 11:41,78970,2019-04-01,2020-03-31,ホクシン株式会社
S100IXQU,2020-06-24,2020-06-24 11:42,23980,2019-04-01,2020-03-31,株式会社ツクイ
S100IVRZ,2020-06-24,2020-06-24 11:45,31060,2019-04-01,2020-03-31,倉敷紡績株式会社
S100IX6Z,2020-06-24,2020-06-24 11:50,35830,2019-04-01,2020-03-31,オーベクス株式会社
S100IW3I,2020-06-24,2020-06-24 11:55,47700,2019-04-01,2020-03-31,図研エルミック株式会社
S100ISZU,2020-06-24,2020-06-24 12:05,34070,2019-04-01,2020-03-31,旭化成株式会社
S100IV3O,2020-06-24,2020-06-24 12:09,68360,2019-04-01,2020-03-31,ぷらっとホーム株式会社
S100IXTW,2020-06-24,2020-06-24 12:10,46590,2019-04-01,2020-03-31,株式会社エイジス
S100IV6Q,2020-06-24,2020-06-24 12:27,72170,2019-04-01,2020-03-31,株式会社テイン
S100IX5N,2020-06-24,2020-06-24 12:39,21510,2019-04-01,2020-03-31,株式会社タケエイ
S100IU30,2020-06-24,2020-06-24 12:42,83990,2019-04-01,2020-03-31,株式会社琉球銀行
S100IX72,2020-06-24,2020-06-24 12:45,63320,2019-04-01,2020-03-31,月島機械株式会社
S100IW4M,2020-06-24,2020-06-24 12:50,99600,2019-04-01,2020-03-31,東テク株式会社
S100IWO3,2020-06-24,2020-06-24 12:53,87040,2019-04-01,2020-03-31,トレイダーズホールディングス株式会社
S100IX3C,2020-06-24,2020-06-24 12:55,46850,2019-04-01,2020-03-31,株式会社菱友システムズ
S100IVMA,2020-06-24,2020-06-24 12:57,68200,2019-04-01,2020-03-31,アイコム株式会社
S100IWQR,2020-06-24,2020-06-24 12:59,44640,2019-04-01,2020-03-31,株式会社ソフト９９コーポレーション
S100IXWV,2020-06-24,2020-06-24 13:00,96960,2019-04-01,2020-03-31,株式会社ウィザス
S100IW87,2020-06-24,2020-06-24 13:00,80740,2019-04-01,2020-03-31,ユアサ商事株式会社
S100IXLK,2020-06-24,2020-06-24 13:02,66450,2019-04-01,2020-03-31,オムロン株式会社
S100IW9Y,2020-06-24,2020-06-24 13:02,31530,2019-04-01,2020-03-31,八洲電機株式会社
S100IX4F,2020-06-24,2020-06-24 13:03,76350,2019-04-01,2020-03-31,杉田エース株式会社
S100IRWY,2020-06-24,2020-06-24 13:03,17370,2019-04-01,2020-03-31,三井金属エンジニアリング株式会社
S100IWW7,2020-06-24,2020-06-24 13:03,24250,2019-04-01,2020-03-31,株式会社ケアサービス
S100IXWJ,2020-06-24,2020-06-24 13:04,19820,2019-04-01,2020-03-31,日比谷総合設備株式会社
S100ITC5,2020-06-24,2020-06-24 13:04,64800,2019-04-01,2020-03-31,日本トムソン株式会社
S100IWR8,2020-06-24,2020-06-24 13:05,79710,2019-04-01,2020-03-31,東リ株式会社
S100IVKA,2020-06-24,2020-06-24 13:06,66700,2019-04-01,2020-03-31,株式会社ＭＣＪ
S100IX5V,2020-06-24,2020-06-24 13:08,73270,2019-04-01,2020-03-31,株式会社第四北越フィナンシャルグループ
S100IWH5,2020-06-24,2020-06-24 13:10,64930,2019-04-01,2020-03-31,日鍛バルブ株式会社
S100IX71,2020-06-24,2020-06-24 13:12,23170,2019-04-01,2020-03-31,株式会社システナ
S100IVD1,2020-06-24,2020-06-24 13:13,13010,2019-04-01,2020-03-31,株式会社　極洋
S100IV7A,2020-06-24,2020-06-24 13:18,46650,2019-04-01,2020-03-31,株式会社ダスキン
S100IWGB,2020-06-24,2020-06-24 13:19,49140,2019-04-01,2020-03-31,高砂香料工業株式会社
S100IV3E,2020-06-24,2020-06-24 13:20,79790,2019-04-01,2020-03-31,株式会社松風
S100IXXV,2020-06-24,2020-06-24 13:20,41880,2019-04-01,2020-03-31,株式会社三菱ケミカルホールディングス
S100IWYF,2020-06-24,2020-06-24 13:28,98200,2019-04-01,2020-03-31,エムティジェネックス株式会社
S100IU48,2020-06-24,2020-06-24 13:29,45170,2019-04-01,2020-03-31,ビオフェルミン製薬株式会社
S100IWXU,2020-06-24,2020-06-24 13:30,67710,2019-04-01,2020-03-31,池上通信機株式会社
S100IVOQ,2020-06-24,2020-06-24 13:30,83600,2019-04-01,2020-03-31,株式会社　山梨中央銀行
S100IXW9,2020-06-24,2020-06-24 13:31,66160,2019-04-01,2020-03-31,トレックス・セミコンダクター株式会社
S100IWN9,2020-06-24,2020-06-24 13:35,42030,2019-04-01,2020-03-31,住友ベークライト株式会社
S100ITT0,2020-06-24,2020-06-24 13:37,53840,2019-04-01,2020-03-31,株式会社フジミインコーポレーテッド
S100IXVN,2020-06-24,2020-06-24 13:38,98800,2019-04-01,2020-03-31,イノテック株式会社
S100IWRP,2020-06-24,2020-06-24 13:40,23310,2019-04-01,2020-03-31,綜合警備保障株式会社
S100IVI5,2020-06-24,2020-06-24 13:45,75510,2019-04-01,2020-03-31,株式会社ウェッズ
S100IY1I,2020-06-24,2020-06-24 13:54,78200,2019-04-01,2020-03-31,ニホンフラッシュ株式会社
S100IWH9,2020-06-24,2020-06-24 13:55,68450,2019-04-01,2020-03-31,アズビル株式会社
S100IV3K,2020-06-24,2020-06-24 13:55,93020,2019-04-01,2020-03-31,三井倉庫ホールディングス株式会社
S100IWVL,2020-06-24,2020-06-24 14:03,83340,2019-04-01,2020-03-31,株式会社　群馬銀行
S100IUCE,2020-06-24,2020-06-24 14:05,53340,2019-04-01,2020-03-31,日本特殊陶業株式会社
S100IXU2,2020-06-24,2020-06-24 14:05,39560,2019-04-01,2020-03-31,国際チャート株式会社
S100IVF9,2020-06-24,2020-06-24 14:06,57030,2019-04-01,2020-03-31,日本軽金属ホールディングス株式会社
S100IXA6,2020-06-24,2020-06-24 14:07,54060,2019-04-01,2020-03-31,株式会社　神戸製鋼所
S100IUAA,2020-06-24,2020-06-24 14:08,90860,2019-04-01,2020-03-31,株式会社日立物流
S100IWY0,2020-06-24,2020-06-24 14:11,30580,2019-04-01,2020-03-31,株式会社三洋堂ホールディングス
S100IY4N,2020-06-24,2020-06-24 14:13,33700,2019-04-01,2020-03-31,株式会社フジタコーポレーション
S100IY5Q,2020-06-24,2020-06-24 14:17,88900,2019-04-01,2020-03-31,株式会社レーサム
S100IY4Q,2020-06-24,2020-06-24 14:19,70040,2019-04-01,2020-03-31,日立造船株式会社
S100IVH1,2020-06-24,2020-06-24 14:26,23350,2019-04-01,2020-03-31,株式会社キューブシステム
S100IWA0,2020-06-24,2020-06-24 14:26,31570,2019-04-01,2020-03-31,ジューテックホールディングス株式会社
S100IVSX,2020-06-24,2020-06-24 14:26,20040,2019-04-01,2020-03-31,昭和産業株式会社
S100IXI0,2020-06-24,2020-06-24 14:28,68230,2019-04-01,2020-03-31,リオン株式会社
S100IY66,2020-06-24,2020-06-24 14:29,33880,2019-04-01,2020-03-31,明治電機工業株式会社
S100IWSF,2020-06-24,2020-06-24 14:30,87130,2019-04-01,2020-03-31,フィデアホールディングス株式会社
S100IX1C,2020-06-24,2020-06-24 14:37,41150,2019-04-01,2020-03-31,本州化学工業株式会社
S100IXUZ,2020-06-24,2020-06-24 14:41,45070,2019-04-01,2020-03-31,塩野義製薬株式会社
S100IUMP,2020-06-24,2020-06-24 14:45,19490,2019-04-01,2020-03-31,住友電設株式会社
S100IV64,2020-06-24,2020-06-24 14:47,21620,2019-04-01,2020-03-31,ｎｍｓホールディングス株式会社
S100IWEZ,2020-06-24,2020-06-24 14:49,22700,2019-04-01,2020-03-31,雪印メグミルク株式会社
S100IY5C,2020-06-24,2020-06-24 14:50,45640,2019-04-01,2020-03-31,オンコセラピー・サイエンス株式会社
S100IY9Q,2020-06-24,2020-06-24 14:50,85930,2019-04-01,2020-03-31,三菱ＵＦＪリース株式会社
S100IXDS,2020-06-24,2020-06-24 14:50,45570,2019-04-01,2020-03-31,株式会社医学生物学研究所
S100IYAA,2020-06-24,2020-06-24 14:53,91790,2019-04-01,2020-03-31,川崎近海汽船株式会社
S100IWSP,2020-06-24,2020-06-24 14:55,67940,2019-04-01,2020-03-31,フォスター電機株式会社
S100IYBK,2020-06-24,2020-06-24 14:58,76870,2019-04-01,2020-03-31,株式会社ミクリード
S100IXAQ,2020-06-24,2020-06-24 15:00,35420,2019-04-01,2020-03-31,株式会社ベガコーポレーション
S100IXFZ,2020-06-24,2020-06-24 15:00,31370,2019-04-01,2020-03-31,株式会社ファンデリー
S100IV8X,2020-06-24,2020-06-24 15:00,21560,2019-04-01,2020-03-31,セーラー広告株式会社
S100IWGU,2020-06-24,2020-06-24 15:00,67700,2019-04-01,2020-03-31,アルプスアルパイン株式会社
S100IUNR,2020-06-24,2020-06-24 15:00,72030,2019-04-01,2020-03-31,トヨタ自動車株式会社
S100IUFY,2020-06-24,2020-06-24 15:00,62620,2019-04-01,2020-03-31,ペガサスミシン製造株式会社
S100IT4C,2020-06-24,2020-06-24 15:00,91420,2019-04-01,2020-03-31,九州旅客鉄道株式会社
S100IVEK,2020-06-24,2020-06-24 15:00,68410,2019-04-01,2020-03-31,横河電機株式会社
S100IXQP,2020-06-24,2020-06-24 15:01,39700,2019-04-01,2020-03-31,株式会社イノベーション
S100IX13,2020-06-24,2020-06-24 15:01,24890,2019-04-01,2020-03-31,株式会社アドウェイズ
S100IY94,2020-06-24,2020-06-24 15:01,94320,2019-04-01,2020-03-31,日本電信電話株式会社
S100IVTB,2020-06-24,2020-06-24 15:02,60550,2019-04-01,2020-03-31,ジャパンマテリアル株式会社
S100IXYE,2020-06-24,2020-06-24 15:02,34670,2019-04-01,2020-03-31,アグレ都市デザイン株式会社
S100IW46,2020-06-24,2020-06-24 15:05,59230,2019-04-01,2020-03-31,高田機工株式会社
S100IYD1,2020-06-24,2020-06-24 15:05,29150,2019-04-01,2020-03-31,ケンコーマヨネーズ株式会社
S100IVGX,2020-06-24,2020-06-24 15:06,56600,2019-04-01,2020-03-31,神鋼鋼線工業株式会社
S100IWTS,2020-06-24,2020-06-24 15:06,22910,2019-04-01,2020-03-31,福留ハム株式会社
S100IUW5,2020-06-24,2020-06-24 15:07,45020,2019-04-01,2020-03-31,武田薬品工業株式会社
S100IXGU,2020-06-24,2020-06-24 15:08,81740,2019-04-01,2020-03-31,日本瓦斯株式会社
S100ITDP,2020-06-24,2020-06-24 15:08,45410,2019-04-01,2020-03-31,日医工株式会社
S100IYE7,2020-06-24,2020-06-24 15:09,41830,2019-04-01,2020-03-31,三井化学株式会社
S100IXQZ,2020-06-24,2020-06-24 15:10,94670,2019-04-01,2020-03-31,株式会社アルファポリス
S100IUCR,2020-06-24,2020-06-24 15:11,85370,2019-04-01,2020-03-31,株式会社大光銀行
S100IV4X,2020-06-24,2020-06-24 15:15,74380,2019-04-01,2020-03-31,コンドーテック株式会社
S100IXQI,2020-06-24,2020-06-24 15:15,48000,2019-04-01,2020-03-31,オリコン株式会社
S100IU1Q,2020-06-24,2020-06-24 15:16,83770,2019-04-01,2020-03-31,株式会社ほくほくフィナンシャルグループ
S100IVVN,2020-06-24,2020-06-24 15:16,86000,2019-04-01,2020-03-31,トモニホールディングス株式会社
S100IWFS,2020-06-24,2020-06-24 15:20,19510,2019-04-01,2020-03-31,株式会社協和エクシオ
S100IY1B,2020-06-24,2020-06-24 15:20,28020,2019-04-01,2020-03-31,味の素株式会社
S100IVV6,2020-06-24,2020-06-24 15:21,63620,2019-04-01,2020-03-31,株式会社石井鐵工所
S100IX6G,2020-06-24,2020-06-24 15:28,83460,2019-04-01,2020-03-31,株式会社東邦銀行
S100IXDM,2020-06-24,2020-06-24 15:30,92660,2019-04-01,2020-03-31,株式会社　一家ダイニングプロジェクト
S100IXXB,2020-06-24,2020-06-24 15:30,38300,2019-04-01,2020-03-31,株式会社ギガプライズ
S100IXS7,2020-06-24,2020-06-24 15:32,90490,2019-04-01,2020-03-31,京福電気鉄道株式会社
S100IUZ8,2020-06-24,2020-06-24 15:32,40050,2019-04-01,2020-03-31,住友化学株式会社
S100IUZ1,2020-06-24,2020-06-24 15:32,45520,2019-04-01,2020-03-31,ＪＣＲファーマ株式会社
S100IYEC,2020-06-24,2020-06-24 15:33,17170,2019-04-01,2020-03-31,明豊ファシリティワークス株式会社
S100IVC2,2020-06-24,2020-06-24 15:34,19730,2019-04-01,2020-03-31,ＮＥＣネッツエスアイ株式会社
S100IWYA,2020-06-24,2020-06-24 15:35,93050,2019-04-01,2020-03-31,株式会社ヤマタネ
S100IX8E,2020-06-24,2020-06-24 15:35,67970,2019-04-01,2020-03-31,名古屋電機工業株式会社
S100IW5J,2020-06-24,2020-06-24 15:37,38390,2019-04-01,2020-03-31,株式会社ＯＤＫソリューションズ
S100IX6B,2020-06-24,2020-06-24 15:38,36040,2019-04-01,2020-03-31,川本産業株式会社
S100IWQ1,2020-06-24,2020-06-24 15:39,71610,2019-04-01,2020-03-31,株式会社じもとホールディングス
S100IY0S,2020-06-24,2020-06-24 15:40,25940,2019-04-01,2020-03-31,キーコーヒー株式会社
S100IX6W,2020-06-24,2020-06-24 15:43,65900,2019-04-01,2020-03-31,芝浦メカトロニクス株式会社
S100IW43,2020-06-24,2020-06-24 15:46,28710,2019-04-01,2020-03-31,株式会社ニチレイ
S100IY3M,2020-06-24,2020-06-24 15:49,80590,2019-04-01,2020-03-31,第一実業株式会社
S100IXT2,2020-06-24,2020-06-24 15:53,67010,2019-04-01,2020-03-31,日本電気株式会社
S100IW3L,2020-06-24,2020-06-24 15:53,53320,2019-04-01,2020-03-31,ＴＯＴＯ株式会社
S100IX4R,2020-06-24,2020-06-24 15:54,38440,2019-04-01,2020-03-31,コムチュア株式会社
S100IYHA,2020-06-24,2020-06-24 15:55,87690,2019-04-01,2020-03-31,株式会社アドバンテッジリスクマネジメント
S100IX5J,2020-06-24,2020-06-24 15:57,45360,2019-04-01,2020-03-31,参天製薬株式会社
S100IVAN,2020-06-24,2020-06-24 16:00,59850,2019-04-01,2020-03-31,サンコール株式会社
S100IYBY,2020-06-24,2020-06-24 16:01,44610,2019-04-01,2020-03-31,第一工業製薬株式会社
S100IYA3,2020-06-24,2020-06-24 16:02,65490,2019-04-01,2020-03-31,ディーエムソリューションズ株式会社
S100IVI8,2020-06-24,2020-06-24 16:03,80200,2019-04-01,2020-03-31,兼松株式会社
S100IYID,2020-06-24,2020-06-24 16:03,94790,2019-04-01,2020-03-31,株式会社インプレスホールディングス
S100IWRV,2020-06-24,2020-06-24 16:03,83500,2019-04-01,2020-03-31,株式会社　みちのく銀行
S100IYGI,2020-06-24,2020-06-24 16:06,33920,2019-04-01,2020-03-31,デリカフーズホールディングス株式会社
S100IUVB,2020-06-24,2020-06-24 16:08,75610,2019-04-01,2020-03-31,株式会社ハークスレイ
S100IWQ5,2020-06-24,2020-06-24 16:11,40230,2019-04-01,2020-03-31,株式会社クレハ
S100IWZD,2020-06-24,2020-06-24 16:14,62310,2019-04-01,2020-03-31,木村工機株式会社
S100IYLQ,2020-06-24,2020-06-24 16:18,63340,2019-04-01,2020-03-31,明治機械株式会社
S100IWST,2020-06-24,2020-06-24 16:29,72700,2019-04-01,2020-03-31,株式会社ＳＵＢＡＲＵ
S100IWNK,2020-06-24,2020-06-24 16:32,52790,2019-04-01,2020-03-31,日本興業株式会社
S100IY3K,2020-06-24,2020-06-24 16:32,69460,2019-04-01,2020-03-31,日本アビオニクス株式会社
S100IYMF,2020-06-24,2020-06-24 16:33,72310,2019-04-01,2020-03-31,トピー工業株式会社
S100IWT8,2020-06-24,2020-06-24 16:39,83380,2019-04-01,2020-03-31,株式会社筑波銀行
S100IYN0,2020-06-24,2020-06-24 16:40,21520,2019-04-01,2020-03-31,幼児活動研究会株式会社
S100IYJ3,2020-06-24,2020-06-24 16:45,67880,2019-04-01,2020-03-31,株式会社日本トリム
S100IXPP,2020-06-24,2020-06-24 16:46,84250,2019-04-01,2020-03-31,みずほリース株式会社
S100IWZT,2020-06-24,2020-06-24 16:48,93530,2019-04-01,2020-03-31,櫻島埠頭株式会社
S100IYPU,2020-06-24,2020-06-24 16:55,89340,2019-04-01,2020-03-31,サンフロンティア不動産株式会社
S100IYLI,2020-06-24,2020-06-24 16:56,26940,2019-04-01,2020-03-31,株式会社ジー・テイスト
S100IYRT,2020-06-24,2020-06-24 17:11,39370,2019-04-01,2020-03-31,株式会社Ｕｂｉｃｏｍホールディングス
S100IXZY,2020-06-25,2020-06-25 09:00,34370,2019-04-01,2020-03-31,特殊電極株式会社
S100IVWG,2020-06-25,2020-06-25 09:00,81730,2019-04-01,2020-03-31,上新電機株式会社
S100IXF3,2020-06-25,2020-06-25 09:00,23490,2019-04-01,2020-03-31,株式会社エヌアイデイ
S100IYEG,2020-06-25,2020-06-25 09:00,83920,2019-04-01,2020-03-31,株式会社大分銀行
S100IY68,2020-06-25,2020-06-25 09:01,85580,2019-04-01,2020-03-31,株式会社東和銀行
S100IZ7P,2020-06-25,2020-06-25 09:01,96280,2019-04-01,2020-03-31,燦ホールディングス株式会社
S100IW0P,2020-06-25,2020-06-25 09:01,81530,2019-04-01,2020-03-31,株式会社モスフードサービス
S100IX41,2020-06-25,2020-06-25 09:04,87060,2019-04-01,2020-03-31,極東証券株式会社
S100IY5L,2020-06-25,2020-06-25 09:05,81400,2019-04-01,2020-03-31,株式会社リョーサン
S100IYFY,2020-06-25,2020-06-25 09:05,29050,2019-04-01,2020-03-31,オーケー食品工業株式会社
S100IYV8,2020-06-25,2020-06-25 09:05,94240,2019-04-01,2020-03-31,日本通信株式会社
S100IY1L,2020-06-25,2020-06-25 09:07,21370,2019-04-01,2020-03-31,株式会社光ハイツ・ヴェラス
S100IYP9,2020-06-25,2020-06-25 09:07,83040,2019-04-01,2020-03-31,株式会社あおぞら銀行
S100IY09,2020-06-25,2020-06-25 09:09,76150,2019-04-01,2020-03-31,京都きもの友禅株式会社
S100IYKX,2020-06-25,2020-06-25 09:10,67720,2019-04-01,2020-03-31,東京コスモス電機株式会社
S100IZ7O,2020-06-25,2020-06-25 09:10,59120,2019-04-01,2020-03-31,ＯＳＪＢホールディングス株式会社
S100IX2J,2020-06-25,2020-06-25 09:11,45120,2019-04-01,2020-03-31,わかもと製薬株式会社
S100IYLH,2020-06-25,2020-06-25 09:12,58200,2019-04-01,2020-03-31,株式会社三ッ星
S100IWG5,2020-06-25,2020-06-25 09:13,43660,2019-04-01,2020-03-31,ダイトーケミックス株式会社
S100IYNQ,2020-06-25,2020-06-25 09:16,43230,2019-04-01,2020-03-31,日本システム技術株式会社
S100IY2Y,2020-06-25,2020-06-25 09:17,99190,2019-04-01,2020-03-31,株式会社関西スーパーマーケット
S100IXLT,2020-06-25,2020-06-25 09:18,86220,2019-04-01,2020-03-31,水戸証券株式会社
S100IVIL,2020-06-25,2020-06-25 09:18,84240,2019-04-01,2020-03-31,芙蓉総合リース株式会社
S100IY60,2020-06-25,2020-06-25 09:19,36260,2019-04-01,2020-03-31,ＴＩＳ株式会社
S100IWL6,2020-06-25,2020-06-25 09:22,40820,2019-04-01,2020-03-31,第一稀元素化学工業株式会社
S100IXTP,2020-06-25,2020-06-25 09:28,72080,2019-04-01,2020-03-31,株式会社カネミツ
S100IX1Y,2020-06-25,2020-06-25 09:30,90520,2019-04-01,2020-03-31,山陽電気鉄道株式会社
S100IW2Z,2020-06-25,2020-06-25 09:31,77480,2019-04-01,2020-03-31,株式会社ホロン
S100IYA9,2020-06-25,2020-06-25 09:32,23340,2019-04-01,2020-03-31,株式会社イオレ
S100IWGM,2020-06-25,2020-06-25 09:32,88600,2019-04-01,2020-03-31,フジ住宅株式会社
S100IS9D,2020-06-25,2020-06-25 09:33,72610,2019-04-01,2020-03-31,マツダ株式会社
S100IY5G,2020-06-25,2020-06-25 09:41,13840,2019-04-01,2020-03-31,株式会社　ホクリヨウ
S100IYYK,2020-06-25,2020-06-25 09:42,70140,2019-04-01,2020-03-31,株式会社名村造船所
S100IVWF,2020-06-25,2020-06-25 09:43,96430,2019-04-01,2020-03-31,中日本興業株式会社
S100IYBU,2020-06-25,2020-06-25 09:44,38950,2019-04-01,2020-03-31,ハビックス株式会社
S100IZ0M,2020-06-25,2020-06-25 09:48,43370,2019-04-01,2020-03-31,ぴあ株式会社
S100IZ69,2020-06-25,2020-06-25 09:49,60330,2019-04-01,2020-03-31,株式会社エクストリーム
S100IWFH,2020-06-25,2020-06-25 09:51,90770,2019-04-01,2020-03-31,名鉄運輸株式会社
S100IYTB,2020-06-25,2020-06-25 09:53,96840,2019-04-01,2020-03-31,株式会社スクウェア・エニックス・ホールディングス
S100IVTM,2020-06-25,2020-06-25 09:55,31430,2019-04-01,2020-03-31,オーウイル株式会社
S100IZ12,2020-06-25,2020-06-25 09:56,90750,2019-04-01,2020-03-31,福山通運株式会社
S100ISQA,2020-06-25,2020-06-25 09:58,44850,2019-04-01,2020-03-31,株式会社ＪＴＯＷＥＲ
S100IX8O,2020-06-25,2020-06-25 09:59,22670,2019-04-01,2020-03-31,株式会社ヤクルト本社
S100IZ3C,2020-06-25,2020-06-25 10:01,78930,2019-04-01,2020-03-31,株式会社プロネクサス
S100ITC2,2020-06-25,2020-06-25 10:01,80780,2019-04-01,2020-03-31,阪和興業株式会社
S100IVPW,2020-06-25,2020-06-25 10:02,43360,2019-04-01,2020-03-31,株式会社クリエアナブキ
S100IX1A,2020-06-25,2020-06-25 10:02,80880,2019-04-01,2020-03-31,岩谷産業株式会社
S100IWSK,2020-06-25,2020-06-25 10:04,98850,2019-04-01,2020-03-31,株式会社　シャルレ
S100IWQ4,2020-06-25,2020-06-25 10:06,47050,2019-04-01,2020-03-31,株式会社クリップコーポレーション
S100IWM6,2020-06-25,2020-06-25 10:09,49520,2019-04-01,2020-03-31,株式会社エス・ディー・エス　バイオテック
S100IYP2,2020-06-25,2020-06-25 10:10,27080,2019-04-01,2020-03-31,株式会社久世
S100IZ8B,2020-06-25,2020-06-25 10:10,90670,2019-04-01,2020-03-31,株式会社丸運
S100IWBK,2020-06-25,2020-06-25 10:12,77350,2019-04-01,2020-03-31,株式会社ＳＣＲＥＥＮホールディングス
S100IXJD,2020-06-25,2020-06-25 10:14,64480,2019-04-01,2020-03-31,ブラザー工業株式会社
S100IYQF,2020-06-25,2020-06-25 10:16,38910,2019-04-01,2020-03-31,ニッポン高度紙工業株式会社
S100IYL3,2020-06-25,2020-06-25 10:17,66260,2019-04-01,2020-03-31,ＳＥＭＩＴＥＣ株式会社
S100IXLA,2020-06-25,2020-06-25 10:20,63150,2019-04-01,2020-03-31,ＴＯＷＡ株式会社
S100IZAZ,2020-06-25,2020-06-25 10:22,30360,2019-04-01,2020-03-31,アルコニックス株式会社
S100IZ45,2020-06-25,2020-06-25 10:23,71670,2019-04-01,2020-03-31,株式会社めぶきフィナンシャルグループ
S100IZEI,2020-06-25,2020-06-25 10:23,96980,2019-04-01,2020-03-31,株式会社クレオ
S100IZ6S,2020-06-25,2020-06-25 10:24,48160,2019-04-01,2020-03-31,東映アニメーション株式会社
S100IZE1,2020-06-25,2020-06-25 10:27,69990,2019-04-01,2020-03-31,ＫＯＡ株式会社
S100IXK4,2020-06-25,2020-06-25 10:29,79430,2019-04-01,2020-03-31,ニチハ株式会社
S100IY11,2020-06-25,2020-06-25 10:31,95340,2019-04-01,2020-03-31,北海道瓦斯株式会社
S100IXLC,2020-06-25,2020-06-25 10:32,75370,2019-04-01,2020-03-31,丸文株式会社
S100IXMA,2020-06-25,2020-06-25 10:35,21760,2019-04-01,2020-03-31,株式会社イナリサーチ
S100IZD1,2020-06-25,2020-06-25 10:37,45530,2019-04-01,2020-03-31,東和薬品株式会社
S100IXET,2020-06-25,2020-06-25 10:39,28750,2019-04-01,2020-03-31,東洋水産株式会社
S100IZ2H,2020-06-25,2020-06-25 10:41,27540,2019-04-01,2020-03-31,株式会社東葛ホールディングス
S100IWJ2,2020-06-25,2020-06-25 10:43,75970,2019-04-01,2020-03-31,東京貴宝株式会社
S100IZGH,2020-06-25,2020-06-25 10:46,54630,2019-04-01,2020-03-31,丸一鋼管株式会社
S100IY7G,2020-06-25,2020-06-25 10:46,46170,2019-04-01,2020-03-31,中国塗料株式会社
S100IU3E,2020-06-25,2020-06-25 10:49,28060,2019-04-01,2020-03-31,ユタカフーズ株式会社
S100IZ24,2020-06-25,2020-06-25 10:51,40430,2019-04-01,2020-03-31,株式会社トクヤマ
S100IZCE,2020-06-25,2020-06-25 10:55,33410,2019-04-01,2020-03-31,日本調剤株式会社
S100IW20,2020-06-25,2020-06-25 10:55,39100,2019-04-01,2020-03-31,株式会社エムケイシステム
S100IZG7,2020-06-25,2020-06-25 10:55,26740,2019-04-01,2020-03-31,株式会社ハードオフコーポレーション
S100IY97,2020-06-25,2020-06-25 10:57,78220,2019-04-01,2020-03-31,永大産業株式会社
S100IYML,2020-06-25,2020-06-25 10:58,96580,2019-04-01,2020-03-31,株式会社ビジネスブレイン太田昭和
S100IYP5,2020-06-25,2020-06-25 10:58,18020,2019-04-01,2020-03-31,株式会社大林組
S100IZHU,2020-06-25,2020-06-25 11:00,42280,2019-04-01,2020-03-31,積水化成品工業株式会社
S100IYXW,2020-06-25,2020-06-25 11:00,59530,2019-04-01,2020-03-31,昭和鉄工株式会社
S100IX7U,2020-06-25,2020-06-25 11:01,14170,2019-04-01,2020-03-31,株式会社ミライト・ホールディングス
S100IXZF,2020-06-25,2020-06-25 11:01,50170,2019-04-01,2020-03-31,富士石油株式会社
S100IW6Z,2020-06-25,2020-06-25 11:01,99870,2019-04-01,2020-03-31,株式会社スズケン
S100IY7N,2020-06-25,2020-06-25 11:05,18840,2019-04-01,2020-03-31,日本道路株式会社
S100IX18,2020-06-25,2020-06-25 11:06,70600,2019-04-01,2020-03-31,ギークス株式会社
S100IVOE,2020-06-25,2020-06-25 11:06,17680,2019-04-01,2020-03-31,株式会社ソネック
S100IUVK,2020-06-25,2020-06-25 11:06,18010,2019-04-01,2020-03-31,大成建設株式会社
S100ITO1,2020-06-25,2020-06-25 11:07,78550,2019-04-01,2020-03-31,カーディナル株式会社
S100IYXO,2020-06-25,2020-06-25 11:08,48490,2019-04-01,2020-03-31,エン・ジャパン株式会社
S100IW3P,2020-06-25,2020-06-25 11:09,59510,2019-04-01,2020-03-31,ダイニチ工業株式会社
S100IWIJ,2020-06-25,2020-06-25 11:09,72550,2019-04-01,2020-03-31,株式会社　桜井製作所
S100ISX4,2020-06-25,2020-06-25 11:10,21790,2019-04-01,2020-03-31,株式会社成学社
S100IYSK,2020-06-25,2020-06-25 11:10,30230,2019-04-01,2020-03-31,ラサ商事株式会社
S100IUDX,2020-06-25,2020-06-25 11:13,90650,2019-04-01,2020-03-31,山九株式会社
S100IXKC,2020-06-25,2020-06-25 11:15,59840,2019-04-01,2020-03-31,兼房株式会社
S100IZ5X,2020-06-25,2020-06-25 11:15,21170,2019-04-01,2020-03-31,日新製糖株式会社
S100IWAD,2020-06-25,2020-06-25 11:16,23740,2019-04-01,2020-03-31,セントケア・ホールディング株式会社
S100IWPV,2020-06-25,2020-06-25 11:17,81110,2019-04-01,2020-03-31,株式会社ゴールドウイン
S100IZHV,2020-06-25,2020-06-25 11:17,19640,2019-04-01,2020-03-31,中外炉工業株式会社
S100IUXN,2020-06-25,2020-06-25 11:17,83640,2019-04-01,2020-03-31,株式会社清水銀行
S100IZ0F,2020-06-25,2020-06-25 11:20,59830,2019-04-01,2020-03-31,イワブチ株式会社
S100IY2F,2020-06-25,2020-06-25 11:23,28040,2019-04-01,2020-03-31,ブルドックソース株式会社
S100IXVP,2020-06-25,2020-06-25 11:24,72120,2019-04-01,2020-03-31,株式会社エフテック
S100IZ32,2020-06-25,2020-06-25 11:24,87000,2019-04-01,2020-03-31,丸八証券株式会社
S100ISQO,2020-06-25,2020-06-25 11:36,97590,2019-04-01,2020-03-31,株式会社ＮＳＤ
S100IWJT,2020-06-25,2020-06-25 11:36,42150,2019-04-01,2020-03-31,タキロンシーアイ株式会社
S100IZ35,2020-06-25,2020-06-25 11:37,81170,2019-04-01,2020-03-31,中央自動車工業株式会社
S100IZL7,2020-06-25,2020-06-25 11:39,52770,2019-04-01,2020-03-31,株式会社スパンクリートコーポレーション
S100IXZM,2020-06-25,2020-06-25 11:40,77270,2019-04-01,2020-03-31,株式会社オーバル
S100ISZK,2020-06-25,2020-06-25 11:41,72400,2019-04-01,2020-03-31,ＮＯＫ株式会社
S100IWZL,2020-06-25,2020-06-25 11:43,97760,2019-04-01,2020-03-31,札幌臨床検査センター株式会社
S100IY50,2020-06-25,2020-06-25 11:44,31100,2019-04-01,2020-03-31,日東紡績株式会社
S100IZL9,2020-06-25,2020-06-25 11:44,80750,2019-04-01,2020-03-31,神鋼商事株式会社
S100IYWQ,2020-06-25,2020-06-25 11:47,67440,2019-04-01,2020-03-31,能美防災株式会社
S100IUGD,2020-06-25,2020-06-25 11:48,28820,2019-04-01,2020-03-31,イートアンド株式会社
S100IXYY,2020-06-25,2020-06-25 11:49,60590,2019-04-01,2020-03-31,株式会社ウチヤマホールディングス
S100IZL5,2020-06-25,2020-06-25 11:51,62100,2019-04-01,2020-03-31,東洋機械金属株式会社
S100IYHK,2020-06-25,2020-06-25 11:51,78630,2019-04-01,2020-03-31,株式会社平賀
S100IY04,2020-06-25,2020-06-25 11:53,80230,2019-04-01,2020-03-31,大興電子通信株式会社
S100IXHF,2020-06-25,2020-06-25 11:53,59290,2019-04-01,2020-03-31,三和ホールディングス株式会社
S100IXEO,2020-06-25,2020-06-25 11:54,79550,2019-04-01,2020-03-31,クリナップ株式会社
S100IXWD,2020-06-25,2020-06-25 11:58,99900,2019-04-01,2020-03-31,株式会社サックスバーホールディングス
S100IZNZ,2020-06-25,2020-06-25 12:03,37390,2019-04-01,2020-03-31,コムシード株式会社
S100IWNJ,2020-06-25,2020-06-25 12:06,28970,2019-04-01,2020-03-31,日清食品ホールディングス株式会社
S100IX9J,2020-06-25,2020-06-25 12:07,54710,2019-04-01,2020-03-31,大同特殊鋼株式会社
S100IXT8,2020-06-25,2020-06-25 12:07,98560,2019-04-01,2020-03-31,株式会社ケーユーホールディングス
S100IXVY,2020-06-25,2020-06-25 12:09,37790,2019-04-01,2020-03-31,ジェイ・エスコムホールディングス株式会社
S100IX2C,2020-06-25,2020-06-25 12:10,67500,2019-04-01,2020-03-31,エレコム株式会社
S100IXOK,2020-06-25,2020-06-25 12:15,90240,2019-04-01,2020-03-31,株式会社西武ホールディングス
S100IQGD,2020-06-25,2020-06-25 12:16,30040,2019-04-01,2020-03-31,神栄株式会社
S100IYXS,2020-06-25,2020-06-25 12:17,39520,2019-04-01,2020-03-31,中央紙器工業株式会社
S100IZ6K,2020-06-25,2020-06-25 12:18,69610,2019-04-01,2020-03-31,株式会社エンプラス
S100IXER,2020-06-25,2020-06-25 12:18,87090,2019-04-01,2020-03-31,インヴァスト証券株式会社
S100IYCC,2020-06-25,2020-06-25 12:21,69070,2019-04-01,2020-03-31,ジオマテック株式会社
S100IY19,2020-06-25,2020-06-25 12:22,13330,2019-04-01,2020-03-31,マルハニチロ株式会社
S100IXZW,2020-06-25,2020-06-25 12:24,77340,2019-04-01,2020-03-31,理研計器株式会社
S100IUBN,2020-06-25,2020-06-25 12:25,70940,2019-04-01,2020-03-31,株式会社ＮｅｘＴｏｎｅ
S100IZQ3,2020-06-25,2020-06-25 12:28,34350,2019-04-01,2020-03-31,サンコーテクノ株式会社
S100IWPO,2020-06-25,2020-06-25 12:30,81820,2019-04-01,2020-03-31,株式会社いなげや
S100IZQY,2020-06-25,2020-06-25 12:34,74120,2019-04-01,2020-03-31,株式会社アトム
S100IXRG,2020-06-25,2020-06-25 12:35,63640,2019-04-01,2020-03-31,北越工業株式会社
S100IZOG,2020-06-25,2020-06-25 12:36,25880,2019-04-01,2020-03-31,株式会社プレミアムウォーターホールディングス
S100IYR9,2020-06-25,2020-06-25 12:37,59360,2019-04-01,2020-03-31,東洋シヤッター株式会社
S100IZPE,2020-06-25,2020-06-25 12:38,43080,2019-04-01,2020-03-31,株式会社Ｊストリーム
S100IYVP,2020-06-25,2020-06-25 12:41,68550,2019-04-01,2020-03-31,日本電子材料株式会社
S100IY0L,2020-06-25,2020-06-25 12:47,68820,2019-04-01,2020-03-31,株式会社三社電機製作所
S100IXDU,2020-06-25,2020-06-25 12:48,62990,2019-04-01,2020-03-31,株式会社神鋼環境ソリューション
S100IYQY,2020-06-25,2020-06-25 12:48,89350,2019-04-01,2020-03-31,株式会社エフ・ジェー・ネクスト
S100IXFY,2020-06-25,2020-06-25 12:48,24350,2019-04-01,2020-03-31,株式会社シダー
S100IX21,2020-06-25,2020-06-25 12:50,72360,2019-04-01,2020-03-31,株式会社ティラド
S100IZ95,2020-06-25,2020-06-25 12:50,25860,2019-04-01,2020-03-31,株式会社フルッタフルッタ
S100IZDR,2020-06-25,2020-06-25 12:53,32890,2019-04-01,2020-03-31,東急不動産ホールディングス株式会社
S100IZ1I,2020-06-25,2020-06-25 12:56,41820,2019-04-01,2020-03-31,三菱瓦斯化学株式会社
S100IXE9,2020-06-25,2020-06-25 12:57,54580,2019-04-01,2020-03-31,高砂鐵工株式会社
S100IU5G,2020-06-25,2020-06-25 12:57,80760,2019-04-01,2020-03-31,株式会社カノークス
S100IUVC,2020-06-25,2020-06-25 12:57,74430,2019-04-01,2020-03-31,横浜魚類株式会社
S100IZ5K,2020-06-25,2020-06-25 13:00,64900,2019-04-01,2020-03-31,日本ピラー工業株式会社
S100IY80,2020-06-25,2020-06-25 13:00,90690,2019-04-01,2020-03-31,センコーグループホールディングス株式会社
S100IYSA,2020-06-25,2020-06-25 13:00,72420,2019-04-01,2020-03-31,ＫＹＢ株式会社
S100IZ6O,2020-06-25,2020-06-25 13:01,62320,2019-04-01,2020-03-31,株式会社自律制御システム研究所
S100IZ00,2020-06-25,2020-06-25 13:03,42180,2019-04-01,2020-03-31,ニチバン株式会社
S100IYYD,2020-06-25,2020-06-25 13:03,69730,2019-04-01,2020-03-31,協栄産業株式会社
S100IY4Z,2020-06-25,2020-06-25 13:04,81570,2019-04-01,2020-03-31,都築電気株式会社
S100IYHV,2020-06-25,2020-06-25 13:04,65690,2019-04-01,2020-03-31,日総工産株式会社
S100IYG5,2020-06-25,2020-06-25 13:05,74590,2019-04-01,2020-03-31,株式会社メディパルホールディングス
S100IZGI,2020-06-25,2020-06-25 13:05,22210,2019-04-01,2020-03-31,岩塚製菓株式会社
S100IVZK,2020-06-25,2020-06-25 13:05,31830,2019-04-01,2020-03-31,ウイン・パートナーズ株式会社
S100IZ9O,2020-06-25,2020-06-25 13:06,17620,2019-04-01,2020-03-31,株式会社髙松コンストラクショングループ
S100IYLN,2020-06-25,2020-06-25 13:06,67370,2019-04-01,2020-03-31,ＥＩＺＯ株式会社
S100IX2H,2020-06-25,2020-06-25 13:06,41020,2019-04-01,2020-03-31,丸尾カルシウム株式会社
S100ISJB,2020-06-25,2020-06-25 13:07,81410,2019-04-01,2020-03-31,新光商事株式会社
S100IY5B,2020-06-25,2020-06-25 13:07,18830,2019-04-01,2020-03-31,前田道路株式会社
S100IXF7,2020-06-25,2020-06-25 13:08,81370,2019-04-01,2020-03-31,サンワテクノス株式会社
S100IYPG,2020-06-25,2020-06-25 13:08,86170,2019-04-01,2020-03-31,光世証券株式会社
S100IXID,2020-06-25,2020-06-25 13:08,38640,2019-04-01,2020-03-31,三菱製紙株式会社
S100IVAZ,2020-06-25,2020-06-25 13:09,98960,2019-04-01,2020-03-31,ＪＫホールディングス株式会社
S100IYTT,2020-06-25,2020-06-25 13:09,93550,2019-04-01,2020-03-31,株式会社リンコーコーポレーション
S100IZNO,2020-06-25,2020-06-25 13:09,95360,2019-04-01,2020-03-31,西部瓦斯株式会社
S100IWQZ,2020-06-25,2020-06-25 13:10,18070,2019-04-01,2020-03-31,株式会社佐藤渡辺
S100IT4X,2020-06-25,2020-06-25 13:10,81380,2019-04-01,2020-03-31,三京化成株式会社
S100IYAN,2020-06-25,2020-06-25 13:10,72840,2019-04-01,2020-03-31,盟和産業株式会社
S100IY8R,2020-06-25,2020-06-25 13:10,79380,2019-04-01,2020-03-31,株式会社リーガルコーポレーション
S100I5KA,2020-06-25,2020-06-25 13:11,81520,2019-04-01,2020-03-31,ソマール株式会社
S100IZ8G,2020-06-25,2020-06-25 13:11,62760,2019-04-01,2020-03-31,ナビタス株式会社
S100IUKP,2020-06-25,2020-06-25 13:11,46760,2019-04-01,2020-03-31,株式会社フジ・メディア・ホールディングス
S100IXWL,2020-06-25,2020-06-25 13:11,39430,2019-04-01,2020-03-31,大石産業株式会社
S100IXP6,2020-06-25,2020-06-25 13:12,13320,2019-04-01,2020-03-31,日本水産株式会社
S100IZ3P,2020-06-25,2020-06-25 13:12,95350,2019-04-01,2020-03-31,広島ガス株式会社
S100IU77,2020-06-25,2020-06-25 13:12,82930,2019-04-01,2020-03-31,株式会社ＡＴグループ
S100IYDM,2020-06-25,2020-06-25 13:13,26130,2019-04-01,2020-03-31,株式会社Ｊ－オイルミルズ
S100IXXD,2020-06-25,2020-06-25 13:14,90140,2019-04-01,2020-03-31,新京成電鉄株式会社
S100IV70,2020-06-25,2020-06-25 13:14,24450,2019-04-01,2020-03-31,株式会社タカミヤ
S100IUWU,2020-06-25,2020-06-25 13:14,71050,2019-04-01,2020-03-31,三菱ロジスネクスト株式会社
S100IUJZ,2020-06-25,2020-06-25 13:15,55410,2019-04-01,2020-03-31,大平洋金属株式会社
S100IZK7,2020-06-25,2020-06-25 13:15,80810,2019-04-01,2020-03-31,株式会社カナデン
S100IX35,2020-06-25,2020-06-25 13:16,51620,2019-04-01,2020-03-31,株式会社朝日ラバー
S100IYQ1,2020-06-25,2020-06-25 13:18,99840,2019-04-01,2020-03-31,ソフトバンクグループ株式会社
S100IZS6,2020-06-25,2020-06-25 13:19,59390,2019-04-01,2020-03-31,株式会社大谷工業
S100IXRQ,2020-06-25,2020-06-25 13:19,46490,2019-04-01,2020-03-31,大成株式会社
S100IYA0,2020-06-25,2020-06-25 13:19,59860,2019-04-01,2020-03-31,モリテックスチール株式会社
S100IYBM,2020-06-25,2020-06-25 13:19,32020,2019-04-01,2020-03-31,ダイトウボウ株式会社
S100IV2R,2020-06-25,2020-06-25 13:20,79490,2019-04-01,2020-03-31,小松ウオール工業株式会社
S100IZ0K,2020-06-25,2020-06-25 13:22,44100,2019-04-01,2020-03-31,ハリマ化成グループ株式会社
S100IYOC,2020-06-25,2020-06-25 13:24,17200,2019-04-01,2020-03-31,東急建設株式会社
S100IXNM,2020-06-25,2020-06-25 13:24,81030,2019-04-01,2020-03-31,明和産業株式会社
S100IS51,2020-06-25,2020-06-25 13:24,80460,2019-04-01,2020-03-31,丸藤シートパイル株式会社
S100IZPQ,2020-06-25,2020-06-25 13:25,33470,2019-04-01,2020-03-31,株式会社トラスト
S100IWEJ,2020-06-25,2020-06-25 13:26,31660,2019-04-01,2020-03-31,ＯＣＨＩホールディングス株式会社
S100IX7R,2020-06-25,2020-06-25 13:27,74760,2019-04-01,2020-03-31,アズワン株式会社
S100IYAU,2020-06-25,2020-06-25 13:29,93620,2019-04-01,2020-03-31,兵機海運株式会社
S100IYOR,2020-06-25,2020-06-25 13:29,89950,2019-04-01,2020-03-31,株式会社誠建設工業
S100IWGI,2020-06-25,2020-06-25 13:30,24800,2019-04-01,2020-03-31,システム・ロケーション株式会社
S100IZ2V,2020-06-25,2020-06-25 13:30,72730,2019-04-01,2020-03-31,株式会社イクヨ
S100IXO9,2020-06-25,2020-06-25 13:30,62920,2019-04-01,2020-03-31,株式会社カワタ
S100IZHO,2020-06-25,2020-06-25 13:30,70030,2019-04-01,2020-03-31,株式会社三井Ｅ＆Ｓホールディングス
S100IYSE,2020-06-25,2020-06-25 13:31,68480,2019-04-01,2020-03-31,東亜ディーケーケー株式会社
S100IXQL,2020-06-25,2020-06-25 13:32,94080,2019-04-01,2020-03-31,株式会社　新潟放送
S100IZ27,2020-06-25,2020-06-25 13:35,64600,2019-04-01,2020-03-31,セガサミーホールディングス株式会社
S100IYZI,2020-06-25,2020-06-25 13:35,66780,2019-04-01,2020-03-31,株式会社テクノメディカ
S100IWCN,2020-06-25,2020-06-25 13:36,63930,2019-04-01,2020-03-31,油研工業株式会社
S100IYUZ,2020-06-25,2020-06-25 13:38,99130,2019-04-01,2020-03-31,日邦産業株式会社
S100IZX6,2020-06-25,2020-06-25 13:38,70590,2019-04-01,2020-03-31,株式会社コプロ・ホールディングス
S100IXJB,2020-06-25,2020-06-25 13:40,81600,2019-04-01,2020-03-31,株式会社　木曽路
S100IZWF,2020-06-25,2020-06-25 13:41,38530,2019-04-01,2020-03-31,アステリア株式会社
S100IYMU,2020-06-25,2020-06-25 13:43,30790,2019-04-01,2020-03-31,ディーブイエックス株式会社
S100IVOY,2020-06-25,2020-06-25 13:43,80840,2019-04-01,2020-03-31,菱電商事株式会社
S100ITSR,2020-06-25,2020-06-25 13:43,83440,2019-04-01,2020-03-31,株式会社山形銀行
S100IZIL,2020-06-25,2020-06-25 13:44,91190,2019-04-01,2020-03-31,飯野海運株式会社
S100IWZQ,2020-06-25,2020-06-25 13:45,44090,2019-04-01,2020-03-31,東邦化学工業株式会社
S100IZ5C,2020-06-25,2020-06-25 13:46,34330,2019-04-01,2020-03-31,トーカロ株式会社
S100IZ5E,2020-06-25,2020-06-25 13:46,93110,2019-04-01,2020-03-31,アサガミ株式会社
S100IYBA,2020-06-25,2020-06-25 13:47,69550,2019-04-01,2020-03-31,ＦＤＫ株式会社
S100IWYO,2020-06-25,2020-06-25 13:47,85240,2019-04-01,2020-03-31,株式会社北洋銀行
S100IYBN,2020-06-25,2020-06-25 13:48,79270,2019-04-01,2020-03-31,ムトー精工株式会社
S100IYNC,2020-06-25,2020-06-25 13:48,97630,2019-04-01,2020-03-31,丸紅建材リース株式会社
S100IXMP,2020-06-25,2020-06-25 13:51,74560,2019-04-01,2020-03-31,松田産業株式会社
S100IYM8,2020-06-25,2020-06-25 13:52,64550,2019-04-01,2020-03-31,株式会社モリタホールディングス
S100IZYN,2020-06-25,2020-06-25 13:53,19260,2019-04-01,2020-03-31,ライト工業株式会社
S100IY9F,2020-06-25,2020-06-25 13:54,63960,2019-04-01,2020-03-31,株式会社宇野澤組鐵工所
S100IYSI,2020-06-25,2020-06-25 13:54,40920,2019-04-01,2020-03-31,日本化学工業株式会社
S100IXLR,2020-06-25,2020-06-25 13:54,19380,2019-04-01,2020-03-31,日本リーテック株式会社
S100IZIC,2020-06-25,2020-06-25 13:56,31670,2019-04-01,2020-03-31,株式会社ＴＯＫＡＩホールディングス
S100IW55,2020-06-25,2020-06-25 13:59,79530,2019-04-01,2020-03-31,菊水化学工業株式会社
S100IXJ2,2020-06-25,2020-06-25 14:01,97390,2019-04-01,2020-03-31,日本システムウエア株式会社
S100IZ55,2020-06-25,2020-06-25 14:02,34310,2019-04-01,2020-03-31,宮地エンジニアリンググループ株式会社
S100IYJP,2020-06-25,2020-06-25 14:03,87250,2019-04-01,2020-03-31,ＭＳ＆ＡＤインシュアランスグループホールディングス株式会社
S100IZUC,2020-06-25,2020-06-25 14:03,93060,2019-04-01,2020-03-31,東陽倉庫株式会社
S100IYWL,2020-06-25,2020-06-25 14:04,21120,2019-04-01,2020-03-31,塩水港精糖株式会社
S100IXU7,2020-06-25,2020-06-25 14:04,68630,2019-04-01,2020-03-31,株式会社ニレコ
S100IVLD,2020-06-25,2020-06-25 14:07,50130,2019-04-01,2020-03-31,ユシロ化学工業株式会社
S100IXV4,2020-06-25,2020-06-25 14:07,66220,2019-04-01,2020-03-31,株式会社ダイヘン
S100IX64,2020-06-25,2020-06-25 14:08,18930,2019-04-01,2020-03-31,五洋建設株式会社
S100IYFS,2020-06-25,2020-06-25 14:10,27330,2019-04-01,2020-03-31,株式会社あらた
S100IZNT,2020-06-25,2020-06-25 14:10,63240,2019-04-01,2020-03-31,株式会社ハーモニック・ドライブ・システムズ
S100J01I,2020-06-25,2020-06-25 14:13,32940,2019-04-01,2020-03-31,株式会社イーグランド
S100IW86,2020-06-25,2020-06-25 14:14,28120,2019-04-01,2020-03-31,焼津水産化学工業株式会社
S100IXHZ,2020-06-25,2020-06-25 14:14,93510,2019-04-01,2020-03-31,東洋埠頭株式会社
S100IWLJ,2020-06-25,2020-06-25 14:15,63600,2019-04-01,2020-03-31,株式会社　東京自働機械製作所
S100IZ6H,2020-06-25,2020-06-25 14:15,69420,2019-04-01,2020-03-31,株式会社ソフィアホールディングス
S100IY45,2020-06-25,2020-06-25 14:16,17300,2019-04-01,2020-03-31,麻生フオームクリート株式会社
S100IZX7,2020-06-25,2020-06-25 14:17,34340,2019-04-01,2020-03-31,株式会社アルファ
S100IY61,2020-06-25,2020-06-25 14:18,79850,2019-04-01,2020-03-31,ネポン株式会社
S100IXI7,2020-06-25,2020-06-25 14:18,69240,2019-04-01,2020-03-31,岩崎電気株式会社
S100ISEZ,2020-06-25,2020-06-25 14:19,70120,2019-04-01,2020-03-31,川崎重工業株式会社
S100IQOY,2020-06-25,2020-06-25 14:19,65660,2019-04-01,2020-03-31,株式会社要興業
S100IY9T,2020-06-25,2020-06-25 14:20,53040,2019-04-01,2020-03-31,ＳＥＣカーボン株式会社
S100IVM3,2020-06-25,2020-06-25 14:20,62030,2019-04-01,2020-03-31,豊和工業株式会社
S100IYGC,2020-06-25,2020-06-25 14:20,93220,2019-04-01,2020-03-31,川西倉庫株式会社
S100IZ57,2020-06-25,2020-06-25 14:21,56440,2019-04-01,2020-03-31,株式会社メタルアート
S100J02S,2020-06-25,2020-06-25 14:21,39050,2019-04-01,2020-03-31,データセクション株式会社
S100J03F,2020-06-25,2020-06-25 14:21,80610,2019-04-01,2020-03-31,西華産業株式会社
S100IZU0,2020-06-25,2020-06-25 14:22,59010,2019-04-01,2020-03-31,東洋製罐グループホールディングス株式会社
S100J02G,2020-06-25,2020-06-25 14:22,83360,2019-04-01,2020-03-31,株式会社武蔵野銀行
S100IZVO,2020-06-25,2020-06-25 14:24,57290,2019-04-01,2020-03-31,日本精鉱株式会社
S100IWGA,2020-06-25,2020-06-25 14:24,21070,2019-04-01,2020-03-31,東洋精糖株式会社
S100IVWA,2020-06-25,2020-06-25 14:28,70910,2019-04-01,2020-03-31,株式会社リビングプラットフォーム
S100IZVE,2020-06-25,2020-06-25 14:29,60390,2019-04-01,2020-03-31,株式会社日本動物高度医療センター
S100IYA5,2020-06-25,2020-06-25 14:30,38630,2019-04-01,2020-03-31,日本製紙株式会社
S100IYOX,2020-06-25,2020-06-25 14:32,69410,2019-04-01,2020-03-31,山一電機株式会社
S100IWTF,2020-06-25,2020-06-25 14:32,48370,2019-04-01,2020-03-31,シダックス株式会社
S100IWCI,2020-06-25,2020-06-25 14:33,19410,2019-04-01,2020-03-31,株式会社中電工
S100IXM1,2020-06-25,2020-06-25 14:34,63660,2019-04-01,2020-03-31,千代田化工建設株式会社
S100IYY1,2020-06-25,2020-06-25 14:35,64180,2019-04-01,2020-03-31,日本金銭機械株式会社
S100IZO0,2020-06-25,2020-06-25 14:37,26540,2019-04-01,2020-03-31,株式会社アスモ
S100IYMM,2020-06-25,2020-06-25 14:38,51860,2019-04-01,2020-03-31,ニッタ株式会社
S100IXLT,2020-06-25,2020-06-25 09:18,86220,2019-04-01,2020-03-31,水戸証券株式会社
S100IZXV,2020-06-25,2020-06-25 14:40,97920,2019-04-01,2020-03-31,株式会社ニチイ学館
S100J02X,2020-06-25,2020-06-25 14:42,30960,2019-04-01,2020-03-31,株式会社オーシャンシステム
S100IXY1,2020-06-25,2020-06-25 14:43,72150,2019-04-01,2020-03-31,株式会社ファルテック
S100IVUD,2020-06-25,2020-06-25 14:43,59110,2019-04-01,2020-03-31,株式会社横河ブリッジホールディングス
S100IXYS,2020-06-25,2020-06-25 14:46,82820,2019-04-01,2020-03-31,株式会社ケーズホールディングス
S100IUKF,2020-06-25,2020-06-25 14:46,54800,2019-04-01,2020-03-31,日本冶金工業株式会社
S100IXG8,2020-06-25,2020-06-25 14:54,99950,2019-04-01,2020-03-31,株式会社グローセル
S100J07V,2020-06-25,2020-06-25 14:56,67480,2019-04-01,2020-03-31,星和電機株式会社
S100IWAM,2020-06-25,2020-06-25 14:56,64730,2019-04-01,2020-03-31,株式会社ジェイテクト
S100J04M,2020-06-25,2020-06-25 14:58,61110,2019-04-01,2020-03-31,旭精機工業株式会社
S100IX79,2020-06-25,2020-06-25 14:59,83430,2019-04-01,2020-03-31,株式会社秋田銀行
S100IRUO,2020-06-25,2020-06-25 15:00,65680,2019-04-01,2020-03-31,神戸天然物化学株式会社
S100IY0F,2020-06-25,2020-06-25 15:00,62400,2019-04-01,2020-03-31,ヤマシンフィルタ株式会社
S100IXM4,2020-06-25,2020-06-25 15:00,47360,2019-04-01,2020-03-31,日本ラッド株式会社
S100IXJ3,2020-06-25,2020-06-25 15:00,95050,2019-04-01,2020-03-31,北陸電力株式会社
S100IXNO,2020-06-25,2020-06-25 15:00,69580,2019-04-01,2020-03-31,日本シイエムケイ株式会社
S100J051,2020-06-25,2020-06-25 15:00,40990,2019-04-01,2020-03-31,四国化成工業株式会社
S100IZNC,2020-06-25,2020-06-25 15:00,70620,2019-04-01,2020-03-31,株式会社フレアス
S100IYNG,2020-06-25,2020-06-25 15:00,45140,2019-04-01,2020-03-31,あすか製薬株式会社
S100IWYW,2020-06-25,2020-06-25 15:00,77230,2019-04-01,2020-03-31,愛知時計電機株式会社
S100IWZG,2020-06-25,2020-06-25 15:00,94340,2019-04-01,2020-03-31,ソフトバンク株式会社
S100ITU6,2020-06-25,2020-06-25 15:01,88980,2019-04-01,2020-03-31,株式会社センチュリー２１・ジャパン
S100IXWZ,2020-06-25,2020-06-25 15:01,87290,2019-04-01,2020-03-31,ソニーフィナンシャルホールディングス株式会社
S100IX2D,2020-06-25,2020-06-25 15:01,83420,2019-04-01,2020-03-31,株式会社青森銀行
S100J045,2020-06-25,2020-06-25 15:02,65440,2019-04-01,2020-03-31,ジャパンエレベーターサービスホールディングス株式会社
S100J02U,2020-06-25,2020-06-25 15:06,97150,2019-04-01,2020-03-31,トランス・コスモス株式会社
S100ITFW,2020-06-25,2020-06-25 15:06,24870,2019-04-01,2020-03-31,株式会社ＣＤＧ
S100IZ11,2020-06-25,2020-06-25 15:06,33740,2019-04-01,2020-03-31,内外テック株式会社
S100IWIT,2020-06-25,2020-06-25 15:09,31840,2019-04-01,2020-03-31,ＩＣＤＡホールディングス株式会社
S100IX81,2020-06-25,2020-06-25 15:10,75750,2019-04-01,2020-03-31,日本ライフライン株式会社
S100IWBV,2020-06-25,2020-06-25 15:10,33900,2019-04-01,2020-03-31,ＩＮＥＳＴ株式会社
S100IZFH,2020-06-25,2020-06-25 15:11,19440,2019-04-01,2020-03-31,株式会社きんでん
S100IYF1,2020-06-25,2020-06-25 15:11,58020,2019-04-01,2020-03-31,住友電気工業株式会社
S100IU7H,2020-06-25,2020-06-25 15:11,42720,2019-04-01,2020-03-31,日本化薬株式会社
S100IYFJ,2020-06-25,2020-06-25 15:12,71500,2019-04-01,2020-03-31,株式会社島根銀行
S100IWVP,2020-06-25,2020-06-25 15:12,40970,2019-04-01,2020-03-31,高圧ガス工業株式会社
S100IWQX,2020-06-25,2020-06-25 15:12,86160,2019-04-01,2020-03-31,東海東京フィナンシャル・ホールディングス株式会社
S100IX3T,2020-06-25,2020-06-25 15:14,67150,2019-04-01,2020-03-31,株式会社ナカヨ
S100IYMD,2020-06-25,2020-06-25 15:15,23070,2019-04-01,2020-03-31,株式会社クロスキャット
S100IW29,2020-06-25,2020-06-25 15:15,78830,2019-04-01,2020-03-31,サンメッセ株式会社
S100IZET,2020-06-25,2020-06-25 15:16,96440,2019-04-01,2020-03-31,株式会社タナベ経営
S100J09D,2020-06-25,2020-06-25 15:17,97350,2019-04-01,2020-03-31,セコム株式会社
S100IWM7,2020-06-25,2020-06-25 15:17,22290,2019-04-01,2020-03-31,カルビー株式会社
S100J0B1,2020-06-25,2020-06-25 15:18,79880,2019-04-01,2020-03-31,株式会社ニフコ
S100IYO5,2020-06-25,2020-06-25 15:19,96640,2019-04-01,2020-03-31,株式会社御園座
S100IZ51,2020-06-25,2020-06-25 15:19,69710,2019-04-01,2020-03-31,京セラ株式会社
S100IS9R,2020-06-25,2020-06-25 15:19,19610,2019-04-01,2020-03-31,三機工業株式会社
S100IZ6J,2020-06-25,2020-06-25 15:19,70130,2019-04-01,2020-03-31,株式会社ＩＨＩ
S100IXK9,2020-06-25,2020-06-25 15:21,27840,2019-04-01,2020-03-31,アルフレッサホールディングス株式会社
S100IYN5,2020-06-25,2020-06-25 15:21,42420,2019-04-01,2020-03-31,株式会社タカギセイコー
S100IZCB,2020-06-25,2020-06-25 15:22,72350,2019-04-01,2020-03-31,東京ラヂエーター製造株式会社
S100IT84,2020-06-25,2020-06-25 15:22,93030,2019-04-01,2020-03-31,株式会社住友倉庫
S100IZUI,2020-06-25,2020-06-25 15:24,83930,2019-04-01,2020-03-31,株式会社宮崎銀行
S100IXHC,2020-06-25,2020-06-25 15:24,82180,2019-04-01,2020-03-31,株式会社コメリ
S100IXHI,2020-06-25,2020-06-25 15:26,76280,2019-04-01,2020-03-31,株式会社オーハシテクニカ
S100IXY9,2020-06-25,2020-06-25 15:26,90360,2019-04-01,2020-03-31,東部ネットワーク株式会社
S100ITGC,2020-06-25,2020-06-25 15:27,77320,2019-04-01,2020-03-31,株式会社　トプコン
S100J0D8,2020-06-25,2020-06-25 15:27,19290,2019-04-01,2020-03-31,日特建設株式会社
S100IXYT,2020-06-25,2020-06-25 15:27,54810,2019-04-01,2020-03-31,山陽特殊製鋼株式会社
S100IZGZ,2020-06-25,2020-06-25 15:28,65800,2019-04-01,2020-03-31,株式会社ライトアップ
S100IZS7,2020-06-25,2020-06-25 15:31,21810,2019-04-01,2020-03-31,パーソルホールディングス株式会社
S100J0C5,2020-06-25,2020-06-25 15:31,50190,2019-04-01,2020-03-31,出光興産株式会社
S100IYWU,2020-06-25,2020-06-25 15:31,61130,2019-04-01,2020-03-31,株式会社アマダホールディングス
S100IYDF,2020-06-25,2020-06-25 15:32,70880,2019-04-01,2020-03-31,株式会社フォーラムエンジニアリング
S100IW13,2020-06-25,2020-06-25 15:33,23590,2019-04-01,2020-03-31,株式会社コア
S100IU59,2020-06-25,2020-06-25 15:34,41130,2019-04-01,2020-03-31,田岡化学工業株式会社
S100J089,2020-06-25,2020-06-25 15:36,72960,2019-04-01,2020-03-31,株式会社エフ・シー・シー
S100IWJH,2020-06-25,2020-06-25 15:38,23780,2019-04-01,2020-03-31,株式会社ルネサンス
S100IXS3,2020-06-25,2020-06-25 15:39,98100,2019-04-01,2020-03-31,日鉄物産株式会社
S100IU9N,2020-06-25,2020-06-25 15:40,95060,2019-04-01,2020-03-31,東北電力株式会社
S100IXLD,2020-06-25,2020-06-25 15:40,59760,2019-04-01,2020-03-31,高周波熱錬株式会社
S100IXO3,2020-06-25,2020-06-25 15:40,34890,2019-04-01,2020-03-31,株式会社フェイスネットワーク
S100IWP4,2020-06-25,2020-06-25 15:40,77800,2019-04-01,2020-03-31,株式会社メニコン
S100J0BO,2020-06-25,2020-06-25 15:41,83370,2019-04-01,2020-03-31,株式会社千葉興業銀行
S100IVNZ,2020-06-25,2020-06-25 15:41,69370,2019-04-01,2020-03-31,古河電池株式会社
S100J0C8,2020-06-25,2020-06-25 15:45,69320,2019-04-01,2020-03-31,株式会社遠藤照明
S100IVFG,2020-06-25,2020-06-25 15:46,50210,2019-04-01,2020-03-31,コスモエネルギーホールディングス株式会社
S100IW80,2020-06-25,2020-06-25 15:48,67540,2019-04-01,2020-03-31,アンリツ株式会社
S100IYJZ,2020-06-25,2020-06-25 15:48,30980,2019-04-01,2020-03-31,株式会社ココカラファイン
S100IXNZ,2020-06-25,2020-06-25 15:48,19340,2019-04-01,2020-03-31,株式会社ユアテック
S100J0FM,2020-06-25,2020-06-25 15:49,71980,2019-04-01,2020-03-31,アルヒ株式会社
S100J0FV,2020-06-25,2020-06-25 15:50,42340,2019-04-01,2020-03-31,株式会社サンエー化研
S100IYVY,2020-06-25,2020-06-25 15:52,80720,2019-04-01,2020-03-31,日本出版貿易株式会社
S100J026,2020-06-25,2020-06-25 15:56,54230,2019-04-01,2020-03-31,東京製鐵株式会社
S100J0F6,2020-06-25,2020-06-25 15:58,96850,2019-04-01,2020-03-31,ＫＹＣＯＭホールディングス株式会社
S100J0F1,2020-06-25,2020-06-25 16:00,44360,2019-04-01,2020-03-31,株式会社ミンカブ・ジ・インフォノイド
S100IWY8,2020-06-25,2020-06-25 16:01,68030,2019-04-01,2020-03-31,ティアック株式会社
S100J03L,2020-06-25,2020-06-25 16:03,37500,2019-04-01,2020-03-31,ＦＲＡＣＴＡＬＥ株式会社
S100IXQF,2020-06-25,2020-06-25 16:03,37870,2019-04-01,2020-03-31,株式会社テクノマセマティカル
S100IZYY,2020-06-25,2020-06-25 16:04,68370,2019-04-01,2020-03-31,株式会社京写
S100IZOX,2020-06-25,2020-06-25 16:04,70840,2019-04-01,2020-03-31,株式会社Ｋｉｄｓ　Ｓｍｉｌｅ　Ｈｏｌｄｉｎｇｓ
S100IW97,2020-06-25,2020-06-25 16:05,28920,2019-04-01,2020-03-31,日本食品化工株式会社
S100IZYW,2020-06-25,2020-06-25 16:05,98450,2019-04-01,2020-03-31,株式会社パーカーコーポレーション
S100J0GC,2020-06-25,2020-06-25 16:07,61350,2019-04-01,2020-03-31,株式会社　牧野フライス製作所
S100J0IC,2020-06-25,2020-06-25 16:10,61370,2019-04-01,2020-03-31,小池酸素工業株式会社
S100IZ3K,2020-06-25,2020-06-25 16:11,69510,2019-04-01,2020-03-31,日本電子株式会社
S100IXB8,2020-06-25,2020-06-25 16:13,99000,2019-04-01,2020-03-31,株式会社サガミホールディングス
S100IXUT,2020-06-25,2020-06-25 16:15,21270,2019-04-01,2020-03-31,株式会社日本Ｍ＆Ａセンター
S100IYJH,2020-06-25,2020-06-25 16:15,91100,2019-04-01,2020-03-31,ＮＳユナイテッド海運株式会社
S100IZEL,2020-06-25,2020-06-25 16:26,97060,2019-04-01,2020-03-31,日本空港ビルデング株式会社
S100IZV1,2020-06-25,2020-06-25 16:30,84620,2019-04-01,2020-03-31,フューチャーベンチャーキャピタル株式会社
S100IYAJ,2020-06-25,2020-06-25 16:34,68000,2019-04-01,2020-03-31,株式会社ヨコオ
S100IYUR,2020-06-25,2020-06-25 16:35,88690,2019-04-01,2020-03-31,明和地所株式会社
S100IY6D,2020-06-25,2020-06-25 16:36,50200,2019-04-01,2020-03-31,ＥＮＥＯＳホールディングス株式会社
S100IZ8X,2020-06-25,2020-06-25 16:38,43810,2019-04-01,2020-03-31,ビープラッツ株式会社
S100J067,2020-06-25,2020-06-25 16:38,67450,2019-04-01,2020-03-31,ホーチキ株式会社
S100J00K,2020-06-25,2020-06-25 16:38,72540,2019-04-01,2020-03-31,株式会社ユニバンス
S100J0NG,2020-06-25,2020-06-25 16:39,72110,2019-04-01,2020-03-31,三菱自動車工業株式会社
S100J0A5,2020-06-25,2020-06-25 16:41,63030,2019-04-01,2020-03-31,株式会社ササクラ
S100J0MD,2020-06-25,2020-06-25 16:42,14510,2019-04-01,2020-03-31,株式会社ＫＨＣ
S100J0MC,2020-06-25,2020-06-25 16:43,87950,2019-04-01,2020-03-31,株式会社Ｔ＆Ｄホールディングス
S100J0GV,2020-06-25,2020-06-25 16:44,69670,2019-04-01,2020-03-31,新光電気工業株式会社
S100IYKY,2020-06-25,2020-06-25 16:45,90660,2019-04-01,2020-03-31,株式会社日新
S100IXH0,2020-06-25,2020-06-25 16:47,37680,2019-04-01,2020-03-31,リスクモンスター株式会社
S100IV7Y,2020-06-25,2020-06-25 16:48,37510,2019-04-01,2020-03-31,日本アジアグループ株式会社
S100IVBF,2020-06-25,2020-06-25 16:48,23720,2019-04-01,2020-03-31,株式会社アイロムグループ
S100J0NT,2020-06-25,2020-06-25 16:50,37930,2019-04-01,2020-03-31,株式会社ドリコム
S100IZOJ,2020-06-25,2020-06-25 16:51,40210,2019-04-01,2020-03-31,日産化学株式会社
S100IZ0Y,2020-06-25,2020-06-25 16:57,19600,2019-04-01,2020-03-31,株式会社サンテック
S100J05W,2020-06-25,2020-06-25 17:00,34640,2019-04-01,2020-03-31,プロパティエージェント株式会社
S100IYMC,2020-06-25,2020-06-25 17:04,68460,2019-04-01,2020-03-31,株式会社中央製作所
S100J0Q8,2020-06-25,2020-06-25 17:07,74190,2019-04-01,2020-03-31,株式会社ノジマ
S100IUIR,2020-06-25,2020-06-25 17:10,53680,2019-04-01,2020-03-31,日本インシュレーション株式会社
S100IS5O,2020-06-26,2020-06-26 09:00,63950,2019-04-01,2020-03-31,株式会社タダノ
S100IWCW,2020-06-26,2020-06-26 09:00,30550,2019-04-01,2020-03-31,株式会社ほくやく・竹山ホールディングス
S100J19X,2020-06-26,2020-06-26 09:01,54640,2019-04-01,2020-03-31,モリ工業株式会社
S100IYPV,2020-06-26,2020-06-26 09:01,36410,2019-04-01,2020-03-31,株式会社パピレス
S100IUX0,2020-06-26,2020-06-26 09:01,62480,2019-04-01,2020-03-31,株式会社横田製作所
S100J0VM,2020-06-26,2020-06-26 09:02,59750,2019-04-01,2020-03-31,東プレ株式会社
S100IGD6,2020-06-26,2020-06-26 09:02,53430,2019-04-01,2020-03-31,ニッコー株式会社
S100IXEK,2020-06-26,2020-06-26 09:02,20530,2019-04-01,2020-03-31,中部飼料株式会社
S100IY6S,2020-06-26,2020-06-26 09:02,49750,2019-04-01,2020-03-31,株式会社ＪＣＵ
S100IXXW,2020-06-26,2020-06-26 09:03,63060,2019-04-01,2020-03-31,日工株式会社
S100IV8G,2020-06-26,2020-06-26 09:03,33170,2019-04-01,2020-03-31,株式会社フライングガーデン
S100J0NJ,2020-06-26,2020-06-26 09:03,62580,2019-04-01,2020-03-31,平田機工株式会社
S100J02A,2020-06-26,2020-06-26 09:04,80070,2019-04-01,2020-03-31,高島株式会社
S100IZ75,2020-06-26,2020-06-26 09:04,52820,2019-04-01,2020-03-31,ジオスター株式会社
S100IV8W,2020-06-26,2020-06-26 09:05,88180,2019-04-01,2020-03-31,京阪神ビルディング株式会社
S100IXGS,2020-06-26,2020-06-26 09:05,44620,2019-04-01,2020-03-31,石原ケミカル株式会社
S100IW7O,2020-06-26,2020-06-26 09:06,95130,2019-04-01,2020-03-31,電源開発株式会社
S100J0DA,2020-06-26,2020-06-26 09:06,24830,2019-04-01,2020-03-31,株式会社翻訳センター
S100IXPH,2020-06-26,2020-06-26 09:06,28760,2019-04-01,2020-03-31,株式会社ジェーシー・コムサ
S100J08T,2020-06-26,2020-06-26 09:06,54490,2019-04-01,2020-03-31,大阪製鐵株式会社
S100IQTS,2020-06-26,2020-06-26 09:06,56020,2019-04-01,2020-03-31,株式会社栗本鐵工所
S100IZUP,2020-06-26,2020-06-26 09:06,31130,2019-04-01,2020-03-31,Ｏａｋキャピタル株式会社
S100J0KM,2020-06-26,2020-06-26 09:07,56030,2019-04-01,2020-03-31,虹技株式会社
S100IZI5,2020-06-26,2020-06-26 09:07,83980,2019-04-01,2020-03-31,株式会社筑邦銀行
S100IZ76,2020-06-26,2020-06-26 09:07,75250,2019-04-01,2020-03-31,リックス株式会社
S100IZXL,2020-06-26,2020-06-26 09:07,41000,2019-04-01,2020-03-31,戸田工業株式会社
S100IW1P,2020-06-26,2020-06-26 09:08,68810,2019-04-01,2020-03-31,株式会社キョウデン
S100J05Y,2020-06-26,2020-06-26 09:10,51950,2019-04-01,2020-03-31,バンドー化学株式会社
S100J0U2,2020-06-26,2020-06-26 09:10,61650,2019-04-01,2020-03-31,パンチ工業株式会社
S100IWN1,2020-06-26,2020-06-26 09:10,46900,2019-04-01,2020-03-31,日本パレットプール株式会社
S100IXFC,2020-06-26,2020-06-26 09:10,83820,2019-04-01,2020-03-31,株式会社中国銀行
S100IYS5,2020-06-26,2020-06-26 09:12,53550,2019-04-01,2020-03-31,日本坩堝株式会社
S100J0ZM,2020-06-26,2020-06-26 09:12,59790,2019-04-01,2020-03-31,カネソウ株式会社
S100J0G7,2020-06-26,2020-06-26 09:12,49700,2019-04-01,2020-03-31,東洋合成工業株式会社
S100IZLC,2020-06-26,2020-06-26 09:14,78980,2019-04-01,2020-03-31,株式会社ウッドワン
S100IZ5B,2020-06-26,2020-06-26 09:16,51610,2019-04-01,2020-03-31,西川ゴム工業株式会社
S100IZV2,2020-06-26,2020-06-26 09:16,24150,2019-04-01,2020-03-31,ヒューマンホールディングス株式会社
S100IYMI,2020-06-26,2020-06-26 09:17,80510,2019-04-01,2020-03-31,株式会社山善
S100IW7D,2020-06-26,2020-06-26 09:17,81050,2019-04-01,2020-03-31,堀田丸正株式会社
S100IZNF,2020-06-26,2020-06-26 09:17,77050,2019-04-01,2020-03-31,ジーエルサイエンス株式会社
S100IYCF,2020-06-26,2020-06-26 09:17,68220,2019-04-01,2020-03-31,大井電気株式会社
S100J1AT,2020-06-26,2020-06-26 09:18,62460,2019-04-01,2020-03-31,株式会社テクノスマート
S100J09K,2020-06-26,2020-06-26 09:18,90170,2019-04-01,2020-03-31,新潟交通株式会社
S100IX1Z,2020-06-26,2020-06-26 09:18,21360,2019-04-01,2020-03-31,株式会社ヒップ
S100IZIU,2020-06-26,2020-06-26 09:18,90590,2019-04-01,2020-03-31,カンダホールディングス株式会社
S100IZDD,2020-06-26,2020-06-26 09:20,84160,2019-04-01,2020-03-31,株式会社高知銀行
S100IRM3,2020-06-26,2020-06-26 09:22,81630,2019-04-01,2020-03-31,ＳＲＳホールディングス株式会社
S100IZQ7,2020-06-26,2020-06-26 09:22,23970,2019-04-01,2020-03-31,株式会社ＤＮＡチップ研究所
S100IR4H,2020-06-26,2020-06-26 09:25,29240,2019-04-01,2020-03-31,イフジ産業株式会社
S100IX2E,2020-06-26,2020-06-26 09:26,87140,2019-04-01,2020-03-31,株式会社池田泉州ホールディングス
S100J1AS,2020-06-26,2020-06-26 09:26,44370,2019-04-01,2020-03-31,ｇｏｏｄｄａｙｓホールディングス株式会社
S100J0XX,2020-06-26,2020-06-26 09:26,81350,2019-04-01,2020-03-31,ゼット株式会社
S100IUL3,2020-06-26,2020-06-26 09:27,95090,2019-04-01,2020-03-31,北海道電力株式会社
S100IYYT,2020-06-26,2020-06-26 09:27,95070,2019-04-01,2020-03-31,四国電力株式会社
S100IY8L,2020-06-26,2020-06-26 09:30,60130,2019-04-01,2020-03-31,株式会社タクマ
S100J0CW,2020-06-26,2020-06-26 09:30,52880,2019-04-01,2020-03-31,アジアパイルホールディングス株式会社
S100IXWE,2020-06-26,2020-06-26 09:30,64820,2019-04-01,2020-03-31,株式会社ユーシン精機
S100J1C2,2020-06-26,2020-06-26 09:31,79470,2019-04-01,2020-03-31,株式会社エフピコ
S100J0NH,2020-06-26,2020-06-26 09:32,33950,2019-04-01,2020-03-31,株式会社サンマルクホールディングス
S100J15T,2020-06-26,2020-06-26 09:32,26810,2019-04-01,2020-03-31,株式会社ゲオホールディングス
S100J1BI,2020-06-26,2020-06-26 09:32,98500,2019-04-01,2020-03-31,株式会社グルメ杵屋
S100J10Z,2020-06-26,2020-06-26 09:36,52080,2019-04-01,2020-03-31,株式会社有沢製作所
S100J0IS,2020-06-26,2020-06-26 09:36,90830,2019-04-01,2020-03-31,神姫バス株式会社
S100J0OA,2020-06-26,2020-06-26 09:41,73210,2019-04-01,2020-03-31,株式会社関西みらいフィナンシャルグループ
S100J0Z7,2020-06-26,2020-06-26 09:41,66440,2019-04-01,2020-03-31,大崎電気工業株式会社
S100J1CU,2020-06-26,2020-06-26 09:42,45580,2019-04-01,2020-03-31,株式会社中京医薬品
S100IXAI,2020-06-26,2020-06-26 09:44,19590,2019-04-01,2020-03-31,株式会社九電工
S100IYMH,2020-06-26,2020-06-26 09:44,59090,2019-04-01,2020-03-31,株式会社　コロナ
S100IUBZ,2020-06-26,2020-06-26 09:44,53580,2019-04-01,2020-03-31,イソライト工業株式会社
S100J0WO,2020-06-26,2020-06-26 09:45,77010,2019-04-01,2020-03-31,株式会社　島津製作所
S100IXWX,2020-06-26,2020-06-26 09:46,63840,2019-04-01,2020-03-31,株式会社昭和真空
S100J0LY,2020-06-26,2020-06-26 09:46,54440,2019-04-01,2020-03-31,大和工業株式会社
S100J0HY,2020-06-26,2020-06-26 09:50,29810,2019-04-01,2020-03-31,株式会社ランディックス
S100IYOI,2020-06-26,2020-06-26 09:51,85210,2019-04-01,2020-03-31,株式会社長野銀行
S100IXWH,2020-06-26,2020-06-26 09:52,71870,2019-04-01,2020-03-31,ジェイリース株式会社
S100IXTO,2020-06-26,2020-06-26 09:52,46810,2019-04-01,2020-03-31,リゾートトラスト株式会社
S100J1B3,2020-06-26,2020-06-26 09:53,47710,2019-04-01,2020-03-31,株式会社エフアンドエム
S100J1C7,2020-06-26,2020-06-26 09:55,99060,2019-04-01,2020-03-31,藤井産業株式会社
S100IZ6T,2020-06-26,2020-06-26 09:56,37410,2019-04-01,2020-03-31,株式会社セック
S100IY0C,2020-06-26,2020-06-26 09:58,95080,2019-04-01,2020-03-31,九州電力株式会社
S100IZSB,2020-06-26,2020-06-26 09:58,52100,2019-04-01,2020-03-31,日本山村硝子株式会社
S100J0YS,2020-06-26,2020-06-26 10:00,76380,2019-04-01,2020-03-31,株式会社ＮＥＷ　ＡＲＴ　ＨＯＬＤＩＮＧＳ
S100IR2P,2020-06-26,2020-06-26 10:02,82550,2019-04-01,2020-03-31,アクシアル　リテイリング株式会社
S100J0WC,2020-06-26,2020-06-26 10:05,63510,2019-04-01,2020-03-31,株式会社鶴見製作所
S100J113,2020-06-26,2020-06-26 10:06,17990,2019-04-01,2020-03-31,第一建設工業株式会社
S100IZVK,2020-06-26,2020-06-26 10:06,72260,2019-04-01,2020-03-31,極東開発工業株式会社
S100IYV6,2020-06-26,2020-06-26 10:07,38770,2019-04-01,2020-03-31,中越パルプ工業株式会社
S100J072,2020-06-26,2020-06-26 10:08,18120,2019-04-01,2020-03-31,鹿島建設株式会社
S100J1FC,2020-06-26,2020-06-26 10:11,66390,2019-04-01,2020-03-31,株式会社コンテック
S100J0DC,2020-06-26,2020-06-26 10:11,98570,2019-04-01,2020-03-31,英和株式会社
S100IYNW,2020-06-26,2020-06-26 10:11,61400,2019-04-01,2020-03-31,旭ダイヤモンド工業株式会社
S100J1BT,2020-06-26,2020-06-26 10:13,18260,2019-04-01,2020-03-31,佐田建設株式会社
S100J0EF,2020-06-26,2020-06-26 10:13,61880,2019-04-01,2020-03-31,富士ソフトサービスビューロ株式会社
S100J0R1,2020-06-26,2020-06-26 10:14,77740,2019-04-01,2020-03-31,株式会社ジャパン・ティッシュ・エンジニアリング
S100J00C,2020-06-26,2020-06-26 10:14,88060,2019-04-01,2020-03-31,ダイビル株式会社
S100IXIR,2020-06-26,2020-06-26 10:15,45430,2019-04-01,2020-03-31,テルモ株式会社
S100J0QB,2020-06-26,2020-06-26 10:15,53570,2019-04-01,2020-03-31,株式会社　ヨータイ
S100J0MH,2020-06-26,2020-06-26 10:17,64850,2019-04-01,2020-03-31,前澤給装工業株式会社
S100J1D1,2020-06-26,2020-06-26 10:17,61900,2019-04-01,2020-03-31,株式会社フェニックスバイオ
S100J0KO,2020-06-26,2020-06-26 10:17,19460,2019-04-01,2020-03-31,株式会社トーエネック
S100IZZT,2020-06-26,2020-06-26 10:18,90760,2019-04-01,2020-03-31,セイノーホールディングス株式会社
S100IXH8,2020-06-26,2020-06-26 10:19,18880,2019-04-01,2020-03-31,若築建設株式会社
S100IYOK,2020-06-26,2020-06-26 10:21,68320,2019-04-01,2020-03-31,アオイ電子株式会社
S100J1F1,2020-06-26,2020-06-26 10:21,99970,2019-04-01,2020-03-31,株式会社ベルーナ
S100J0B0,2020-06-26,2020-06-26 10:23,68040,2019-04-01,2020-03-31,ホシデン株式会社
S100J02I,2020-06-26,2020-06-26 10:27,68490,2019-04-01,2020-03-31,日本光電工業株式会社
S100J0H0,2020-06-26,2020-06-26 10:29,97440,2019-04-01,2020-03-31,株式会社メイテック
S100IYUQ,2020-06-26,2020-06-26 10:30,39530,2019-04-01,2020-03-31,大村紙業株式会社
S100IZDZ,2020-06-26,2020-06-26 10:34,72460,2019-04-01,2020-03-31,プレス工業株式会社
S100IXE2,2020-06-26,2020-06-26 10:38,78510,2019-04-01,2020-03-31,カワセコンピュータサプライ株式会社
S100IWIO,2020-06-26,2020-06-26 10:40,79390,2019-04-01,2020-03-31,株式会社研創
S100J0OY,2020-06-26,2020-06-26 10:41,59910,2019-04-01,2020-03-31,日本発條株式会社
S100J1I5,2020-06-26,2020-06-26 10:42,65390,2019-04-01,2020-03-31,株式会社ＭＳ－Ｊａｐａｎ
S100J0JK,2020-06-26,2020-06-26 10:43,66660,2019-04-01,2020-03-31,リバーエレテック株式会社
S100IW84,2020-06-26,2020-06-26 10:45,93630,2019-04-01,2020-03-31,株式会社大運
S100IVA8,2020-06-26,2020-06-26 10:47,93070,2019-04-01,2020-03-31,株式会社杉村倉庫
S100J0TU,2020-06-26,2020-06-26 10:48,85890,2019-04-01,2020-03-31,株式会社アプラスフィナンシャル
S100IZL8,2020-06-26,2020-06-26 10:48,96950,2019-04-01,2020-03-31,株式会社鴨川グランドホテル
S100IVOC,2020-06-26,2020-06-26 10:49,95040,2019-04-01,2020-03-31,中国電力株式会社
S100IYSR,2020-06-26,2020-06-26 10:50,22860,2019-04-01,2020-03-31,林兼産業株式会社
S100IVTI,2020-06-26,2020-06-26 10:52,51420,2019-04-01,2020-03-31,アキレス株式会社
S100J153,2020-06-26,2020-06-26 10:53,44840,2019-04-01,2020-03-31,ランサーズ株式会社
S100J0MO,2020-06-26,2020-06-26 10:54,54910,2019-04-01,2020-03-31,日本金属株式会社
S100IW8P,2020-06-26,2020-06-26 10:55,93580,2019-04-01,2020-03-31,株式会社宇徳
S100J1FA,2020-06-26,2020-06-26 10:55,63310,2019-04-01,2020-03-31,三菱化工機株式会社
S100IXZ0,2020-06-26,2020-06-26 10:56,43670,2019-04-01,2020-03-31,広栄化学工業株式会社
S100J1DK,2020-06-26,2020-06-26 10:56,62220,2019-04-01,2020-03-31,株式会社島精機製作所
S100IX5S,2020-06-26,2020-06-26 10:56,80520,2019-04-01,2020-03-31,椿本興業株式会社
S100J09M,2020-06-26,2020-06-26 10:56,15150,2019-04-01,2020-03-31,日鉄鉱業株式会社
S100J1JG,2020-06-26,2020-06-26 10:58,39320,2019-04-01,2020-03-31,株式会社アカツキ
S100IYXC,2020-06-26,2020-06-26 10:59,69010,2019-04-01,2020-03-31,澤藤電機株式会社
S100IIXV,2020-06-26,2020-06-26 11:00,64580,2019-04-01,2020-03-31,新晃工業株式会社
S100IR0C,2020-06-26,2020-06-26 11:00,70870,2019-04-01,2020-03-31,株式会社ウイルテック
S100J0IF,2020-06-26,2020-06-26 11:01,53870,2019-04-01,2020-03-31,チヨダウーテ株式会社
S100J0C0,2020-06-26,2020-06-26 11:02,95370,2019-04-01,2020-03-31,北陸瓦斯株式会社
S100J17U,2020-06-26,2020-06-26 11:02,24120,2019-04-01,2020-03-31,株式会社ベネフィット・ワン
S100IYLO,2020-06-26,2020-06-26 11:02,77020,2019-04-01,2020-03-31,株式会社ジェイ・エム・エス（称号　株式会社　ＪＭＳ）
S100J00Q,2020-06-26,2020-06-26 11:03,29070,2019-04-01,2020-03-31,株式会社あじかん
S100J0QA,2020-06-26,2020-06-26 11:06,81390,2019-04-01,2020-03-31,株式会社ナガホリ
S100J0H8,2020-06-26,2020-06-26 11:06,21080,2019-04-01,2020-03-31,日本甜菜製糖株式会社
S100IXE7,2020-06-26,2020-06-26 11:06,56970,2019-04-01,2020-03-31,株式会社サンユウ
S100IXKH,2020-06-26,2020-06-26 11:08,86140,2019-04-01,2020-03-31,東洋証券株式会社
S100IUVE,2020-06-26,2020-06-26 11:09,90350,2019-04-01,2020-03-31,第一交通産業株式会社
S100IY0N,2020-06-26,2020-06-26 11:09,75230,2019-04-01,2020-03-31,アールビバン株式会社
S100IUYA,2020-06-26,2020-06-26 11:09,18820,2019-04-01,2020-03-31,東亜道路工業株式会社
S100IZDO,2020-06-26,2020-06-26 11:11,46200,2019-04-01,2020-03-31,藤倉化成株式会社
S100IZ9B,2020-06-26,2020-06-26 11:12,67520,2019-04-01,2020-03-31,パナソニック株式会社
S100J1K3,2020-06-26,2020-06-26 11:13,53440,2019-04-01,2020-03-31,株式会社ＭＡＲＵＷＡ
S100IVNG,2020-06-26,2020-06-26 11:13,32520,2019-04-01,2020-03-31,日本商業開発株式会社
S100IWDD,2020-06-26,2020-06-26 11:13,45210,2019-04-01,2020-03-31,科研製薬株式会社
S100J1JF,2020-06-26,2020-06-26 11:15,51220,2019-04-01,2020-03-31,オカモト株式会社
S100J0SC,2020-06-26,2020-06-26 11:15,61970,2019-04-01,2020-03-31,株式会社ソラスト
S100J0W5,2020-06-26,2020-06-26 11:15,84180,2019-04-01,2020-03-31,株式会社山口フィナンシャルグループ
S100IYFW,2020-06-26,2020-06-26 11:15,43190,2019-04-01,2020-03-31,ＴＡＣ株式会社
S100J0PG,2020-06-26,2020-06-26 11:15,83950,2019-04-01,2020-03-31,株式会社佐賀銀行
S100J1F8,2020-06-26,2020-06-26 11:16,40280,2019-04-01,2020-03-31,石原産業株式会社
S100IZLU,2020-06-26,2020-06-26 11:16,79870,2019-04-01,2020-03-31,ナカバヤシ株式会社
S100J1HR,2020-06-26,2020-06-26 11:16,17340,2019-04-01,2020-03-31,株式会社北弘電社
S100IY72,2020-06-26,2020-06-26 11:17,49720,2019-04-01,2020-03-31,綜研化学株式会社
S100IU3N,2020-06-26,2020-06-26 11:19,79420,2019-04-01,2020-03-31,株式会社ジェイエスピー
S100J0NU,2020-06-26,2020-06-26 11:19,74160,2019-04-01,2020-03-31,株式会社はるやまホールディングス
S100IUPZ,2020-06-26,2020-06-26 11:19,68190,2019-04-01,2020-03-31,伊豆シャボテンリゾート株式会社
S100J11O,2020-06-26,2020-06-26 11:20,40440,2019-04-01,2020-03-31,セントラル硝子株式会社
S100J0PR,2020-06-26,2020-06-26 11:21,54080,2019-04-01,2020-03-31,株式会社中山製鋼所
S100IW3M,2020-06-26,2020-06-26 11:21,19790,2019-04-01,2020-03-31,株式会社大気社
S100IZPG,2020-06-26,2020-06-26 11:22,95010,2019-04-01,2020-03-31,東京電力ホールディングス株式会社
S100J18C,2020-06-26,2020-06-26 11:24,42240,2019-04-01,2020-03-31,ロンシール工業株式会社
S100IZ9E,2020-06-26,2020-06-26 11:24,97670,2019-04-01,2020-03-31,日建工学株式会社
S100IZJA,2020-06-26,2020-06-26 11:27,85540,2019-04-01,2020-03-31,株式会社南日本銀行
S100J0BT,2020-06-26,2020-06-26 11:28,80390,2019-04-01,2020-03-31,築地魚市場株式会社
S100IWTJ,2020-06-26,2020-06-26 11:29,78750,2019-04-01,2020-03-31,竹田印刷株式会社
S100J0G8,2020-06-26,2020-06-26 11:30,21480,2019-04-01,2020-03-31,アイティメディア株式会社
S100J1GL,2020-06-26,2020-06-26 11:30,22690,2019-04-01,2020-03-31,明治ホールディングス株式会社
S100ISBU,2020-06-26,2020-06-26 11:31,52730,2019-04-01,2020-03-31,三谷セキサン株式会社
S100IVS4,2020-06-26,2020-06-26 11:31,30020,2019-04-01,2020-03-31,グンゼ株式会社
S100IZF4,2020-06-26,2020-06-26 11:31,34230,2019-04-01,2020-03-31,株式会社エスイー
S100IXU4,2020-06-26,2020-06-26 11:32,63190,2019-04-01,2020-03-31,株式会社シンニッタン
S100IZM6,2020-06-26,2020-06-26 11:32,61210,2019-04-01,2020-03-31,株式会社滝澤鉄工所
S100ITGA,2020-06-26,2020-06-26 11:34,79370,2019-04-01,2020-03-31,株式会社ツツミ
S100J049,2020-06-26,2020-06-26 11:34,72910,2019-04-01,2020-03-31,日本プラスト株式会社
S100IYV0,2020-06-26,2020-06-26 11:37,90730,2019-04-01,2020-03-31,京極運輸商事株式会社
S100J0SP,2020-06-26,2020-06-26 11:37,19210,2019-04-01,2020-03-31,株式会社　巴コーポレーション
S100IXFE,2020-06-26,2020-06-26 11:38,49600,2019-04-01,2020-03-31,ケミプロ化成株式会社
S100IYR8,2020-06-26,2020-06-26 11:39,81180,2019-04-01,2020-03-31,株式会社　キング
S100J169,2020-06-26,2020-06-26 11:39,46250,2019-04-01,2020-03-31,アトミクス株式会社
S100J0U3,2020-06-26,2020-06-26 11:42,64790,2019-04-01,2020-03-31,ミネベアミツミ株式会社
S100J1NF,2020-06-26,2020-06-26 11:43,82810,2019-04-01,2020-03-31,ゼビオホールディングス株式会社
S100IZZI,2020-06-26,2020-06-26 11:45,94660,2019-04-01,2020-03-31,株式会社アイドママーケティングコミュニケーション
S100J1O6,2020-06-26,2020-06-26 11:45,99040,2019-04-01,2020-03-31,株式会社ベリテ
S100IZHN,2020-06-26,2020-06-26 11:46,61470,2019-04-01,2020-03-31,株式会社ヤマザキ
S100J1D3,2020-06-26,2020-06-26 11:46,31070,2019-04-01,2020-03-31,ダイワボウホールディングス株式会社
S100IWHI,2020-06-26,2020-06-26 11:47,65170,2019-04-01,2020-03-31,デンヨー株式会社
S100J0YV,2020-06-26,2020-06-26 11:47,77260,2019-04-01,2020-03-31,黒田精工株式会社
S100IV8R,2020-06-26,2020-06-26 11:47,78720,2019-04-01,2020-03-31,エステールホールディングス株式会社
S100J0QM,2020-06-26,2020-06-26 11:47,62730,2019-04-01,2020-03-31,ＳＭＣ株式会社
S100J08K,2020-06-26,2020-06-26 11:47,46280,2019-04-01,2020-03-31,エスケー化研株式会社
S100IUZJ,2020-06-26,2020-06-26 11:48,81070,2019-04-01,2020-03-31,株式会社キムラタン
S100J0WT,2020-06-26,2020-06-26 11:48,90510,2019-04-01,2020-03-31,センコン物流株式会社
S100IVHO,2020-06-26,2020-06-26 11:49,82070,2019-04-01,2020-03-31,テンアライド株式会社
S100IZ3Z,2020-06-26,2020-06-26 11:51,31790,2019-04-01,2020-03-31,シュッピン株式会社
S100J0TP,2020-06-26,2020-06-26 11:51,61250,2019-04-01,2020-03-31,株式会社岡本工作機械製作所
S100IZNL,2020-06-26,2020-06-26 11:53,46780,2019-04-01,2020-03-31,株式会社　秀英予備校
S100ITB5,2020-06-26,2020-06-26 11:54,68750,2019-04-01,2020-03-31,株式会社メガチップス
S100IXIW,2020-06-26,2020-06-26 11:55,17210,2019-04-01,2020-03-31,コムシスホールディングス株式会社
S100IZPJ,2020-06-26,2020-06-26 11:58,76180,2019-04-01,2020-03-31,株式会社ピーシーデポコーポレーション
S100IVNP,2020-06-26,2020-06-26 11:59,85270,2019-04-01,2020-03-31,株式会社愛知銀行
S100J1P6,2020-06-26,2020-06-26 12:00,90990,2019-04-01,2020-03-31,株式会社Ｃ＆Ｆロジホールディングス
S100IY2Q,2020-06-26,2020-06-26 12:01,78170,2019-04-01,2020-03-31,パラマウントベッドホールディングス株式会社
S100J0K9,2020-06-26,2020-06-26 12:02,88640,2019-04-01,2020-03-31,空港施設株式会社
S100IYJA,2020-06-26,2020-06-26 12:02,40780,2019-04-01,2020-03-31,堺化学工業株式会社
S100ITNH,2020-06-26,2020-06-26 12:02,25310,2019-04-01,2020-03-31,宝ホールディングス株式会社
S100J1J8,2020-06-26,2020-06-26 12:03,87400,2019-04-01,2020-03-31,株式会社フジトミ
S100J1MF,2020-06-26,2020-06-26 12:04,46110,2019-04-01,2020-03-31,大日本塗料株式会社
S100J1J3,2020-06-26,2020-06-26 12:05,43040,2019-04-01,2020-03-31,株式会社Ｅストアー
S100IZDM,2020-06-26,2020-06-26 12:07,56580,2019-04-01,2020-03-31,日亜鋼業株式会社
S100IZC3,2020-06-26,2020-06-26 12:08,69470,2019-04-01,2020-03-31,株式会社図研
S100IZNX,2020-06-26,2020-06-26 12:09,69940,2019-04-01,2020-03-31,株式会社指月電機製作所
S100IWWJ,2020-06-26,2020-06-26 12:10,31900,2019-04-01,2020-03-31,株式会社ホットマン
S100J198,2020-06-26,2020-06-26 12:10,97130,2019-04-01,2020-03-31,株式会社ロイヤルホテル
S100J1E1,2020-06-26,2020-06-26 12:11,71840,2019-04-01,2020-03-31,株式会社　富山第一銀行
S100IXWQ,2020-06-26,2020-06-26 12:12,91150,2019-04-01,2020-03-31,明治海運株式会社
S100J13W,2020-06-26,2020-06-26 12:13,38960,2019-04-01,2020-03-31,阿波製紙株式会社
S100ITUS,2020-06-26,2020-06-26 12:14,61380,2019-04-01,2020-03-31,ダイジェット工業株式会社
S100IZUL,2020-06-26,2020-06-26 12:14,43310,2019-04-01,2020-03-31,株式会社テイクアンドギヴ・ニーズ
S100IRS5,2020-06-26,2020-06-26 12:16,74130,2019-04-01,2020-03-31,株式会社創健社
S100J1HX,2020-06-26,2020-06-26 12:17,83810,2019-04-01,2020-03-31,株式会社山陰合同銀行
S100IUUV,2020-06-26,2020-06-26 12:22,80450,2019-04-01,2020-03-31,横浜丸魚株式会社
S100J1R2,2020-06-26,2020-06-26 12:24,82080,2019-04-01,2020-03-31,株式会社エンチョー
S100IZSN,2020-06-26,2020-06-26 12:26,29010,2019-04-01,2020-03-31,石垣食品株式会社
S100IZP5,2020-06-26,2020-06-26 12:26,74600,2019-04-01,2020-03-31,株式会社ヤギ
S100IU3Z,2020-06-26,2020-06-26 12:26,52120,2019-04-01,2020-03-31,不二硝子株式会社
S100J166,2020-06-26,2020-06-26 12:29,82260,2019-04-01,2020-03-31,株式会社　理経
S100J1JN,2020-06-26,2020-06-26 12:30,39270,2019-04-01,2020-03-31,株式会社フーバーブレイン
S100J1QT,2020-06-26,2020-06-26 12:31,40270,2019-04-01,2020-03-31,テイカ株式会社
S100IWLD,2020-06-26,2020-06-26 12:40,97800,2019-04-01,2020-03-31,株式会社ハリマビステム
S100IVC1,2020-06-26,2020-06-26 12:40,87470,2019-04-01,2020-03-31,豊商事株式会社
S100J1S1,2020-06-26,2020-06-26 12:41,81290,2019-04-01,2020-03-31,東邦ホールディングス株式会社
S100J08O,2020-06-26,2020-06-26 12:43,46210,2019-04-01,2020-03-31,ロックペイント株式会社
S100J0WB,2020-06-26,2020-06-26 12:43,87070,2019-04-01,2020-03-31,岩井コスモホールディングス株式会社
S100IVOX,2020-06-26,2020-06-26 12:45,60230,2019-04-01,2020-03-31,ダイハツディーゼル株式会社
S100IZEF,2020-06-26,2020-06-26 12:47,31110,2019-04-01,2020-03-31,オーミケンシ株式会社
S100IXQJ,2020-06-26,2020-06-26 12:49,90630,2019-04-01,2020-03-31,岡山県貨物運送株式会社
S100IUEF,2020-06-26,2020-06-26 12:49,39450,2019-04-01,2020-03-31,スーパーバッグ株式会社
S100ISKW,2020-06-26,2020-06-26 12:51,27800,2019-04-01,2020-03-31,株式会社コメ兵
S100IU8K,2020-06-26,2020-06-26 12:52,69690,2019-04-01,2020-03-31,松尾電機株式会社
S100IZ8F,2020-06-26,2020-06-26 12:53,19720,2019-04-01,2020-03-31,三晃金属工業株式会社
S100ISGJ,2020-06-26,2020-06-26 12:54,80910,2019-04-01,2020-03-31,ニチモウ株式会社
S100J1RQ,2020-06-26,2020-06-26 12:54,64390,2019-04-01,2020-03-31,中日本鋳工株式会社
S100IYZ0,2020-06-26,2020-06-26 12:55,22930,2019-04-01,2020-03-31,滝沢ハム株式会社
S100J0BA,2020-06-26,2020-06-26 12:56,66430,2019-04-01,2020-03-31,株式会社戸上電機製作所
S100J1KA,2020-06-26,2020-06-26 12:57,19760,2019-04-01,2020-03-31,明星工業株式会社
S100IWQJ,2020-06-26,2020-06-26 12:57,18690,2019-04-01,2020-03-31,名工建設株式会社
S100IXRO,2020-06-26,2020-06-26 12:58,67630,2019-04-01,2020-03-31,帝国通信工業株式会社
S100IXZA,2020-06-26,2020-06-26 12:59,59050,2019-04-01,2020-03-31,日本製罐株式会社
S100IZAT,2020-06-26,2020-06-26 12:59,45470,2019-04-01,2020-03-31,キッセイ薬品工業株式会社
S100IY6W,2020-06-26,2020-06-26 12:59,66470,2019-04-01,2020-03-31,森尾電機株式会社
S100IYRN,2020-06-26,2020-06-26 13:00,22810,2019-04-01,2020-03-31,プリマハム株式会社
S100J0ZJ,2020-06-26,2020-06-26 13:00,45240,2019-04-01,2020-03-31,森下仁丹株式会社
S100J0HK,2020-06-26,2020-06-26 13:00,62860,2019-04-01,2020-03-31,靜甲株式会社
S100J1K4,2020-06-26,2020-06-26 13:00,58070,2019-04-01,2020-03-31,東京特殊電線株式会社
S100IVM1,2020-06-26,2020-06-26 13:00,68240,2019-04-01,2020-03-31,新コスモス電機株式会社
S100IXXX,2020-06-26,2020-06-26 13:00,90620,2019-04-01,2020-03-31,日本通運株式会社
S100J05A,2020-06-26,2020-06-26 13:01,63560,2019-04-01,2020-03-31,日本ギア工業株式会社
S100J16O,2020-06-26,2020-06-26 13:01,91710,2019-04-01,2020-03-31,栗林商船株式会社
S100IZLD,2020-06-26,2020-06-26 13:01,31510,2019-04-01,2020-03-31,株式会社バイタルケーエスケー・ホールディングス
S100J0ZP,2020-06-26,2020-06-26 13:02,98310,2019-04-01,2020-03-31,株式会社ヤマダ電機
S100ITRH,2020-06-26,2020-06-26 13:02,59470,2019-04-01,2020-03-31,リンナイ株式会社
S100IVGQ,2020-06-26,2020-06-26 13:02,18350,2019-04-01,2020-03-31,東鉄工業株式会社
S100J0Q7,2020-06-26,2020-06-26 13:03,44030,2019-04-01,2020-03-31,日油株式会社
S100J01R,2020-06-26,2020-06-26 13:03,42370,2019-04-01,2020-03-31,フジプレアム株式会社
S100J0OR,2020-06-26,2020-06-26 13:04,59400,2019-04-01,2020-03-31,不二サッシ株式会社
S100J0VA,2020-06-26,2020-06-26 13:04,90480,2019-04-01,2020-03-31,名古屋鉄道株式会社
S100IXLW,2020-06-26,2020-06-26 13:05,88410,2019-04-01,2020-03-31,株式会社テーオーシー
S100J12N,2020-06-26,2020-06-26 13:05,59560,2019-04-01,2020-03-31,トーソー株式会社
S100IZAR,2020-06-26,2020-06-26 13:06,52620,2019-04-01,2020-03-31,日本ヒューム株式会社
S100IW24,2020-06-26,2020-06-26 13:06,30110,2019-04-01,2020-03-31,株式会社バナーズ
S100IROJ,2020-06-26,2020-06-26 13:06,18330,2019-04-01,2020-03-31,株式会社奥村組
S100IVE0,2020-06-26,2020-06-26 13:07,98950,2019-04-01,2020-03-31,株式会社コンセック
S100J0LL,2020-06-26,2020-06-26 13:07,17770,2019-04-01,2020-03-31,川崎設備工業株式会社
S100J0AK,2020-06-26,2020-06-26 13:07,57260,2019-04-01,2020-03-31,株式会社大阪チタニウムテクノロジーズ
S100IW0B,2020-06-26,2020-06-26 13:07,87660,2019-04-01,2020-03-31,東京海上ホールディングス株式会社
S100J1Q5,2020-06-26,2020-06-26 13:07,33220,2019-04-01,2020-03-31,アルファグループ株式会社
S100J1U3,2020-06-26,2020-06-26 13:08,31820,2019-04-01,2020-03-31,オイシックス・ラ・大地株式会社
S100J1AB,2020-06-26,2020-06-26 13:09,59580,2019-04-01,2020-03-31,三洋工業株式会社
S100IXF5,2020-06-26,2020-06-26 13:09,63470,2019-04-01,2020-03-31,株式会社プラコー
S100IZUT,2020-06-26,2020-06-26 13:10,40410,2019-04-01,2020-03-31,日本曹達株式会社
S100J0AW,2020-06-26,2020-06-26 13:10,46230,2019-04-01,2020-03-31,株式会社アサヒペン
S100IZA1,2020-06-26,2020-06-26 13:10,78380,2019-04-01,2020-03-31,共立印刷株式会社
S100IW67,2020-06-26,2020-06-26 13:11,79900,2019-04-01,2020-03-31,グローブライド株式会社
S100IY3G,2020-06-26,2020-06-26 13:12,31230,2019-04-01,2020-03-31,サイボー株式会社
S100IXEX,2020-06-26,2020-06-26 13:12,85500,2019-04-01,2020-03-31,株式会社　栃木銀行
S100J1T0,2020-06-26,2020-06-26 13:12,70460,2019-04-01,2020-03-31,テクノスデータサイエンス・エンジニアリング株式会社
S100J0BV,2020-06-26,2020-06-26 13:12,57810,2019-04-01,2020-03-31,東邦金属株式会社
S100J0GD,2020-06-26,2020-06-26 13:12,18610,2019-04-01,2020-03-31,株式会社　熊谷組
S100J0QY,2020-06-26,2020-06-26 13:13,40640,2019-04-01,2020-03-31,日本カーバイド工業株式会社
S100IZAF,2020-06-26,2020-06-26 13:13,56950,2019-04-01,2020-03-31,パウダーテック株式会社
S100IZBB,2020-06-26,2020-06-26 13:13,45380,2019-04-01,2020-03-31,扶桑薬品工業株式会社
S100IYJK,2020-06-26,2020-06-26 13:13,42050,2019-04-01,2020-03-31,日本ゼオン株式会社
S100IXJN,2020-06-26,2020-06-26 13:14,41190,2019-04-01,2020-03-31,日本ピグメント株式会社
S100J1FD,2020-06-26,2020-06-26 13:14,44920,2019-04-01,2020-03-31,株式会社ゼネテック
S100J1U6,2020-06-26,2020-06-26 13:15,18670,2019-04-01,2020-03-31,株式会社植木組
S100J1S2,2020-06-26,2020-06-26 13:15,27490,2019-04-01,2020-03-31,株式会社ＪＰホールディングス
S100IXOS,2020-06-26,2020-06-26 13:15,43650,2019-04-01,2020-03-31,松本油脂製薬株式会社
S100IX6O,2020-06-26,2020-06-26 13:16,49940,2019-04-01,2020-03-31,大成ラミック株式会社
S100IW9J,2020-06-26,2020-06-26 13:16,61460,2019-04-01,2020-03-31,株式会社ディスコ
S100J0AM,2020-06-26,2020-06-26 13:17,60350,2019-04-01,2020-03-31,株式会社アイ・アールジャパンホールディングス
S100IWQ6,2020-06-26,2020-06-26 13:17,40980,2019-04-01,2020-03-31,チタン工業株式会社
S100IT29,2020-06-26,2020-06-26 13:18,28050,2019-04-01,2020-03-31,ヱスビー食品株式会社
S100IY2X,2020-06-26,2020-06-26 13:18,79940,2019-04-01,2020-03-31,株式会社オカムラ
S100IZZ1,2020-06-26,2020-06-26 13:18,97420,2019-04-01,2020-03-31,株式会社アイネス
S100J1QD,2020-06-26,2020-06-26 13:18,30680,2019-04-01,2020-03-31,株式会社ＷＤＩ
S100IZAW,2020-06-26,2020-06-26 13:20,64050,2019-04-01,2020-03-31,鈴茂器工株式会社
S100IWI3,2020-06-26,2020-06-26 13:21,22820,2019-04-01,2020-03-31,日本ハム株式会社
S100J1UT,2020-06-26,2020-06-26 13:22,92740,2019-04-01,2020-03-31,国際紙パルプ商事株式会社
S100J1S3,2020-06-26,2020-06-26 13:22,26660,2019-04-01,2020-03-31,株式会社　オートウェーブ
S100J1N9,2020-06-26,2020-06-26 13:23,81080,2019-04-01,2020-03-31,ヤマエ久野株式会社
S100IVP0,2020-06-26,2020-06-26 13:23,72290,2019-04-01,2020-03-31,株式会社ユタカ技研
S100IY39,2020-06-26,2020-06-26 13:23,67760,2019-04-01,2020-03-31,天昇電気工業株式会社
S100IUOB,2020-06-26,2020-06-26 13:23,50090,2019-04-01,2020-03-31,富士興産株式会社
S100J02W,2020-06-26,2020-06-26 13:24,85410,2019-04-01,2020-03-31,株式会社　愛媛銀行
S100J14F,2020-06-26,2020-06-26 13:24,38340,2019-04-01,2020-03-31,株式会社朝日ネット
S100IZKR,2020-06-26,2020-06-26 13:24,40420,2019-04-01,2020-03-31,東ソー株式会社
S100IY6N,2020-06-26,2020-06-26 13:24,98520,2019-04-01,2020-03-31,ＣＢグループマネジメント株式会社
S100J1OW,2020-06-26,2020-06-26 13:24,79160,2019-04-01,2020-03-31,光村印刷株式会社
S100J1BK,2020-06-26,2020-06-26 13:25,26760,2019-04-01,2020-03-31,高千穂交易株式会社
S100J003,2020-06-26,2020-06-26 13:25,22010,2019-04-01,2020-03-31,森永製菓株式会社
S100ISZN,2020-06-26,2020-06-26 13:26,78620,2019-04-01,2020-03-31,トッパン・フォームズ株式会社
S100J0AX,2020-06-26,2020-06-26 13:26,47620,2019-04-01,2020-03-31,株式会社エックスネット
S100J0QX,2020-06-26,2020-06-26 13:26,39540,2019-04-01,2020-03-31,昭和パックス株式会社
S100IW9X,2020-06-26,2020-06-26 13:26,63920,2019-04-01,2020-03-31,株式会社　ヤマダコーポレーション
S100J03P,2020-06-26,2020-06-26 13:27,38800,2019-04-01,2020-03-31,大王製紙株式会社
S100J1RJ,2020-06-26,2020-06-26 13:27,71220,2019-04-01,2020-03-31,近畿車輛株式会社
S100IY8D,2020-06-26,2020-06-26 13:27,78850,2019-04-01,2020-03-31,タカノ株式会社
S100IYTC,2020-06-26,2020-06-26 13:27,63910,2019-04-01,2020-03-31,株式会社加地テック
S100IZJV,2020-06-26,2020-06-26 13:28,93100,2019-04-01,2020-03-31,日本トランスシティ株式会社
S100IYEK,2020-06-26,2020-06-26 13:29,65860,2019-04-01,2020-03-31,株式会社マキタ
S100IXGN,2020-06-26,2020-06-26 13:30,93800,2019-04-01,2020-03-31,東海運株式会社
S100J1VW,2020-06-26,2020-06-26 13:30,84110,2019-04-01,2020-03-31,株式会社みずほフィナンシャルグループ
S100IWSG,2020-06-26,2020-06-26 13:31,98180,2019-04-01,2020-03-31,大丸エナウィン株式会社
S100J1V3,2020-06-26,2020-06-26 13:31,47180,2019-04-01,2020-03-31,株式会社早稲田アカデミー
S100IWCB,2020-06-26,2020-06-26 13:31,19420,2019-04-01,2020-03-31,株式会社関電工
S100IZE2,2020-06-26,2020-06-26 13:32,91930,2019-04-01,2020-03-31,東京汽船株式会社
S100IZXA,2020-06-26,2020-06-26 13:32,90870,2019-04-01,2020-03-31,タカセ株式会社
S100IZAC,2020-06-26,2020-06-26 13:33,59620,2019-04-01,2020-03-31,浅香工業株式会社
S100IZOT,2020-06-26,2020-06-26 13:33,71020,2019-04-01,2020-03-31,日本車輌製造株式会社
S100J0ZE,2020-06-26,2020-06-26 13:33,80430,2019-04-01,2020-03-31,スターゼン株式会社
S100J123,2020-06-26,2020-06-26 13:34,81450,2019-04-01,2020-03-31,中部水産株式会社
S100IXZD,2020-06-26,2020-06-26 13:34,28770,2019-04-01,2020-03-31,日東ベスト株式会社
S100IYI5,2020-06-26,2020-06-26 13:34,31090,2019-04-01,2020-03-31,シキボウ株式会社
S100J008,2020-06-26,2020-06-26 13:34,82140,2019-04-01,2020-03-31,株式会社ＡＯＫＩホールディングス
S100J19B,2020-06-26,2020-06-26 13:35,33750,2019-04-01,2020-03-31,株式会社ＺＯＡ
S100J1QG,2020-06-26,2020-06-26 13:35,85630,2019-04-01,2020-03-31,株式会社大東銀行
S100J1SV,2020-06-26,2020-06-26 13:35,62470,2019-04-01,2020-03-31,株式会社日阪製作所
S100J1XP,2020-06-26,2020-06-26 13:36,35780,2019-04-01,2020-03-31,倉庫精練株式会社
S100IWIQ,2020-06-26,2020-06-26 13:36,80710,2019-04-01,2020-03-31,東海エレクトロニクス株式会社
S100J1WU,2020-06-26,2020-06-26 13:37,63690,2019-04-01,2020-03-31,トーヨーカネツ株式会社
S100J1X7,2020-06-26,2020-06-26 13:38,60180,2019-04-01,2020-03-31,阪神内燃機工業株式会社
S100J1SR,2020-06-26,2020-06-26 13:39,35980,2019-04-01,2020-03-31,山喜株式会社
S100IZQM,2020-06-26,2020-06-26 13:40,80560,2019-04-01,2020-03-31,日本ユニシス株式会社
S100IYTX,2020-06-26,2020-06-26 13:40,53880,2019-04-01,2020-03-31,クニミネ工業株式会社
S100J0EU,2020-06-26,2020-06-26 13:41,75100,2019-04-01,2020-03-31,株式会社たけびし
S100ISXG,2020-06-26,2020-06-26 13:42,17360,2019-04-01,2020-03-31,株式会社　オーテック
S100IWRY,2020-06-26,2020-06-26 13:42,93590,2019-04-01,2020-03-31,伊勢湾海運株式会社
S100IZMU,2020-06-26,2020-06-26 13:43,18900,2019-04-01,2020-03-31,東洋建設株式会社
S100J0L4,2020-06-26,2020-06-26 13:43,19050,2019-04-01,2020-03-31,株式会社テノックス
S100IXUC,2020-06-26,2020-06-26 13:43,79810,2019-04-01,2020-03-31,タカラスタンダード株式会社
S100J0UK,2020-06-26,2020-06-26 13:44,69970,2019-04-01,2020-03-31,日本ケミコン株式会社
S100IZDG,2020-06-26,2020-06-26 13:45,20010,2019-04-01,2020-03-31,日本製粉株式会社
S100ITAZ,2020-06-26,2020-06-26 13:45,19250,2019-04-01,2020-03-31,大和ハウス工業株式会社
S100IXUL,2020-06-26,2020-06-26 13:46,45340,2019-04-01,2020-03-31,持田製薬株式会社
S100J0AU,2020-06-26,2020-06-26 13:46,76190,2019-04-01,2020-03-31,田中商事株式会社
S100J16X,2020-06-26,2020-06-26 13:48,70110,2019-04-01,2020-03-31,三菱重工業株式会社
S100J116,2020-06-26,2020-06-26 13:48,85600,2019-04-01,2020-03-31,株式会社　宮崎太陽銀行
S100J0RK,2020-06-26,2020-06-26 13:49,93670,2019-04-01,2020-03-31,大東港運株式会社
S100J0P4,2020-06-26,2020-06-26 13:49,69960,2019-04-01,2020-03-31,ニチコン株式会社
S100IZ9V,2020-06-26,2020-06-26 13:50,19630,2019-04-01,2020-03-31,日揮ホールディングス株式会社
S100IW81,2020-06-26,2020-06-26 13:50,25400,2019-04-01,2020-03-31,養命酒製造株式会社
S100IZWZ,2020-06-26,2020-06-26 13:51,87080,2019-04-01,2020-03-31,藍澤證券株式会社
S100IZNY,2020-06-26,2020-06-26 13:51,80860,2019-04-01,2020-03-31,ニプロ株式会社
S100J023,2020-06-26,2020-06-26 13:52,15140,2019-04-01,2020-03-31,住石ホールディングス株式会社
S100IYB5,2020-06-26,2020-06-26 13:53,42400,2019-04-01,2020-03-31,クラスターテクノロジー株式会社
S100IZ6D,2020-06-26,2020-06-26 13:53,77170,2019-04-01,2020-03-31,株式会社ブイ・テクノロジー
S100IZLO,2020-06-26,2020-06-26 13:53,36400,2019-04-01,2020-03-31,株式会社電算
S100IX85,2020-06-26,2020-06-26 13:54,29760,2019-04-01,2020-03-31,日本グランデ株式会社
S100IZOI,2020-06-26,2020-06-26 13:54,94070,2019-04-01,2020-03-31,株式会社ＲＫＢ毎日ホールディングス
S100IUTI,2020-06-26,2020-06-26 13:55,90090,2019-04-01,2020-03-31,京成電鉄株式会社
S100J1XG,2020-06-26,2020-06-26 13:55,94010,2019-04-01,2020-03-31,株式会社東京放送ホールディングス
S100J034,2020-06-26,2020-06-26 13:56,79140,2019-04-01,2020-03-31,共同印刷株式会社
S100IWBO,2020-06-26,2020-06-26 13:56,63420,2019-04-01,2020-03-31,株式会社太平製作所
S100J1QC,2020-06-26,2020-06-26 13:57,64950,2019-04-01,2020-03-31,株式会社宮入バルブ製作所
S100J17N,2020-06-26,2020-06-26 13:57,30100,2019-04-01,2020-03-31,価値開発株式会社
S100IT3L,2020-06-26,2020-06-26 13:57,69600,2019-04-01,2020-03-31,フクダ電子株式会社
S100J1Z2,2020-06-26,2020-06-26 13:58,90680,2019-04-01,2020-03-31,丸全昭和運輸株式会社
S100IYC4,2020-06-26,2020-06-26 13:59,19800,2019-04-01,2020-03-31,ダイダン株式会社
S100J06Q,2020-06-26,2020-06-26 13:59,53930,2019-04-01,2020-03-31,ニチアス株式会社
S100IW53,2020-06-26,2020-06-26 14:00,57150,2019-04-01,2020-03-31,古河機械金属株式会社
S100J1DI,2020-06-26,2020-06-26 14:00,81470,2019-04-01,2020-03-31,株式会社トミタ
S100IXSH,2020-06-26,2020-06-26 14:00,37710,2019-04-01,2020-03-31,株式会社システムリサーチ
S100J06D,2020-06-26,2020-06-26 14:00,84730,2019-04-01,2020-03-31,ＳＢＩホールディングス株式会社
S100J1ZL,2020-06-26,2020-06-26 14:00,31750,2019-04-01,2020-03-31,株式会社エー・ピーカンパニー
S100IX2R,2020-06-26,2020-06-26 14:01,75640,2019-04-01,2020-03-31,株式会社ワークマン
S100IZTT,2020-06-26,2020-06-26 14:01,28310,2019-04-01,2020-03-31,はごろもフーズ株式会社
S100IYF4,2020-06-26,2020-06-26 14:01,39510,2019-04-01,2020-03-31,朝日印刷株式会社
S100J12E,2020-06-26,2020-06-26 14:02,18470,2019-04-01,2020-03-31,株式会社イチケン
S100IYQ2,2020-06-26,2020-06-26 14:02,18150,2019-04-01,2020-03-31,鉄建建設株式会社
S100J08D,2020-06-26,2020-06-26 14:04,61440,2019-04-01,2020-03-31,西部電機株式会社
S100J0WN,2020-06-26,2020-06-26 14:05,23930,2019-04-01,2020-03-31,株式会社日本ケアサプライ
S100IU6Y,2020-06-26,2020-06-26 14:05,46940,2019-04-01,2020-03-31,株式会社ビー・エム・エル
S100IXIE,2020-06-26,2020-06-26 14:06,93120,2019-04-01,2020-03-31,ケイヒン株式会社
S100IWRA,2020-06-26,2020-06-26 14:06,45400,2019-04-01,2020-03-31,株式会社ツムラ
S100IY20,2020-06-26,2020-06-26 14:07,53420,2019-04-01,2020-03-31,ジャニス工業株式会社
S100J0TD,2020-06-26,2020-06-26 14:07,31030,2019-04-01,2020-03-31,ユニチカ株式会社
S100IZN3,2020-06-26,2020-06-26 14:07,35120,2019-04-01,2020-03-31,日本フエルト株式会社
S100J1Z6,2020-06-26,2020-06-26 14:07,73050,2019-04-01,2020-03-31,新家工業株式会社
S100J21B,2020-06-26,2020-06-26 14:08,79500,2019-04-01,2020-03-31,日本デコラックス株式会社
S100IV36,2020-06-26,2020-06-26 14:08,72780,2019-04-01,2020-03-31,株式会社エクセディ
S100ISUF,2020-06-26,2020-06-26 14:08,94090,2019-04-01,2020-03-31,株式会社テレビ朝日ホールディングス
S100J04Q,2020-06-26,2020-06-26 14:09,35910,2019-04-01,2020-03-31,株式会社ワコールホールディングス
S100IZ01,2020-06-26,2020-06-26 14:12,45810,2019-04-01,2020-03-31,大正製薬ホールディングス株式会社
S100J1CP,2020-06-26,2020-06-26 14:12,78950,2019-04-01,2020-03-31,中央化学株式会社
S100J1YX,2020-06-26,2020-06-26 14:13,35590,2019-04-01,2020-03-31,株式会社ピーバンドットコム
S100IZN6,2020-06-26,2020-06-26 14:13,42750,2019-04-01,2020-03-31,カーリットホールディングス株式会社
S100J0AJ,2020-06-26,2020-06-26 14:14,18700,2019-04-01,2020-03-31,矢作建設工業株式会社
S100IWX5,2020-06-26,2020-06-26 14:15,83410,2019-04-01,2020-03-31,株式会社七十七銀行
S100J12T,2020-06-26,2020-06-26 14:16,94750,2019-04-01,2020-03-31,株式会社昭文社ホールディングス
S100IX5I,2020-06-26,2020-06-26 14:16,70210,2019-04-01,2020-03-31,株式会社ニッチツ
S100J23B,2020-06-26,2020-06-26 14:16,80850,2019-04-01,2020-03-31,ナラサキ産業株式会社
S100IZIK,2020-06-26,2020-06-26 14:18,79230,2019-04-01,2020-03-31,トーイン株式会社
S100J18Z,2020-06-26,2020-06-26 14:18,65880,2019-04-01,2020-03-31,東芝テック株式会社
S100IXGA,2020-06-26,2020-06-26 14:19,64300,2019-04-01,2020-03-31,ダイコク電機株式会社
S100J0WE,2020-06-26,2020-06-26 14:20,81540,2019-04-01,2020-03-31,加賀電子株式会社
S100IZCW,2020-06-26,2020-06-26 14:20,27950,2019-04-01,2020-03-31,日本プリメックス株式会社
S100J18K,2020-06-26,2020-06-26 14:20,45590,2019-04-01,2020-03-31,ゼリア新薬工業株式会社
S100IZ8D,2020-06-26,2020-06-26 14:20,18220,2019-04-01,2020-03-31,大豊建設株式会社
S100J20L,2020-06-26,2020-06-26 14:22,19650,2019-04-01,2020-03-31,株式会社テクノ菱和
S100ITYX,2020-06-26,2020-06-26 14:23,83870,2019-04-01,2020-03-31,株式会社四国銀行
S100IWME,2020-06-26,2020-06-26 14:23,97010,2019-04-01,2020-03-31,株式会社東京會舘
S100J1P8,2020-06-26,2020-06-26 14:24,77580,2019-04-01,2020-03-31,株式会社セコニック
S100J0YQ,2020-06-26,2020-06-26 14:25,45740,2019-04-01,2020-03-31,大幸薬品株式会社
S100J0W2,2020-06-26,2020-06-26 14:27,74670,2019-04-01,2020-03-31,萩原電気ホールディングス株式会社
S100ITOH,2020-06-26,2020-06-26 14:27,66740,2019-04-01,2020-03-31,株式会社　ジーエス・ユアサ　コーポレーション
S100IU1N,2020-06-26,2020-06-26 14:27,52870,2019-04-01,2020-03-31,株式会社イトーヨーギョー
S100J24N,2020-06-26,2020-06-26 14:29,90070,2019-04-01,2020-03-31,小田急電鉄株式会社
S100J1XI,2020-06-26,2020-06-26 14:29,78770,2019-04-01,2020-03-31,永大化工株式会社
S100IW5B,2020-06-26,2020-06-26 14:29,48280,2019-04-01,2020-03-31,ビジネスエンジニアリング株式会社
S100J01B,2020-06-26,2020-06-26 14:29,93040,2019-04-01,2020-03-31,澁澤倉庫株式会社
S100J12S,2020-06-26,2020-06-26 14:30,52370,2019-04-01,2020-03-31,株式会社ノザワ
S100IX3Q,2020-06-26,2020-06-26 14:30,93010,2019-04-01,2020-03-31,三菱倉庫株式会社
S100IYRX,2020-06-26,2020-06-26 14:31,46240,2019-04-01,2020-03-31,イサム塗料株式会社
S100IYWE,2020-06-26,2020-06-26 14:33,90310,2019-04-01,2020-03-31,西日本鉄道株式会社
S100IZYG,2020-06-26,2020-06-26 14:34,85850,2019-04-01,2020-03-31,株式会社オリエントコーポレーション
S100J1XY,2020-06-26,2020-06-26 14:35,96870,2019-04-01,2020-03-31,株式会社ＫＳＫ
S100IW9B,2020-06-26,2020-06-26 14:36,88020,2019-04-01,2020-03-31,三菱地所株式会社
S100J02J,2020-06-26,2020-06-26 14:37,19750,2019-04-01,2020-03-31,株式会社朝日工業社
S100J25D,2020-06-26,2020-06-26 14:40,50700,2019-04-01,2020-03-31,株式会社ドラフト
S100IYQC,2020-06-26,2020-06-26 14:40,69890,2019-04-01,2020-03-31,北陸電気工業株式会社
S100J25K,2020-06-26,2020-06-26 14:40,53510,2019-04-01,2020-03-31,品川リフラクトリーズ株式会社
S100IZMJ,2020-06-26,2020-06-26 14:40,79320,2019-04-01,2020-03-31,株式会社ニッピ
S100J16I,2020-06-26,2020-06-26 14:40,16620,2019-04-01,2020-03-31,石油資源開発株式会社
S100J0H5,2020-06-26,2020-06-26 14:41,53310,2019-04-01,2020-03-31,株式会社ノリタケカンパニーリミテド
S100IXJ4,2020-06-26,2020-06-26 14:41,69080,2019-04-01,2020-03-31,イリソ電子工業株式会社
S100IWZY,2020-06-26,2020-06-26 14:42,57530,2019-04-01,2020-03-31,日本伸銅株式会社
S100J111,2020-06-26,2020-06-26 14:42,32910,2019-04-01,2020-03-31,飯田グループホールディングス株式会社
S100J0TB,2020-06-26,2020-06-26 14:45,47810,2019-04-01,2020-03-31,日本ハウズイング株式会社
S100IT05,2020-06-26,2020-06-26 14:46,65030,2019-04-01,2020-03-31,三菱電機株式会社
S100J0IN,2020-06-26,2020-06-26 14:46,88350,2019-04-01,2020-03-31,太平洋興発株式会社
S100J132,2020-06-26,2020-06-26 14:46,87720,2019-04-01,2020-03-31,株式会社アサックス
S100J1XO,2020-06-26,2020-06-26 14:51,89220,2019-04-01,2020-03-31,日本アセットマーケティング株式会社
S100IYED,2020-06-26,2020-06-26 14:52,49740,2019-04-01,2020-03-31,タカラバイオ株式会社
S100J27T,2020-06-26,2020-06-26 14:52,98670,2019-04-01,2020-03-31,ソレキア株式会社
S100J25V,2020-06-26,2020-06-26 14:54,26080,2019-04-01,2020-03-31,ボーソー油脂株式会社
S100IXJT,2020-06-26,2020-06-26 14:54,97530,2019-04-01,2020-03-31,アイエックス・ナレッジ株式会社
S100IYC5,2020-06-26,2020-06-26 14:56,66230,2019-04-01,2020-03-31,愛知電機株式会社
S100J17S,2020-06-26,2020-06-26 14:56,63790,2019-04-01,2020-03-31,レイズネクスト株式会社
S100J274,2020-06-26,2020-06-26 14:56,42470,2019-04-01,2020-03-31,ポバール興業株式会社
S100J07X,2020-06-26,2020-06-26 14:57,97330,2019-04-01,2020-03-31,株式会社ナガセ
S100J16Q,2020-06-26,2020-06-26 14:57,73170,2019-04-01,2020-03-31,株式会社松屋アールアンドディ
S100J0KK,2020-06-26,2020-06-26 14:58,43890,2019-04-01,2020-03-31,プロパティデータバンク株式会社
S100IYWP,2020-06-26,2020-06-26 14:58,41180,2019-04-01,2020-03-31,株式会社カネカ
S100ITQK,2020-06-26,2020-06-26 14:58,68570,2019-04-01,2020-03-31,株式会社アドバンテスト
S100J1NZ,2020-06-26,2020-06-26 14:59,42120,2019-04-01,2020-03-31,積水樹脂株式会社
S100IZAN,2020-06-26,2020-06-26 14:59,36000,2019-04-01,2020-03-31,株式会社フジックス
S100IXSG,2020-06-26,2020-06-26 15:00,90050,2019-04-01,2020-03-31,東急株式会社
S100IXEP,2020-06-26,2020-06-26 15:00,17760,2019-04-01,2020-03-31,三井住建道路株式会社
S100J071,2020-06-26,2020-06-26 15:00,18710,2019-04-01,2020-03-31,株式会社ピーエス三菱
S100J1RK,2020-06-26,2020-06-26 15:00,65070,2019-04-01,2020-03-31,シンフォニアテクノロジー株式会社
S100J0QP,2020-06-26,2020-06-26 15:00,66980,2019-04-01,2020-03-31,ヴィスコ・テクノロジーズ株式会社
S100ISV9,2020-06-26,2020-06-26 15:00,19810,2019-04-01,2020-03-31,株式会社協和日成
S100IZOA,2020-06-26,2020-06-26 15:00,69250,2019-04-01,2020-03-31,ウシオ電機株式会社
S100J1OA,2020-06-26,2020-06-26 15:00,53630,2019-04-01,2020-03-31,東京窯業株式会社
S100J0DP,2020-06-26,2020-06-26 15:00,40310,2019-04-01,2020-03-31,片倉コープアグリ株式会社
S100J1V7,2020-06-26,2020-06-26 15:00,65560,2019-04-01,2020-03-31,ウェルビー株式会社
S100J1TY,2020-06-26,2020-06-26 15:00,64360,2019-04-01,2020-03-31,アマノ株式会社
S100IW2D,2020-06-26,2020-06-26 15:01,44910,2019-04-01,2020-03-31,コンピューターマネージメント株式会社
S100IYXA,2020-06-26,2020-06-26 15:01,37530,2019-04-01,2020-03-31,株式会社フライトホールディングス
S100J1GZ,2020-06-26,2020-06-26 15:01,72560,2019-04-01,2020-03-31,河西工業株式会社
S100J1EQ,2020-06-26,2020-06-26 15:01,71620,2019-04-01,2020-03-31,アストマックス株式会社
S100J21F,2020-06-26,2020-06-26 15:02,70900,2019-04-01,2020-03-31,株式会社リグア
S100J0M7,2020-06-26,2020-06-26 15:02,99620,2019-04-01,2020-03-31,株式会社　ミスミグループ本社
S100J297,2020-06-26,2020-06-26 15:02,91430,2019-04-01,2020-03-31,ＳＧホールディングス株式会社
S100IU3A,2020-06-26,2020-06-26 15:03,88010,2019-04-01,2020-03-31,三井不動産株式会社
S100J0XH,2020-06-26,2020-06-26 15:03,36660,2019-04-01,2020-03-31,株式会社テクノスジャパン
S100IU4B,2020-06-26,2020-06-26 15:03,90120,2019-04-01,2020-03-31,秩父鉄道株式会社
S100J0CG,2020-06-26,2020-06-26 15:03,64610,2019-04-01,2020-03-31,日本ピストンリング株式会社
S100IQ0W,2020-06-26,2020-06-26 15:03,67240,2019-04-01,2020-03-31,セイコーエプソン株式会社
S100J1QX,2020-06-26,2020-06-26 15:04,60820,2019-04-01,2020-03-31,株式会社ライドオンエクスプレスホールディングス
S100IXNV,2020-06-26,2020-06-26 15:05,53520,2019-04-01,2020-03-31,黒崎播磨株式会社
S100IVSI,2020-06-26,2020-06-26 15:05,73150,2019-04-01,2020-03-31,株式会社ＩＪＴＴ
S100IZUE,2020-06-26,2020-06-26 15:05,89990,2019-04-01,2020-03-31,グランディハウス株式会社
S100IZAE,2020-06-26,2020-06-26 15:06,78870,2019-04-01,2020-03-31,南海プライウッド株式会社
S100J0OX,2020-06-26,2020-06-26 15:06,35290,2019-04-01,2020-03-31,アツギ株式会社
S100IZEO,2020-06-26,2020-06-26 15:06,41160,2019-04-01,2020-03-31,大日精化工業株式会社
S100IYPL,2020-06-26,2020-06-26 15:06,72920,2019-04-01,2020-03-31,株式会社村上開明堂
S100J0R3,2020-06-26,2020-06-26 15:06,17700,2019-04-01,2020-03-31,藤田エンジニアリング株式会社
S100IZZK,2020-06-26,2020-06-26 15:06,75700,2019-04-01,2020-03-31,橋本総業ホールディングス株式会社
S100J17A,2020-06-26,2020-06-26 15:06,31500,2019-04-01,2020-03-31,株式会社グリムス
S100J06A,2020-06-26,2020-06-26 15:07,64120,2019-04-01,2020-03-31,株式会社平和
S100IWIZ,2020-06-26,2020-06-26 15:07,96910,2019-04-01,2020-03-31,株式会社両毛システムズ
S100J298,2020-06-26,2020-06-26 15:09,21830,2019-04-01,2020-03-31,株式会社リニカル
S100J189,2020-06-26,2020-06-26 15:09,83540,2019-04-01,2020-03-31,株式会社ふくおかフィナンシャルグループ
S100J261,2020-06-26,2020-06-26 15:09,51920,2019-04-01,2020-03-31,三ツ星ベルト株式会社
S100J13I,2020-06-26,2020-06-26 15:09,18110,2019-04-01,2020-03-31,株式会社錢高組
S100J2B6,2020-06-26,2020-06-26 15:10,60450,2019-04-01,2020-03-31,株式会社レントラックス
S100J0TA,2020-06-26,2020-06-26 15:10,64280,2019-04-01,2020-03-31,株式会社オーイズミ
S100J1AD,2020-06-26,2020-06-26 15:11,65130,2019-04-01,2020-03-31,株式会社オリジン
S100J2BK,2020-06-26,2020-06-26 15:12,36920,2019-04-01,2020-03-31,株式会社ＦＦＲＩセキュリティ
S100IV79,2020-06-26,2020-06-26 15:14,94020,2019-04-01,2020-03-31,中部日本放送株式会社
S100J03Z,2020-06-26,2020-06-26 15:14,46610,2019-04-01,2020-03-31,株式会社オリエンタルランド
S100IZFB,2020-06-26,2020-06-26 15:14,68380,2019-04-01,2020-03-31,株式会社多摩川ホールディングス
S100J21O,2020-06-26,2020-06-26 15:14,96750,2019-04-01,2020-03-31,常磐興産株式会社
S100J0CN,2020-06-26,2020-06-26 15:15,86280,2019-04-01,2020-03-31,松井証券株式会社
S100IXU6,2020-06-26,2020-06-26 15:15,67070,2019-04-01,2020-03-31,サンケン電気株式会社
S100J0TG,2020-06-26,2020-06-26 15:16,69980,2019-04-01,2020-03-31,日本タングステン株式会社
S100IZBY,2020-06-26,2020-06-26 15:16,93240,2019-04-01,2020-03-31,安田倉庫株式会社
S100IRRA,2020-06-26,2020-06-26 15:16,95030,2019-04-01,2020-03-31,関西電力株式会社
S100IZ2S,2020-06-26,2020-06-26 15:17,40470,2019-04-01,2020-03-31,関東電化工業株式会社
S100J0AT,2020-06-26,2020-06-26 15:17,14200,2019-04-01,2020-03-31,サンヨーホームズ株式会社
S100ISNW,2020-06-26,2020-06-26 15:18,81010,2019-04-01,2020-03-31,株式会社ＧＳＩクレオス
S100IZCI,2020-06-26,2020-06-26 15:18,80500,2019-04-01,2020-03-31,セイコーホールディングス株式会社
S100IYG9,2020-06-26,2020-06-26 15:18,86010,2019-04-01,2020-03-31,株式会社大和証券グループ本社
S100J0TS,2020-06-26,2020-06-26 15:18,63680,2019-04-01,2020-03-31,オルガノ株式会社
S100IYEB,2020-06-26,2020-06-26 15:18,22080,2019-04-01,2020-03-31,株式会社ブルボン
S100J0SM,2020-06-26,2020-06-26 15:19,76780,2019-04-01,2020-03-31,株式会社あさくま
S100J0KI,2020-06-26,2020-06-26 15:20,80930,2019-04-01,2020-03-31,極東貿易株式会社
S100J1A2,2020-06-26,2020-06-26 15:20,69810,2019-04-01,2020-03-31,株式会社村田製作所
S100IZCX,2020-06-26,2020-06-26 15:22,46870,2019-04-01,2020-03-31,ＴＤＣソフト株式会社
S100IZW5,2020-06-26,2020-06-26 15:22,94710,2019-04-01,2020-03-31,株式会社文溪堂
S100J0Y2,2020-06-26,2020-06-26 15:22,66580,2019-04-01,2020-03-31,シライ電子工業株式会社
S100IV99,2020-06-26,2020-06-26 15:22,47200,2019-04-01,2020-03-31,株式会社城南進学研究社
S100IWP6,2020-06-26,2020-06-26 15:23,95310,2019-04-01,2020-03-31,東京瓦斯株式会社
S100J1BZ,2020-06-26,2020-06-26 15:24,18280,2019-04-01,2020-03-31,田辺工業株式会社
S100IYOO,2020-06-26,2020-06-26 15:25,19680,2019-04-01,2020-03-31,太平電業株式会社
S100J0FR,2020-06-26,2020-06-26 15:25,32380,2019-04-01,2020-03-31,セントラル総合開発株式会社
S100IZVA,2020-06-26,2020-06-26 15:26,67430,2019-04-01,2020-03-31,大同信号株式会社
S100J1CA,2020-06-26,2020-06-26 15:28,37080,2019-04-01,2020-03-31,特種東海製紙株式会社
S100IXTR,2020-06-26,2020-06-26 15:29,18030,2019-04-01,2020-03-31,清水建設株式会社
S100J12V,2020-06-26,2020-06-26 15:29,69860,2019-04-01,2020-03-31,双葉電子工業株式会社
S100J2BX,2020-06-26,2020-06-26 15:29,34650,2019-04-01,2020-03-31,ケイアイスター不動産株式会社
S100IFEM,2020-06-26,2020-06-26 15:30,49660,2019-04-01,2020-03-31,上村工業株式会社
S100J0UI,2020-06-26,2020-06-26 15:30,44060,2019-04-01,2020-03-31,新日本理化株式会社
S100IZVR,2020-06-26,2020-06-26 15:31,18210,2019-04-01,2020-03-31,三井住友建設株式会社
S100IVTZ,2020-06-26,2020-06-26 15:31,93570,2019-04-01,2020-03-31,名港海運株式会社
S100J27R,2020-06-26,2020-06-26 15:31,87370,2019-04-01,2020-03-31,株式会社あかつき本社
S100J0V1,2020-06-26,2020-06-26 15:31,31730,2019-04-01,2020-03-31,株式会社Ｃｏｍｉｎｉｘ
S100J081,2020-06-26,2020-06-26 15:32,79120,2019-04-01,2020-03-31,大日本印刷株式会社
S100J1HK,2020-06-26,2020-06-26 15:32,74620,2019-04-01,2020-03-31,ダイヤ通商株式会社
S100J0UO,2020-06-26,2020-06-26 15:33,60880,2019-04-01,2020-03-31,株式会社シグマクシス
S100J202,2020-06-26,2020-06-26 15:34,42220,2019-04-01,2020-03-31,児玉化学工業株式会社
S100J1GE,2020-06-26,2020-06-26 15:34,46510,2019-04-01,2020-03-31,株式会社サニックス
S100IYZQ,2020-06-26,2020-06-26 15:35,93190,2019-04-01,2020-03-31,株式会社中央倉庫
S100IZ1B,2020-06-26,2020-06-26 15:35,78370,2019-04-01,2020-03-31,株式会社アールシーコア
S100J0VF,2020-06-26,2020-06-26 15:35,68060,2019-04-01,2020-03-31,ヒロセ電機株式会社
S100J1YF,2020-06-26,2020-06-26 15:36,57070,2019-04-01,2020-03-31,東邦亜鉛株式会社
S100IZ04,2020-06-26,2020-06-26 15:36,60740,2019-04-01,2020-03-31,株式会社ジェイエスエス
S100J014,2020-06-26,2020-06-26 15:36,69040,2019-04-01,2020-03-31,原田工業株式会社
S100IU2G,2020-06-26,2020-06-26 15:38,99360,2019-04-01,2020-03-31,株式会社王将フードサービス
S100J284,2020-06-26,2020-06-26 15:38,86300,2019-04-01,2020-03-31,ＳＯＭＰＯホールディングス株式会社
S100IYA8,2020-06-26,2020-06-26 15:39,77790,2019-04-01,2020-03-31,ＣＹＢＥＲＤＹＮＥ株式会社
S100IXX0,2020-06-26,2020-06-26 15:39,83880,2019-04-01,2020-03-31,株式会社阿波銀行
S100IXUE,2020-06-26,2020-06-26 15:40,63630,2019-04-01,2020-03-31,株式会社酉島製作所
S100J2EZ,2020-06-26,2020-06-26 15:42,35130,2019-04-01,2020-03-31,イチカワ株式会社
S100J2EY,2020-06-26,2020-06-26 15:42,57130,2019-04-01,2020-03-31,住友金属鉱山株式会社
S100J2BA,2020-06-26,2020-06-26 15:43,56140,2019-04-01,2020-03-31,株式会社川金ホールディングス
S100J18E,2020-06-26,2020-06-26 15:43,46910,2019-04-01,2020-03-31,ワシントンホテル株式会社
S100J2EF,2020-06-26,2020-06-26 15:43,90460,2019-04-01,2020-03-31,神戸電鉄株式会社
S100J0BW,2020-06-26,2020-06-26 15:43,95020,2019-04-01,2020-03-31,中部電力株式会社
S100J23A,2020-06-26,2020-06-26 15:44,58210,2019-04-01,2020-03-31,平河ヒューテック株式会社
S100IZNU,2020-06-26,2020-06-26 15:44,74420,2019-04-01,2020-03-31,中山福株式会社
S100J0FU,2020-06-26,2020-06-26 15:45,52320,2019-04-01,2020-03-31,住友大阪セメント株式会社
S100IY6K,2020-06-26,2020-06-26 15:45,38510,2019-04-01,2020-03-31,株式会社日本一ソフトウェア
S100J03U,2020-06-26,2020-06-26 15:46,90700,2019-04-01,2020-03-31,トナミホールディングス株式会社
S100J1VI,2020-06-26,2020-06-26 15:47,83160,2019-04-01,2020-03-31,株式会社三井住友フィナンシャルグループ
S100IY17,2020-06-26,2020-06-26 15:48,63670,2019-04-01,2020-03-31,ダイキン工業株式会社
S100J2CS,2020-06-26,2020-06-26 15:50,83790,2019-04-01,2020-03-31,株式会社広島銀行
S100J190,2020-06-26,2020-06-26 15:51,90810,2019-04-01,2020-03-31,神奈川中央交通株式会社
S100IWYJ,2020-06-26,2020-06-26 15:52,18080,2019-04-01,2020-03-31,株式会社　長谷工コーポレーション
S100J159,2020-06-26,2020-06-26 15:56,43180,2019-04-01,2020-03-31,株式会社クイック
S100IYE8,2020-06-26,2020-06-26 16:00,30880,2019-04-01,2020-03-31,株式会社マツモトキヨシホールディングス
S100J185,2020-06-26,2020-06-26 16:00,18850,2019-04-01,2020-03-31,東亜建設工業株式会社
S100J1RH,2020-06-26,2020-06-26 16:00,67360,2019-04-01,2020-03-31,サン電子株式会社
S100IZU2,2020-06-26,2020-06-26 16:00,71730,2019-04-01,2020-03-31,株式会社東京きらぼしフィナンシャルグループ
S100J2F6,2020-06-26,2020-06-26 16:00,44350,2019-04-01,2020-03-31,株式会社カオナビ
S100IZJN,2020-06-26,2020-06-26 16:00,32840,2019-04-01,2020-03-31,株式会社フージャースホールディングス
S100IYB3,2020-06-26,2020-06-26 16:00,66290,2019-04-01,2020-03-31,テクノホライゾン・ホールディングス株式会社
S100ITED,2020-06-26,2020-06-26 16:00,72450,2019-04-01,2020-03-31,大同メタル工業株式会社
S100IZDE,2020-06-26,2020-06-26 16:01,85590,2019-04-01,2020-03-31,株式会社豊和銀行
S100IYOG,2020-06-26,2020-06-26 16:01,66200,2019-04-01,2020-03-31,宮越ホールディングス株式会社
S100IXBH,2020-06-26,2020-06-26 16:01,69520,2019-04-01,2020-03-31,カシオ計算機株式会社
S100J1SY,2020-06-26,2020-06-26 16:02,90060,2019-04-01,2020-03-31,京浜急行電鉄株式会社
S100J12D,2020-06-26,2020-06-26 16:02,46860,2019-04-01,2020-03-31,株式会社ジャストシステム
S100J0VK,2020-06-26,2020-06-26 16:02,27150,2019-04-01,2020-03-31,エレマテック株式会社
S100J0W7,2020-06-26,2020-06-26 16:02,18920,2019-04-01,2020-03-31,徳倉建設株式会社
S100IZEC,2020-06-26,2020-06-26 16:02,42080,2019-04-01,2020-03-31,宇部興産株式会社
S100IYS6,2020-06-26,2020-06-26 16:02,69630,2019-04-01,2020-03-31,ローム株式会社
S100J20X,2020-06-26,2020-06-26 16:03,34220,2019-04-01,2020-03-31,株式会社　丸順
S100J2GO,2020-06-26,2020-06-26 16:03,24790,2019-04-01,2020-03-31,株式会社ジェイテック
S100ITWR,2020-06-26,2020-06-26 16:04,83580,2019-04-01,2020-03-31,スルガ銀行株式会社
S100IX2B,2020-06-26,2020-06-26 16:05,65080,2019-04-01,2020-03-31,株式会社明電舎
S100J1N2,2020-06-26,2020-06-26 16:05,13790,2019-04-01,2020-03-31,ホクト株式会社
S100IY8F,2020-06-26,2020-06-26 16:06,33150,2019-04-01,2020-03-31,日本コークス工業株式会社
S100IXHN,2020-06-26,2020-06-26 16:07,93600,2019-04-01,2020-03-31,鈴与シンワート株式会社
S100IV18,2020-06-26,2020-06-26 16:07,47610,2019-04-01,2020-03-31,株式会社さくらケーシーエス
S100IXPM,2020-06-26,2020-06-26 16:07,68640,2019-04-01,2020-03-31,株式会社エヌエフ回路設計ブロック
S100J2HY,2020-06-26,2020-06-26 16:07,71920,2019-04-01,2020-03-31,日本モーゲージサービス株式会社
S100IUQM,2020-06-26,2020-06-26 16:08,35040,2019-04-01,2020-03-31,株式会社丸八ホールディングス
S100J2GQ,2020-06-26,2020-06-26 16:10,97690,2019-04-01,2020-03-31,株式会社学究社
S100J14R,2020-06-26,2020-06-26 16:10,69120,2019-04-01,2020-03-31,菊水電子工業株式会社
S100J07F,2020-06-26,2020-06-26 16:11,40220,2019-04-01,2020-03-31,ラサ工業株式会社
S100IXZ3,2020-06-26,2020-06-26 16:12,32050,2019-04-01,2020-03-31,株式会社ダイドーリミテッド
S100IW1X,2020-06-26,2020-06-26 16:13,18790,2019-04-01,2020-03-31,新日本建設株式会社
S100J1ER,2020-06-26,2020-06-26 16:16,67580,2019-04-01,2020-03-31,ソニー株式会社
S100J2HK,2020-06-26,2020-06-26 16:16,77310,2019-04-01,2020-03-31,株式会社ニコン
S100IY7M,2020-06-26,2020-06-26 16:16,72710,2019-04-01,2020-03-31,株式会社安永
S100J2HI,2020-06-26,2020-06-26 16:18,88500,2019-04-01,2020-03-31,スターツコーポレーション株式会社
S100J0XC,2020-06-26,2020-06-26 16:18,17190,2019-04-01,2020-03-31,株式会社安藤・間
S100J15Q,2020-06-26,2020-06-26 16:19,27900,2019-04-01,2020-03-31,株式会社ナフコ
S100J0WU,2020-06-26,2020-06-26 16:20,20550,2019-04-01,2020-03-31,日和産業株式会社
S100IW07,2020-06-26,2020-06-26 16:22,61310,2019-04-01,2020-03-31,浜井産業株式会社
S100ISE1,2020-06-26,2020-06-26 16:24,67030,2019-04-01,2020-03-31,沖電気工業株式会社
S100IYEL,2020-06-26,2020-06-26 16:24,96160,2019-04-01,2020-03-31,株式会社共立メンテナンス
S100J2GI,2020-06-26,2020-06-26 16:27,69190,2019-04-01,2020-03-31,ケル株式会社
S100J2IA,2020-06-26,2020-06-26 16:28,33600,2019-04-01,2020-03-31,シップヘルスケアホールディングス株式会社
S100J1DM,2020-06-26,2020-06-26 16:32,97080,2019-04-01,2020-03-31,株式会社帝国ホテル
S100J2L9,2020-06-26,2020-06-26 16:33,38250,2019-04-01,2020-03-31,株式会社リミックスポイント
S100J16P,2020-06-26,2020-06-26 16:34,59810,2019-04-01,2020-03-31,東京製綱株式会社
S100J25X,2020-06-26,2020-06-26 16:34,40950,2019-04-01,2020-03-31,日本パーカライジング株式会社
S100J155,2020-06-26,2020-06-26 16:37,65410,2019-04-01,2020-03-31,グレイステクノロジー株式会社
S100ITG1,2020-06-26,2020-06-26 16:39,77450,2019-04-01,2020-03-31,株式会社エー・アンド・デイ
S100J2LX,2020-06-26,2020-06-26 16:42,60720,2019-04-01,2020-03-31,地盤ネットホールディングス株式会社
S100J11Y,2020-06-26,2020-06-26 16:42,43490,2019-04-01,2020-03-31,株式会社テスク
S100J04Y,2020-06-26,2020-06-26 16:42,72690,2019-04-01,2020-03-31,スズキ株式会社
S100IU37,2020-06-26,2020-06-26 16:43,38650,2019-04-01,2020-03-31,北越コーポレーション株式会社
S100J2LZ,2020-06-26,2020-06-26 16:45,77430,2019-04-01,2020-03-31,株式会社シード
S100J08J,2020-06-26,2020-06-26 16:48,19450,2019-04-01,2020-03-31,株式会社東京エネシス
S100J18H,2020-06-26,2020-06-26 16:48,23950,2019-04-01,2020-03-31,株式会社新日本科学
S100IWRF,2020-06-26,2020-06-26 16:50,90080,2019-04-01,2020-03-31,京王電鉄株式会社
S100J2G8,2020-06-26,2020-06-26 16:50,49220,2019-04-01,2020-03-31,株式会社コーセー
S100J098,2020-06-26,2020-06-26 16:52,74630,2019-04-01,2020-03-31,株式会社アドヴァン
S100J0S7,2020-06-26,2020-06-26 17:02,57060,2019-04-01,2020-03-31,三井金属鉱業株式会社
S100J2O4,2020-06-26,2020-06-26 17:03,88810,2019-04-01,2020-03-31,株式会社日神グループホールディングス
S100J2L0,2020-06-26,2020-06-26 17:04,93850,2019-04-01,2020-03-31,株式会社ショーエイコーポレーション
S100J2IZ,2020-06-26,2020-06-26 17:05,38610,2019-04-01,2020-03-31,王子ホールディングス株式会社
S100J0ZN,2020-06-26,2020-06-26 17:09,78740,2019-04-01,2020-03-31,レック株式会社
S100J17G,2020-06-26,2020-06-26 17:12,27640,2019-04-01,2020-03-31,株式会社ひらまつ
S100J2OL,2020-06-26,2020-06-26 17:12,99270,2019-04-01,2020-03-31,株式会社ワットマン
S100J2OW,2020-06-26,2020-06-26 17:13,76020,2019-04-01,2020-03-31,株式会社カーチスホールディングス
S100IXTC,2020-06-29,2020-06-29 09:00,46840,2019-04-01,2020-03-31,株式会社オービック
S100J2E7,2020-06-29,2020-06-29 09:00,72770,2019-04-01,2020-03-31,株式会社ＴＢＫ
S100J21E,2020-06-29,2020-06-29 09:00,59730,2019-04-01,2020-03-31,株式会社トーアミ
S100IVUU,2020-06-29,2020-06-29 09:00,37980,2019-04-01,2020-03-31,ＵＬＳグループ株式会社
S100J01V,2020-06-29,2020-06-29 09:00,45700,2019-04-01,2020-03-31,株式会社免疫生物研究所
S100J22K,2020-06-29,2020-06-29 09:00,14500,2019-04-01,2020-03-31,田中建設工業株式会社
S100J30M,2020-06-29,2020-06-29 09:00,75550,2019-04-01,2020-03-31,株式会社大田花き
S100IUY0,2020-06-29,2020-06-29 09:01,18100,2019-04-01,2020-03-31,松井建設株式会社
S100J247,2020-06-29,2020-06-29 09:01,81500,2019-04-01,2020-03-31,三信電気株式会社
S100IUXY,2020-06-29,2020-06-29 09:02,81440,2019-04-01,2020-03-31,株式会社電響社
S100J2TF,2020-06-29,2020-06-29 09:02,96390,2019-04-01,2020-03-31,三協フロンテア株式会社
S100J2HH,2020-06-29,2020-06-29 09:02,85440,2019-04-01,2020-03-31,株式会社　京葉銀行
S100J0J1,2020-06-29,2020-06-29 09:03,52850,2019-04-01,2020-03-31,株式会社ヤマックス
S100IWJR,2020-06-29,2020-06-29 09:03,75500,2019-04-01,2020-03-31,株式会社ゼンショーホールディングス
S100J1E5,2020-06-29,2020-06-29 09:04,35150,2019-04-01,2020-03-31,株式会社フジコー
S100IW6H,2020-06-29,2020-06-29 09:05,28160,2019-04-01,2020-03-31,株式会社ダイショー
S100J1G9,2020-06-29,2020-06-29 09:05,97900,2019-04-01,2020-03-31,福井コンピュータホールディングス株式会社
S100J27E,2020-06-29,2020-06-29 09:05,87420,2019-04-01,2020-03-31,株式会社小林洋行
S100J28O,2020-06-29,2020-06-29 09:05,60050,2019-04-01,2020-03-31,三浦工業株式会社
S100J1XD,2020-06-29,2020-06-29 09:05,22880,2019-04-01,2020-03-31,丸大食品株式会社
S100J1YO,2020-06-29,2020-06-29 09:06,29110,2019-04-01,2020-03-31,旭松食品株式会社
S100IY9H,2020-06-29,2020-06-29 09:06,35370,2019-04-01,2020-03-31,昭栄薬品株式会社
S100IWTC,2020-06-29,2020-06-29 09:07,50710,2019-04-01,2020-03-31,株式会社ヴィス
S100IYL4,2020-06-29,2020-06-29 09:08,63430,2019-04-01,2020-03-31,フリージア・マクロス株式会社
S100IVDG,2020-06-29,2020-06-29 09:09,19390,2019-04-01,2020-03-31,株式会社四電工
S100J0C7,2020-06-29,2020-06-29 09:09,83700,2019-04-01,2020-03-31,株式会社紀陽銀行
S100J1CD,2020-06-29,2020-06-29 09:10,69300,2019-04-01,2020-03-31,日本アンテナ株式会社
S100J2PQ,2020-06-29,2020-06-29 09:10,74140,2019-04-01,2020-03-31,小野建株式会社
S100J2EE,2020-06-29,2020-06-29 09:11,24750,2019-04-01,2020-03-31,ＷＤＢホールディングス株式会社
S100IZCT,2020-06-29,2020-06-29 09:12,18320,2019-04-01,2020-03-31,北海電気工事株式会社
S100IYRA,2020-06-29,2020-06-29 09:12,59450,2019-04-01,2020-03-31,天龍製鋸株式会社
S100IXJE,2020-06-29,2020-06-29 09:13,74830,2019-04-01,2020-03-31,株式会社ドウシシャ
S100J335,2020-06-29,2020-06-29 09:13,74800,2019-04-01,2020-03-31,スズデン株式会社
S100J2R0,2020-06-29,2020-06-29 09:13,29160,2019-04-01,2020-03-31,仙波糖化工業株式会社
S100J1Q8,2020-06-29,2020-06-29 09:14,63330,2019-04-01,2020-03-31,株式会社帝国電機製作所
S100IYM9,2020-06-29,2020-06-29 09:14,76880,2019-04-01,2020-03-31,ミアヘルサ株式会社
S100IZLQ,2020-06-29,2020-06-29 09:14,34080,2019-04-01,2020-03-31,サカイオーベックス株式会社
S100J2KW,2020-06-29,2020-06-29 09:15,17930,2019-04-01,2020-03-31,株式会社大本組
S100IYB0,2020-06-29,2020-06-29 09:16,79800,2019-04-01,2020-03-31,株式会社　重松製作所
S100J2RM,2020-06-29,2020-06-29 09:16,90340,2019-04-01,2020-03-31,南総通運株式会社
S100J25W,2020-06-29,2020-06-29 09:16,39170,2019-04-01,2020-03-31,株式会社アイリッジ
S100J0ZF,2020-06-29,2020-06-29 09:16,74440,2019-04-01,2020-03-31,ハリマ共和物産株式会社
S100J2MW,2020-06-29,2020-06-29 09:16,65750,2019-04-01,2020-03-31,ヒューマン・アソシエイツ・ホールディングス株式会社
S100J2GV,2020-06-29,2020-06-29 09:17,63070,2019-04-01,2020-03-31,サンセイ株式会社
S100J302,2020-06-29,2020-06-29 09:17,75620,2019-04-01,2020-03-31,株式会社安楽亭
S100J2C6,2020-06-29,2020-06-29 09:18,30200,2019-04-01,2020-03-31,アプライド株式会社
S100J24S,2020-06-29,2020-06-29 09:18,74610,2019-04-01,2020-03-31,株式会社キムラ
S100IZ1U,2020-06-29,2020-06-29 09:18,85840,2019-04-01,2020-03-31,株式会社ジャックス
S100IW33,2020-06-29,2020-06-29 09:18,42880,2019-04-01,2020-03-31,株式会社アズジェント
S100IYE1,2020-06-29,2020-06-29 09:19,69570,2019-04-01,2020-03-31,株式会社芝浦電子
S100J285,2020-06-29,2020-06-29 09:20,67180,2019-04-01,2020-03-31,アイホン株式会社
S100J332,2020-06-29,2020-06-29 09:20,22180,2019-04-01,2020-03-31,日糧製パン株式会社
S100IUSU,2020-06-29,2020-06-29 09:21,18200,2019-04-01,2020-03-31,西松建設株式会社
S100J03C,2020-06-29,2020-06-29 09:21,81150,2019-04-01,2020-03-31,ムーンバット株式会社
S100IXDP,2020-06-29,2020-06-29 09:21,87050,2019-04-01,2020-03-31,岡藤ホールディングス株式会社
S100J33I,2020-06-29,2020-06-29 09:21,59410,2019-04-01,2020-03-31,株式会社　中西製作所
S100J1X2,2020-06-29,2020-06-29 09:21,62570,2019-04-01,2020-03-31,株式会社藤商事
S100IXZR,2020-06-29,2020-06-29 09:22,77620,2019-04-01,2020-03-31,シチズン時計株式会社
S100IZFC,2020-06-29,2020-06-29 09:22,59520,2019-04-01,2020-03-31,アマテイ株式会社
S100J2GX,2020-06-29,2020-06-29 09:23,46130,2019-04-01,2020-03-31,関西ペイント株式会社
S100J2S4,2020-06-29,2020-06-29 09:23,88300,2019-04-01,2020-03-31,住友不動産株式会社
S100J1UW,2020-06-29,2020-06-29 09:23,20030,2019-04-01,2020-03-31,日東富士製粉株式会社
S100IZYX,2020-06-29,2020-06-29 09:23,17230,2019-04-01,2020-03-31,日本電技株式会社
S100J228,2020-06-29,2020-06-29 09:23,62720,2019-04-01,2020-03-31,レオン自動機株式会社
S100J0X0,2020-06-29,2020-06-29 09:24,99560,2019-04-01,2020-03-31,株式会社バローホールディングス
S100J1EY,2020-06-29,2020-06-29 09:24,52680,2019-04-01,2020-03-31,旭コンクリート工業株式会社
S100J255,2020-06-29,2020-06-29 09:24,99020,2019-04-01,2020-03-31,株式会社日伝
S100J26J,2020-06-29,2020-06-29 09:25,90780,2019-04-01,2020-03-31,株式会社エスライン
S100IW0Z,2020-06-29,2020-06-29 09:25,30690,2019-04-01,2020-03-31,株式会社　ＪＦＬＡホールディングス
S100J2K6,2020-06-29,2020-06-29 09:25,75710,2019-04-01,2020-03-31,株式会社ヤマノホールディングス
S100J2A6,2020-06-29,2020-06-29 09:26,14430,2019-04-01,2020-03-31,技研ホールディングス株式会社
S100J22Q,2020-06-29,2020-06-29 09:27,38020,2019-04-01,2020-03-31,株式会社エコミック
S100J1M5,2020-06-29,2020-06-29 09:28,86090,2019-04-01,2020-03-31,株式会社岡三証券グループ
S100J2J9,2020-06-29,2020-06-29 09:28,35210,2019-04-01,2020-03-31,エコナックホールディングス株式会社
S100J1VJ,2020-06-29,2020-06-29 09:28,59180,2019-04-01,2020-03-31,瀧上工業株式会社
S100IYIZ,2020-06-29,2020-06-29 09:29,64170,2019-04-01,2020-03-31,株式会社三共
S100J07T,2020-06-29,2020-06-29 09:30,56590,2019-04-01,2020-03-31,日本精線株式会社
S100J2EX,2020-06-29,2020-06-29 09:32,62370,2019-04-01,2020-03-31,株式会社イワキ
S100IYY2,2020-06-29,2020-06-29 09:33,70580,2019-04-01,2020-03-31,共栄セキュリティーサービス株式会社
S100J0XC,2020-06-29,2020-06-26 16:18,17190,2019-04-01,2020-03-31,株式会社安藤・間
S100IZYU,2020-06-29,2020-06-29 09:33,64240,2019-04-01,2020-03-31,株式会社高見沢サイバネティックス
S100J0RE,2020-06-29,2020-06-29 09:34,69620,2019-04-01,2020-03-31,株式会社大真空
S100J05K,2020-06-29,2020-06-29 09:35,93650,2019-04-01,2020-03-31,トレーディア株式会社
S100J08Y,2020-06-29,2020-06-29 09:35,22070,2019-04-01,2020-03-31,名糖産業株式会社
S100J2W2,2020-06-29,2020-06-29 09:36,64190,2019-04-01,2020-03-31,株式会社マースグループホールディングス
S100J1Q6,2020-06-29,2020-06-29 09:36,49180,2019-04-01,2020-03-31,株式会社アイビー化粧品
S100J2RJ,2020-06-29,2020-06-29 09:36,53910,2019-04-01,2020-03-31,株式会社エーアンドエーマテリアル
S100IXHA,2020-06-29,2020-06-29 09:36,64840,2019-04-01,2020-03-31,株式会社ＫＶＫ
S100J2OY,2020-06-29,2020-06-29 09:38,80060,2019-04-01,2020-03-31,ユアサ・フナショク株式会社
S100J34G,2020-06-29,2020-06-29 09:38,74900,2019-04-01,2020-03-31,日新商事株式会社
S100J2NQ,2020-06-29,2020-06-29 09:38,35510,2019-04-01,2020-03-31,ダイニック株式会社
S100J2LB,2020-06-29,2020-06-29 09:38,40800,2019-04-01,2020-03-31,株式会社田中化学研究所
S100J2GD,2020-06-29,2020-06-29 09:38,97610,2019-04-01,2020-03-31,東海リース株式会社
S100IZU7,2020-06-29,2020-06-29 09:39,79050,2019-04-01,2020-03-31,大建工業株式会社
S100J0FH,2020-06-29,2020-06-29 09:39,31160,2019-04-01,2020-03-31,トヨタ紡織株式会社
S100IWVF,2020-06-29,2020-06-29 09:40,59660,2019-04-01,2020-03-31,京都機械工具株式会社
S100J2TL,2020-06-29,2020-06-29 09:42,59650,2019-04-01,2020-03-31,株式会社フジマック
S100J1PW,2020-06-29,2020-06-29 09:43,61340,2019-04-01,2020-03-31,株式会社ＦＵＪＩ
S100IZPN,2020-06-29,2020-06-29 09:44,76370,2019-04-01,2020-03-31,白銅株式会社
S100J1QL,2020-06-29,2020-06-29 09:45,42740,2019-04-01,2020-03-31,細谷火工株式会社
S100IUTC,2020-06-29,2020-06-29 09:46,77090,2019-04-01,2020-03-31,クボテック株式会社
S100J289,2020-06-29,2020-06-29 09:46,99290,2019-04-01,2020-03-31,平和紙業株式会社
S100J27I,2020-06-29,2020-06-29 09:47,63350,2019-04-01,2020-03-31,株式会社東京機械製作所
S100J23Z,2020-06-29,2020-06-29 09:50,46350,2019-04-01,2020-03-31,東京インキ株式会社
S100IVAV,2020-06-29,2020-06-29 09:51,64570,2019-04-01,2020-03-31,グローリー株式会社
S100J1KG,2020-06-29,2020-06-29 09:51,83690,2019-04-01,2020-03-31,株式会社京都銀行
S100J2EA,2020-06-29,2020-06-29 09:52,49010,2019-04-01,2020-03-31,富士フイルムホールディングス株式会社
S100J2NI,2020-06-29,2020-06-29 09:53,59350,2019-04-01,2020-03-31,元旦ビューティ工業株式会社
S100IXGI,2020-06-29,2020-06-29 09:53,95320,2019-04-01,2020-03-31,大阪瓦斯株式会社
S100J2QO,2020-06-29,2020-06-29 09:54,68500,2019-04-01,2020-03-31,株式会社チノー
S100IS2W,2020-06-29,2020-06-29 09:54,75210,2019-04-01,2020-03-31,株式会社ムサシ
S100J1TL,2020-06-29,2020-06-29 09:57,75650,2019-04-01,2020-03-31,萬世電機株式会社
S100IZHP,2020-06-29,2020-06-29 09:58,59150,2019-04-01,2020-03-31,株式会社駒井ハルテック
S100J2WB,2020-06-29,2020-06-29 09:58,18050,2019-04-01,2020-03-31,飛島建設株式会社
S100IYAF,2020-06-29,2020-06-29 09:58,22240,2019-04-01,2020-03-31,株式会社コモ
S100IYBE,2020-06-29,2020-06-29 10:00,22040,2019-04-01,2020-03-31,株式会社中村屋
S100J342,2020-06-29,2020-06-29 10:00,35610,2019-04-01,2020-03-31,株式会社力の源ホールディングス
S100J36P,2020-06-29,2020-06-29 10:00,74260,2019-04-01,2020-03-31,株式会社　山大
S100J19A,2020-06-29,2020-06-29 10:00,80970,2019-04-01,2020-03-31,三愛石油株式会社
S100J36U,2020-06-29,2020-06-29 10:01,93640,2019-04-01,2020-03-31,株式会社上組
S100J36O,2020-06-29,2020-06-29 10:01,85910,2019-04-01,2020-03-31,オリックス株式会社
S100IZFS,2020-06-29,2020-06-29 10:02,30590,2019-04-01,2020-03-31,ヒラキ株式会社
S100J376,2020-06-29,2020-06-29 10:03,30320,2019-04-01,2020-03-31,株式会社ゴルフ・ドゥ
S100IXOI,2020-06-29,2020-06-29 10:04,94040,2019-04-01,2020-03-31,日本テレビホールディングス株式会社
S100J242,2020-06-29,2020-06-29 10:04,47260,2019-04-01,2020-03-31,ＳＢテクノロジー株式会社
S100J2JY,2020-06-29,2020-06-29 10:05,98540,2019-04-01,2020-03-31,愛眼株式会社
S100IV2W,2020-06-29,2020-06-29 10:07,18520,2019-04-01,2020-03-31,株式会社淺沼組
S100J34Y,2020-06-29,2020-06-29 10:08,69760,2019-04-01,2020-03-31,太陽誘電株式会社
S100IZC6,2020-06-29,2020-06-29 10:09,83310,2019-04-01,2020-03-31,株式会社千葉銀行
S100J0BH,2020-06-29,2020-06-29 10:11,74080,2019-04-01,2020-03-31,株式会社ジャムコ
S100J1YH,2020-06-29,2020-06-29 10:12,22640,2019-04-01,2020-03-31,森永乳業株式会社
S100J2RN,2020-06-29,2020-06-29 10:12,77290,2019-04-01,2020-03-31,株式会社東京精密
S100J2HM,2020-06-29,2020-06-29 10:13,33060,2019-04-01,2020-03-31,日本製麻株式会社
S100J37S,2020-06-29,2020-06-29 10:13,76860,2019-04-01,2020-03-31,株式会社カクヤス
S100J36R,2020-06-29,2020-06-29 10:14,83970,2019-04-01,2020-03-31,株式会社沖縄銀行
S100J38K,2020-06-29,2020-06-29 10:15,73230,2019-04-01,2020-03-31,アイペット損害保険株式会社
S100J34M,2020-06-29,2020-06-29 10:17,77210,2019-04-01,2020-03-31,東京計器株式会社
S100J38A,2020-06-29,2020-06-29 10:17,99860,2019-04-01,2020-03-31,蔵王産業株式会社
S100IV16,2020-06-29,2020-06-29 10:18,48010,2019-04-01,2020-03-31,セントラルスポーツ株式会社
S100IXS4,2020-06-29,2020-06-29 10:19,28940,2019-04-01,2020-03-31,石井食品株式会社
S100J384,2020-06-29,2020-06-29 10:24,75080,2019-04-01,2020-03-31,株式会社Ｇ‐７ホールディングス
S100J1NB,2020-06-29,2020-06-29 10:24,99080,2019-04-01,2020-03-31,日本電計株式会社
S100IXE6,2020-06-29,2020-06-29 10:25,75670,2019-04-01,2020-03-31,株式会社栄電子
S100J20J,2020-06-29,2020-06-29 10:26,67270,2019-04-01,2020-03-31,株式会社ワコム
S100J2B7,2020-06-29,2020-06-29 10:26,63800,2019-04-01,2020-03-31,オリエンタルチエン工業株式会社
S100IS0Q,2020-06-29,2020-06-29 10:26,48270,2019-04-01,2020-03-31,ビジネス・ワンホールディングス株式会社
S100J30J,2020-06-29,2020-06-29 10:28,82250,2019-04-01,2020-03-31,株式会社タカチホ
S100J2QV,2020-06-29,2020-06-29 10:28,84210,2019-04-01,2020-03-31,信金中央金庫
S100J395,2020-06-29,2020-06-29 10:29,74770,2019-04-01,2020-03-31,ムラキ株式会社
S100J2U4,2020-06-29,2020-06-29 10:34,45980,2019-04-01,2020-03-31,ＤｅｌｔａーＦｌｙ　Ｐｈａｒｍａ株式会社
S100IYE6,2020-06-29,2020-06-29 10:35,27300,2019-04-01,2020-03-31,株式会社エディオン
S100IW9G,2020-06-29,2020-06-29 10:39,35770,2019-04-01,2020-03-31,東海染工株式会社
S100IYSB,2020-06-29,2020-06-29 10:40,97830,2019-04-01,2020-03-31,株式会社ベネッセホールディングス
S100IYEN,2020-06-29,2020-06-29 10:42,77710,2019-04-01,2020-03-31,日本精密株式会社
S100J37J,2020-06-29,2020-06-29 10:49,18410,2019-04-01,2020-03-31,サンユー建設株式会社
S100IZDQ,2020-06-29,2020-06-29 10:50,77490,2019-04-01,2020-03-31,メディキット株式会社
S100J35M,2020-06-29,2020-06-29 10:51,72870,2019-04-01,2020-03-31,日本精機株式会社
S100J1TS,2020-06-29,2020-06-29 10:51,51890,2019-04-01,2020-03-31,櫻護謨株式会社
S100J277,2020-06-29,2020-06-29 10:52,17800,2019-04-01,2020-03-31,株式会社　ヤマウラ
S100J2YN,2020-06-29,2020-06-29 10:52,45160,2019-04-01,2020-03-31,日本新薬株式会社
S100J2HL,2020-06-29,2020-06-29 10:55,98530,2019-04-01,2020-03-31,株式会社銀座ルノアール
S100J31E,2020-06-29,2020-06-29 10:55,57420,2019-04-01,2020-03-31,エヌアイシ・オートテック株式会社
S100J1X6,2020-06-29,2020-06-29 10:55,60420,2019-04-01,2020-03-31,株式会社ニッキ
S100J3BG,2020-06-29,2020-06-29 10:55,40630,2019-04-01,2020-03-31,信越化学工業株式会社
S100ITBA,2020-06-29,2020-06-29 11:00,88930,2019-04-01,2020-03-31,株式会社新日本建物
S100J28E,2020-06-29,2020-06-29 11:00,79520,2019-04-01,2020-03-31,株式会社河合楽器製作所
S100IW5Y,2020-06-29,2020-06-29 11:00,46800,2019-04-01,2020-03-31,株式会社ラウンドワン
S100J28B,2020-06-29,2020-06-29 11:01,54400,2019-04-01,2020-03-31,共英製鋼株式会社
S100J2HZ,2020-06-29,2020-06-29 11:02,83860,2019-04-01,2020-03-31,株式会社百十四銀行
S100ISC2,2020-06-29,2020-06-29 11:03,39410,2019-04-01,2020-03-31,レンゴー株式会社
S100J1VM,2020-06-29,2020-06-29 11:06,97290,2019-04-01,2020-03-31,株式会社トーカイ
S100ITHH,2020-06-29,2020-06-29 11:07,83090,2019-04-01,2020-03-31,三井住友トラスト・ホールディングス株式会社
S100IW1U,2020-06-29,2020-06-29 11:07,50110,2019-04-01,2020-03-31,ニチレキ株式会社
S100IV83,2020-06-29,2020-06-29 11:07,64880,2019-04-01,2020-03-31,株式会社ヨシタケ
S100J1PV,2020-06-29,2020-06-29 11:07,85420,2019-04-01,2020-03-31,株式会社トマト銀行
S100J16G,2020-06-29,2020-06-29 11:08,56320,2019-04-01,2020-03-31,三菱製鋼株式会社
S100J3EE,2020-06-29,2020-06-29 11:10,49900,2019-04-01,2020-03-31,昭和化学工業株式会社
S100J0U8,2020-06-29,2020-06-29 11:11,69820,2019-04-01,2020-03-31,株式会社リード
S100J1RW,2020-06-29,2020-06-29 11:11,42950,2019-04-01,2020-03-31,株式会社フェイス
S100J28I,2020-06-29,2020-06-29 11:12,64140,2019-04-01,2020-03-31,川重冷熱工業株式会社
S100J3EO,2020-06-29,2020-06-29 11:12,46290,2019-04-01,2020-03-31,大伸化学株式会社
S100J339,2020-06-29,2020-06-29 11:13,53560,2019-04-01,2020-03-31,美濃窯業株式会社
S100J2OE,2020-06-29,2020-06-29 11:13,75960,2019-04-01,2020-03-31,株式会社魚力
S100J3EU,2020-06-29,2020-06-29 11:13,59990,2019-04-01,2020-03-31,イハラサイエンス株式会社
S100J0OD,2020-06-29,2020-06-29 11:15,92780,2019-04-01,2020-03-31,ブックオフグループホールディングス株式会社
S100J0AO,2020-06-29,2020-06-29 11:17,72240,2019-04-01,2020-03-31,新明和工業株式会社
S100J3E7,2020-06-29,2020-06-29 11:18,42980,2019-04-01,2020-03-31,株式会社プロトコーポレーション
S100J37F,2020-06-29,2020-06-29 11:18,83670,2019-04-01,2020-03-31,株式会社南都銀行
S100J1MM,2020-06-29,2020-06-29 11:18,59020,2019-04-01,2020-03-31,ホッカンホールディングス株式会社
S100J2XV,2020-06-29,2020-06-29 11:18,99300,2019-04-01,2020-03-31,北沢産業株式会社
S100J3E6,2020-06-29,2020-06-29 11:18,82150,2019-04-01,2020-03-31,株式会社銀座山形屋
S100J2IE,2020-06-29,2020-06-29 11:19,51990,2019-04-01,2020-03-31,不二ラテックス株式会社
S100J2ID,2020-06-29,2020-06-29 11:20,28990,2019-04-01,2020-03-31,株式会社永谷園ホールディングス
S100ITKB,2020-06-29,2020-06-29 11:20,79740,2019-04-01,2020-03-31,任天堂株式会社
S100J3DJ,2020-06-29,2020-06-29 11:21,66520,2019-04-01,2020-03-31,ＩＤＥＣ株式会社
S100J2MT,2020-06-29,2020-06-29 11:21,59300,2019-04-01,2020-03-31,文化シヤッター株式会社
S100J1H7,2020-06-29,2020-06-29 11:22,34170,2019-04-01,2020-03-31,大木ヘルスケアホールディングス株式会社
S100J27P,2020-06-29,2020-06-29 11:23,83850,2019-04-01,2020-03-31,株式会社伊予銀行
S100J3CH,2020-06-29,2020-06-29 11:23,36110,2019-04-01,2020-03-31,株式会社マツオカコーポレーション
S100J3AD,2020-06-29,2020-06-29 11:23,98900,2019-04-01,2020-03-31,株式会社マキヤ
S100J2G5,2020-06-29,2020-06-29 11:26,28190,2019-04-01,2020-03-31,エバラ食品工業株式会社
S100J2WS,2020-06-29,2020-06-29 11:26,63900,2019-04-01,2020-03-31,株式会社加藤製作所
S100J2TD,2020-06-29,2020-06-29 11:26,23520,2019-04-01,2020-03-31,株式会社エイジア
S100J2R8,2020-06-29,2020-06-29 11:29,88770,2019-04-01,2020-03-31,エスリード株式会社
S100ITHH,2020-06-29,2020-06-29 11:07,83090,2019-04-01,2020-03-31,三井住友トラスト・ホールディングス株式会社
S100J3FJ,2020-06-29,2020-06-29 11:34,64330,2019-04-01,2020-03-31,ヒーハイスト精工株式会社
S100J3CQ,2020-06-29,2020-06-29 11:39,63570,2019-04-01,2020-03-31,三精テクノロジーズ株式会社
S100J1XE,2020-06-29,2020-06-29 11:41,74410,2019-04-01,2020-03-31,株式会社Ｍｉｓｕｍｉ
S100IXWE,2020-06-29,2020-06-26 09:30,64820,2019-04-01,2020-03-31,株式会社ユーシン精機
S100J1QS,2020-06-29,2020-06-29 11:45,24110,2019-04-01,2020-03-31,ゲンダイエージェンシー株式会社
S100J2DM,2020-06-29,2020-06-29 11:47,61180,2019-04-01,2020-03-31,アイダエンジニアリング株式会社
S100J06J,2020-06-29,2020-06-29 11:47,52900,2019-04-01,2020-03-31,株式会社ベルテクスコーポレーション
S100IZ49,2020-06-29,2020-06-29 11:49,64980,2019-04-01,2020-03-31,株式会社キッツ
S100IZ3A,2020-06-29,2020-06-29 11:50,63710,2019-04-01,2020-03-31,株式会社椿本チエイン
S100J0WA,2020-06-29,2020-06-29 11:50,60320,2019-04-01,2020-03-31,株式会社インターワークス
S100J33L,2020-06-29,2020-06-29 11:51,71890,2019-04-01,2020-03-31,株式会社西日本フィナンシャルホールディングス
S100IZ84,2020-06-29,2020-06-29 11:53,72130,2019-04-01,2020-03-31,レシップホールディングス株式会社
S100J3IR,2020-06-29,2020-06-29 11:53,66250,2019-04-01,2020-03-31,ＪＡＬＣＯホールディングス株式会社
S100J2YZ,2020-06-29,2020-06-29 11:55,47830,2019-04-01,2020-03-31,日本コンピュータ・ダイナミクス株式会社
S100IW4F,2020-06-29,2020-06-29 11:59,78730,2019-04-01,2020-03-31,株式会社アーク
S100IQYU,2020-06-29,2020-06-29 11:59,85510,2019-04-01,2020-03-31,株式会社　北日本銀行
S100J3IJ,2020-06-29,2020-06-29 11:59,39340,2019-04-01,2020-03-31,株式会社ベネフィットジャパン
S100J3J4,2020-06-29,2020-06-29 12:00,90330,2019-04-01,2020-03-31,広島電鉄株式会社
S100J3JA,2020-06-29,2020-06-29 12:04,75220,2019-04-01,2020-03-31,ワタミ株式会社
S100J1YZ,2020-06-29,2020-06-29 12:04,66510,2019-04-01,2020-03-31,日東工業株式会社
S100IVPL,2020-06-29,2020-06-29 12:06,30770,2019-04-01,2020-03-31,ホリイフードサービス株式会社
S100IXWW,2020-06-29,2020-06-29 12:12,39250,2019-04-01,2020-03-31,株式会社ダブルスタンダード
S100J3KS,2020-06-29,2020-06-29 12:20,14910,2019-04-01,2020-03-31,中外鉱業株式会社
S100IXMJ,2020-06-29,2020-06-29 12:22,21210,2019-04-01,2020-03-31,株式会社ミクシィ
S100J3JJ,2020-06-29,2020-06-29 12:33,29220,2019-04-01,2020-03-31,株式会社なとり
S100J2KL,2020-06-29,2020-06-29 12:34,99960,2019-04-01,2020-03-31,株式会社サトー商会
S100J3L1,2020-06-29,2020-06-29 12:42,92060,2019-04-01,2020-03-31,株式会社スターフライヤー
S100J2UB,2020-06-29,2020-06-29 12:43,64080,2019-04-01,2020-03-31,小倉クラッチ株式会社
S100J2ZJ,2020-06-29,2020-06-29 12:45,62450,2019-04-01,2020-03-31,株式会社ヒラノテクシード
S100J2CG,2020-06-29,2020-06-29 12:48,63460,2019-04-01,2020-03-31,キクカワエンタープライズ株式会社
S100J2PR,2020-06-29,2020-06-29 12:49,88710,2019-04-01,2020-03-31,株式会社ゴールドクレスト
S100J2WH,2020-06-29,2020-06-29 12:50,67750,2019-04-01,2020-03-31,株式会社ＴＢグループ
S100J2KY,2020-06-29,2020-06-29 12:55,99280,2019-04-01,2020-03-31,株式会社ミロク情報サービス
S100IVR3,2020-06-29,2020-06-29 12:57,75020,2019-04-01,2020-03-31,株式会社プラザクリエイト本社
S100J2W0,2020-06-29,2020-06-29 13:00,70470,2019-04-01,2020-03-31,ポート株式会社
S100J36B,2020-06-29,2020-06-29 13:03,88970,2019-04-01,2020-03-31,株式会社タカラレーベン
S100J3IE,2020-06-29,2020-06-29 13:05,60160,2019-04-01,2020-03-31,株式会社ジャパンエンジンコーポレーション
S100IZHS,2020-06-29,2020-06-29 13:06,91300,2019-04-01,2020-03-31,共栄タンカー株式会社
S100J2X6,2020-06-29,2020-06-29 13:06,31040,2019-04-01,2020-03-31,富士紡ホールディングス株式会社
S100J35Z,2020-06-29,2020-06-29 13:07,63810,2019-04-01,2020-03-31,アネスト岩田株式会社
S100IXR5,2020-06-29,2020-06-29 13:08,74750,2019-04-01,2020-03-31,アルビス株式会社
S100J1HB,2020-06-29,2020-06-29 13:08,17870,2019-04-01,2020-03-31,株式会社ナカボーテック
S100J1GM,2020-06-29,2020-06-29 13:08,63010,2019-04-01,2020-03-31,株式会社小松製作所
S100IXWY,2020-06-29,2020-06-29 13:10,83650,2019-04-01,2020-03-31,株式会社　富山銀行
S100J3MP,2020-06-29,2020-06-29 13:10,97910,2019-04-01,2020-03-31,株式会社ビケンテクノ
S100IY93,2020-06-29,2020-06-29 13:10,90720,2019-04-01,2020-03-31,ニッコンホールディングス株式会社
S100IXVQ,2020-06-29,2020-06-29 13:14,33970,2019-04-01,2020-03-31,株式会社トリドールホールディングス
S100IZ9C,2020-06-29,2020-06-29 13:18,81590,2019-04-01,2020-03-31,株式会社立花エレテック
S100J1GW,2020-06-29,2020-06-29 13:20,64200,2019-04-01,2020-03-31,フクシマガリレイ株式会社
S100J2IP,2020-06-29,2020-06-29 13:21,72020,2019-04-01,2020-03-31,いすゞ自動車株式会社
S100IZAN,2020-06-29,2020-06-26 14:59,36000,2019-04-01,2020-03-31,株式会社フジックス
S100J3JO,2020-06-29,2020-06-29 13:23,99800,2019-04-01,2020-03-31,ＭＲＫホールディングス株式会社
S100J233,2020-06-29,2020-06-29 13:23,77460,2019-04-01,2020-03-31,岡本硝子株式会社
S100IYD0,2020-06-29,2020-06-29 13:24,20580,2019-04-01,2020-03-31,株式会社ヒガシマル
S100IXES,2020-06-29,2020-06-29 13:28,60220,2019-04-01,2020-03-31,株式会社　赤阪鐵工所
S100IZBM,2020-06-29,2020-06-29 13:31,81040,2019-04-01,2020-03-31,株式会社クワザワ
S100J3NP,2020-06-29,2020-06-29 13:32,47770,2019-04-01,2020-03-31,株式会社ガーラ
S100J3OB,2020-06-29,2020-06-29 13:34,38030,2019-04-01,2020-03-31,イメージ情報開発株式会社
S100J3O1,2020-06-29,2020-06-29 13:36,34470,2019-04-01,2020-03-31,信和株式会社
S100J15H,2020-06-29,2020-06-29 13:39,52330,2019-04-01,2020-03-31,太平洋セメント株式会社
S100J3PZ,2020-06-29,2020-06-29 13:42,80370,2019-04-01,2020-03-31,カメイ株式会社
S100J2WV,2020-06-29,2020-06-29 13:43,58050,2019-04-01,2020-03-31,昭和電線ホールディングス株式会社
S100J2CJ,2020-06-29,2020-06-29 13:43,62970,2019-04-01,2020-03-31,鉱研工業株式会社
S100J3JM,2020-06-29,2020-06-29 13:43,19300,2019-04-01,2020-03-31,北陸電気工事株式会社
S100J3P8,2020-06-29,2020-06-29 13:45,23510,2019-04-01,2020-03-31,株式会社ＡＳＪ
S100J2QY,2020-06-29,2020-06-29 13:45,67060,2019-04-01,2020-03-31,電気興業株式会社
S100J3L8,2020-06-29,2020-06-29 13:45,82190,2019-04-01,2020-03-31,青山商事株式会社
S100J1GT,2020-06-29,2020-06-29 13:46,60270,2019-04-01,2020-03-31,弁護士ドットコム株式会社
S100J0LO,2020-06-29,2020-06-29 13:50,42290,2019-04-01,2020-03-31,群栄化学工業株式会社
S100J2SJ,2020-06-29,2020-06-29 13:50,54840,2019-04-01,2020-03-31,東北特殊鋼株式会社
S100J3N1,2020-06-29,2020-06-29 13:50,38490,2019-04-01,2020-03-31,日本テクノ・ラボ株式会社
S100J3QT,2020-06-29,2020-06-29 13:54,27500,2019-04-01,2020-03-31,石光商事株式会社
S100J3IH,2020-06-29,2020-06-29 14:01,19520,2019-04-01,2020-03-31,新日本空調株式会社
S100J295,2020-06-29,2020-06-29 14:01,40460,2019-04-01,2020-03-31,株式会社大阪ソーダ
S100J2OH,2020-06-29,2020-06-29 14:05,52690,2019-04-01,2020-03-31,日本コンクリート工業株式会社
S100J1XJ,2020-06-29,2020-06-29 14:06,97880,2019-04-01,2020-03-31,株式会社ナック
S100J3J9,2020-06-29,2020-06-29 14:07,72940,2019-04-01,2020-03-31,株式会社ヨロズ
S100J39K,2020-06-29,2020-06-29 14:09,57210,2019-04-01,2020-03-31,株式会社エス・サイエンス
S100J2FF,2020-06-29,2020-06-29 14:10,91010,2019-04-01,2020-03-31,日本郵船株式会社
S100J2K0,2020-06-29,2020-06-29 14:12,80320,2019-04-01,2020-03-31,日本紙パルプ商事株式会社
S100J3PV,2020-06-29,2020-06-29 14:16,66480,2019-04-01,2020-03-31,株式会社かわでん
S100J2US,2020-06-29,2020-06-29 14:19,52610,2019-04-01,2020-03-31,リソルホールディングス株式会社
S100J3RM,2020-06-29,2020-06-29 14:19,64450,2019-04-01,2020-03-31,蛇の目ミシン工業株式会社
S100J2Q1,2020-06-29,2020-06-29 14:20,85220,2019-04-01,2020-03-31,株式会社　名古屋銀行
S100J3S8,2020-06-29,2020-06-29 14:20,70670,2019-04-01,2020-03-31,ブランディングテクノロジー株式会社
S100J3SM,2020-06-29,2020-06-29 14:24,61450,2019-04-01,2020-03-31,ＮＩＴＴＯＫＵ株式会社
S100J1DU,2020-06-29,2020-06-29 14:24,72760,2019-04-01,2020-03-31,株式会社小糸製作所
S100J2T9,2020-06-29,2020-06-29 14:25,58560,2019-04-01,2020-03-31,株式会社エルアイイーエイチ
S100IV2P,2020-06-29,2020-06-29 14:26,65450,2019-04-01,2020-03-31,株式会社インターネットインフィニティー
S100J20Y,2020-06-29,2020-06-29 14:27,53330,2019-04-01,2020-03-31,日本碍子株式会社
S100J30F,2020-06-29,2020-06-29 14:27,23760,2019-04-01,2020-03-31,株式会社　サイネックス
S100J2GR,2020-06-29,2020-06-29 14:30,17110,2019-04-01,2020-03-31,株式会社省電舎ホールディングス
S100J3TY,2020-06-29,2020-06-29 14:33,64130,2019-04-01,2020-03-31,理想科学工業株式会社
S100J2GJ,2020-06-29,2020-06-29 14:34,33460,2019-04-01,2020-03-31,２１ＬＡＤＹ株式会社
S100J21Z,2020-06-29,2020-06-29 14:39,70790,2019-04-01,2020-03-31,ＷＤＢココ株式会社
S100J2U9,2020-06-29,2020-06-29 14:41,35640,2019-04-01,2020-03-31,株式会社ＬＩＸＩＬビバ
S100J3SV,2020-06-29,2020-06-29 14:45,74210,2019-04-01,2020-03-31,カッパ・クリエイト株式会社
S100J2QN,2020-06-29,2020-06-29 14:46,63700,2019-04-01,2020-03-31,栗田工業株式会社
S100J3RR,2020-06-29,2020-06-29 14:47,79020,2019-04-01,2020-03-31,株式会社ソノコム
S100J3RF,2020-06-29,2020-06-29 14:49,85960,2019-04-01,2020-03-31,株式会社九州リースサービス
S100IRWQ,2020-06-29,2020-06-29 14:59,80180,2019-04-01,2020-03-31,三共生興株式会社
S100J1B4,2020-06-29,2020-06-29 14:59,97660,2019-04-01,2020-03-31,コナミホールディングス株式会社
S100J1PF,2020-06-29,2020-06-29 15:00,96050,2019-04-01,2020-03-31,東映株式会社
S100J3IY,2020-06-29,2020-06-29 15:00,45710,2019-04-01,2020-03-31,ナノキャリア株式会社
S100J31Z,2020-06-29,2020-06-29 15:00,43160,2019-04-01,2020-03-31,株式会社ビーマップ
S100IX0H,2020-06-29,2020-06-29 15:00,32930,2019-04-01,2020-03-31,アズマハウス株式会社
S100J3VK,2020-06-29,2020-06-29 15:00,78590,2019-04-01,2020-03-31,株式会社アルメディオ
S100J205,2020-06-29,2020-06-29 15:00,17570,2019-04-01,2020-03-31,クレアホールディングス株式会社
S100J2Q6,2020-06-29,2020-06-29 15:00,45940,2019-04-01,2020-03-31,ブライトパス・バイオ株式会社
S100J3V4,2020-06-29,2020-06-29 15:01,39290,2019-04-01,2020-03-31,ソーシャルワイヤー株式会社
S100IVIO,2020-06-29,2020-06-29 15:01,32540,2019-04-01,2020-03-31,株式会社プレサンスコーポレーション
S100J3CA,2020-06-29,2020-06-29 15:01,87710,2019-04-01,2020-03-31,イー・ギャランティ株式会社
S100IZR1,2020-06-29,2020-06-29 15:02,71690,2019-04-01,2020-03-31,株式会社ＮＦＣホールディングス
S100J3ID,2020-06-29,2020-06-29 15:04,31990,2019-04-01,2020-03-31,綿半ホールディングス株式会社
S100J1PK,2020-06-29,2020-06-29 15:04,32240,2019-04-01,2020-03-31,株式会社ゼネラル・オイスター
S100J2VM,2020-06-29,2020-06-29 15:05,44960,2019-04-01,2020-03-31,株式会社コマースＯｎｅホールディングス
S100IWDS,2020-06-29,2020-06-29 15:06,70570,2019-04-01,2020-03-31,株式会社エヌ・シー・エヌ
S100J3JL,2020-06-29,2020-06-29 15:07,68260,2019-04-01,2020-03-31,本多通信工業株式会社
S100J3FT,2020-06-29,2020-06-29 15:07,76890,2019-04-01,2020-03-31,株式会社コパ・コーポレーション
S100J399,2020-06-29,2020-06-29 15:09,39230,2019-04-01,2020-03-31,株式会社ラクス
S100J3SF,2020-06-29,2020-06-29 15:09,49260,2019-04-01,2020-03-31,株式会社シーボン
S100J2FR,2020-06-29,2020-06-29 15:09,63830,2019-04-01,2020-03-31,株式会社ダイフク
S100J2UY,2020-06-29,2020-06-29 15:11,45480,2019-04-01,2020-03-31,生化学工業株式会社
S100J1WG,2020-06-29,2020-06-29 15:13,62180,2019-04-01,2020-03-31,エンシュウ株式会社
S100IWLA,2020-06-29,2020-06-29 15:14,21460,2019-04-01,2020-03-31,ＵＴグループ株式会社
S100IWQF,2020-06-29,2020-06-29 15:16,90030,2019-04-01,2020-03-31,相鉄ホールディングス株式会社
S100IXRR,2020-06-29,2020-06-29 15:19,77520,2019-04-01,2020-03-31,株式会社リコー
S100J30O,2020-06-29,2020-06-29 15:20,37620,2019-04-01,2020-03-31,テクマトリックス株式会社
S100IOVP,2020-06-29,2020-06-29 15:20,78360,2019-04-01,2020-03-31,アビックス株式会社
S100J3YZ,2020-06-29,2020-06-29 15:21,18660,2019-04-01,2020-03-31,北野建設株式会社
S100J3Y0,2020-06-29,2020-06-29 15:22,98490,2019-04-01,2020-03-31,株式会社共同紙販ホールディングス
S100J3XE,2020-06-29,2020-06-29 15:26,78600,2019-04-01,2020-03-31,エイベックス株式会社
S100J3A8,2020-06-29,2020-06-29 15:27,75240,2019-04-01,2020-03-31,マルシェ株式会社
S100J3B3,2020-06-29,2020-06-29 15:27,44230,2019-04-01,2020-03-31,アルテリア・ネットワークス株式会社
S100IXEE,2020-06-29,2020-06-29 15:30,60850,2019-04-01,2020-03-31,アーキテクツ・スタジオ・ジャパン株式会社
S100IY2K,2020-06-29,2020-06-29 15:30,85180,2019-04-01,2020-03-31,日本アジア投資株式会社
S100J35W,2020-06-29,2020-06-29 15:30,44880,2019-04-01,2020-03-31,ＡＩ　ｉｎｓｉｄｅ株式会社
S100J3UR,2020-06-29,2020-06-29 15:30,89380,2019-04-01,2020-03-31,グローム・ホールディングス株式会社
S100J2UW,2020-06-29,2020-06-29 15:32,60920,2019-04-01,2020-03-31,株式会社エンバイオ・ホールディングス
S100J2KS,2020-06-29,2020-06-29 15:32,68100,2019-04-01,2020-03-31,マクセルホールディングス株式会社
S100J1Y3,2020-06-29,2020-06-29 15:33,31360,2019-04-01,2020-03-31,株式会社エコノス
S100J31L,2020-06-29,2020-06-29 15:34,31210,2019-04-01,2020-03-31,マーチャント・バンカーズ株式会社
S100J36N,2020-06-29,2020-06-29 15:39,65780,2019-03-01,2020-02-29,株式会社エヌリンクス
S100J0HL,2020-06-29,2020-06-29 15:41,90900,2019-04-01,2020-03-31,株式会社丸和運輸機関
S100J20O,2020-06-29,2020-06-29 15:44,74810,2019-04-01,2020-03-31,尾家産業株式会社
S100J3F2,2020-06-29,2020-06-29 15:45,33720,2019-04-01,2020-03-31,株式会社関門海
S100ITKU,2020-06-29,2020-06-29 15:46,32210,2019-04-01,2020-03-31,株式会社ヨシックス
S100J41D,2020-06-29,2020-06-29 15:47,69930,2019-04-01,2020-03-31,大黒屋ホールディングス株式会社
S100J3GV,2020-06-29,2020-06-29 15:48,78670,2019-04-01,2020-03-31,株式会社タカラトミー
S100J3MN,2020-06-29,2020-06-29 15:48,77150,2019-04-01,2020-03-31,長野計器株式会社
S100J1N3,2020-06-29,2020-06-29 15:49,25990,2019-04-01,2020-03-31,ジャパンフーズ株式会社
S100IX7L,2020-06-29,2020-06-29 15:50,21390,2019-04-01,2020-03-31,株式会社中広
S100J2AI,2020-06-29,2020-06-29 15:52,89200,2019-04-01,2020-03-31,株式会社　東　祥
S100J2L5,2020-06-29,2020-06-29 15:53,83060,2019-04-01,2020-03-31,株式会社三菱ＵＦＪフィナンシャル・グループ
S100J2LM,2020-06-29,2020-06-29 15:53,48140,2019-04-01,2020-03-31,ネクストウェア株式会社
S100J2AB,2020-06-29,2020-06-29 15:56,45270,2019-04-01,2020-03-31,ロート製薬株式会社
S100J2ZS,2020-06-29,2020-06-29 15:57,36860,2019-07-01,2020-03-31,株式会社ディー・エル・イー
S100J2OU,2020-06-29,2020-06-29 15:57,26730,2019-04-01,2020-03-31,夢みつけ隊株式会社
S100J42C,2020-06-29,2020-06-29 16:02,47920,2019-04-01,2020-03-31,山田コンサルティンググループ株式会社
S100J2UK,2020-06-29,2020-06-29 16:04,23210,2019-04-01,2020-03-31,株式会社ソフトフロントホールディングス
S100J1OQ,2020-06-29,2020-06-29 16:05,36940,2019-04-01,2020-03-31,株式会社オプティム
S100J3GB,2020-06-29,2020-06-29 16:05,61040,2019-04-01,2020-03-31,芝浦機械株式会社
S100J154,2020-06-29,2020-06-29 16:05,47340,2019-04-01,2020-03-31,株式会社ビーイング
S100J401,2020-06-29,2020-06-29 16:07,36610,2019-04-01,2020-03-31,株式会社エムアップ
S100IVBI,2020-06-29,2020-06-29 16:07,40930,2019-04-01,2020-03-31,東邦アセチレン株式会社
S100J43D,2020-06-29,2020-06-29 16:11,39240,2019-04-01,2020-03-31,株式会社ランドコンピュータ
S100J3V7,2020-06-29,2020-06-29 16:11,34770,2019-04-01,2020-03-31,フォーライフ株式会社
S100J22J,2020-06-29,2020-06-29 16:13,59220,2019-04-01,2020-03-31,那須電機鉄工株式会社
S100J43A,2020-06-29,2020-06-29 16:13,99690,2019-04-01,2020-03-31,株式会社ショクブン
S100J31P,2020-06-29,2020-06-29 16:17,63490,2019-04-01,2020-03-31,株式会社小森コーポレーション
S100J37U,2020-06-29,2020-06-29 16:21,86990,2019-04-01,2020-03-31,澤田ホールディングス株式会社
S100J3D0,2020-06-29,2020-06-29 16:23,96330,2019-04-01,2020-03-31,東京テアトル株式会社
S100J3OT,2020-06-29,2020-06-29 16:23,65620,2019-04-01,2020-03-31,株式会社ジーニー
S100J434,2020-06-29,2020-06-29 16:26,43100,2019-04-01,2020-03-31,株式会社ドリームインキュベータ
S100J2G9,2020-06-29,2020-06-29 16:27,52800,2019-04-01,2020-03-31,ヨシコン株式会社
S100J3GC,2020-06-29,2020-06-29 16:30,71850,2019-04-01,2020-03-31,ヒロセ通商株式会社
S100J3XV,2020-06-29,2020-06-29 16:30,79030,2019-04-01,2020-03-31,名古屋木材株式会社
S100J2S2,2020-06-29,2020-06-29 16:30,85660,2019-04-01,2020-03-31,リコーリース株式会社
S100J415,2020-06-29,2020-06-29 16:37,66170,2019-04-01,2020-03-31,株式会社東光高岳
S100J3EW,2020-06-29,2020-06-29 16:48,87460,2019-04-01,2020-03-31,第一商品株式会社
S100J3U8,2020-06-29,2020-06-29 16:50,74480,2019-04-01,2020-03-31,株式会社ジーンズメイト
S100J457,2020-06-29,2020-06-29 16:50,93250,2019-04-01,2020-03-31,ファイズホールディングス株式会社
S100J467,2020-06-29,2020-06-29 16:53,43900,2019-04-01,2020-03-31,株式会社アイ・ピー・エス
S100J40Q,2020-06-29,2020-06-29 16:55,35800,2019-04-01,2020-03-31,小松マテーレ株式会社
S100J24Q,2020-06-29,2020-06-29 16:58,65650,2019-04-01,2020-03-31,ＡＢホテル株式会社
S100J441,2020-06-29,2020-06-29 16:59,81230,2019-04-01,2020-03-31,川辺株式会社
S100J3RZ,2020-06-29,2020-06-29 17:03,68620,2019-04-01,2020-03-31,ミナトホールディングス株式会社
S100J47V,2020-06-29,2020-06-29 17:13,24670,2019-04-01,2020-03-31,株式会社バルクホールディングス
S100J307,2020-06-30,2020-06-30 09:00,23440,2019-04-01,2020-03-31,平安レイサービス株式会社
S100J3WU,2020-06-30,2020-06-30 09:01,63250,2019-04-01,2020-03-31,株式会社タカキタ
S100J3BK,2020-06-30,2020-06-30 09:02,90600,2019-04-01,2020-03-31,日本ロジテム株式会社
S100J33B,2020-06-30,2020-06-30 09:04,40940,2019-04-01,2020-03-31,日本化学産業株式会社
S100J352,2020-06-30,2020-06-30 09:05,80410,2019-04-01,2020-03-31,ＯＵＧホールディングス株式会社
S100J1M1,2020-06-30,2020-06-30 09:05,95110,2019-04-01,2020-03-31,沖縄電力株式会社
S100J1B6,2020-06-30,2020-06-30 09:05,64630,2019-04-01,2020-03-31,ＴＰＲ株式会社
S100J0UF,2020-06-30,2020-06-30 09:09,27730,2019-04-01,2020-03-31,株式会社ミューチュアル
S100J4DW,2020-06-30,2020-06-30 09:09,72300,2019-04-01,2020-03-31,日信工業株式会社
S100J4F6,2020-06-30,2020-06-30 09:19,78680,2019-04-01,2020-03-31,株式会社廣済堂
S100J495,2020-06-30,2020-06-30 09:20,19660,2019-04-01,2020-03-31,株式会社　高田工業所
S100J4FU,2020-06-30,2020-06-30 09:31,98870,2019-04-01,2020-03-31,株式会社松屋フーズホールディングス
S100J42A,2020-06-30,2020-06-30 09:35,98280,2019-04-01,2020-03-31,元気寿司株式会社
S100J3RE,2020-06-30,2020-06-30 09:35,62820,2019-04-01,2020-03-31,オイレス工業株式会社
S100J48Q,2020-06-30,2020-06-30 09:40,77680,2019-04-01,2020-03-31,ジェコー株式会社
S100J3JN,2020-06-30,2020-06-30 09:42,65380,2019-04-01,2020-03-31,株式会社キャリアインデックス
S100J4AN,2020-06-30,2020-06-30 09:48,52840,2019-04-01,2020-03-31,株式会社ヤマウ
S100J250,2020-06-30,2020-06-30 09:49,90420,2019-04-01,2020-03-31,阪急阪神ホールディングス株式会社
S100IWNV,2020-06-30,2020-06-30 09:50,40080,2019-04-01,2020-03-31,住友精化株式会社
S100J4H7,2020-06-30,2020-06-30 09:52,34240,2019-04-01,2020-03-31,ミヤコ株式会社
S100J4CK,2020-06-30,2020-06-30 09:52,79220,2019-04-01,2020-03-31,三光産業株式会社
S100J47B,2020-06-30,2020-06-30 09:57,72140,2019-04-01,2020-03-31,ＧＭＢ株式会社
S100IXF6,2020-06-30,2020-06-30 09:58,78860,2019-04-01,2020-03-31,ヤマト・インダストリー株式会社
S100J493,2020-06-30,2020-06-30 10:01,49620,2019-04-01,2020-03-31,互応化学工業株式会社
S100IW32,2020-06-30,2020-06-30 10:02,59640,2019-04-01,2020-03-31,東洋刄物株式会社
S100J4IJ,2020-06-30,2020-06-30 10:04,87830,2019-04-01,2020-03-31,ＧＦＡ株式会社
S100J3ZQ,2020-06-30,2020-06-30 10:09,43860,2019-04-01,2020-03-31,株式会社ＳＩＧ
S100J3UQ,2020-06-30,2020-06-30 10:10,54450,2019-04-01,2020-03-31,東京鐵鋼株式会社
S100J4HH,2020-06-30,2020-06-30 10:13,59740,2019-04-01,2020-03-31,中国工業株式会社
S100J1KO,2020-06-30,2020-06-30 10:23,49250,2019-04-01,2020-03-31,株式会社ハーバー研究所
S100J4IO,2020-06-30,2020-06-30 10:30,46640,2019-04-01,2020-03-31,株式会社アール・エス・シー
S100J3JW,2020-06-30,2020-06-30 10:32,23230,2019-04-01,2020-03-31,株式会社ｆｏｎｆｕｎ
S100J4JM,2020-06-30,2020-06-30 10:35,28180,2019-04-01,2020-03-31,株式会社ピエトロ
S100J3S7,2020-06-30,2020-06-30 10:36,98320,2019-04-01,2020-03-31,株式会社オートバックスセブン
S100J4KM,2020-06-30,2020-06-30 10:56,19140,2019-04-01,2020-03-31,日本基礎技術株式会社
S100J2A2,2020-06-30,2020-06-30 10:58,74580,2019-04-01,2020-03-31,株式会社第一興商
S100J2FA,2020-06-30,2020-06-30 10:58,69540,2019-04-01,2020-03-31,ファナック株式会社
S100J0ND,2020-06-30,2020-06-30 11:04,37730,2019-04-01,2020-03-31,株式会社アドバンスト・メディア
S100IZDM,2020-06-30,2020-06-26 12:07,56580,2019-04-01,2020-03-31,日亜鋼業株式会社
S100J44K,2020-06-30,2020-06-30 11:10,62080,2019-04-01,2020-03-31,株式会社石川製作所
S100J23L,2020-06-30,2020-06-30 11:14,59690,2019-04-01,2020-03-31,株式会社ロブテックス
S100J3U1,2020-06-30,2020-06-30 11:22,37740,2019-04-01,2020-03-31,株式会社インターネットイニシアティブ
S100J2NX,2020-06-30,2020-06-30 11:28,19920,2019-04-01,2020-03-31,神田通信機株式会社
S100J444,2020-06-30,2020-06-30 11:34,39790,2019-04-01,2020-03-31,株式会社うるる
S100J2FE,2020-06-30,2020-06-30 11:38,79190,2019-04-01,2020-03-31,野崎印刷紙業株式会社
S100J0BN,2020-06-30,2020-06-30 11:41,64710,2019-04-01,2020-03-31,日本精工株式会社
S100J47A,2020-06-30,2020-06-30 11:55,90270,2019-04-01,2020-03-31,株式会社ロジネットジャパン
S100J422,2020-06-30,2020-06-30 11:56,39630,2019-04-01,2020-03-31,株式会社シンクロ・フード
S100J4OJ,2020-06-30,2020-06-30 12:11,36820,2019-04-01,2020-03-31,エンカレッジ・テクノロジ株式会社
S100J4I5,2020-06-30,2020-06-30 12:27,69270,2019-04-01,2020-03-31,ヘリオス　テクノ　ホールディング株式会社
S100J4OH,2020-06-30,2020-06-30 12:55,68400,2019-04-01,2020-03-31,株式会社ＡＫＩＢＡホールディングス
S100IW70,2020-06-30,2020-06-30 13:04,36790,2019-04-01,2020-03-31,株式会社じげん
S100J2Z0,2020-06-30,2020-06-30 13:06,69440,2019-04-01,2020-03-31,株式会社アイレックス
S100J4NL,2020-06-30,2020-06-30 13:07,85860,2019-04-01,2020-03-31,日立キャピタル株式会社
S100J3W4,2020-06-30,2020-06-30 13:09,59940,2019-04-01,2020-03-31,株式会社ファインシンター
S100J3LF,2020-06-30,2020-06-30 13:10,61870,2019-04-01,2020-03-31,株式会社ＬＩＴＡＬＩＣＯ
S100J3D6,2020-06-30,2020-06-30 13:11,35280,2019-04-01,2020-03-31,株式会社プロスペクト
S100J2RA,2020-06-30,2020-06-30 13:16,76340,2019-04-01,2020-03-31,株式会社星医療酸器
S100J4QR,2020-06-30,2020-06-30 13:17,68440,2019-04-01,2020-03-31,新電元工業株式会社
S100J4AT,2020-06-30,2020-06-30 13:36,37720,2019-04-01,2020-03-31,ウェルス・マネジメント株式会社
S100J45E,2020-06-30,2020-06-30 13:41,80890,2019-04-01,2020-03-31,ナイス株式会社
S100J4S9,2020-06-30,2020-06-30 13:46,90850,2019-04-01,2020-03-31,北海道中央バス株式会社
S100ITSX,2020-06-30,2020-06-30 13:47,69230,2019-04-01,2020-03-31,スタンレー電気株式会社
S100J4L9,2020-06-30,2020-06-30 14:00,18780,2019-04-01,2020-03-31,大東建託株式会社
S100J4SG,2020-06-30,2020-06-30 14:07,66180,2019-04-01,2020-03-31,株式会社大泉製作所
S100J4TF,2020-06-30,2020-06-30 14:19,61810,2019-04-01,2020-03-31,株式会社パートナーエージェント
S100J4UA,2020-06-30,2020-06-30 14:20,59920,2019-04-01,2020-03-31,中央発條株式会社
S100J3BW,2020-06-30,2020-06-30 14:20,67550,2019-04-01,2020-03-31,株式会社富士通ゼネラル
S100J47O,2020-06-30,2020-06-30 14:23,92680,2019-04-01,2020-03-31,株式会社オプティマスグループ
S100J4DB,2020-06-30,2020-06-30 14:29,71990,2019-04-01,2020-03-31,プレミアグループ株式会社
S100J47E,2020-06-30,2020-06-30 14:33,79580,2019-04-01,2020-03-31,天馬株式会社
S100J3EX,2020-06-30,2020-06-30 14:38,65990,2019-04-01,2020-03-31,エブレン株式会社
S100J4VG,2020-06-30,2020-06-30 14:39,68390,2019-04-01,2020-03-31,船井電機株式会社
S100J3N7,2020-06-30,2020-06-30 14:46,28130,2019-04-01,2020-03-31,和弘食品株式会社
S100J4ST,2020-06-30,2020-06-30 14:50,74640,2019-04-01,2020-03-31,セフテック株式会社
S100J4GU,2020-06-30,2020-06-30 14:55,38470,2019-04-01,2020-03-31,パシフィックシステム株式会社
S100J4WA,2020-06-30,2020-06-30 14:58,82300,2019-04-01,2020-03-31,株式会社はせがわ
S100J3M3,2020-06-30,2020-06-30 14:59,95170,2019-04-01,2020-03-31,イーレックス株式会社
S100J4CT,2020-06-30,2020-06-30 14:59,60980,2019-04-01,2020-03-31,株式会社リクルートホールディングス
S100J4DP,2020-06-30,2020-06-30 15:00,46620,2019-04-01,2020-03-31,株式会社フォーカスシステムズ
S100J4TE,2020-06-30,2020-06-30 15:00,56310,2019-04-01,2020-03-31,株式会社日本製鋼所
S100J4PI,2020-06-30,2020-06-30 15:00,60690,2019-04-01,2020-03-31,トレンダーズ株式会社
S100J4KJ,2020-06-30,2020-06-30 15:01,21380,2019-04-01,2020-03-31,クルーズ株式会社
S100J430,2020-06-30,2020-06-30 15:01,65640,2019-04-01,2020-03-31,株式会社ミダック
S100J3RU,2020-06-30,2020-06-30 15:02,72200,2019-04-01,2020-03-31,武蔵精密工業株式会社
S100J4AK,2020-06-30,2020-06-30 15:03,52020,2019-04-01,2020-03-31,日本板硝子株式会社
S100J2XX,2020-06-30,2020-06-30 15:04,79510,2019-04-01,2020-03-31,ヤマハ株式会社
S100IP9S,2020-06-30,2020-06-30 15:05,62980,2019-04-01,2020-03-31,ワイエイシイホールディングス株式会社
S100J4WM,2020-06-30,2020-06-30 15:05,96100,2019-04-01,2020-03-31,ウィルソン・ラーニング　ワールドワイド株式会社
S100J4C6,2020-06-30,2020-06-30 15:14,68790,2019-04-01,2020-03-31,株式会社ＩＭＡＧＩＣＡ　ＧＲＯＵＰ
S100J4XQ,2020-06-30,2020-06-30 15:19,65790,2019-04-01,2020-03-31,ログリー株式会社
S100IWZV,2020-06-30,2020-06-30 15:24,86040,2019-04-01,2020-03-31,野村ホールディングス株式会社
S100J4V4,2020-06-30,2020-06-30 15:24,31560,2019-04-01,2020-03-31,株式会社レスターホールディングス
S100J4HJ,2020-06-30,2020-06-30 15:24,28140,2019-04-01,2020-03-31,佐藤食品工業株式会社
S100J4D0,2020-06-30,2020-06-30 15:26,53810,2019-04-01,2020-03-31,Ｍｉｐｏｘ株式会社
S100J4YM,2020-06-30,2020-06-30 15:32,44970,2019-04-01,2020-03-31,株式会社ロコガイド
S100J4NY,2020-06-30,2020-06-30 15:33,43010,2019-04-01,2020-03-31,株式会社アミューズ
S100J4XU,2020-06-30,2020-06-30 15:35,67860,2019-04-01,2020-03-31,株式会社ＲＶＨ
S100J24A,2020-06-30,2020-06-30 15:37,21960,2019-04-01,2020-03-31,株式会社エスクリ
S100J4Z5,2020-06-30,2020-06-30 15:41,70780,2019-04-01,2020-03-31,ＩＮＣＬＵＳＩＶＥ株式会社
S100J4PZ,2020-06-30,2020-06-30 15:42,72970,2019-04-01,2020-03-31,株式会社カーメイト
S100J2X5,2020-06-30,2020-06-30 15:42,39330,2019-04-01,2020-03-31,チエル株式会社
S100J4ZB,2020-06-30,2020-06-30 15:43,44440,2019-04-01,2020-03-31,株式会社インフォネット
S100J3BV,2020-06-30,2020-06-30 15:43,48380,2019-04-01,2020-03-31,株式会社スペースシャワーネットワーク
S100J4SO,2020-06-30,2020-06-30 15:47,29030,2019-04-01,2020-03-31,シノブフーズ株式会社
S100J4YR,2020-06-30,2020-06-30 15:47,66760,2019-04-01,2020-03-31,株式会社メルコホールディングス
S100J3C2,2020-06-30,2020-06-30 15:52,97070,2019-04-01,2020-03-31,株式会社ユニマット　リタイアメント・コミュニティ
S100J40O,2020-06-30,2020-06-30 16:00,21580,2019-04-01,2020-03-31,株式会社ＦＲＯＮＴＥＯ
S100J22N,2020-06-30,2020-06-30 16:04,57110,2019-04-01,2020-03-31,三菱マテリアル株式会社
S100J1RA,2020-06-30,2020-06-30 16:05,44420,2019-04-01,2020-03-31,バルテス株式会社
S100J3MV,2020-06-30,2020-06-30 16:07,99640,2019-04-01,2020-03-31,株式会社アイ・テック
S100J4CL,2020-06-30,2020-06-30 16:17,76160,2019-04-01,2020-03-31,株式会社　コロワイド
S100J503,2020-06-30,2020-06-30 16:20,59700,2019-04-01,2020-03-31,株式会社ジーテクト
S100J1PR,2020-06-30,2020-06-30 16:26,49980,2019-04-01,2020-03-31,フマキラー株式会社
S100J4FC,2020-06-30,2020-06-30 16:28,88760,2019-04-01,2020-03-31,株式会社リログループ
S100J4U1,2020-06-30,2020-06-30 16:29,70400,2019-04-01,2020-03-31,株式会社サン・ライフホールディング
S100J4CQ,2020-06-30,2020-06-30 16:30,48330,2019-04-01,2020-03-31,株式会社ぱど
S100J50B,2020-06-30,2020-06-30 16:30,24130,2019-04-01,2020-03-31,エムスリー株式会社
S100J525,2020-06-30,2020-06-30 16:33,61930,2019-04-01,2020-03-31,バーチャレクス・ホールディングス株式会社
S100J4ZC,2020-06-30,2020-06-30 16:36,94350,2019-04-01,2020-03-31,株式会社光通信
S100J51O,2020-06-30,2020-06-30 16:42,69640,2019-04-01,2020-03-31,株式会社サンコー
S100J4CM,2020-06-30,2020-06-30 16:47,67530,2019-04-01,2020-03-31,シャープ株式会社
S100J52U,2020-06-30,2020-06-30 16:50,80660,2019-04-01,2020-03-31,三谷商事株式会社
S100J51Y,2020-06-30,2020-06-30 17:01,78070,2019-03-01,2020-02-29,株式会社幸和製作所
S100J4OC,2020-06-30,2020-06-30 17:14,23400,2019-04-01,2020-03-31,株式会社　極楽湯ホールディングス
S100J4XW,2020-07-01,2020-07-01 09:58,75540,2019-04-01,2020-03-31,株式会社幸楽苑ホールディングス
S100J506,2020-07-01,2020-07-01 11:04,24880,2019-04-01,2020-03-31,日本サード・パーティ株式会社
S100J555,2020-07-01,2020-07-01 11:07,67300,2019-04-01,2020-03-31,株式会社アクセル
S100J4MO,2020-07-01,2020-07-01 13:20,62050,2019-04-01,2020-03-31,ＯＫＫ株式会社
S100J50I,2020-07-01,2020-07-01 15:07,59380,2019-04-01,2020-03-31,株式会社ＬＩＸＩＬグループ
S100J5IT,2020-07-01,2020-07-01 16:47,67090,2019-04-01,2020-03-31,明星電気株式会社
S100J5J9,2020-07-01,2020-07-01 17:07,46500,2019-04-01,2020-03-31,ＳＤエンターテイメント株式会社
S100J5GU,2020-07-02,2020-07-02 10:01,47190,2019-04-01,2020-03-31,株式会社アルファシステムズ
S100J5IA,2020-07-02,2020-07-02 15:00,54010,2019-04-01,2020-03-31,日本製鉄株式会社
S100J5JR,2020-07-02,2020-07-02 15:03,59890,2019-04-01,2020-03-31,株式会社エイチワン
S100J60S,2020-07-03,2020-07-03 12:37,43470,2019-04-01,2020-03-31,ブロードメディア株式会社
S100J59S,2020-07-03,2020-07-03 15:00,21730,2019-04-01,2020-03-31,株式会社博展
S100J5ZV,2020-07-03,2020-07-03 15:31,38580,2019-04-01,2020-03-31,株式会社ユビキタスＡＩコーポレーション
S100J66P,2020-07-03,2020-07-03 16:03,70700,2019-04-01,2020-03-31,ＳＩホールディングス株式会社
S100J4B3,2020-07-03,2020-07-03 17:00,79910,2019-04-01,2020-03-31,マミヤ・オーピー株式会社
S100J67R,2020-07-06,2020-07-06 09:02,31850,2019-04-01,2020-03-31,夢展望株式会社
S100J6CF,2020-07-06,2020-07-06 09:39,72010,2019-04-01,2020-03-31,日産自動車株式会社
S100J623,2020-07-06,2020-07-06 10:19,72220,2019-04-01,2020-03-31,日産車体株式会社
S100J6IA,2020-07-06,2020-07-06 15:01,19710,2019-04-01,2020-03-31,中央ビルト工業株式会社
S100J62V,2020-07-06,2020-07-06 15:37,77330,2019-04-01,2020-03-31,オリンパス株式会社
S100J6O2,2020-07-07,2020-07-07 13:20,47500,2019-04-21,2020-04-20,株式会社ダイサン
S100J6WW,2020-07-07,2020-07-07 16:58,30420,2019-04-01,2020-03-31,株式会社セキュアヴェイル
S100J75K,2020-07-09,2020-07-09 09:47,38170,2019-04-01,2020-03-31,株式会社ＳＲＡホールディングス
S100J7BX,2020-07-09,2020-07-09 14:57,31330,2019-04-01,2020-03-31,株式会社海帆
S100J7E3,2020-07-09,2020-07-09 16:30,80300,2019-04-01,2020-03-31,中央魚類株式会社
S100J7B4,2020-07-10,2020-07-10 09:24,75930,2019-04-01,2020-03-31,ＶＴホールディングス株式会社
S100IPWQ,2020-07-10,2020-07-10 13:05,18600,2019-04-01,2020-03-31,戸田建設株式会社
S100J7OX,2020-07-10,2020-07-10 13:59,74330,2019-04-01,2020-03-31,伯東株式会社
S100J79S,2020-07-10,2020-07-10 14:51,95330,2019-04-01,2020-03-31,東邦瓦斯株式会社
S100J7LZ,2020-07-10,2020-07-10 15:38,40880,2019-04-01,2020-03-31,エア・ウォーター株式会社
S100J7RE,2020-07-10,2020-07-10 15:40,29280,2019-04-01,2020-03-31,ＲＩＺＡＰグループ株式会社
S100J7T2,2020-07-10,2020-07-10 16:49,69260,2019-04-01,2020-03-31,岡谷電機産業株式会社
S100J7SY,2020-07-13,2020-07-13 09:14,90740,2019-04-01,2020-03-31,日本石油輸送株式会社
S100J7Y5,2020-07-13,2020-07-13 14:05,38780,2019-04-01,2020-03-31,株式会社巴川製紙所
S100J859,2020-07-13,2020-07-13 16:53,78290,2019-03-01,2020-02-29,株式会社サマンサタバサジャパンリミテッド
S100J7MC,2020-07-14,2020-07-14 13:54,69280,2019-04-01,2020-03-31,株式会社エノモト
S100J8ID,2020-07-15,2020-07-15 09:53,57140,2019-04-01,2020-03-31,ＤＯＷＡホールディングス株式会社
S100J85Q,2020-07-15,2020-07-15 10:00,19480,2019-04-01,2020-03-31,株式会社弘電社
S100J88L,2020-07-15,2020-07-15 11:28,49020,2019-04-01,2020-03-31,コニカミノルタ株式会社
S100J8NA,2020-07-15,2020-07-15 13:33,76210,2019-04-01,2020-03-31,株式会社うかい
S100J7VF,2020-07-15,2020-07-15 14:19,82420,2019-04-01,2020-03-31,エイチ・ツー・オー　リテイリング株式会社
S100J884,2020-07-15,2020-07-15 14:30,51210,2019-04-01,2020-03-31,藤倉コンポジット株式会社
S100J8WL,2020-07-15,2020-07-15 15:40,34790,2019-03-01,2020-02-29,株式会社ティーケーピー
S100J70X,2020-07-16,2020-07-16 09:12,74880,2019-04-21,2020-04-20,株式会社ヤガミ
S100J8XI,2020-07-16,2020-07-16 09:51,76770,2019-04-01,2020-03-31,株式会社ヤシマキザイ
S100J8YY,2020-07-16,2020-07-16 11:51,51940,2019-04-01,2020-03-31,相模ゴム工業株式会社
S100J8WN,2020-07-17,2020-07-17 10:10,28100,2019-04-01,2020-03-31,ハウス食品グループ本社株式会社
S100J92T,2020-07-17,2020-07-17 12:31,81300,2019-04-01,2020-03-31,株式会社サンゲツ
S100J8QM,2020-07-17,2020-07-17 13:10,72740,2019-04-01,2020-03-31,株式会社ショーワ
S100J9CP,2020-07-17,2020-07-17 13:16,92020,2019-04-01,2020-03-31,ＡＮＡホールディングス株式会社
S100J8OP,2020-07-17,2020-07-17 14:00,24640,2019-04-01,2020-03-31,株式会社ビジネス・ブレークスルー
S100J9BJ,2020-07-17,2020-07-17 15:06,45840,2019-04-01,2020-03-31,株式会社ジーンテクノサイエンス
S100J9BL,2020-07-17,2020-07-17 15:41,90820,2019-04-01,2020-03-31,大和自動車交通株式会社
S100J8Z7,2020-07-17,2020-07-17 16:00,40260,2019-05-01,2020-04-30,神島化学工業株式会社
S100J9MM,2020-07-20,2020-07-20 14:26,69430,2019-04-01,2020-03-31,ＮＫＫスイッチズ株式会社
S100J9GP,2020-07-20,2020-07-20 15:00,72510,2019-04-01,2020-03-31,株式会社　ケーヒン
S100J9I6,2020-07-20,2020-07-20 16:00,66990,2019-04-01,2020-03-31,ダイヤモンドエレクトリックホールディングス株式会社
S100J9WF,2020-07-20,2020-07-20 16:04,72470,2019-04-01,2020-03-31,株式会社ミクニ
S100J9Z8,2020-07-21,2020-07-21 13:16,63050,2019-04-01,2020-03-31,日立建機株式会社
S100J9MP,2020-07-21,2020-07-21 13:32,66370,2019-04-01,2020-03-31,寺崎電気産業株式会社
S100J99K,2020-07-21,2020-07-21 13:47,79110,2019-04-01,2020-03-31,凸版印刷株式会社
S100J9Y1,2020-07-21,2020-07-21 15:08,29230,2019-05-01,2020-04-30,佐藤食品工業株式会社
S100JA0O,2020-07-21,2020-07-21 15:12,36460,2019-04-01,2020-03-31,株式会社駅探
S100JA44,2020-07-22,2020-07-22 09:30,59710,2019-05-01,2020-04-30,株式会社共和工業所
S100JA7W,2020-07-22,2020-07-22 10:00,30340,2019-04-01,2020-03-31,クオールホールディングス株式会社
S100J9Q7,2020-07-22,2020-07-22 11:52,64160,2019-04-01,2020-03-31,桂川電機株式会社
S100J9HL,2020-07-22,2020-07-22 14:19,76470,2019-04-01,2020-03-31,株式会社音通
S100JA5P,2020-07-22,2020-07-22 14:24,76230,2019-05-01,2020-04-30,株式会社サンオータス
S100JAB7,2020-07-22,2020-07-22 15:00,88480,2019-04-01,2020-03-31,株式会社レオパレス２１
S100JAE3,2020-07-22,2020-07-22 16:44,14470,2019-04-01,2020-03-31,ＩＴｂｏｏｋホールディングス株式会社
S100JAN0,2020-07-27,2020-07-27 10:16,68990,2019-04-01,2020-03-31,ＡＳＴＩ株式会社
S100JAAR,2020-07-27,2020-07-27 10:31,90410,2019-04-01,2020-03-31,近鉄グループホールディングス株式会社
S100JAOQ,2020-07-27,2020-07-27 12:18,33290,2019-05-01,2020-04-30,東和フードサービス株式会社
S100JAL4,2020-07-27,2020-07-27 13:09,38370,2019-04-01,2020-03-31,アドソル日進株式会社
S100JAQD,2020-07-27,2020-07-27 13:58,58520,2019-04-01,2020-03-31,株式会社アーレスティ
S100JAKV,2020-07-27,2020-07-27 15:51,19690,2019-04-01,2020-03-31,高砂熱学工業株式会社
S100JAT9,2020-07-27,2020-07-27 16:47,65500,2019-04-01,2020-03-31,Ｆｒｉｎｇｅ８１株式会社
S100JAUT,2020-07-28,2020-07-28 13:58,60650,2019-05-01,2020-04-30,ライクキッズ株式会社
S100JAXW,2020-07-28,2020-07-28 14:22,64620,2019-04-01,2020-03-31,株式会社リケン
S100JATV,2020-07-28,2020-07-28 15:05,39030,2019-05-01,2020-04-30,株式会社ｇｕｍｉ
S100JANH,2020-07-28,2020-07-28 15:35,35240,2019-05-01,2020-04-30,日東製網株式会社
S100JAOH,2020-07-28,2020-07-28 15:53,31780,2019-04-01,2020-03-31,チムニー株式会社
S100JA9L,2020-07-28,2020-07-28 16:00,31610,2019-05-01,2020-04-30,アゼアス株式会社
S100JB0X,2020-07-28,2020-07-28 16:18,79180,2019-04-01,2020-03-31,株式会社ヴィア・ホールディングス
S100JATC,2020-07-28,2020-07-28 16:28,27510,2019-05-01,2020-04-30,株式会社テンポスホールディングス
S100JAGT,2020-07-29,2020-07-29 09:36,74550,2019-04-01,2020-03-31,株式会社三城ホールディングス
S100JB03,2020-07-29,2020-07-29 10:50,79010,2019-05-01,2020-04-30,株式会社マツモト
S100JARU,2020-07-29,2020-07-29 11:00,34440,2019-05-01,2020-04-30,株式会社菊池製作所
S100JB02,2020-07-29,2020-07-29 11:06,66300,2019-05-01,2020-04-30,ヤーマン株式会社
S100JB8Y,2020-07-29,2020-07-29 11:12,94250,2019-05-01,2020-04-30,日本テレホン株式会社
S100JB8A,2020-07-29,2020-07-29 11:24,64540,2019-04-01,2020-03-31,マックス株式会社
S100JB4E,2020-07-29,2020-07-29 11:45,74350,2019-05-01,2020-04-30,株式会社ナ・デックス
S100JB1E,2020-07-29,2020-07-29 13:33,78990,2019-05-01,2020-04-30,ＭＩＣＳ化学株式会社
S100JAK8,2020-07-29,2020-07-29 14:02,67040,2019-04-01,2020-03-31,岩崎通信機株式会社
S100JBBC,2020-07-29,2020-07-29 14:05,77690,2019-04-01,2020-03-31,リズム時計工業株式会社
S100JBBS,2020-07-29,2020-07-29 14:29,19090,2019-04-01,2020-03-31,日本ドライケミカル株式会社
S100JBCG,2020-07-29,2020-07-29 14:33,66560,2019-05-01,2020-04-30,インスペック株式会社
S100JB54,2020-07-29,2020-07-29 14:42,91270,2019-04-01,2020-03-31,玉井商船株式会社
S100JB2X,2020-07-29,2020-07-29 15:01,70950,2019-05-01,2020-04-30,株式会社Ｍａｃｂｅｅ　Ｐｌａｎｅｔ
S100JBA4,2020-07-29,2020-07-29 15:08,87150,2019-04-01,2020-03-31,アニコム　ホールディングス株式会社
S100JAZ0,2020-07-29,2020-07-29 16:08,63780,2019-04-01,2020-03-31,木村化工機株式会社
S100JBFY,2020-07-29,2020-07-29 16:29,25930,2019-05-01,2020-04-30,株式会社伊藤園
S100JB39,2020-07-29,2020-07-29 16:50,64440,2019-04-01,2020-03-31,サンデンホールディングス株式会社
S100JB90,2020-07-30,2020-07-30 09:02,19040,2019-04-01,2020-03-31,大成温調株式会社
S100JAL3,2020-07-30,2020-07-30 09:11,24380,2019-05-01,2020-04-30,株式会社アスカネット
S100JBHL,2020-07-30,2020-07-30 09:36,30310,2019-05-01,2020-04-30,株式会社ラクーンホールディングス
S100JBHD,2020-07-30,2020-07-30 10:10,21590,2019-05-01,2020-04-30,株式会社フルスピード
S100JBEK,2020-07-30,2020-07-30 10:14,37700,2019-05-01,2020-04-30,株式会社ザッパラス
S100JBDZ,2020-07-30,2020-07-30 10:15,67680,2019-04-01,2020-03-31,株式会社タムラ製作所
S100JBDV,2020-07-30,2020-07-30 10:21,29100,2019-05-01,2020-04-30,株式会社ロック・フィールド
S100JBJB,2020-07-30,2020-07-30 10:33,65020,2019-04-01,2020-03-31,株式会社　東芝
S100JBLC,2020-07-30,2020-07-30 10:59,17660,2019-05-01,2020-04-30,東建コーポレーション株式会社
S100JBLY,2020-07-30,2020-07-30 11:01,78230,2019-04-01,2020-03-31,株式会社アートネイチャー
S100JBMO,2020-07-30,2020-07-30 11:30,75330,2019-05-01,2020-04-30,株式会社グリーンクロス
S100JBHU,2020-07-30,2020-07-30 14:00,65740,2019-04-01,2020-03-31,株式会社コンヴァノ
S100JAX8,2020-07-30,2020-07-30 14:09,94120,2019-04-01,2020-03-31,株式会社スカパーＪＳＡＴホールディングス
S100JAV7,2020-07-30,2020-07-30 14:56,63730,2019-04-01,2020-03-31,大同工業株式会社
S100JBP6,2020-07-30,2020-07-30 15:29,68520,2019-04-01,2020-03-31,株式会社テクノ・セブン
S100JBCH,2020-07-30,2020-07-30 15:33,81860,2019-01-01,2020-04-30,株式会社大塚家具
S100JBST,2020-07-30,2020-07-30 15:35,14360,2019-05-01,2020-04-30,株式会社フィット
S100JBSQ,2020-07-30,2020-07-30 16:00,38450,2019-04-01,2020-03-31,株式会社アイフリークモバイル
S100JBRP,2020-07-30,2020-07-30 16:41,27980,2019-03-01,2020-02-29,株式会社ワイズテーブルコーポレーション
S100JBM7,2020-07-31,2020-07-31 09:06,62930,2019-04-01,2020-03-31,日精樹脂工業株式会社
S100JBTJ,2020-07-31,2020-07-31 09:34,31340,2019-05-01,2020-04-30,Ｈａｍｅｅ株式会社
S100JAWJ,2020-07-31,2020-07-31 09:34,80250,2019-04-01,2020-03-31,株式会社ツカモトコーポレーション
S100JBX8,2020-07-31,2020-07-31 09:44,27050,2019-04-01,2020-03-31,株式会社大戸屋ホールディングス
S100JBMS,2020-07-31,2020-07-31 10:00,33610,2019-05-01,2020-04-30,株式会社トーエル
S100JBTH,2020-07-31,2020-07-31 10:15,38430,2019-05-01,2020-04-30,フリービット株式会社
S100J8X6,2020-07-31,2020-07-31 10:19,96270,2019-05-01,2020-04-30,株式会社アインホールディングス
S100JC06,2020-07-31,2020-07-31 10:39,34430,2019-04-01,2020-03-31,川田テクノロジーズ株式会社
S100JBIZ,2020-07-31,2020-07-31 10:48,63020,2019-04-01,2020-03-31,住友重機械工業株式会社
S100JBY5,2020-07-31,2020-07-31 10:49,72490,2019-04-01,2020-03-31,尾張精機株式会社
S100JBK8,2020-07-31,2020-07-31 11:04,67790,2019-04-01,2020-03-31,日本電波工業株式会社
S100JC26,2020-07-31,2020-07-31 11:29,31800,2019-05-01,2020-04-30,株式会社ビューティガレージ
S100JBIF,2020-07-31,2020-07-31 11:30,37380,2019-04-01,2020-03-31,株式会社ティーガイア
S100JBKP,2020-07-31,2020-07-31 11:32,24330,2019-04-01,2020-03-31,株式会社博報堂ＤＹホールディングス
S100JC39,2020-07-31,2020-07-31 11:32,45910,2019-04-01,2020-03-31,株式会社リボミック
S100JBI1,2020-07-31,2020-07-31 11:43,34090,2019-04-01,2020-03-31,北日本紡績株式会社
S100JC2F,2020-07-31,2020-07-31 13:00,64720,2019-04-01,2020-03-31,ＮＴＮ株式会社
S100JBW8,2020-07-31,2020-07-31 13:11,51030,2019-04-01,2020-03-31,昭和ホールディングス株式会社
S100JBXV,2020-07-31,2020-07-31 13:13,99940,2019-04-01,2020-03-31,株式会社やまや
S100JBXH,2020-07-31,2020-07-31 13:20,51850,2019-04-01,2020-03-31,株式会社フコク
S100JBVY,2020-07-31,2020-07-31 13:23,57410,2019-04-01,2020-03-31,株式会社ＵＡＣＪ
S100JBVN,2020-07-31,2020-07-31 14:05,68900,2019-04-01,2020-03-31,株式会社フェローテックホールディングス
S100JBVY,2020-07-31,2020-07-31 13:23,57410,2019-04-01,2020-03-31,株式会社ＵＡＣＪ
S100JBYN,2020-07-31,2020-07-31 14:15,23290,2019-04-01,2020-03-31,株式会社東北新社
S100JBPE,2020-07-31,2020-07-31 14:19,59490,2019-04-01,2020-03-31,ユニプレス株式会社
S100JBBD,2020-07-31,2020-07-31 14:22,90250,2019-04-01,2020-03-31,鴻池運輸株式会社
S100JC73,2020-07-31,2020-07-31 14:33,44310,2019-05-01,2020-04-30,株式会社スマレジ
S100JC7Z,2020-07-31,2020-07-31 14:47,42900,2019-04-01,2020-03-31,株式会社プレステージ・インターナショナル
S100JBRH,2020-07-31,2020-07-31 15:00,49770,2019-04-01,2020-03-31,新田ゼラチン株式会社
S100JAT5,2020-07-31,2020-07-31 15:00,82090,2019-04-01,2020-03-31,株式会社フレンドリー
S100JBW4,2020-07-31,2020-07-31 15:01,85400,2019-04-01,2020-03-31,株式会社福岡中央銀行
S100JBHK,2020-07-31,2020-07-31 15:03,68670,2019-04-01,2020-03-31,リーダー電子株式会社
S100JC3Z,2020-07-31,2020-07-31 15:04,72380,2019-04-01,2020-03-31,曙ブレーキ工業株式会社
S100JC4Y,2020-07-31,2020-07-31 15:04,43820,2019-05-01,2020-04-30,ＨＥＲＯＺ株式会社
S100JBJE,2020-07-31,2020-07-31 15:05,63370,2019-04-01,2020-03-31,株式会社テセック
S100JC25,2020-07-31,2020-07-31 15:06,70500,2019-05-01,2020-04-30,株式会社フロンティアインターナショナル
S100JAGC,2020-07-31,2020-07-31 15:08,66410,2019-04-01,2020-03-31,日新電機株式会社
S100JC92,2020-07-31,2020-07-31 15:12,75770,2019-04-01,2020-03-31,株式会社ＨＡＰｉＮＳ
S100JBR6,2020-07-31,2020-07-31 15:17,81190,2019-04-01,2020-03-31,株式会社三栄コーポレーション
S100JBDY,2020-07-31,2020-07-31 15:25,59280,2019-04-01,2020-03-31,アルメタックス株式会社
S100JC9X,2020-07-31,2020-07-31 15:28,77770,2019-05-01,2020-04-30,株式会社スリー・ディー・マトリックス
S100JC7M,2020-07-31,2020-07-31 15:31,67870,2019-04-01,2020-03-31,株式会社メイコー
S100JBYX,2020-07-31,2020-07-31 15:41,80650,2019-04-01,2020-03-31,佐藤商事株式会社
S100JBBI,2020-07-31,2020-07-31 15:45,97600,2019-04-01,2020-03-31,株式会社　進学会ホールディングス
S100JC61,2020-07-31,2020-07-31 15:51,79460,2019-04-01,2020-03-31,株式会社光陽社
S100JC1Z,2020-07-31,2020-07-31 15:57,41120,2019-04-01,2020-03-31,保土谷化学工業株式会社
S100JBDX,2020-07-31,2020-07-31 16:03,63650,2019-04-01,2020-03-31,株式会社電業社機械製作所
S100JCDE,2020-07-31,2020-07-31 17:13,94440,2019-05-01,2020-04-30,株式会社トーシンホールディングス
S100JCFF,2020-08-03,2020-08-03 16:45,63300,2019-04-01,2020-03-31,東洋エンジニアリング株式会社
S100JCVT,2020-08-04,2020-08-04 10:12,94450,2019-04-01,2020-03-31,株式会社フォーバルテレコム
S100JDI3,2020-08-05,2020-08-05 09:08,72680,2019-04-01,2020-03-31,株式会社タツミ
S100JCCM,2020-08-05,2020-08-05 13:47,49970,2019-10-01,2020-03-31,日本農薬株式会社
S100JDKZ,2020-08-06,2020-08-06 12:07,82520,2019-04-01,2020-03-31,株式会社　丸井グループ
S100JEZ6,2020-08-06,2020-08-06 14:20,66380,2019-04-01,2020-03-31,株式会社ミマキエンジニアリング
S100JD1K,2020-08-06,2020-08-06 15:09,65040,2019-04-01,2020-03-31,富士電機株式会社
S100JF1B,2020-08-06,2020-08-06 15:55,59880,2019-04-01,2020-03-31,株式会社パイオラックス
S100JFDU,2020-08-06,2020-08-06 16:52,44010,2019-04-01,2020-03-31,株式会社ＡＤＥＫＡ
S100JCXO,2020-08-07,2020-08-07 11:23,42020,2019-04-01,2020-03-31,株式会社ダイセル
S100JELE,2020-08-07,2020-08-07 15:00,26780,2019-05-21,2020-05-20,アスクル株式会社
S100JF72,2020-08-07,2020-08-07 15:03,30750,2019-05-16,2020-05-15,株式会社銚子丸
S100JFKH,2020-08-07,2020-08-07 16:02,35260,2019-04-01,2020-03-31,芦森工業株式会社
S100JE4A,2020-08-07,2020-08-07 16:25,21340,2019-04-01,2020-03-31,燦キャピタルマネージメント株式会社
S100JGRP,2020-08-11,2020-08-11 13:20,33910,2019-05-16,2020-05-15,株式会社ツルハホールディングス
S100JI2E,2020-08-12,2020-08-12 11:35,14480,2019-04-01,2020-03-31,株式会社スペースバリューホールディングス
S100JHSI,2020-08-12,2020-08-12 15:04,82750,2019-04-01,2020-03-31,株式会社フォーバル
S100JGA8,2020-08-12,2020-08-12 15:34,35440,2019-05-16,2020-05-15,サツドラホールディングス株式会社
S100JIE2,2020-08-12,2020-08-12 15:56,69050,2019-05-21,2020-05-20,コーセル株式会社
S100J525,2020-08-14,2020-06-30 16:33,61930,2019-04-01,2020-03-31,バーチャレクス・ホールディングス株式会社
S100JJP4,2020-08-14,2020-08-14 12:59,96350,2019-04-01,2020-03-31,武蔵野興業株式会社
S100JJVK,2020-08-14,2020-08-14 16:28,66150,2019-04-01,2020-03-31,ユー・エム・シー・エレクトロニクス株式会社
S100JJQ2,2020-08-17,2020-08-17 13:34,58030,2019-04-01,2020-03-31,株式会社フジクラ
S100JK3R,2020-08-18,2020-08-18 09:35,77220,2019-04-01,2020-03-31,国際計測器株式会社
S100JKC6,2020-08-19,2020-08-19 13:18,27910,2019-06-01,2020-05-31,大黒天物産株式会社
S100JK2U,2020-08-19,2020-08-19 14:06,31600,2019-06-01,2020-05-31,株式会社大光
S100JK2S,2020-08-19,2020-08-19 15:03,35490,2019-05-21,2020-05-20,株式会社クスリのアオキホールディングス
S100JKKS,2020-08-20,2020-08-20 12:57,74200,2019-06-01,2020-05-31,佐鳥電機株式会社
S100JKRJ,2020-08-20,2020-08-20 16:36,27630,2019-04-01,2020-03-31,株式会社エフティグループ
S100JKY5,2020-08-21,2020-08-21 13:13,27220,2019-06-01,2020-05-31,株式会社アイケイ
S100JKS1,2020-08-21,2020-08-21 13:30,47160,2019-06-01,2020-05-31,日本オラクル株式会社
S100JKS0,2020-08-21,2020-08-21 14:09,78150,2019-04-01,2020-03-31,東京ボード工業株式会社
S100JKB1,2020-08-21,2020-08-21 14:51,89080,2019-06-01,2020-05-31,株式会社毎日コムネット
S100JKLY,2020-08-21,2020-08-21 15:30,21680,2019-06-01,2020-05-31,株式会社パソナグループ
S100JKL1,2020-08-24,2020-08-24 09:13,31480,2019-06-01,2020-05-31,株式会社クリエイトＳＤホールディングス
S100JKSY,2020-08-25,2020-08-25 14:53,13770,2019-06-01,2020-05-31,株式会社　サカタのタネ
S100JLAZ,2020-08-25,2020-08-25 15:31,39900,2019-06-01,2020-05-31,ＵＵＵＭ株式会社
S100JLHG,2020-08-26,2020-08-26 09:06,24590,2019-06-01,2020-05-31,アウンコンサルティング株式会社
S100JKPD,2020-08-26,2020-08-26 09:14,76040,2019-05-01,2020-04-30,株式会社　梅の花
S100JLEI,2020-08-26,2020-08-26 09:48,27920,2019-06-01,2020-05-31,株式会社ハニーズホールディングス
S100JLRR,2020-08-26,2020-08-26 15:15,88860,2019-06-01,2020-05-31,株式会社ウッドフレンズ
S100JLP2,2020-08-26,2020-08-26 15:52,77250,2019-06-01,2020-05-31,株式会社インターアクション
S100JL5X,2020-08-27,2020-08-27 09:08,78880,2019-06-01,2020-05-31,三光合成株式会社
S100JL7W,2020-08-27,2020-08-27 09:08,23030,2019-06-01,2020-05-31,株式会社ドーン
S100JLX7,2020-08-27,2020-08-27 10:01,70680,2019-06-01,2020-05-31,株式会社フィードフォース
S100JKM4,2020-08-27,2020-08-27 10:26,65520,2019-06-01,2020-05-31,株式会社ＧａｍｅＷｉｔｈ
S100JLV9,2020-08-27,2020-08-27 10:42,81360,2019-04-01,2020-03-31,株式会社サンリオ
S100JL3F,2020-08-27,2020-08-27 10:48,77130,2019-06-01,2020-05-31,シグマ光機株式会社
S100JLZ1,2020-08-27,2020-08-27 11:33,14300,2019-06-01,2020-05-31,ファーストコーポレーション株式会社
S100JLQM,2020-08-27,2020-08-27 11:52,65050,2019-06-01,2020-05-31,東洋電機製造株式会社
S100JLFF,2020-08-27,2020-08-27 13:08,96510,2019-06-01,2020-05-31,日本プロセス株式会社
S100JLPC,2020-08-27,2020-08-27 13:33,48250,2019-06-01,2020-05-31,株式会社ウェザーニューズ
S100JLGF,2020-08-27,2020-08-27 13:36,32970,2019-06-01,2020-05-31,株式会社東武住販
S100JLT5,2020-08-27,2020-08-27 13:46,81550,2019-06-01,2020-05-31,三益半導体工業株式会社
S100JM1O,2020-08-27,2020-08-27 14:05,24620,2019-06-01,2020-05-31,ライク株式会社
S100JM1G,2020-08-27,2020-08-27 15:01,44430,2019-06-01,2020-05-31,Ｓａｎｓａｎ株式会社
S100JLMT,2020-08-27,2020-08-27 15:01,74340,2019-06-01,2020-05-31,株式会社オータケ
S100JLRV,2020-08-27,2020-08-27 15:02,14190,2019-06-01,2020-05-31,タマホーム株式会社
S100JLSF,2020-08-27,2020-08-27 15:24,89400,2019-06-01,2020-05-31,株式会社インテリックス
S100JLHR,2020-08-27,2020-08-27 16:02,22300,2019-06-01,2020-05-31,五洋食品産業株式会社
S100JLU9,2020-08-27,2020-08-27 16:30,18870,2019-06-01,2020-05-31,日本国土開発株式会社
S100JLW1,2020-08-27,2020-08-27 16:30,48290,2019-06-01,2020-05-31,日本エンタープライズ株式会社
S100JM59,2020-08-27,2020-08-27 17:08,27960,2019-06-01,2020-05-31,ファーマライズホールディングス株式会社
S100JM91,2020-08-28,2020-08-28 09:01,67400,2019-04-01,2020-03-31,株式会社ジャパンディスプレイ
S100JLPK,2020-08-28,2020-08-28 09:11,78080,2019-06-01,2020-05-31,株式会社シー・エス・ランバー
S100JLV4,2020-08-28,2020-08-28 09:13,49780,2019-04-01,2020-03-31,株式会社リプロセル
S100JM26,2020-08-28,2020-08-28 09:24,64960,2019-06-01,2020-05-31,株式会社中北製作所
S100JM3F,2020-08-28,2020-08-28 09:26,44650,2019-06-01,2020-05-31,株式会社ニイタカ
S100JM33,2020-08-28,2020-08-28 09:49,45770,2019-06-01,2020-05-31,ダイト株式会社
S100JM07,2020-08-28,2020-08-28 09:55,74870,2019-06-01,2020-05-31,小津産業株式会社
S100JMAQ,2020-08-28,2020-08-28 10:41,38240,2019-06-01,2020-05-31,メディアファイブ株式会社
S100JM2V,2020-08-28,2020-08-28 10:42,73990,2019-04-01,2020-03-31,株式会社ナンシン
S100JM7L,2020-08-28,2020-08-28 12:03,38920,2019-06-01,2020-05-31,株式会社岡山製紙
S100JMCI,2020-08-28,2020-08-28 12:16,47350,2019-06-01,2020-05-31,株式会社京進
S100JKNH,2020-08-28,2020-08-28 12:55,13760,2019-06-01,2020-05-31,カネコ種苗株式会社
S100JM2M,2020-08-28,2020-08-28 13:13,59670,2019-06-01,2020-05-31,ＴＯＮＥ株式会社
S100JMDC,2020-08-28,2020-08-28 13:40,65670,2019-06-01,2020-05-31,株式会社ＳＥＲＩＯホールディングス
S100JLYX,2020-08-28,2020-08-28 13:43,20020,2019-04-01,2020-03-31,株式会社日清製粉グループ本社
S100JM8T,2020-08-28,2020-08-28 14:16,97650,2019-06-01,2020-05-31,株式会社オオバ
S100JMA0,2020-08-28,2020-08-28 15:00,30210,2019-06-01,2020-05-31,株式会社パシフィックネット
S100JLYZ,2020-08-28,2020-08-28 15:00,60830,2019-06-01,2020-05-31,ＥＲＩホールディングス株式会社
S100JMDQ,2020-08-28,2020-08-28 15:00,27690,2019-06-01,2020-05-31,株式会社ヴィレッジヴァンガードコーポレーション
S100JM7Y,2020-08-28,2020-08-28 15:08,35010,2019-06-01,2020-05-31,住江織物株式会社
S100JMFJ,2020-08-28,2020-08-28 15:26,44300,2019-06-01,2020-05-31,東海ソフト株式会社
S100JLD3,2020-08-28,2020-08-28 15:30,38100,2019-06-01,2020-05-31,サイバーステップ株式会社
S100JMDH,2020-08-28,2020-08-28 15:43,79210,2019-06-01,2020-05-31,株式会社ＴＡＫＡＲＡ　＆　ＣＯＭＰＡＮＹ
S100JL29,2020-08-28,2020-08-28 15:59,88870,2019-06-01,2020-05-31,リベレステ株式会社
S100JMC3,2020-08-28,2020-08-28 16:00,59320,2019-06-01,2020-05-31,三協立山株式会社
S100JLMG,2020-08-28,2020-08-28 16:00,64890,2019-06-01,2020-05-31,前澤工業株式会社
S100JLYD,2020-08-28,2020-08-28 16:00,37600,2019-06-01,2020-05-31,株式会社ケイブ
S100JM15,2020-08-28,2020-08-28 16:02,14010,2019-06-01,2020-05-31,株式会社エムビーエス
S100JLBV,2020-08-28,2020-08-28 16:12,92650,2019-06-01,2020-05-31,ヤマシタヘルスケアホールディングス株式会社
S100JMGD,2020-08-28,2020-08-28 16:25,32360,2019-06-01,2020-05-31,株式会社プロパスト
S100JMIC,2020-08-28,2020-08-28 16:58,33490,2019-06-01,2020-05-31,株式会社コスモス薬品
S100JM8W,2020-08-28,2020-08-28 17:05,72800,2019-04-01,2020-03-31,株式会社ミツバ
S100JMFW,2020-08-31,2020-08-31 09:36,33210,2019-06-01,2020-05-31,ミタチ産業株式会社
S100JKT1,2020-08-31,2020-08-31 09:43,76730,2019-06-01,2020-05-31,ダイコー通産株式会社
S100JLNJ,2020-08-31,2020-08-31 10:02,37910,2019-06-01,2020-05-31,株式会社ＩＧポート
S100JMI8,2020-08-31,2020-08-31 10:12,21530,2019-06-01,2020-05-31,Ｅ・Ｊホールディングス株式会社
S100JMLO,2020-08-31,2020-08-31 10:36,40570,2019-06-01,2020-05-31,株式会社インターファクトリー
S100JMM7,2020-08-31,2020-08-31 11:41,61500,2019-06-01,2020-05-31,タケダ機械株式会社
S100JMNG,2020-08-31,2020-08-31 12:21,70860,2019-06-01,2020-05-31,株式会社きずなホールディングス
S100JMK3,2020-08-31,2020-08-31 12:31,36450,2019-06-01,2020-05-31,株式会社メディカルネット
S100JMLR,2020-08-31,2020-08-31 14:00,93660,2019-04-01,2020-03-31,株式会社サンリツ
S100JMKO,2020-08-31,2020-08-31 14:16,18270,2019-04-01,2020-03-31,株式会社ナカノフドー建設
S100JMNI,2020-08-31,2020-08-31 15:00,60470,2019-06-01,2020-05-31,株式会社Ｇｕｎｏｓｙ
S100JMIR,2020-08-31,2020-08-31 15:00,60440,2019-06-01,2020-05-31,株式会社三機サービス
S100JMPV,2020-08-31,2020-08-31 15:05,48340,2019-06-01,2020-05-31,キャリアバンク株式会社
S100JMPL,2020-08-31,2020-08-31 15:40,38400,2019-04-01,2020-03-31,パス株式会社
S100JMJZ,2020-08-31,2020-08-31 15:47,79990,2019-04-01,2020-03-31,ＭＵＴＯＨホールディングス株式会社
S100JMMA,2020-08-31,2020-08-31 15:55,65010,2019-04-01,2020-03-31,株式会社日立製作所
S100JMJC,2020-08-31,2020-08-31 16:57,24370,2019-06-01,2020-05-31,Ｓｈｉｎｗａ　Ｗｉｓｅ　Ｈｏｌｄｉｎｇｓ株式会社
S100JN7W,2020-09-02,2020-09-02 16:02,65480,2019-04-01,2020-03-31,株式会社旅工房
S100JNI4,2020-09-07,2020-09-07 10:52,92670,2019-06-21,2020-06-20,Ｇｅｎｋｙ　ＤｒｕｇＳｔｏｒｅｓ株式会社
S100JO58,2020-09-08,2020-09-08 12:44,27610,2019-05-21,2020-05-20,トシン・グループ株式会社
S100JPN5,2020-09-16,2020-09-16 13:39,64030,2019-04-01,2020-03-31,水道機工株式会社
S100JPXA,2020-09-17,2020-09-17 14:11,13810,2019-07-01,2020-06-30,株式会社アクシーズ
S100JPVV,2020-09-17,2020-09-17 16:03,47480,2019-07-01,2020-06-30,株式会社　構造計画研究所
S100JPRE,2020-09-17,2020-09-17 16:09,79620,2019-06-21,2020-06-20,株式会社キングジム
S100JPQX,2020-09-17,2020-09-17 16:10,48260,2019-07-01,2020-06-30,株式会社ＣＩＪ
S100JO9H,2020-09-18,2020-09-18 09:35,31910,2019-06-21,2020-06-20,株式会社ジョイフル本田
S100JPLY,2020-09-18,2020-09-18 10:40,26890,2019-07-01,2020-06-30,株式会社カワニシホールディングス
S100JPX0,2020-09-18,2020-09-18 15:00,43980,2019-07-01,2020-06-30,株式会社ブロードバンドセキュリティ
S100JPOS,2020-09-23,2020-09-23 09:32,59030,2019-07-01,2020-06-30,シンポ株式会社
S100JQFT,2020-09-23,2020-09-23 15:00,38360,2019-07-01,2020-06-30,株式会社アバント
S100JQMA,2020-09-23,2020-09-23 15:42,89450,2019-07-01,2020-06-30,サンネクスタグループ株式会社
S100JPX9,2020-09-23,2020-09-23 15:44,17390,2019-07-01,2020-06-30,シード平和株式会社
S100JQLE,2020-09-24,2020-09-24 11:33,34390,2019-07-01,2020-06-30,株式会社三ツ知
S100JNKI,2020-09-24,2020-09-24 12:00,78130,2019-07-01,2020-06-30,株式会社プラッツ
S100JQSD,2020-09-24,2020-09-24 12:30,43910,2019-07-01,2020-06-30,ロジザード株式会社
S100JQ3O,2020-09-24,2020-09-24 13:17,30970,2019-07-01,2020-06-30,株式会社物語コーポレーション
S100JQUB,2020-09-24,2020-09-24 14:20,75190,2019-04-01,2020-03-31,五洋インテックス株式会社
S100JQCB,2020-09-24,2020-09-24 14:45,70630,2019-07-01,2020-06-30,株式会社エードット
S100JQV2,2020-09-24,2020-09-24 15:04,60300,2019-07-01,2020-06-30,株式会社アドベンチャー
S100JQPM,2020-09-24,2020-09-24 16:05,75850,2019-07-01,2020-06-30,株式会社かんなん丸
S100JQQR,2020-09-25,2020-09-25 09:22,97970,2019-07-01,2020-06-30,大日本コンサルタント株式会社
S100JQSM,2020-09-25,2020-09-25 09:53,76360,2019-07-01,2020-06-30,株式会社ハンズマン
S100JR19,2020-09-25,2020-09-25 09:57,63400,2019-07-01,2020-06-30,澁谷工業株式会社
S100JQOQ,2020-09-25,2020-09-25 10:11,68880,2019-07-01,2020-06-30,アクモス株式会社
S100JQMP,2020-09-25,2020-09-25 10:12,69160,2019-07-01,2020-06-30,株式会社アイ・オー・データ機器
S100JQYL,2020-09-25,2020-09-25 10:20,24810,2019-07-01,2020-06-30,株式会社タウンニュース社
S100JQOL,2020-09-25,2020-09-25 11:35,67850,2019-07-01,2020-06-30,株式会社鈴木
S100JQEA,2020-09-25,2020-09-25 12:00,99420,2019-07-01,2020-06-30,株式会社ジョイフル
S100JQ4T,2020-09-25,2020-09-25 12:28,48470,2019-07-01,2020-06-30,株式会社インテリジェント　ウェイブ
S100JQZS,2020-09-25,2020-09-25 13:31,78120,2019-07-01,2020-06-30,株式会社クレステック
S100JQX7,2020-09-25,2020-09-25 13:34,30760,2019-07-01,2020-06-30,あいホールディングス株式会社
S100JR54,2020-09-25,2020-09-25 13:43,73200,2019-07-01,2020-06-30,日本リビング保証株式会社
S100JQF4,2020-09-25,2020-09-25 13:55,59980,2019-04-01,2020-03-31,株式会社　アドバネクス
S100JR57,2020-09-25,2020-09-25 14:22,43350,2019-07-01,2020-06-30,株式会社アイ・ピー・エス
S100JP28,2020-09-25,2020-09-25 15:00,76710,2019-07-01,2020-06-30,株式会社ＡｍｉｄＡホールディングス
S100JQYB,2020-09-25,2020-09-25 15:00,95140,2019-07-01,2020-06-30,株式会社エフオン
S100JR4C,2020-09-25,2020-09-25 15:00,34570,2019-07-01,2020-06-30,株式会社ハウスドゥ
S100JQVH,2020-09-25,2020-09-25 15:00,43850,2019-07-01,2020-06-30,株式会社メルカリ
S100JR2M,2020-09-25,2020-09-25 15:02,66280,2019-04-01,2020-03-31,オンキヨー株式会社
S100JR7D,2020-09-25,2020-09-25 15:08,39840,2019-07-01,2020-06-30,株式会社ユーザーローカル
S100JQD1,2020-09-25,2020-09-25 15:30,44950,2019-07-01,2020-06-30,株式会社アイキューブドシステムズ
S100JQMV,2020-09-25,2020-09-25 15:44,24280,2019-07-01,2020-06-30,ウェルネット株式会社
S100JR00,2020-09-25,2020-09-25 15:48,60380,2019-07-01,2020-06-30,株式会社イード
S100JQFY,2020-09-25,2020-09-25 15:54,94170,2019-07-01,2020-06-30,株式会社スマートバリュー
S100JQT3,2020-09-25,2020-09-25 16:05,77810,2019-07-01,2020-06-30,株式会社平山ホールディングス
S100JQU3,2020-09-25,2020-09-25 16:06,31350,2019-07-01,2020-06-30,株式会社マーケットエンタープライズ
S100JR4S,2020-09-25,2020-09-25 16:10,28200,2019-07-01,2020-06-30,株式会社やまみ
S100JR98,2020-09-25,2020-09-25 16:30,65420,2019-07-01,2020-06-30,株式会社ＦＣホールディングス
S100JQRU,2020-09-28,2020-09-28 09:01,68740,2019-07-01,2020-06-30,協立電機株式会社
S100JQNS,2020-09-28,2020-09-28 09:24,61560,2019-07-01,2020-06-30,株式会社エーワン精密
S100JQOA,2020-09-28,2020-09-28 09:40,23850,2019-07-01,2020-06-30,株式会社総医研ホールディングス
S100JQT0,2020-09-28,2020-09-28 09:46,34260,2019-07-01,2020-06-30,アトムリビンテック株式会社
S100JR8K,2020-09-28,2020-09-28 09:54,17160,2019-07-01,2020-06-30,第一カッター興業株式会社
S100JR7I,2020-09-28,2020-09-28 09:57,76740,2019-07-01,2020-06-30,株式会社ＮＡＴＴＹ　ＳＷＡＮＫＹ
S100JREJ,2020-09-28,2020-09-28 10:08,17880,2019-07-01,2020-06-30,株式会社三東工業社
S100JR7R,2020-09-28,2020-09-28 10:11,14140,2019-07-01,2020-06-30,ショーボンドホールディングス株式会社
S100JR9I,2020-09-28,2020-09-28 10:32,65710,2019-07-01,2020-06-30,キュービーネットホールディングス株式会社
S100JR9E,2020-09-28,2020-09-28 11:05,89120,2019-07-01,2020-06-30,株式会社エリアクエスト
S100JRH0,2020-09-28,2020-09-28 11:20,60620,2019-07-01,2020-06-30,株式会社チャーム・ケア・コーポレーション
S100JRIL,2020-09-28,2020-09-28 11:51,53800,2019-07-01,2020-06-30,新東株式会社
S100JRG1,2020-09-28,2020-09-28 12:03,32860,2019-07-01,2020-06-30,トラストホールディングス株式会社
S100JREM,2020-09-28,2020-09-28 12:47,36250,2019-07-01,2020-06-30,テックファームホールディングス株式会社
S100JQPR,2020-09-28,2020-09-28 13:00,39600,2019-07-01,2020-06-30,株式会社バリューデザイン
S100JQQ4,2020-09-28,2020-09-28 13:31,93610,2019-07-01,2020-06-30,伏木海陸運送株式会社
S100JRGZ,2020-09-28,2020-09-28 14:11,89280,2019-07-01,2020-06-30,穴吹興産株式会社
S100JR67,2020-09-28,2020-09-28 14:37,33260,2019-07-01,2020-06-30,株式会社ランシステム
S100JR2C,2020-09-28,2020-09-28 15:01,78260,2019-07-01,2020-06-30,株式会社フルヤ金属
S100JRLD,2020-09-28,2020-09-28 15:02,14310,2019-07-01,2020-06-30,株式会社Ｌｉｂ　Ｗｏｒｋ
S100JQT4,2020-09-28,2020-09-28 15:04,65470,2019-07-01,2020-06-30,株式会社グリーンズ
S100JRFI,2020-09-28,2020-09-28 15:05,48450,2019-07-01,2020-06-30,株式会社スカラ
S100JRDR,2020-09-28,2020-09-28 15:27,30820,2019-07-01,2020-06-30,株式会社きちりホールディングス
S100JREX,2020-09-28,2020-09-28 15:30,31400,2019-07-01,2020-06-30,株式会社イデアインターナショナル
S100JRNM,2020-09-28,2020-09-28 15:33,21720,2019-07-01,2020-06-30,株式会社インサイト
S100JRL3,2020-09-28,2020-09-28 15:45,60610,2019-07-01,2020-06-30,株式会社ユニバーサル園芸社
S100JRPT,2020-09-28,2020-09-28 15:57,92730,2019-07-01,2020-06-30,コーア商事ホールディングス株式会社
S100JRHS,2020-09-28,2020-09-28 16:00,61950,2019-07-01,2020-06-30,株式会社ホープ
S100JRJN,2020-09-28,2020-09-28 16:03,36600,2019-07-01,2020-06-30,株式会社アイスタイル
S100JROL,2020-09-28,2020-09-28 16:13,80700,2019-04-01,2020-03-31,東京産業株式会社
S100JRMZ,2020-09-28,2020-09-28 16:25,66620,2019-07-01,2020-06-30,株式会社ユビテック
S100JRQV,2020-09-28,2020-09-28 16:41,47670,2019-07-01,2020-06-30,株式会社テー・オー・ダブリュー
S100JRT9,2020-09-29,2020-09-29 09:56,69200,2019-07-01,2020-06-30,レーザーテック株式会社
S100JRXE,2020-09-29,2020-09-29 09:59,32420,2019-07-01,2020-06-30,株式会社アーバネットコーポレーション
S100JPUT,2020-09-29,2020-09-29 10:59,19990,2019-07-01,2020-06-30,サイタホールディングス株式会社
S100JR14,2020-09-29,2020-09-29 11:26,13820,2019-07-01,2020-06-30,株式会社ホーブ
S100JRU5,2020-09-29,2020-09-29 11:46,60360,2019-07-01,2020-06-30,ＫｅｅＰｅｒ技研株式会社
S100JRPN,2020-09-29,2020-09-29 13:00,60900,2019-07-01,2020-06-30,ヒューマン・メタボローム・テクノロジーズ株式会社
S100JRM2,2020-09-29,2020-09-29 13:02,29040,2019-07-01,2020-06-30,一正蒲鉾株式会社
S100JS4S,2020-09-29,2020-09-29 13:32,21800,2019-07-01,2020-06-30,株式会社サニーサイドアップ
S100JS7N,2020-09-29,2020-09-29 14:19,65970,2019-07-01,2020-06-30,ＨＰＣシステムズ株式会社
S100JRSR,2020-09-29,2020-09-29 15:00,44780,2019-07-01,2020-06-30,フリー株式会社
S100JRF5,2020-09-29,2020-09-29 15:01,62390,2019-07-01,2020-06-30,株式会社ナガオカ
S100JRRO,2020-09-29,2020-09-29 15:02,78090,2019-07-01,2020-06-30,株式会社壽屋
S100JQK2,2020-09-29,2020-09-29 15:05,24770,2019-07-01,2020-06-30,手間いらず株式会社
S100JRLF,2020-09-29,2020-09-29 15:06,40540,2019-07-01,2020-06-30,日本情報クリエイト株式会社
S100JRKG,2020-09-29,2020-09-29 15:07,49760,2019-07-01,2020-06-30,東洋ドライルーブ株式会社
S100JQPI,2020-09-29,2020-09-29 15:21,30280,2019-07-01,2020-06-30,株式会社アルペン
S100JRED,2020-09-29,2020-09-29 15:28,94210,2019-04-01,2020-06-30,株式会社エヌジェイホールディングス
S100JR65,2020-09-29,2020-09-29 15:29,36550,2019-07-01,2020-06-30,株式会社ブレインパッド
S100JR73,2020-09-29,2020-09-29 15:31,43260,2019-04-01,2020-06-30,株式会社インテージホールディングス
S100JS70,2020-09-29,2020-09-29 15:34,61750,2019-07-01,2020-06-30,株式会社ネットマーケティング
S100JRCI,2020-09-29,2020-09-29 15:35,63550,2019-04-01,2020-03-31,住友精密工業株式会社
S100JRWG,2020-09-29,2020-09-29 15:35,75320,2019-07-01,2020-06-30,株式会社パン・パシフィック・インターナショナルホールディングス
S100JS6H,2020-09-29,2020-09-29 16:03,60280,2019-07-01,2020-06-30,テクノプロ・ホールディングス株式会社
S100JRLO,2020-09-29,2020-09-29 16:10,45750,2019-07-01,2020-06-30,株式会社キャンバス
S100JS9W,2020-09-29,2020-09-29 16:11,38560,2019-07-01,2020-06-30,Ａｂａｌａｎｃｅ株式会社
S100JRVZ,2020-09-29,2020-09-29 16:17,56980,2019-07-01,2020-06-30,株式会社エンビプロ・ホールディングス
S100JRDA,2020-09-29,2020-09-29 16:18,94390,2019-07-01,2020-06-30,株式会社エム・エイチ・グループ
S100JS7R,2020-09-29,2020-09-29 16:21,31540,2019-07-01,2020-06-30,メディアスホールディングス株式会社
S100JRQS,2020-09-29,2020-09-29 16:33,19540,2019-07-01,2020-06-30,日本工営株式会社
S100JRQB,2020-09-29,2020-09-29 16:39,67280,2019-07-01,2020-06-30,株式会社　アルバック
S100JSFI,2020-09-29,2020-09-29 16:51,98120,2019-06-01,2020-05-31,株式会社テーオーホールディングス
S100JSFX,2020-09-29,2020-09-29 16:54,17640,2019-07-01,2020-06-30,工藤建設株式会社
S100JRTG,2020-09-30,2020-09-30 09:00,75000,2019-07-01,2020-06-30,西川計測株式会社
S100JRT1,2020-09-30,2020-09-30 09:13,90280,2019-07-01,2020-06-30,株式会社ゼロ
S100JSCR,2020-09-30,2020-09-30 09:18,52830,2019-07-01,2020-06-30,株式会社高見澤
S100JSCO,2020-09-30,2020-09-30 09:22,63270,2019-07-01,2020-06-30,北川精機株式会社
S100JS1F,2020-09-30,2020-09-30 09:42,77470,2019-07-01,2020-06-30,朝日インテック株式会社
S100JSE4,2020-09-30,2020-09-30 09:49,46570,2019-07-01,2020-06-30,株式会社環境管理センター
S100JQEC,2020-09-30,2020-09-30 09:53,99660,2019-07-01,2020-06-30,藤久株式会社
S100JQE6,2020-09-30,2020-09-30 10:02,35380,2019-07-01,2020-06-30,株式会社ウイルプラスホールディングス
S100JSK6,2020-09-30,2020-09-30 10:26,35970,2019-07-01,2020-06-30,株式会社自重堂
S100JSIF,2020-09-30,2020-09-30 10:49,33580,2019-04-01,2020-03-31,ワイエスフード株式会社
S100JSC3,2020-09-30,2020-09-30 10:58,56900,2019-07-01,2020-06-30,リバーホールディングス株式会社
S100JSOI,2020-09-30,2020-09-30 11:01,77070,2019-07-01,2020-06-30,プレシジョン・システム・サイエンス株式会社
S100JS9G,2020-09-30,2020-09-30 11:02,43960,2019-07-01,2020-06-30,株式会社システムサポート
S100JSPW,2020-09-30,2020-09-30 11:19,34690,2019-07-01,2020-06-30,株式会社デュアルタップ
S100JSQ0,2020-09-30,2020-09-30 11:25,94500,2019-07-01,2020-06-30,株式会社ファイバーゲート
S100JSP8,2020-09-30,2020-09-30 11:33,93180,2019-04-01,2020-03-31,アジア開発キャピタル株式会社
S100JSIV,2020-09-30,2020-09-30 11:36,22260,2019-07-01,2020-06-30,株式会社湖池屋
S100JSR4,2020-09-30,2020-09-30 11:48,39860,2019-07-01,2020-06-30,株式会社ビーブレイクシステムズ
S100JSRW,2020-09-30,2020-09-30 12:08,36390,2019-07-01,2020-06-30,株式会社ボルテージ
S100JS4X,2020-09-30,2020-09-30 12:08,30410,2019-07-01,2020-06-30,株式会社ビューティ花壇
S100JSQT,2020-09-30,2020-09-30 12:09,36280,2019-07-01,2020-06-30,株式会社データホライゾン
S100JSWR,2020-09-30,2020-09-30 14:26,59870,2019-07-01,2020-06-30,株式会社オーネックス
S100JSTD,2020-09-30,2020-09-30 15:00,21540,2019-07-01,2020-06-30,株式会社ビーネックスグループ
S100JSSR,2020-09-30,2020-09-30 15:00,40520,2019-07-01,2020-06-30,フィーチャ株式会社
S100JP2Q,2020-09-30,2020-09-30 15:00,49300,2019-07-01,2020-06-30,株式会社グラフィコ
S100JSI6,2020-09-30,2020-09-30 15:01,33000,2019-07-01,2020-06-30,株式会社ＡＭＢＩＴＩＯＮ
S100JSZS,2020-09-30,2020-09-30 15:31,65310,2019-07-01,2020-06-30,リファインバース株式会社
S100JT1F,2020-09-30,2020-09-30 15:36,45260,2019-04-01,2020-03-31,理研ビタミン株式会社
S100JSZ2,2020-09-30,2020-09-30 15:36,34460,2019-07-01,2020-06-30,株式会社ジェイテックコーポレーション
S100JSY2,2020-09-30,2020-09-30 15:38,39780,2019-07-01,2020-06-30,株式会社マクロミル
S100JSIG,2020-09-30,2020-09-30 15:40,38080,2019-07-01,2020-06-30,株式会社オウケイウェイヴ
S100JT2J,2020-09-30,2020-09-30 15:48,32710,2019-07-01,2020-06-30,株式会社　ＴＨＥグローバル社
S100JT2N,2020-09-30,2020-09-30 15:49,61920,2019-05-01,2020-04-30,ハイアス・アンド・カンパニー株式会社
S100JSRS,2020-09-30,2020-09-30 15:57,27620,2019-07-01,2020-06-30,株式会社　三光マーケティングフーズ
S100JSY9,2020-09-30,2020-09-30 16:00,60310,2019-07-01,2020-06-30,サイジニア株式会社
S100JT30,2020-09-30,2020-09-30 16:01,73250,2019-07-01,2020-06-30,株式会社アイリックコーポレーション
S100JSDR,2020-09-30,2020-09-30 16:04,36320,2019-07-01,2020-06-30,グリー株式会社
S100JT2X,2020-09-30,2020-09-30 16:06,68150,2019-04-01,2020-03-31,ユニデンホールディングス株式会社
S100JT3Z,2020-09-30,2020-09-30 16:17,39160,2019-07-01,2020-06-30,デジタル・インフォメーション・テクノロジー株式会社
S100JT5X,2020-09-30,2020-09-30 17:15,92630,2019-05-01,2020-04-30,株式会社ビジョナリーホールディングス
S100JW42,2020-10-12,2020-10-12 13:36,80570,2019-07-21,2020-07-20,株式会社内田洋行
S100JW5F,2020-10-12,2020-10-12 16:23,66750,2019-04-01,2020-03-31,サクサホールディングス株式会社
S100JXAQ,2020-10-15,2020-10-15 12:40,46990,2019-07-21,2020-07-20,ウチダエスコ株式会社
S100JX84,2020-10-16,2020-10-16 14:21,63870,2019-08-01,2020-07-31,サムコ　株式会社
S100JXLI,2020-10-20,2020-10-20 14:24,23910,2019-08-01,2020-07-31,株式会社プラネット
S100JXU5,2020-10-20,2020-10-20 16:04,35390,2019-08-01,2020-07-31,株式会社ＪＭホールディングス
S100JY6D,2020-10-20,2020-10-20 16:54,29290,2019-08-01,2020-07-31,株式会社ファーマフーズ
S100JXTA,2020-10-21,2020-10-21 13:40,31930,2019-08-01,2020-07-31,株式会社鳥貴族
S100JY8K,2020-10-23,2020-10-23 09:58,48240,2019-08-01,2020-07-31,株式会社メディアシーク
S100JYMB,2020-10-23,2020-10-23 15:02,60400,2019-08-01,2020-07-31,日本スキー場開発株式会社
S100JYRT,2020-10-23,2020-10-23 15:39,60370,2019-08-01,2020-07-31,株式会社ファーストロジック
S100JYGQ,2020-10-23,2020-10-23 15:49,34210,2019-08-01,2020-07-31,株式会社稲葉製作所
S100JYRR,2020-10-23,2020-10-23 16:44,78100,2019-08-01,2020-07-31,株式会社クロスフォー
S100JXQG,2020-10-26,2020-10-26 09:08,62670,2019-08-01,2020-07-31,ゼネラルパッカー株式会社
S100JYSH,2020-10-26,2020-10-26 14:10,31720,2019-08-01,2020-07-31,ティーライフ株式会社
S100JYZR,2020-10-26,2020-10-26 15:07,65350,2019-08-01,2020-07-31,株式会社アイモバイル
S100JYUB,2020-10-26,2020-10-26 15:32,38160,2019-08-01,2020-07-31,株式会社大和コンピューター
S100JZ6G,2020-10-27,2020-10-27 15:25,78500,2019-08-01,2020-07-31,総合商研株式会社
S100JZBS,2020-10-28,2020-10-28 09:45,78030,2019-08-01,2020-07-31,株式会社ブシロード
S100JZ0H,2020-10-28,2020-10-28 10:04,60910,2019-08-01,2020-07-31,株式会社ウエスコホールディングス
S100JWT3,2020-10-28,2020-10-28 10:55,18440,2019-08-01,2020-07-31,株式会社大盛工業
S100JZ47,2020-10-28,2020-10-28 11:56,34580,2019-08-01,2020-07-31,株式会社シーアールイー
S100JZCR,2020-10-28,2020-10-28 12:49,92620,2019-08-01,2020-07-31,株式会社シルバーライフ
S100JZ41,2020-10-28,2020-10-28 15:00,36620,2019-08-01,2020-07-31,株式会社エイチーム
S100JXCC,2020-10-28,2020-10-28 15:05,65770,2019-08-01,2020-07-31,株式会社ベストワンドットコム
S100JZEF,2020-10-28,2020-10-28 15:08,43840,2019-08-01,2020-07-31,ラクスル株式会社
S100JYVM,2020-10-28,2020-10-28 15:44,14440,2019-08-01,2020-07-31,株式会社ニッソウ
S100JZ7W,2020-10-28,2020-10-28 16:47,44220,2019-08-01,2020-07-31,ＶＡＬＵＥＮＥＸ株式会社
S100JZQ0,2020-10-29,2020-10-29 10:40,34410,2019-08-01,2020-07-31,株式会社山王
S100JZN0,2020-10-29,2020-10-29 12:00,76920,2019-08-01,2020-07-31,株式会社アースインフィニティ
S100JZFQ,2020-10-29,2020-10-29 13:25,38540,2019-08-01,2020-07-31,株式会社アイル
S100JZTQ,2020-10-29,2020-10-29 14:00,70970,2019-08-01,2020-07-31,株式会社さくらさくプラス
S100JZTO,2020-10-29,2020-10-29 14:04,45990,2019-08-01,2020-07-31,株式会社ステムリム
S100JZT2,2020-10-29,2020-10-29 15:00,44460,2019-08-01,2020-07-31,株式会社Ｌｉｎｋ－Ｕ
S100JZNI,2020-10-29,2020-10-29 15:00,76820,2019-08-01,2020-07-31,株式会社浜木綿
S100JZ6F,2020-10-29,2020-10-29 15:00,39880,2019-08-01,2020-07-31,株式会社ＳＹＳホールディングス
S100JZKF,2020-10-29,2020-10-29 15:20,67780,2019-08-01,2020-07-31,株式会社アルチザネットワークス
S100JYFI,2020-10-29,2020-10-29 15:30,24240,2019-08-01,2020-07-31,株式会社ブラス
S100JZME,2020-10-29,2020-10-29 15:34,29780,2019-08-01,2020-07-31,株式会社ツクルバ
S100JZWT,2020-10-30,2020-10-30 10:47,89270,2019-08-01,2020-07-31,株式会社明豊エンタープライズ
S100JZZO,2020-10-30,2020-10-30 10:58,40140,2019-08-01,2020-07-31,株式会社カラダノート
S100JY2W,2020-10-30,2020-10-30 12:09,39300,2019-08-01,2020-07-31,株式会社はてな
S100JZLG,2020-10-30,2020-10-30 12:26,89250,2019-08-01,2020-07-31,株式会社アルデプロ
S100K029,2020-10-30,2020-10-30 14:13,67210,2019-08-01,2020-07-31,ウインテスト株式会社
S100JTYL,2020-10-30,2020-10-30 15:00,34970,2019-08-01,2020-07-31,株式会社リーガル不動産
S100K02S,2020-10-30,2020-10-30 15:01,34180,2019-08-01,2020-07-31,株式会社バルニバービ
S100JZ80,2020-10-30,2020-10-30 15:20,23530,2019-08-01,2020-07-31,日本駐車場開発株式会社
S100K4CO,2020-11-12,2020-11-12 10:00,94140,2019-09-01,2020-08-31,日本ＢＳ放送株式会社
S100K48R,2020-11-13,2020-11-13 09:09,78700,2019-08-21,2020-08-20,福島印刷株式会社
S100K088,2020-11-13,2020-11-13 13:42,30350,2019-08-21,2020-08-20,ケイティケイ株式会社
S100K81T,2020-11-19,2020-11-19 11:39,74470,2019-09-01,2020-08-31,ナガイレーベン株式会社
S100K87V,2020-11-20,2020-11-20 09:27,75130,2019-09-01,2020-08-31,株式会社コジマ
S100K8EM,2020-11-20,2020-11-20 09:58,30480,2019-09-01,2020-08-31,株式会社ビックカメラ
S100K8FL,2020-11-20,2020-11-20 11:11,76070,2019-09-01,2020-08-31,株式会社進和
S100K84P,2020-11-20,2020-11-20 13:12,19970,2019-09-01,2020-08-31,暁飯島工業株式会社
S100K8DU,2020-11-20,2020-11-20 15:40,61590,2019-09-01,2020-08-31,ミクロン精密株式会社
S100K8EE,2020-11-20,2020-11-20 15:46,92700,2019-09-01,2020-08-31,バリュエンスホールディングス株式会社
S100K8M9,2020-11-20,2020-11-20 16:18,38150,2019-09-01,2020-08-31,株式会社メディア工房
S100K7NN,2020-11-24,2020-11-24 09:33,81270,2019-09-01,2020-08-31,ヤマトインターナショナル株式会社
S100K8OC,2020-11-24,2020-11-24 15:30,35600,2019-09-01,2020-08-31,株式会社ほぼ日
S100K8Y7,2020-11-25,2020-11-25 09:41,46680,2019-09-01,2020-08-31,株式会社明光ネットワークジャパン
S100K8NO,2020-11-25,2020-11-25 13:26,29270,2019-09-01,2020-08-31,株式会社ＡＦＣ－ＨＤアムスライフサイエンス
S100K92A,2020-11-25,2020-11-25 14:02,75140,2019-09-01,2020-08-31,株式会社　ヒマラヤ
S100K8MV,2020-11-25,2020-11-25 14:26,14070,2019-09-01,2020-08-31,株式会社ウエストホールディングス
S100K931,2020-11-25,2020-11-25 15:32,27350,2019-09-01,2020-08-31,株式会社ワッツ
S100K8PJ,2020-11-25,2020-11-25 16:02,61960,2019-09-01,2020-08-31,株式会社ストライク
S100K97E,2020-11-26,2020-11-26 09:10,35360,2019-09-01,2020-08-31,アクサスホールディングス株式会社
S100K97R,2020-11-26,2020-11-26 10:02,62890,2019-09-01,2020-08-31,株式会社技研製作所
S100K9AK,2020-11-26,2020-11-26 10:02,99780,2019-09-01,2020-08-31,株式会社文教堂グループホールディングス
S100K94L,2020-11-26,2020-11-26 10:58,34400,2019-09-01,2020-08-31,日創プロニティ株式会社
S100K98D,2020-11-26,2020-11-26 11:50,43970,2019-09-01,2020-08-31,株式会社チームスピリット
S100K95P,2020-11-26,2020-11-26 12:08,36070,2019-09-01,2020-08-31,株式会社クラウディアホールディングス
S100K8RM,2020-11-26,2020-11-26 13:23,60480,2019-09-01,2020-08-31,株式会社デザインワン・ジャパン
S100K8TS,2020-11-26,2020-11-26 13:31,31680,2019-09-01,2020-08-31,黒谷株式会社
S100K94D,2020-11-26,2020-11-26 13:32,77300,2019-09-01,2020-08-31,マニー株式会社
S100K9F1,2020-11-26,2020-11-26 13:40,44390,2019-09-01,2020-08-31,株式会社東名
S100K938,2020-11-26,2020-11-26 14:08,75810,2019-09-01,2020-08-31,株式会社サイゼリヤ
S100K9G2,2020-11-26,2020-11-26 14:15,60250,2019-09-01,2020-08-31,日本ＰＣサービス株式会社
S100K90G,2020-11-26,2020-11-26 14:39,14340,2019-09-01,2020-08-31,ＪＥＳＣＯホールディングス株式会社
S100K9DH,2020-11-26,2020-11-26 14:53,24490,2019-09-01,2020-08-31,株式会社プラップジャパン
S100K9F3,2020-11-26,2020-11-26 15:00,70650,2019-09-01,2020-08-31,ユーピーアール株式会社
S100K96F,2020-11-26,2020-11-26 15:00,39870,2019-04-01,2020-08-31,エコモット株式会社
S100K9C5,2020-11-26,2020-11-26 15:00,70850,2019-09-01,2020-08-31,株式会社カーブスホールディングス
S100K8TH,2020-11-26,2020-11-26 15:01,70350,2019-09-01,2020-08-31,ａｎｄ　ｆａｃｔｏｒｙ株式会社
S100K998,2020-11-26,2020-11-26 15:30,73520,2019-09-01,2020-08-31,株式会社Ｂｒａｎｄｉｎｇ　Ｅｎｇｉｎｅｅｒ
S100K9IF,2020-11-26,2020-11-26 15:35,39910,2019-09-01,2020-08-31,ウォンテッドリー株式会社
S100K9GI,2020-11-26,2020-11-26 15:40,89040,2019-09-01,2020-08-31,株式会社ＡＶＡＮＴＩＡ
S100K99I,2020-11-26,2020-11-26 15:47,30450,2019-09-01,2020-08-31,株式会社カワサキ
S100K8ZP,2020-11-26,2020-11-26 16:03,44400,2019-09-01,2020-08-31,株式会社ヴィッツ
S100K971,2020-11-26,2020-11-26 16:06,30460,2019-09-01,2020-08-31,株式会社ジンズホールディングス
S100K9IP,2020-11-27,2020-11-27 09:00,99830,2019-09-01,2020-08-31,株式会社ファーストリテイリング
S100K9GT,2020-11-27,2020-11-27 09:06,81840,2019-09-01,2020-08-31,株式会社島忠
S100K90F,2020-11-27,2020-11-27 09:28,47600,2019-09-01,2020-08-31,株式会社アルファ
S100K9EY,2020-11-27,2020-11-27 10:03,34980,2019-09-01,2020-08-31,霞ヶ関キャピタル株式会社
S100K9M3,2020-11-27,2020-11-27 10:09,79280,2019-09-01,2020-08-31,旭化学工業株式会社
S100K9JT,2020-11-27,2020-11-27 10:15,47280,2019-09-01,2020-08-31,株式会社トーセ
S100K9PZ,2020-11-27,2020-11-27 11:03,33760,2019-09-01,2020-08-31,株式会社オンリー
S100K9LU,2020-11-27,2020-11-27 11:38,61990,2019-09-01,2020-08-31,株式会社セラク
S100K9F0,2020-11-27,2020-11-27 13:30,72190,2019-09-01,2020-08-31,株式会社エッチ・ケー・エス
S100K9P6,2020-11-27,2020-11-27 13:30,66680,2019-09-01,2020-08-31,株式会社アドテックプラズマテクノロジー
S100K983,2020-11-27,2020-11-27 14:01,27360,2019-09-01,2020-08-31,フェスタリアホールディングス株式会社
S100K9TM,2020-11-27,2020-11-27 14:05,21640,2019-09-01,2020-08-31,株式会社地域新聞社
S100K9AE,2020-11-27,2020-11-27 15:00,92640,2019-09-01,2020-08-31,ポエック株式会社
S100K9SY,2020-11-27,2020-11-27 15:00,35410,2019-09-01,2020-08-31,株式会社農業総合研究所
S100K9FR,2020-11-27,2020-11-27 15:04,32280,2019-09-01,2020-08-31,株式会社三栄建築設計
S100K9JC,2020-11-27,2020-11-27 15:10,31740,2019-09-01,2020-08-31,株式会社ハピネス・アンド・ディ
S100K9ML,2020-11-27,2020-11-27 15:10,21570,2019-09-01,2020-08-31,株式会社コシダカホールディングス
S100K9DB,2020-11-27,2020-11-27 15:15,78180,2019-09-01,2020-08-31,株式会社トランザクション
S100K99M,2020-11-27,2020-11-27 15:18,24040,2019-09-01,2020-08-31,株式会社鉄人化計画
S100K9M6,2020-11-27,2020-11-27 16:00,36970,2019-09-01,2020-08-31,株式会社ＳＨＩＦＴ
S100K99N,2020-11-27,2020-11-27 16:16,24840,2019-09-01,2020-08-31,株式会社出前館
S100K9XO,2020-11-27,2020-11-27 16:26,74450,2019-09-01,2020-08-31,株式会社ライトオン
S100KA0X,2020-11-30,2020-11-30 09:32,74530,2020-03-01,2020-08-31,株式会社　良品計画
S100K9VJ,2020-11-30,2020-11-30 09:43,62550,2019-09-01,2020-08-31,株式会社エヌ・ピー・シー
S100K91P,2020-11-30,2020-11-30 10:01,31890,2019-09-01,2020-08-31,株式会社ＡＮＡＰ
S100KA2D,2020-11-30,2020-11-30 10:46,62640,2019-09-01,2020-08-31,株式会社マルマエ
S100K9YR,2020-11-30,2020-11-30 11:42,94180,2019-09-01,2020-08-31,株式会社ＵＳＥＮ－ＮＥＸＴ　ＨＯＬＤＩＮＧＳ
S100KA43,2020-11-30,2020-11-30 12:04,36470,2019-09-01,2020-08-31,株式会社ジー・スリーホールディングス
S100K9ZZ,2020-11-30,2020-11-30 14:56,44330,2019-09-01,2020-08-31,株式会社ヒト・コミュニケーションズ・ホールディングス
S100K9YM,2020-11-30,2020-11-30 15:01,73510,2019-09-01,2020-08-31,株式会社グッドパッチ
S100KA6M,2020-11-30,2020-11-30 15:33,38230,2019-09-01,2020-08-31,株式会社アクロディア
S100KA37,2020-11-30,2020-11-30 16:25,99790,2019-09-01,2020-08-31,株式会社大庄
S100KAP2,2020-12-04,2020-12-04 15:00,49280,2019-10-01,2020-09-30,株式会社ノエビアホールディングス
S100KBP0,2020-12-11,2020-12-11 14:16,25510,2019-09-21,2020-09-20,マルサンアイ株式会社
S100KCTA,2020-12-14,2020-12-14 10:15,97950,2019-10-01,2020-09-30,株式会社ステップ
S100KD32,2020-12-15,2020-12-15 11:30,61760,2019-10-01,2020-09-30,株式会社ブランジスタ
S100KD5Y,2020-12-15,2020-12-15 15:00,44790,2019-10-01,2020-09-30,株式会社マクアケ
S100KD7H,2020-12-15,2020-12-15 15:22,47510,2019-10-01,2020-09-30,株式会社サイバーエージェント
S100KCTJ,2020-12-15,2020-12-15 15:30,78210,2019-09-21,2020-09-20,前田工繊株式会社
S100KDIO,2020-12-16,2020-12-16 11:37,43460,2019-10-01,2020-09-30,株式会社ネクシィーズグループ
S100KDKE,2020-12-16,2020-12-16 13:57,23090,2019-10-01,2020-09-30,シミックホールディングス株式会社
S100KDE4,2020-12-16,2020-12-16 15:07,32640,2019-10-01,2020-09-30,株式会社アスコット
S100KDTK,2020-12-17,2020-12-17 10:14,70690,2019-10-01,2020-09-30,株式会社サイバー・バズ
S100KDKK,2020-12-17,2020-12-17 13:34,62840,2019-10-01,2020-09-30,日精エー・エス・ビー機械株式会社
S100KDMA,2020-12-17,2020-12-17 14:18,60950,2019-10-01,2020-09-30,メドピア株式会社
S100KDJN,2020-12-17,2020-12-17 15:01,39200,2019-10-01,2020-09-30,アイビーシー株式会社
S100HIYY,2020-12-17,2019-12-20 09:01,75390,2018-10-01,2019-09-30,株式会社アイナボホールディングス
S100KDPI,2020-12-17,2020-12-17 15:05,23700,2019-10-01,2020-09-30,株式会社メディネット
S100KDZR,2020-12-17,2020-12-17 16:37,36870,2019-10-01,2020-09-30,株式会社フィックスターズ
S100KE1E,2020-12-18,2020-12-18 09:13,48090,2019-10-01,2020-09-30,パラカ株式会社
S100KDTD,2020-12-18,2020-12-18 09:16,62770,2019-10-01,2020-09-30,ホソカワミクロン株式会社
S100KE0G,2020-12-18,2020-12-18 09:25,74460,2019-10-01,2020-09-30,東北化学薬品株式会社
S100KE13,2020-12-18,2020-12-18 09:39,75390,2019-10-01,2020-09-30,株式会社アイナボホールディングス
S100KDW6,2020-12-18,2020-12-18 09:51,37230,2019-10-01,2020-09-30,日本ファルコム株式会社
S100KE3E,2020-12-18,2020-12-18 10:42,77110,2019-10-01,2020-09-30,助川電気工業株式会社
S100KE31,2020-12-18,2020-12-18 11:36,94760,2019-10-01,2020-09-30,株式会社中央経済社ホールディングス
S100KE6X,2020-12-18,2020-12-18 11:43,76460,2019-09-21,2020-09-20,株式会社ＰＬＡＮＴ
S100KE6O,2020-12-18,2020-12-18 12:04,36900,2019-10-01,2020-09-30,株式会社イルグルム
S100KECK,2020-12-18,2020-12-18 12:24,98230,2019-10-01,2020-09-30,株式会社マミーマート
S100KDQF,2020-12-18,2020-12-18 12:35,17710,2019-10-01,2020-09-30,日本乾溜工業株式会社
S100KE1D,2020-12-18,2020-12-18 12:40,89440,2019-10-01,2020-09-30,株式会社ランドビジネス
S100KE5K,2020-12-18,2020-12-18 13:00,42820,2019-10-01,2020-09-30,ＥＰＳホールディングス株式会社
S100KDIG,2020-12-18,2020-12-18 13:07,75050,2019-10-01,2020-09-30,扶桑電通株式会社
S100KEEH,2020-12-18,2020-12-18 14:00,36980,2019-10-01,2020-09-30,株式会社ＣＲＩ・ミドルウェア
S100KE2M,2020-12-18,2020-12-18 14:12,92330,2019-10-01,2020-09-30,アジア航測株式会社
S100KDTI,2020-12-18,2020-12-18 14:39,45540,2019-10-01,2020-09-30,富士製薬工業株式会社
S100KEFY,2020-12-18,2020-12-18 14:51,24850,2019-10-01,2020-09-30,株式会社ティア
S100KDRY,2020-12-18,2020-12-18 15:05,43200,2019-10-01,2020-09-30,株式会社ＣＥホールディングス
S100KEGS,2020-12-18,2020-12-18 15:21,37470,2019-10-01,2020-09-30,株式会社インタートレード
S100KDYE,2020-12-18,2020-12-18 15:21,36360,2019-10-01,2020-09-30,株式会社三菱総合研究所
S100KEA2,2020-12-18,2020-12-18 15:24,33280,2019-10-01,2020-09-30,ＢＥＥＮＯＳ株式会社
S100KDZM,2020-12-18,2020-12-18 15:24,69650,2019-10-01,2020-09-30,浜松ホトニクス株式会社
S100KE9R,2020-12-18,2020-12-18 15:25,24530,2019-10-01,2020-09-30,ジャパンベストレスキューシステム株式会社
S100KDBA,2020-12-18,2020-12-18 15:32,41240,2019-10-01,2020-09-30,大阪油化工業株式会社
S100KEBH,2020-12-18,2020-12-18 15:39,96790,2019-10-01,2020-09-30,ホウライ株式会社
S100KEHB,2020-12-18,2020-12-18 15:47,60460,2019-10-01,2020-09-30,株式会社リンクバル
S100KDKU,2020-12-18,2020-12-18 15:52,37120,2019-10-01,2020-09-30,株式会社　情報企画
S100KE5O,2020-12-18,2020-12-18 16:00,70720,2019-10-01,2020-09-30,株式会社インティメート・マージャー
S100KEIP,2020-12-18,2020-12-18 16:10,66770,2019-10-01,2020-09-30,株式会社エスケーエレクトロニクス
S100KDH7,2020-12-21,2020-12-21 09:08,68770,2019-10-01,2020-09-30,ＯＢＡＲＡ　ＧＲＯＵＰ株式会社
S100KCU4,2020-12-21,2020-12-21 09:44,98690,2019-10-01,2020-09-30,加藤産業株式会社
S100KCL4,2020-12-21,2020-12-21 10:20,39390,2019-10-01,2020-09-30,株式会社カナミックネットワーク
S100KEEZ,2020-12-21,2020-12-21 10:20,36720,2019-10-01,2020-09-30,株式会社オルトプラス
S100KEK4,2020-12-21,2020-12-21 10:23,78000,2019-10-01,2020-09-30,株式会社アミファ
S100KEKZ,2020-12-21,2020-12-21 11:02,97460,2019-10-01,2020-09-30,株式会社　ＴＫＣ
S100KELZ,2020-12-21,2020-12-21 11:10,42430,2019-10-01,2020-09-30,株式会社ニックス
S100KEL0,2020-12-21,2020-12-21 11:12,96240,2019-10-01,2020-09-30,株式会社長大
S100KEPT,2020-12-21,2020-12-21 11:19,61940,2019-10-01,2020-09-30,株式会社アトラエ
S100KE7D,2020-12-21,2020-12-21 11:30,60870,2019-10-01,2020-09-30,株式会社アビスト
S100KEQM,2020-12-21,2020-12-21 11:32,62000,2019-10-01,2020-09-30,株式会社インソース
S100KER8,2020-12-21,2020-12-21 12:10,36680,2019-10-01,2020-09-30,株式会社コロプラ
S100KEOS,2020-12-21,2020-12-21 12:50,47690,2019-10-01,2020-09-30,株式会社インフォメーションクリエーティブ
S100KDTZ,2020-12-21,2020-12-21 13:14,96990,2019-10-01,2020-09-30,西尾レントオール株式会社
S100KEP7,2020-12-21,2020-12-21 14:25,60500,2019-10-01,2020-09-30,イー・ガーディアン株式会社
S100KEE4,2020-12-21,2020-12-21 14:31,43930,2019-10-01,2020-09-30,株式会社バンク・オブ・イノベーション
S100KEJL,2020-12-21,2020-12-21 14:59,60800,2019-10-01,2020-09-30,Ｍ＆Ａキャピタルパートナーズ株式会社
S100KEPQ,2020-12-21,2020-12-21 15:01,44990,2019-10-01,2020-09-30,株式会社Ｓｐｅｅｅ
S100KEVB,2020-12-21,2020-12-21 15:02,36890,2019-10-01,2020-09-30,株式会社イグニス
S100KEP8,2020-12-21,2020-12-21 15:04,36910,2019-10-01,2020-09-30,株式会社リアルワールド
S100KEW5,2020-12-21,2020-12-21 15:12,23040,2019-10-01,2020-09-30,株式会社ＣＳＳホールディングス
S100KE3F,2020-12-21,2020-12-21 15:41,29310,2019-10-01,2020-09-30,株式会社ユーグレナ
S100KEOG,2020-12-21,2020-12-21 16:00,24100,2019-10-01,2020-09-30,株式会社キャリアデザインセンター
S100KEVK,2020-12-21,2020-12-21 16:06,40510,2019-10-01,2020-09-30,ＧＭＯフィナンシャルゲート株式会社
S100KEM0,2020-12-21,2020-12-21 16:08,94380,2019-10-01,2020-09-30,株式会社エムティーアイ
S100KEJT,2020-12-21,2020-12-21 16:30,39180,2019-10-01,2020-09-30,ＰＣＩホールディングス株式会社
S100KEYX,2020-12-21,2020-12-21 16:47,87980,2019-10-01,2020-09-30,株式会社アドバンスクリエイト
S100KEZD,2020-12-21,2020-12-21 16:56,57240,2019-10-01,2020-09-30,株式会社アサカ理研
S100KELL,2020-12-21,2020-12-21 16:57,23620,2019-10-01,2020-09-30,株式会社夢真ホールディングス
S100KEUJ,2020-12-21,2020-12-21 17:07,37690,2019-10-01,2020-09-30,ＧＭＯペイメントゲートウェイ株式会社
S100KEZQ,2020-12-21,2020-12-21 17:12,39990,2019-10-01,2020-09-30,ナレッジスイート株式会社
S100KDRH,2020-12-22,2020-12-22 09:42,29170,2019-10-01,2020-09-30,株式会社大森屋
S100KDVV,2020-12-22,2020-12-22 13:10,63160,2019-10-01,2020-09-30,株式会社丸山製作所
S100KEZK,2020-12-22,2020-12-22 13:59,43270,2019-10-01,2020-09-30,日本エス・エイチ・エル株式会社
S100KEPN,2020-12-22,2020-12-22 14:24,17430,2019-10-01,2020-09-30,コーアツ工業株式会社
S100KF35,2020-12-22,2020-12-22 14:29,26670,2019-10-01,2020-09-30,株式会社イメージワン
S100KEWC,2020-12-22,2020-12-22 14:35,31760,2019-10-01,2020-09-30,三洋貿易株式会社
S100KF9F,2020-12-22,2020-12-22 14:41,17950,2019-10-01,2020-09-30,株式会社マサル
S100KF7U,2020-12-22,2020-12-22 15:01,36240,2019-10-01,2020-09-30,アクセルマーク株式会社
S100KEIA,2020-12-22,2020-12-22 15:02,24980,2019-10-01,2020-09-30,株式会社オリエンタルコンサルタンツホールディングス
S100KEY0,2020-12-22,2020-12-22 15:03,34610,2019-10-01,2020-09-30,株式会社パルマ
S100KCYG,2020-12-22,2020-12-22 15:05,42930,2019-10-01,2020-09-30,株式会社セプテーニ・ホールディングス
S100KFA6,2020-12-22,2020-12-22 15:30,39920,2019-10-01,2020-09-30,株式会社ニーズウェル
S100KEJZ,2020-12-22,2020-12-22 16:00,34960,2019-10-01,2020-09-30,株式会社アズーム
S100KEN5,2020-12-22,2020-12-22 16:00,36770,2019-10-01,2020-09-30,株式会社システム情報
S100KF9B,2020-12-22,2020-12-22 16:06,65630,2019-10-01,2020-09-30,株式会社みらいワークス
S100KE12,2020-12-22,2020-12-22 16:16,78190,2019-10-01,2020-09-30,粧美堂株式会社
S100KFC1,2020-12-23,2020-12-23 09:10,35560,2019-10-01,2020-09-30,リネットジャパングループ株式会社
S100KF8F,2020-12-23,2020-12-23 09:10,29260,2019-10-01,2020-09-30,株式会社　篠崎屋
S100KFEH,2020-12-23,2020-12-23 09:13,26520,2019-10-01,2020-09-30,株式会社まんだらけ
S100KF92,2020-12-23,2020-12-23 09:51,76430,2019-10-01,2020-09-30,株式会社ダイイチ
S100KEKR,2020-12-23,2020-12-23 10:31,96410,2019-10-01,2020-09-30,サコス株式会社
S100KFGJ,2020-12-23,2020-12-23 10:53,70410,2019-10-01,2020-09-30,ＣＲＧホールディングス株式会社
S100KEVW,2020-12-23,2020-12-23 11:05,43990,2019-10-01,2020-09-30,株式会社くふうカンパニー
S100KFCN,2020-12-23,2020-12-23 13:27,61980,2019-10-01,2020-09-30,株式会社キャリア
S100KC16,2020-12-23,2020-12-23 14:28,17890,2019-10-01,2020-09-30,株式会社ＥＴＳホールディングス
S100KFJS,2020-12-23,2020-12-23 14:33,61890,2019-10-01,2020-09-30,株式会社グローバルキッズＣＯＭＰＡＮＹ
S100KFB7,2020-12-23,2020-12-23 14:36,34940,2019-10-01,2020-09-30,株式会社マリオン
S100KFBE,2020-12-23,2020-12-23 14:46,28740,2019-10-01,2020-09-30,横浜冷凍株式会社
S100KFCI,2020-12-23,2020-12-23 14:51,75270,2019-10-01,2020-09-30,株式会社システムソフト
S100KEZL,2020-12-23,2020-12-23 15:00,36740,2019-10-01,2020-09-30,株式会社オークファン
S100KF3Y,2020-12-23,2020-12-23 15:03,17830,2019-10-01,2020-09-30,株式会社アジアゲートホールディングス
S100KFE3,2020-12-23,2020-12-23 15:20,87890,2019-10-01,2020-09-30,フィンテック　グローバル株式会社
S100KFLV,2020-12-23,2020-12-23 15:33,44210,2019-10-01,2020-09-30,株式会社ディ・アイ・システム
S100KFLA,2020-12-23,2020-12-23 15:35,59210,2019-10-01,2020-09-30,川岸工業株式会社
S100KFEA,2020-12-23,2020-12-23 16:00,71480,2019-10-01,2020-09-30,株式会社ＦＰＧ
S100KFMC,2020-12-23,2020-12-23 16:09,60940,2019-10-01,2020-09-30,株式会社フリークアウト・ホールディングス
S100KFNB,2020-12-23,2020-12-23 16:14,39930,2019-10-01,2020-09-30,株式会社ＰＫＳＨＡ　Ｔｅｃｈｎｏｌｏｇｙ
S100KFEF,2020-12-23,2020-12-23 16:45,37260,2019-10-01,2020-09-30,株式会社フォーシーズホールディングス
S100KFEX,2020-12-23,2020-12-23 17:04,44270,2019-10-01,2020-09-30,株式会社ＥｄｕＬａｂ
S100KFQ4,2020-12-24,2020-12-24 09:30,39850,2019-10-01,2020-09-30,テモナ株式会社
S100KFCO,2020-12-24,2020-12-24 09:55,62330,2019-10-01,2020-09-30,極東産機株式会社
S100KFNA,2020-12-24,2020-12-24 11:47,65540,2019-10-01,2020-09-30,株式会社エスユーエス
S100KFUH,2020-12-24,2020-12-24 12:49,21220,2019-10-01,2020-09-30,株式会社インタースペース
S100KFEJ,2020-12-24,2020-12-24 13:09,32450,2019-10-01,2020-09-30,株式会社ディア・ライフ
S100KEXS,2020-12-24,2020-12-24 13:12,64660,2019-10-01,2020-09-30,株式会社ＴＶＥ
S100KFQA,2020-12-24,2020-12-24 15:00,65510,2019-10-01,2020-09-30,株式会社ツナググループ・ホールディングス
S100KFT3,2020-12-24,2020-12-24 15:00,40590,2019-10-01,2020-09-30,株式会社まぐまぐ
S100KFJI,2020-12-24,2020-12-24 15:00,49310,2019-10-01,2020-09-30,新日本製薬株式会社
S100KFUW,2020-12-24,2020-12-24 15:03,44240,2019-10-01,2020-09-30,株式会社Ａｍａｚｉａ
S100KF0O,2020-12-24,2020-12-24 15:04,76810,2019-10-01,2020-09-30,株式会社レオクラン
S100KFZ4,2020-12-24,2020-12-24 15:26,73560,2019-10-01,2020-09-30,Ｒｅｔｔｙ株式会社
S100KFYO,2020-12-24,2020-12-24 15:28,70300,2019-10-01,2020-09-30,株式会社スプリックス
S100KFCH,2020-12-24,2020-12-24 15:30,32880,2019-10-01,2020-09-30,株式会社オープンハウス
S100KFJO,2020-12-24,2020-12-24 15:41,63380,2019-10-01,2020-09-30,株式会社タカトリ
S100KFZ5,2020-12-24,2020-12-24 15:45,39650,2019-10-01,2020-09-30,株式会社キャピタル・アセット・プランニング
S100KFMB,2020-12-24,2020-12-24 15:48,44470,2019-10-01,2020-09-30,株式会社ピー・ビーシステムズ
S100KFXQ,2020-12-24,2020-12-24 15:55,14460,2019-10-01,2020-09-30,株式会社キャンディル
S100KFPH,2020-12-24,2020-12-24 16:28,21200,2019-10-01,2020-09-30,株式会社ＬＩＦＵＬＬ
S100KFYD,2020-12-24,2020-12-24 17:00,70420,2019-10-01,2020-09-30,株式会社アクセスグループ・ホールディングス
S100KG3C,2020-12-25,2020-12-25 09:00,47540,2019-10-01,2020-09-30,株式会社トスネット
S100KG5N,2020-12-25,2020-12-25 09:03,74940,2019-10-01,2020-09-30,株式会社コナカ
S100KG0I,2020-12-25,2020-12-25 09:03,49580,2019-10-01,2020-09-30,長谷川香料株式会社
S100KEZ7,2020-12-25,2020-12-25 09:09,29870,2019-10-01,2020-09-30,株式会社タスキ
S100KG6M,2020-12-25,2020-12-25 09:43,93760,2019-10-01,2020-09-30,株式会社ユーラシア旅行社
S100KG3X,2020-12-25,2020-12-25 10:29,78390,2019-10-01,2020-09-30,株式会社ＳＨＯＥＩ
S100KFOS,2020-12-25,2020-12-25 10:31,81510,2019-10-01,2020-09-30,株式会社東陽テクニカ
S100KG8T,2020-12-25,2020-12-25 10:45,29740,2019-10-01,2020-09-30,大英産業株式会社
S100KG8Q,2020-12-25,2020-12-25 10:51,44450,2019-10-01,2020-09-30,リビン・テクノロジーズ株式会社
S100KG4I,2020-12-25,2020-12-25 12:00,30670,2019-10-01,2020-09-30,株式会社東京一番フーズ
S100KG8R,2020-12-25,2020-12-25 12:46,77600,2019-10-01,2020-09-30,ＩＭＶ株式会社
S100KG33,2020-12-25,2020-12-25 14:18,94700,2019-10-01,2020-09-30,株式会社学研ホールディングス
S100KF4I,2020-12-25,2020-12-25 15:00,21850,2019-10-01,2020-09-30,株式会社シイエム・シイ
S100KG58,2020-12-25,2020-12-25 15:00,35630,2019-10-01,2020-09-30,株式会社スシローグローバルホールディングス
S100KG5F,2020-12-25,2020-12-25 15:00,39620,2019-10-01,2020-09-30,株式会社チェンジ
S100KFOW,2020-12-25,2020-12-25 15:00,14380,2019-10-01,2020-09-30,株式会社岐阜造園
S100KFMY,2020-12-25,2020-12-25 15:06,44750,2019-10-01,2020-09-30,ＨＥＮＮＧＥ株式会社
S100KGCJ,2020-12-25,2020-12-25 15:07,78690,2019-10-01,2020-09-30,日本フォームサービス株式会社
S100KEGZ,2020-12-25,2020-12-25 15:13,17730,2019-07-01,2020-06-30,ワイ・ティー・エル・コーポレーション・バーハッド
S100KGCX,2020-12-25,2020-12-25 15:27,41650,2019-10-01,2020-09-30,株式会社プレイド
S100KGDU,2020-12-25,2020-12-25 15:30,70760,2019-10-01,2020-09-30,名南Ｍ＆Ａ株式会社
S100KGCL,2020-12-25,2020-12-25 15:30,33230,2019-10-01,2020-09-30,レカム株式会社
S100KGDM,2020-12-25,2020-12-25 15:32,78060,2019-10-01,2020-09-30,株式会社ＭＴＧ
S100KG3E,2020-12-25,2020-12-25 15:52,60640,2019-12-01,2020-09-30,株式会社アクトコール
S100KFWF,2020-12-25,2020-12-25 16:15,31870,2019-10-01,2020-09-30,株式会社サンワカンパニー
S100KGD6,2020-12-28,2020-12-28 09:43,67310,2019-10-01,2020-09-30,株式会社ピクセラ
S100KGB4,2020-12-28,2020-12-28 10:24,34950,2019-10-01,2020-09-30,香陵住販株式会社
S100KFYD,2020-12-28,2020-12-24 17:00,70420,2019-10-01,2020-09-30,株式会社アクセスグループ・ホールディングス
S100KGJX,2020-12-28,2020-12-28 11:10,70660,2019-10-01,2020-09-30,株式会社ピアズ
S100KGG7,2020-12-28,2020-12-28 13:38,99410,2019-10-01,2020-09-30,太洋物産株式会社
S100KGH2,2020-12-28,2020-12-28 14:42,48840,2019-10-01,2020-09-30,クリングルファーマ株式会社
S100KGNS,2020-12-28,2020-12-28 15:00,76760,2019-10-01,2020-09-30,株式会社グッドスピード
S100KGLM,2020-12-28,2020-12-28 15:15,39890,2019-10-01,2020-09-30,シェアリングテクノロジー株式会社
S100KGIZ,2020-12-28,2020-12-28 15:31,23880,2019-10-01,2020-09-30,株式会社ウェッジホールディングス
S100KE24,2020-12-28,2020-12-28 15:32,94460,2019-10-01,2020-09-30,株式会社サカイホールディングス
S100KGAZ,2020-12-28,2020-12-28 15:34,39000,2019-10-01,2020-09-30,株式会社クラウドワークス
S100KGNN,2020-12-28,2020-12-28 15:49,41720,2019-10-01,2020-09-30,東和ハイシステム株式会社
S100KGO6,2020-12-28,2020-12-28 15:52,38140,2019-10-01,2020-09-30,株式会社アルファクス・フード・システム
S100KFW2,2020-12-28,2020-12-28 16:14,33590,2019-10-01,2020-09-30,株式会社ｃｏｔｔａ
S100KGOV,2020-12-28,2020-12-28 16:52,88890,2019-10-01,2020-09-30,ＡＰＡＭＡＮ株式会社
S100KGDV,2020-12-28,2020-12-28 17:08,70710,2019-10-01,2020-09-30,株式会社アンビスホールディングス
S100KG90,2020-12-28,2020-12-28 17:11,37100,2019-10-01,2020-09-30,ジョルダン株式会社
