id,date,submit,sec,period_start,period_end,filer
S100PW3K,2023-01-04,2023-01-04 10:04,93420,2021-10-01,2022-09-30,株式会社スマサポ
S100PY8R,2023-01-18,2023-01-18 09:23,47070,2021-10-21,2022-10-20,株式会社キタック
S100PZZ9,2023-01-20,2023-01-20 15:59,76400,2021-11-01,2022-10-31,株式会社トップカルチャー
S100PZZ7,2023-01-23,2023-01-23 10:31,37330,2021-11-01,2022-10-31,株式会社ソフトウェア・サービス
S100Q09L,2023-01-24,2023-01-24 15:02,32480,2021-11-01,2022-10-31,株式会社アールエイジ
S100Q0MN,2023-01-25,2023-01-25 13:53,95650,2021-11-01,2022-10-31,ウェルプレイド・ライゼスト株式会社
S100Q083,2023-01-26,2023-01-26 10:41,18730,2021-11-01,2022-10-31,株式会社日本ハウスホールディングス
S100Q0LI,2023-01-26,2023-01-26 10:53,96780,2021-11-01,2022-10-31,株式会社カナモト
S100Q0S2,2023-01-26,2023-01-26 10:54,78560,2021-11-01,2022-10-31,萩原工業株式会社
S100Q0FC,2023-01-26,2023-01-26 11:14,26950,2021-11-01,2022-10-31,くら寿司株式会社
S100Q0GV,2023-01-26,2023-01-26 13:19,52180,2021-11-01,2022-10-31,株式会社オハラ
S100Q0LG,2023-01-26,2023-01-26 13:32,34750,2021-11-01,2022-10-31,株式会社グッドコムアセット
S100Q0B1,2023-01-26,2023-01-26 15:00,21980,2021-11-01,2022-10-31,アイ・ケイ・ケイホールディングス株式会社
S100Q0S6,2023-01-26,2023-01-26 15:00,51320,2021-11-01,2022-10-31,株式会社ｐｌｕｓｚｅｒｏ
S100Q0PP,2023-01-26,2023-01-26 15:30,44410,2021-11-01,2022-10-31,トビラシステムズ株式会社
S100Q0PX,2023-01-26,2023-01-26 15:36,18400,2021-11-01,2022-10-31,株式会社土屋ホールディングス
S100Q0WU,2023-01-26,2023-01-26 15:59,70340,2021-11-01,2022-10-31,株式会社プロレド・パートナーズ
S100Q0TA,2023-01-27,2023-01-27 09:04,46270,2021-11-01,2022-10-31,ナトコ株式会社
S100Q07R,2023-01-27,2023-01-27 09:27,78310,2021-11-01,2022-10-31,株式会社ウイルコホールディングス
S100Q0YD,2023-01-27,2023-01-27 09:30,78040,2021-11-01,2022-10-31,株式会社ビーアンドピー
S100Q10E,2023-01-27,2023-01-27 09:41,98240,2021-11-01,2022-10-31,泉州電業株式会社
S100Q0SD,2023-01-27,2023-01-27 11:41,72650,2021-11-01,2022-10-31,エイケン工業株式会社
S100Q12L,2023-01-27,2023-01-27 12:04,34910,2021-11-01,2022-10-31,株式会社ＧＡ　ｔｅｃｈｎｏｌｏｇｉｅｓ
S100Q0U5,2023-01-27,2023-01-27 14:57,80790,2021-11-01,2022-10-31,正栄食品工業株式会社
S100Q131,2023-01-27,2023-01-27 15:00,34800,2021-11-01,2022-10-31,株式会社ジェイ・エス・ビー
S100Q0ZM,2023-01-27,2023-01-27 15:00,92510,2021-11-01,2022-10-31,株式会社ＡＢ＆Ｃｏｍｐａｎｙ
S100Q11V,2023-01-27,2023-01-27 15:02,96030,2021-11-01,2022-10-31,株式会社エイチ・アイ・エス
S100Q01F,2023-01-27,2023-01-27 15:21,38040,2021-11-01,2022-10-31,株式会社システム　ディ
S100Q0Z9,2023-01-27,2023-01-27 15:28,23750,2021-11-01,2022-10-31,ギグワークス株式会社
S100Q0TB,2023-01-27,2023-01-27 15:30,48800,2021-11-01,2022-10-31,セルソース株式会社
S100Q15N,2023-01-27,2023-01-27 15:33,43550,2021-11-01,2022-10-31,ロングライフホールディング株式会社
S100Q0MX,2023-01-27,2023-01-27 15:49,23150,2021-11-01,2022-10-31,株式会社ＣＡＩＣＡ　ＤＩＧＩＴＡＬ
S100Q172,2023-01-27,2023-01-27 15:53,63090,2021-11-01,2022-10-31,巴工業株式会社
S100Q0XD,2023-01-27,2023-01-27 16:01,43780,2021-11-01,2022-10-31,株式会社ＣＩＮＣ
S100Q06T,2023-01-27,2023-01-27 16:06,46660,2021-11-01,2022-10-31,パーク二四株式会社（定款上の商号　パーク２４株式会社）
S100Q17W,2023-01-27,2023-01-27 16:08,23450,2021-11-01,2022-10-31,株式会社クシム
S100Q170,2023-01-27,2023-01-27 16:09,89170,2021-11-01,2022-10-31,ファースト住建株式会社
S100Q188,2023-01-27,2023-01-27 16:58,23730,2021-11-01,2022-10-31,株式会社ケア２１
S100Q18Y,2023-01-30,2023-01-30 09:19,78270,2021-11-01,2022-10-31,株式会社オービス
S100Q0EI,2023-01-30,2023-01-30 09:21,49960,2021-11-01,2022-10-31,クミアイ化学工業株式会社
S100Q0AJ,2023-01-30,2023-01-30 10:17,79830,2021-11-01,2022-10-31,株式会社ミロク
S100PXOE,2023-01-30,2023-01-30 11:08,72790,2021-11-01,2022-10-31,株式会社ハイレックスコーポレーション
S100Q199,2023-01-30,2023-01-30 11:09,80770,2021-11-01,2022-10-31,トルク株式会社
S100Q1E9,2023-01-30,2023-01-30 11:27,71310,2021-11-01,2022-10-31,のむら産業株式会社
S100Q154,2023-01-30,2023-01-30 12:09,60490,2021-11-01,2022-10-31,株式会社イトクロ
S100Q1DZ,2023-01-30,2023-01-30 15:03,92790,2021-11-01,2022-10-31,株式会社ギフトホールディングス
S100Q0RH,2023-01-30,2023-01-30 15:15,39740,2021-11-01,2022-10-31,株式会社ティビィシィ・スキヤツト
S100Q1J0,2023-01-30,2023-01-30 15:30,94250,2022-05-01,2022-10-31,日本テレホン株式会社
S100Q175,2023-01-30,2023-01-30 15:52,70330,2021-11-01,2022-10-31,株式会社マネジメントソリューションズ
S100Q19E,2023-01-30,2023-01-30 15:52,31950,2021-11-01,2022-10-31,株式会社ジェネレーションパス
S100Q1KW,2023-01-30,2023-01-30 16:23,73780,2021-11-01,2022-10-31,株式会社アシロ
S100Q1EB,2023-01-30,2023-01-30 16:30,51360,2021-11-01,2022-10-31,ｔｒｉｐｌａ株式会社
S100Q1JL,2023-01-30,2023-01-30 16:49,34190,2021-11-01,2022-10-31,アートグリーン株式会社
S100Q1LR,2023-01-30,2023-01-30 16:51,39760,2021-11-01,2022-10-31,株式会社シャノン
S100Q1LG,2023-01-31,2023-01-31 10:37,76050,2021-11-01,2022-10-31,株式会社　フジ・コーポレーション
S100Q1PM,2023-01-31,2023-01-31 11:33,23010,2021-11-01,2022-10-31,株式会社学情
S100Q1NK,2023-01-31,2023-01-31 14:10,36740,2021-10-01,2022-09-30,株式会社オークファン
S100Q1QH,2023-01-31,2023-01-31 15:24,30380,2021-11-01,2022-10-31,株式会社神戸物産
S100Q1DP,2023-01-31,2023-01-31 15:31,36530,2021-11-01,2022-10-31,株式会社モルフォ
S100Q1RC,2023-01-31,2023-01-31 16:32,13830,2021-11-01,2022-10-31,ベルグアース株式会社
S100Q815,2023-02-14,2023-02-14 16:18,88940,2021-11-01,2022-10-31,株式会社ＲＥＶＯＬＵＴＩＯＮ
S100Q8X5,2023-02-17,2023-02-17 09:12,79650,2021-11-21,2022-11-20,象印マホービン株式会社
S100Q94Z,2023-02-17,2023-02-17 15:46,61360,2021-12-01,2022-11-30,オーエスジー株式会社
S100Q9M3,2023-02-17,2023-02-17 15:48,46160,2021-12-01,2022-11-30,川上塗料株式会社
S100Q9F4,2023-02-20,2023-02-20 09:28,27340,2021-12-01,2022-11-30,株式会社サーラコーポレーション
S100Q9HG,2023-02-20,2023-02-20 09:49,28300,2021-12-01,2022-11-30,アヲハタ株式会社
S100Q9K4,2023-02-20,2023-02-20 10:04,98720,2021-11-21,2022-11-20,北恵株式会社
S100Q9YN,2023-02-21,2023-02-21 14:28,32670,2021-12-01,2022-11-30,株式会社フィル・カンパニー
S100Q9NC,2023-02-22,2023-02-22 09:00,93690,2021-12-01,2022-11-30,株式会社キユーソー流通システム
S100Q9X6,2023-02-22,2023-02-22 11:08,32010,2021-12-01,2022-11-30,日本毛織株式会社
S100QA0T,2023-02-22,2023-02-22 11:44,93130,2021-12-01,2022-11-30,丸八倉庫株式会社
S100Q9X4,2023-02-22,2023-02-22 13:09,97200,2021-12-01,2022-11-30,株式会社ホテル、ニューグランド
S100QA8Q,2023-02-22,2023-02-22 14:12,34540,2021-12-01,2022-11-30,ファーストブラザーズ株式会社
S100Q9Z0,2023-02-22,2023-02-22 15:00,39940,2021-12-01,2022-11-30,株式会社マネーフォワード
S100QA1J,2023-02-22,2023-02-22 15:04,49920,2021-12-01,2022-11-30,北興化学工業株式会社
S100QA8W,2023-02-22,2023-02-22 15:05,31860,2021-12-01,2022-11-30,株式会社ネクステージ
S100Q9VR,2023-02-22,2023-02-22 15:31,60760,2021-12-01,2022-11-30,株式会社アメイズ
S100QADE,2023-02-22,2023-02-22 15:44,80950,2021-12-01,2022-11-30,アステナホールディングス株式会社
S100QAFC,2023-02-24,2023-02-24 09:09,72270,2021-12-01,2022-11-30,アスカ株式会社
S100QAID,2023-02-24,2023-02-24 09:11,97170,2021-12-01,2022-11-30,株式会社ジャステック
S100QA5X,2023-02-24,2023-02-24 09:13,28090,2021-12-01,2022-11-30,キユーピー株式会社
S100QA0A,2023-02-24,2023-02-24 09:50,31390,2021-12-01,2022-11-30,株式会社ラクト・ジャパン
S100QAKI,2023-02-24,2023-02-24 10:50,24710,2021-12-01,2022-11-30,株式会社エスプール
S100Q1W5,2023-02-24,2023-02-24 10:51,41870,2021-12-01,2022-11-30,大阪有機化学工業株式会社
S100QAKC,2023-02-24,2023-02-24 11:59,24930,2021-12-01,2022-11-30,イーサポートリンク株式会社
S100Q9LH,2023-02-24,2023-02-24 13:02,43610,2021-12-01,2022-11-30,川口化学工業株式会社
S100QAO6,2023-02-24,2023-02-24 13:30,64740,2021-12-01,2022-11-30,株式会社不二越
S100QAMZ,2023-02-24,2023-02-24 13:57,29750,2021-12-01,2022-11-30,スター・マイカ・ホールディングス株式会社
S100QANK,2023-02-24,2023-02-24 14:43,39070,2021-12-01,2022-11-30,シリコンスタジオ株式会社
S100QAIJ,2023-02-24,2023-02-24 15:00,59420,2021-12-01,2022-11-30,日本フイルコン株式会社
S100QAI8,2023-02-24,2023-02-24 15:29,33770,2021-12-01,2022-11-30,株式会社バイク王＆カンパニー
S100QAPW,2023-02-24,2023-02-24 15:30,70830,2021-12-01,2022-11-30,ＡＨＣグループ株式会社
S100QAPP,2023-02-24,2023-02-24 15:37,73600,2021-12-01,2022-11-30,株式会社オンデック
S100QAJS,2023-02-24,2023-02-24 15:55,66340,2021-12-01,2022-11-30,株式会社ネクスグループ
S100Q3GK,2023-02-24,2023-02-24 16:51,96470,2021-12-01,2022-11-30,株式会社協和コンサルタンツ
S100QADA,2023-02-24,2023-02-24 16:51,66640,2021-12-01,2022-11-30,株式会社オプトエレクトロニクス
S100QAQC,2023-02-24,2023-02-24 17:10,52460,2021-12-01,2022-11-30,株式会社ＥＬＥＭＥＮＴＳ
S100QAP4,2023-02-27,2023-02-27 09:41,62170,2021-12-01,2022-11-30,津田駒工業株式会社
S100QAIN,2023-02-27,2023-02-27 09:55,49950,2021-12-01,2022-11-30,サンケイ化学株式会社
S100QAT7,2023-02-27,2023-02-27 10:58,98370,2021-12-01,2022-11-30,モリト株式会社
S100QA64,2023-02-27,2023-02-27 11:13,75010,2021-12-01,2022-11-30,株式会社ティムコ
S100QAIL,2023-02-27,2023-02-27 13:10,78790,2021-12-01,2022-11-30,株式会社ノダ
S100QB10,2023-02-27,2023-02-27 14:11,30890,2021-12-01,2022-11-30,テクノアルファ株式会社
S100QA6R,2023-02-27,2023-02-27 15:00,89230,2021-12-01,2022-11-30,トーセイ株式会社
S100QB0G,2023-02-27,2023-02-27 15:00,40550,2021-12-01,2022-11-30,ティアンドエス株式会社
S100QAVG,2023-02-27,2023-02-27 15:12,79970,2021-12-01,2022-11-30,株式会社くろがね工作所
S100QAV8,2023-02-27,2023-02-27 15:12,35470,2021-12-01,2022-11-30,株式会社串カツ田中ホールディングス
S100QB2L,2023-02-27,2023-02-27 15:14,70740,2021-12-01,2022-11-30,株式会社トゥエンティーフォーセブン
S100QALO,2023-02-27,2023-02-27 15:31,99720,2021-12-01,2022-11-30,アルテック株式会社
S100QB4E,2023-02-27,2023-02-27 16:33,32660,2021-12-01,2022-11-30,株式会社ファンドクリエーショングループ
S100QB4N,2023-02-27,2023-02-27 16:48,40160,2021-12-01,2022-11-30,ＭＩＴホールディングス株式会社
S100QB4Y,2023-02-27,2023-02-27 17:03,95580,2021-12-01,2022-11-30,ジャパニアス株式会社
S100QB75,2023-02-28,2023-02-28 09:51,46730,2021-12-01,2022-11-30,川崎地質株式会社
S100QB74,2023-02-28,2023-02-28 09:55,64920,2021-12-01,2022-11-30,岡野バルブ製造株式会社
S100QB4O,2023-02-28,2023-02-28 10:25,68660,2022-01-01,2022-12-31,日置電機株式会社
S100QB7F,2023-02-28,2023-02-28 11:43,43940,2021-12-01,2022-11-30,株式会社エクスモーション
S100QBAG,2023-02-28,2023-02-28 13:30,92150,2021-12-01,2022-11-30,株式会社ＣａＳｙ
S100QAJ6,2023-02-28,2023-02-28 15:00,73880,2021-12-01,2022-11-30,株式会社ＦＰパートナー
S100QBCJ,2023-02-28,2023-02-28 15:00,92500,2021-12-01,2022-11-30,株式会社ＧＲＣＳ
S100QAYD,2023-02-28,2023-02-28 15:00,55270,2021-12-01,2022-11-30,株式会社ｐｒｏｐｅｒｔｙ　ｔｅｃｈｎｏｌｏｇｉｅｓ
S100Q2DD,2023-02-28,2023-02-28 15:05,52430,2021-12-01,2022-11-30,ｎｏｔｅ株式会社
S100QB2E,2023-02-28,2023-02-28 15:30,42500,2021-12-01,2022-11-30,株式会社フロンティア
S100QBCW,2023-02-28,2023-02-28 16:00,65580,2021-12-01,2022-11-30,クックビズ株式会社
S100QB81,2023-02-28,2023-02-28 16:28,53410,2021-12-01,2022-11-30,アサヒ衛陶株式会社
S100QBUX,2023-03-08,2023-03-08 14:30,79440,2022-01-01,2022-12-31,ローランド株式会社
S100QCX2,2023-03-09,2023-03-09 15:32,41510,2022-01-01,2022-12-31,協和キリン株式会社
S100QCWZ,2023-03-10,2023-03-10 14:53,28110,2022-01-01,2022-12-31,カゴメ株式会社
S100QDET,2023-03-13,2023-03-13 09:22,43120,2022-01-01,2022-12-31,サイバネットシステム株式会社
S100QDHV,2023-03-13,2023-03-13 10:16,24080,2021-12-21,2022-12-20,株式会社ＫＧ情報
S100QDD5,2023-03-14,2023-03-14 14:00,30030,2022-01-01,2022-12-31,ヒューリック株式会社
S100QDRW,2023-03-15,2023-03-15 10:22,61880,2022-01-01,2022-12-31,富士ソフトサービスビューロ株式会社
S100QDGB,2023-03-15,2023-03-15 15:02,22680,2022-01-01,2022-12-31,Ｂ－Ｒ　サーティワン　アイスクリーム株式会社
S100QE0X,2023-03-16,2023-03-16 15:58,30910,2022-01-01,2022-12-31,株式会社ブロンコビリー
S100QE72,2023-03-17,2023-03-17 11:55,37840,2022-01-01,2022-12-31,株式会社ヴィンクス
S100QDJC,2023-03-17,2023-03-17 12:27,66630,2021-12-21,2022-12-20,太洋工業株式会社
S100QEDD,2023-03-17,2023-03-17 14:12,68580,2022-01-01,2022-12-31,株式会社小野測器
S100QES3,2023-03-20,2023-03-20 09:20,58190,2022-01-01,2022-12-31,カナレ電気株式会社
S100QETR,2023-03-20,2023-03-20 11:04,30470,2022-01-01,2022-12-31,株式会社ＴＲＵＣＫ－ＯＮＥ
S100QEX4,2023-03-20,2023-03-20 11:51,74220,2021-12-21,2022-12-20,東邦レマック株式会社
S100PXNE,2023-03-20,2023-03-20 12:44,37760,2022-01-01,2022-12-31,株式会社ブロードバンドタワー
S100QERU,2023-03-20,2023-03-20 14:14,88540,2022-01-01,2022-12-31,株式会社日住サービス
S100QEOZ,2023-03-20,2023-03-20 15:00,97490,2022-01-01,2022-12-31,富士ソフト株式会社
S100QEZ5,2023-03-20,2023-03-20 15:23,64810,2022-01-01,2022-12-31,ＴＨＫ株式会社
S100QE1B,2023-03-22,2023-03-22 15:00,25330,2022-01-01,2022-12-31,オエノンホールディングス株式会社
S100QDTC,2023-03-23,2023-03-23 09:21,72720,2022-01-01,2022-12-31,ヤマハ発動機株式会社
S100QFHF,2023-03-23,2023-03-23 10:55,72280,2022-01-01,2022-12-31,株式会社デイトナ
S100QF29,2023-03-23,2023-03-23 12:27,36950,2022-01-01,2022-12-31,ＧＭＯリサーチ株式会社
S100QF7A,2023-03-23,2023-03-23 12:53,22110,2022-01-01,2022-12-31,株式会社不二家
S100QFC0,2023-03-23,2023-03-23 13:29,94410,2022-01-01,2022-12-31,株式会社ベルパーク
S100QEZM,2023-03-23,2023-03-23 13:37,85940,2022-01-01,2022-12-31,中道リース株式会社
S100QFER,2023-03-23,2023-03-23 13:47,36230,2022-01-01,2022-12-31,ビリングシステム株式会社
S100QELG,2023-03-23,2023-03-23 13:49,79150,2022-01-01,2022-12-31,ＮＩＳＳＨＡ株式会社
S100QEWF,2023-03-23,2023-03-23 13:51,46340,2022-01-01,2022-12-31,東洋インキＳＣホールディングス株式会社
S100QFMK,2023-03-23,2023-03-23 14:22,14000,2022-01-01,2022-12-31,ルーデン・ホールディングス株式会社
S100QFMF,2023-03-23,2023-03-23 14:30,63280,2022-01-01,2022-12-31,荏原実業株式会社
S100QFKD,2023-03-23,2023-03-23 14:39,61800,2022-01-01,2022-12-31,ＧＭＯメディア株式会社
S100QFMS,2023-03-23,2023-03-23 14:42,36330,2022-01-01,2022-12-31,ＧＭＯペパボ株式会社
S100QFEQ,2023-03-23,2023-03-23 15:00,61710,2022-01-01,2022-12-31,株式会社土木管理総合試験所
S100QF9H,2023-03-23,2023-03-23 15:00,79720,2022-01-01,2022-12-31,株式会社イトーキ
S100QF6D,2023-03-23,2023-03-23 15:02,66270,2022-01-01,2022-12-31,株式会社テラプローブ
S100QF8O,2023-03-23,2023-03-23 15:03,42210,2022-01-01,2022-12-31,大倉工業株式会社
S100QF1O,2023-03-23,2023-03-23 15:09,39090,2022-01-01,2022-12-31,株式会社ショーケース
S100QFNE,2023-03-23,2023-03-23 15:10,73140,2022-01-01,2022-12-31,株式会社小田原機器
S100QFE6,2023-03-23,2023-03-23 15:10,50150,2022-01-01,2022-12-31,ビーピー・カストロール株式会社
S100QFEL,2023-03-23,2023-03-23 15:30,21950,2022-01-01,2022-12-31,アミタホールディングス株式会社
S100QFP5,2023-03-23,2023-03-23 15:42,45970,2022-01-01,2022-12-31,ソレイジア・ファーマ株式会社
S100QERN,2023-03-23,2023-03-23 15:46,70370,2022-01-01,2022-12-31,株式会社テノ．ホールディングス
S100QFPE,2023-03-23,2023-03-23 15:48,30540,2022-01-01,2022-12-31,株式会社ハイパー
S100QFGU,2023-03-23,2023-03-23 16:00,66330,2022-01-01,2022-12-31,株式会社Ｃ＆Ｇシステムズ
S100QFPH,2023-03-23,2023-03-23 16:03,60260,2022-01-01,2022-12-31,ＧＭＯ　ＴＥＣＨ株式会社
S100QFMD,2023-03-23,2023-03-23 16:04,48200,2022-01-01,2022-12-31,株式会社イーエムシステムズ（商号　株式会社ＥＭシステムズ）
S100QFOG,2023-03-23,2023-03-23 16:13,45820,2022-01-01,2022-12-31,シンバイオ製薬株式会社
S100QFQ4,2023-03-23,2023-03-23 16:20,76850,2022-01-01,2022-12-31,株式会社ＢｕｙＳｅｌｌ　Ｔｅｃｈｎｏｌｏｇｉｅｓ
S100QFQ7,2023-03-23,2023-03-23 16:25,45650,2022-01-01,2022-12-31,そーせいグループ株式会社
S100QFOS,2023-03-24,2023-03-24 09:00,77180,2022-01-01,2022-12-31,スター精密株式会社
S100QFT3,2023-03-24,2023-03-24 09:08,17180,2022-01-01,2022-12-31,美樹工業株式会社
S100QFMO,2023-03-24,2023-03-24 09:08,47460,2022-01-01,2022-12-31,株式会社東計電算
S100QF90,2023-03-24,2023-03-24 09:18,18970,2022-01-01,2022-12-31,金下建設株式会社
S100QFM7,2023-03-24,2023-03-24 09:45,70360,2022-01-01,2022-12-31,株式会社イーエムネットジャパン
S100QFVV,2023-03-24,2023-03-24 09:50,71150,2022-01-01,2022-12-31,株式会社アルファパーチェス
S100QFW8,2023-03-24,2023-03-24 10:21,47840,2022-01-01,2022-12-31,ＧＭＯアドパートナーズ株式会社
S100QFFF,2023-03-24,2023-03-24 10:29,95430,2022-01-01,2022-12-31,静岡ガス株式会社
S100QFSQ,2023-03-24,2023-03-24 10:32,91730,2022-01-01,2022-12-31,東海汽船株式会社
S100QFO6,2023-03-24,2023-03-24 12:02,37880,2022-01-01,2022-12-31,ＧＭＯグローバルサイン・ホールディングス株式会社
S100QFXO,2023-03-24,2023-03-24 12:13,47220,2022-01-01,2022-12-31,フューチャー株式会社
S100QFXB,2023-03-24,2023-03-24 12:15,62760,2022-01-01,2022-12-31,シリウスビジョン株式会社
S100QFLN,2023-03-24,2023-03-24 13:05,48120,2022-01-01,2022-12-31,株式会社電通国際情報サービス
S100QFSC,2023-03-24,2023-03-24 13:13,39400,2022-01-01,2022-12-31,株式会社ノムラシステムコーポレーション
S100QFZ0,2023-03-24,2023-03-24 13:13,51260,2022-01-01,2022-12-31,ポーターズ株式会社
S100QF7D,2023-03-24,2023-03-24 13:14,43560,2022-01-01,2022-12-31,応用技術株式会社
S100QFMM,2023-03-24,2023-03-24 13:20,89960,2022-01-01,2022-12-31,株式会社ハウスフリーダム
S100QFZF,2023-03-24,2023-03-24 13:25,33860,2022-01-01,2022-12-31,コスモ・バイオ株式会社
S100QFZL,2023-03-24,2023-03-24 13:46,62650,2022-01-01,2022-12-31,コンバム株式会社
S100QFMW,2023-03-24,2023-03-24 13:53,69140,2022-01-01,2022-12-31,オプテックスグループ株式会社
S100QG0I,2023-03-24,2023-03-24 13:59,77440,2022-01-01,2022-12-31,ノーリツ鋼機株式会社
S100QFE5,2023-03-24,2023-03-24 14:35,70380,2022-01-01,2022-12-31,フロンティア・マネジメント株式会社
S100QG1V,2023-03-24,2023-03-24 14:49,25970,2022-01-01,2022-12-31,株式会社ユニカフェ
S100QFTK,2023-03-24,2023-03-24 14:59,49110,2022-01-01,2022-12-31,株式会社資生堂
S100QFZN,2023-03-24,2023-03-24 15:00,69290,2022-01-01,2022-12-31,日本セラミック株式会社
S100QFC3,2023-03-24,2023-03-24 15:00,47760,2022-01-01,2022-12-31,サイボウズ株式会社
S100QFUU,2023-03-24,2023-03-24 15:00,49330,2022-01-01,2022-12-31,株式会社Ｉ－ｎｅ
S100QFPL,2023-03-24,2023-03-24 15:01,44520,2022-01-01,2022-12-31,花王株式会社
S100QG0G,2023-03-24,2023-03-24 15:02,34820,2022-01-01,2022-12-31,ロードスターキャピタル株式会社
S100QCXL,2023-03-24,2023-03-24 15:03,49710,2022-01-01,2022-12-31,メック株式会社
S100QFU0,2023-03-24,2023-03-24 15:04,29320,2022-01-01,2022-12-31,株式会社ＳＴＩフードホールディングス
S100QFY0,2023-03-24,2023-03-24 15:04,42450,2022-01-01,2022-12-31,株式会社ダイキアクシス
S100QFSG,2023-03-24,2023-03-24 15:06,24890,2022-01-01,2022-12-31,株式会社アドウェイズ
S100QF76,2023-03-24,2023-03-24 15:08,41780,2022-01-01,2022-12-31,株式会社Ｓｈａｒｉｎｇ　Ｉｎｎｏｖａｔｉｏｎｓ
S100QFK4,2023-03-24,2023-03-24 15:13,63260,2022-01-01,2022-12-31,株式会社　クボタ
S100QF2G,2023-03-24,2023-03-24 15:13,65600,2022-01-01,2022-12-31,株式会社エル・ティー・エス
S100QG3C,2023-03-24,2023-03-24 15:15,68170,2022-01-01,2022-12-31,スミダコーポレーション株式会社
S100QFC1,2023-03-24,2023-03-24 15:25,23110,2022-01-01,2022-12-31,株式会社エプコ
S100QFUQ,2023-03-24,2023-03-24 15:31,60710,2022-01-01,2022-12-31,株式会社ＩＢＪ
S100QFPZ,2023-03-24,2023-03-24 15:34,66120,2022-01-01,2022-12-31,バルミューダ株式会社
S100QFRV,2023-03-24,2023-03-24 15:35,34160,2022-01-01,2022-12-31,ピクスタ株式会社
S100QFJ1,2023-03-24,2023-03-24 15:36,41890,2022-01-01,2022-12-31,ＫＨネオケム株式会社
S100QFL4,2023-03-24,2023-03-24 15:40,36560,2022-01-01,2022-12-31,ＫＬａｂ株式会社
S100QE4T,2023-03-24,2023-03-24 15:41,73420,2022-01-01,2022-12-31,ウェルスナビ株式会社
S100QG4E,2023-03-24,2023-03-24 16:00,29140,2022-01-01,2022-12-31,日本たばこ産業株式会社
S100QG1P,2023-03-24,2023-03-24 16:03,48400,2022-01-01,2022-12-31,株式会社トライアイズ
S100QFZK,2023-03-24,2023-03-24 16:03,62680,2022-01-01,2022-12-31,ナブテスコ株式会社
S100QFR7,2023-03-24,2023-03-24 16:04,65400,2022-01-01,2022-12-31,株式会社船場
S100QFZJ,2023-03-24,2023-03-24 16:05,44150,2022-01-01,2022-12-31,株式会社ブロードエンタープライズ
S100QFHP,2023-03-24,2023-03-24 16:17,67890,2022-01-01,2022-12-31,ローランド　ディー．ジー．株式会社
S100QFJS,2023-03-24,2023-03-24 16:30,39610,2022-01-01,2022-12-31,シルバーエッグ・テクノロジー株式会社
S100QG48,2023-03-24,2023-03-24 16:40,97550,2022-01-01,2022-12-31,応用地質株式会社
S100QG6H,2023-03-24,2023-03-24 17:02,62320,2022-01-01,2022-12-31,株式会社ＡＣＳＬ
S100QG6V,2023-03-27,2023-03-27 09:00,81130,2022-01-01,2022-12-31,ユニ・チャーム株式会社
S100QG4R,2023-03-27,2023-03-27 09:07,79360,2022-01-01,2022-12-31,株式会社アシックス
S100QG39,2023-03-27,2023-03-27 09:21,62950,2022-01-01,2022-12-31,富士変速機株式会社
S100QF5V,2023-03-27,2023-03-27 09:27,40720,2022-01-01,2022-12-31,株式会社電算システムホールディングス
S100QER1,2023-03-27,2023-03-27 09:49,48480,2022-01-01,2022-12-31,株式会社フルキャストホールディングス
S100QFZ1,2023-03-27,2023-03-27 10:00,35660,2022-01-01,2022-12-31,ユニフォームネクスト株式会社
S100QFOX,2023-03-27,2023-03-27 10:08,49850,2022-01-01,2022-12-31,アース製薬株式会社
S100QG6G,2023-03-27,2023-03-27 10:34,78330,2022-01-01,2022-12-31,株式会社アイフィスジャパン
S100QFB8,2023-03-27,2023-03-27 10:48,45720,2022-01-01,2022-12-31,カルナバイオサイエンス株式会社
S100QGCM,2023-03-27,2023-03-27 10:51,68560,2022-01-01,2022-12-31,株式会社堀場製作所
S100QGCV,2023-03-27,2023-03-27 10:55,40740,2022-01-01,2022-12-31,株式会社ラキール
S100QFYL,2023-03-27,2023-03-27 11:18,36590,2022-01-01,2022-12-31,株式会社ネクソン
S100QGCW,2023-03-27,2023-03-27 11:19,24290,2022-01-01,2022-12-31,株式会社ワールドホールディングス
S100QG73,2023-03-27,2023-03-27 11:42,73530,2022-01-01,2022-12-31,ＫＩＹＯラーニング株式会社
S100QG9F,2023-03-27,2023-03-27 11:48,31380,2022-01-01,2022-12-31,株式会社富士山マガジンサービス
S100QGF0,2023-03-27,2023-03-27 11:57,46410,2022-01-01,2022-12-31,株式会社アルプス技研
S100QG1S,2023-03-27,2023-03-27 12:57,93840,2022-01-01,2022-12-31,内外トランスライン株式会社
S100QGG5,2023-03-27,2023-03-27 13:18,76250,2022-01-01,2022-12-31,株式会社グローバルダイニング
S100QG99,2023-03-27,2023-03-27 13:21,58160,2022-01-01,2022-12-31,オーナンバ株式会社
S100QG81,2023-03-27,2023-03-27 13:30,39120,2022-01-01,2022-12-31,株式会社モバイルファクトリー
S100QGHJ,2023-03-27,2023-03-27 13:34,60630,2022-01-01,2022-12-31,日本エマージェンシーアシスタンス株式会社
S100QG5Y,2023-03-27,2023-03-27 13:50,36640,2022-01-01,2022-12-31,株式会社モブキャストホールディングス
S100QGH5,2023-03-27,2023-03-27 14:08,21690,2022-01-01,2022-12-31,ＣＤＳ株式会社
S100QGIQ,2023-03-27,2023-03-27 14:23,27880,2022-01-01,2022-12-31,アップルインターナショナル株式会社
S100QGAC,2023-03-27,2023-03-27 14:29,39830,2022-01-01,2022-12-31,株式会社オロ
S100QG9Q,2023-03-27,2023-03-27 14:46,71770,2022-01-01,2022-12-31,ＧＭＯフィナンシャルホールディングス株式会社
S100QGJA,2023-03-27,2023-03-27 14:52,97310,2022-01-01,2022-12-31,株式会社白洋舍
S100QGGD,2023-03-27,2023-03-27 14:55,33500,2022-01-01,2022-12-31,株式会社メタプラネット
S100QGFY,2023-03-27,2023-03-27 15:00,73540,2022-01-01,2022-12-31,株式会社ダイレクトマーケティングミックス
S100QFKX,2023-03-27,2023-03-27 15:00,40580,2022-01-01,2022-12-31,トヨクモ株式会社
S100QG8M,2023-03-27,2023-03-27 15:00,36880,2022-01-01,2022-12-31,株式会社ＣＡＲＴＡ　ＨＯＬＤＩＮＧＳ
S100QG7X,2023-03-27,2023-03-27 15:04,29310,2022-01-01,2022-12-31,株式会社ユーグレナ
S100QG0W,2023-03-27,2023-03-27 15:06,34520,2022-01-01,2022-12-31,株式会社ビーロット
S100QGEL,2023-03-27,2023-03-27 15:08,45790,2022-01-01,2022-12-31,ラクオリア創薬株式会社
S100QGLE,2023-03-27,2023-03-27 15:09,65330,2022-01-01,2022-12-31,株式会社Ｏｒｃｈｅｓｔｒａ　Ｈｏｌｄｉｎｇｓ
S100QFH6,2023-03-27,2023-03-27 15:11,26930,2022-01-01,2022-12-31,ＹＫＴ株式会社
S100QGKX,2023-03-27,2023-03-27 15:12,44770,2022-01-01,2022-12-31,ＢＡＳＥ株式会社
S100QGLN,2023-03-27,2023-03-27 15:19,25870,2022-01-01,2022-12-31,サントリー食品インターナショナル株式会社
S100QGFJ,2023-03-27,2023-03-27 15:30,92450,2022-01-01,2022-12-31,株式会社リベロ
S100QG3E,2023-03-27,2023-03-27 15:35,36730,2022-01-01,2022-12-31,株式会社ブロードリーフ
S100QG7P,2023-03-27,2023-03-27 15:42,40130,2022-01-01,2022-12-31,勤次郎株式会社
S100QGBY,2023-03-27,2023-03-27 15:57,43950,2022-01-01,2022-12-31,株式会社アクリート
S100QGJ1,2023-03-27,2023-03-27 15:58,32760,2022-01-01,2022-12-31,株式会社ＪＰＭＣ
S100QDWS,2023-03-27,2023-03-27 16:00,64640,2022-01-01,2022-12-31,株式会社ツバキ・ナカシマ
S100QG6Z,2023-03-27,2023-03-27 16:00,23890,2022-01-01,2022-12-31,株式会社デジタルホールディングス
S100QGE9,2023-03-27,2023-03-27 16:07,94490,2022-01-01,2022-12-31,ＧＭＯインターネットグループ株式会社
S100QFRU,2023-03-27,2023-03-27 16:16,39040,2022-01-01,2022-12-31,株式会社カヤック
S100QFOO,2023-03-27,2023-03-27 16:23,60990,2022-01-01,2022-12-31,株式会社エラン
S100QGMK,2023-03-27,2023-03-27 16:27,88920,2022-01-01,2022-12-31,株式会社日本エスコン
S100QFHY,2023-03-27,2023-03-27 16:34,78140,2022-01-01,2022-12-31,株式会社日本創発グループ
S100QFE7,2023-03-27,2023-03-27 16:44,38520,2022-01-01,2022-12-31,サイバーコム株式会社
S100QGMY,2023-03-27,2023-03-27 17:02,72440,2022-01-01,2022-12-31,市光工業株式会社
S100QG8A,2023-03-27,2023-03-27 17:09,97570,2022-01-01,2022-12-31,株式会社船井総研ホールディングス
S100QGRA,2023-03-28,2023-03-28 09:37,69380,2022-04-01,2022-12-31,双信電機株式会社
S100QG2V,2023-03-28,2023-03-28 09:50,40600,2022-01-01,2022-12-31,ｒａｋｕｍｏ株式会社
S100QGPP,2023-03-28,2023-03-28 10:00,98300,2022-01-01,2022-12-31,トラスコ中山株式会社
S100QGR8,2023-03-28,2023-03-28 10:25,24910,2022-01-01,2022-12-31,バリューコマース株式会社
S100QEBO,2023-03-28,2023-03-28 10:45,36710,2022-01-01,2022-12-31,ソフトマックス株式会社
S100QGVM,2023-03-28,2023-03-28 11:10,70610,2022-01-01,2022-12-31,日本ホスピスホールディングス株式会社
S100QF01,2023-03-28,2023-03-28 11:20,32520,2022-01-01,2022-12-31,地主株式会社
S100QGII,2023-03-28,2023-03-28 11:35,33550,2022-01-01,2022-12-31,クリヤマホールディングス株式会社
S100QFRG,2023-03-28,2023-03-28 12:38,24870,2022-04-01,2022-12-31,株式会社ＣＤＧ
S100QENY,2023-03-28,2023-03-28 12:51,51840,2022-01-01,2022-12-31,株式会社ニチリン
S100QGFE,2023-03-28,2023-03-28 13:03,49550,2022-01-01,2022-12-31,アグロ　カネショウ株式会社
S100QFTE,2023-03-28,2023-03-28 13:08,39130,2022-01-01,2022-12-31,株式会社ｓＭｅｄｉｏ
S100QGWD,2023-03-28,2023-03-28 13:32,62690,2022-01-01,2022-12-31,三井海洋開発株式会社
S100QGYO,2023-03-28,2023-03-28 13:41,78410,2022-01-01,2022-12-31,株式会社遠藤製作所
S100QFWL,2023-03-28,2023-03-28 14:00,40120,2022-01-01,2022-12-31,株式会社アクシス
S100QG42,2023-03-28,2023-03-28 14:11,39010,2022-01-01,2022-12-31,マークラインズ株式会社
S100QH04,2023-03-28,2023-03-28 14:22,47040,2022-01-01,2022-12-31,トレンドマイクロ株式会社
S100QGLW,2023-03-28,2023-03-28 14:31,46420,2022-01-01,2022-12-31,オリジナル設計株式会社
S100QH14,2023-03-28,2023-03-28 14:39,39500,2022-01-01,2022-12-31,ザ・パック株式会社
S100QGNC,2023-03-28,2023-03-28 14:49,18990,2022-01-01,2022-12-31,株式会社福田組
S100QGP6,2023-03-28,2023-03-28 14:54,42350,2022-01-01,2022-12-31,ウルトラファブリックス・ホールディングス株式会社
S100QGDP,2023-03-28,2023-03-28 15:00,42510,2022-01-01,2022-12-31,恵和株式会社
S100QFJZ,2023-03-28,2023-03-28 15:00,21240,2022-01-01,2022-12-31,株式会社ジェイエイシーリクルートメント
S100QGEZ,2023-03-28,2023-03-28 15:00,94190,2022-01-01,2022-12-31,株式会社ワイヤレスゲート
S100QGPD,2023-03-28,2023-03-28 15:00,29820,2022-01-01,2022-12-31,株式会社ＡＤワークスグループ
S100QGZB,2023-03-28,2023-03-28 15:01,48830,2022-01-01,2022-12-31,株式会社モダリス
S100QGPL,2023-03-28,2023-03-28 15:02,45860,2022-01-01,2022-12-31,株式会社メドレックス
S100QGD5,2023-03-28,2023-03-28 15:02,62350,2022-01-01,2022-12-31,株式会社オプトラン
S100QEW5,2023-03-28,2023-03-28 15:02,76750,2022-01-01,2022-12-31,セントラルフォレストグループ株式会社
S100QGQ4,2023-03-28,2023-03-28 15:03,39980,2022-01-01,2022-12-31,株式会社すららネット
S100QGWF,2023-03-28,2023-03-28 15:04,48920,2022-01-01,2022-12-31,株式会社サイフューズ
S100QGOG,2023-03-28,2023-03-28 15:09,44490,2022-01-01,2022-12-31,株式会社ギフティ
S100QGWM,2023-03-28,2023-03-28 15:11,45510,2022-01-01,2022-12-31,鳥居薬品株式会社
S100QGRM,2023-03-28,2023-03-28 15:18,42480,2022-01-01,2022-12-31,竹本容器株式会社
S100QGMQ,2023-03-28,2023-03-28 15:30,29700,2022-01-01,2022-12-31,株式会社グッドライフカンパニー
S100QGN1,2023-03-28,2023-03-28 15:30,44760,2022-01-01,2022-12-31,ＡＩ　ＣＲＯＳＳ株式会社
S100QG1J,2023-03-28,2023-03-28 15:30,66940,2022-01-01,2022-12-31,株式会社ズーム
S100QGCX,2023-03-28,2023-03-28 15:31,93860,2022-01-01,2022-12-31,日本コンセプト株式会社
S100QGX5,2023-03-28,2023-03-28 15:32,23840,2022-01-01,2022-12-31,ＳＢＳホールディングス株式会社
S100QH3U,2023-03-28,2023-03-28 15:37,36800,2022-01-01,2022-12-31,株式会社ホットリンク
S100QGYT,2023-03-28,2023-03-28 15:41,49270,2022-01-01,2022-12-31,株式会社ポーラ・オルビスホールディングス
S100QFZR,2023-03-28,2023-03-28 15:41,39020,2022-01-01,2022-12-31,メディカル・データ・ビジョン株式会社
S100QFGZ,2023-03-28,2023-03-28 15:43,79570,2022-01-01,2022-12-31,フジコピアン株式会社
S100QG6F,2023-03-28,2023-03-28 16:01,70930,2022-01-01,2022-12-31,アディッシュ株式会社
S100QGF6,2023-03-28,2023-03-28 16:16,45830,2022-01-01,2022-12-31,株式会社カイオム・バイオサイエンス
S100QH5Q,2023-03-28,2023-03-28 16:17,70480,2022-01-01,2022-12-31,ベルトラ株式会社
S100QGN4,2023-03-28,2023-03-28 16:31,32410,2022-01-01,2022-12-31,株式会社ウィル
S100QFJW,2023-03-28,2023-03-28 16:33,51080,2022-01-01,2022-12-31,株式会社ブリヂストン
S100QH6K,2023-03-28,2023-03-28 16:45,47720,2022-01-01,2022-12-31,株式会社ストリームメディアコーポレーション
S100QH6T,2023-03-28,2023-03-28 17:00,61410,2022-01-01,2022-12-31,ＤＭＧ森精機株式会社
S100QH43,2023-03-28,2023-03-28 17:00,37770,2022-01-01,2022-12-31,株式会社ＦＨＴホールディングス
S100QH6I,2023-03-28,2023-03-28 17:04,49350,2022-01-01,2022-12-31,株式会社リベルタ
S100QGBU,2023-03-29,2023-03-29 09:19,47660,2022-01-01,2022-12-31,株式会社ピーエイ
S100QG9I,2023-03-29,2023-03-29 09:23,57040,2022-01-01,2022-12-31,株式会社ＪＭＣ
S100QHAI,2023-03-29,2023-03-29 09:39,96210,2022-01-01,2022-12-31,株式会社建設技術研究所
S100QG1G,2023-03-29,2023-03-29 09:48,22160,2022-01-01,2022-12-31,カンロ株式会社
S100QGNM,2023-03-29,2023-03-29 10:00,39640,2022-01-01,2022-12-31,株式会社オークネット
S100QGPT,2023-03-29,2023-03-29 10:13,14290,2022-01-01,2022-12-31,株式会社日本アクア
S100QHD4,2023-03-29,2023-03-29 10:21,34490,2022-01-01,2022-12-31,株式会社テクノフレックス
S100QHDE,2023-03-29,2023-03-29 10:39,44630,2022-01-01,2022-12-31,日華化学株式会社
S100QGZG,2023-03-29,2023-03-29 10:45,89140,2022-01-01,2022-12-31,エリアリンク株式会社
S100QHCE,2023-03-29,2023-03-29 10:46,16630,2022-01-01,2022-12-31,Ｋ＆Ｏエナジーグループ株式会社
S100QH0L,2023-03-29,2023-03-29 10:50,77400,2022-01-01,2022-12-31,株式会社タムロン
S100QHAX,2023-03-29,2023-03-29 10:56,47120,2022-01-01,2022-12-31,株式会社ＫｅｙＨｏｌｄｅｒ
S100QH80,2023-03-29,2023-03-29 11:03,85080,2022-01-01,2022-12-31,Ｊトラスト株式会社
S100Q8LL,2023-03-29,2023-03-29 11:12,64400,2022-01-01,2022-12-31,ＪＵＫＩ株式会社
S100QH0G,2023-03-29,2023-03-29 11:36,62660,2022-01-01,2022-12-31,タツモ株式会社
S100QG1N,2023-03-29,2023-03-29 11:37,55420,2022-01-01,2022-12-31,新報国マテリアル株式会社
S100QGYS,2023-03-29,2023-03-29 11:48,24610,2022-01-01,2022-12-31,株式会社ファンコミュニケーションズ
S100QGTT,2023-03-29,2023-03-29 12:17,73470,2022-01-01,2022-12-31,株式会社マーキュリアホールディングス
S100QH0X,2023-03-29,2023-03-29 13:00,49630,2022-01-01,2022-12-31,星光ＰＭＣ株式会社
S100QGEC,2023-03-29,2023-03-29 13:00,74250,2022-01-01,2022-12-31,初穂商事株式会社
S100QGV5,2023-03-29,2023-03-29 13:01,49190,2022-01-01,2022-12-31,株式会社ミルボン
S100QH2B,2023-03-29,2023-03-29 13:06,16050,2022-01-01,2022-12-31,株式会社ＩＮＰＥＸ
S100QGUV,2023-03-29,2023-03-29 13:09,51100,2022-01-01,2022-12-31,住友ゴム工業株式会社
S100QGZE,2023-03-29,2023-03-29 13:12,88040,2022-01-01,2022-12-31,東京建物株式会社
S100QHJ4,2023-03-29,2023-03-29 13:13,27770,2022-01-01,2022-12-31,株式会社カッシーナ・イクスシー
S100QGE5,2023-03-29,2023-03-29 13:14,60810,2022-01-01,2022-12-31,アライドアーキテクツ株式会社
S100QH05,2023-03-29,2023-03-29 13:21,47680,2022-01-01,2022-12-31,株式会社　大塚商会
S100QGYP,2023-03-29,2023-03-29 13:26,46330,2022-01-01,2022-12-31,サカタインクス株式会社
S100QGGJ,2023-03-29,2023-03-29 13:33,80600,2022-01-01,2022-12-31,キヤノンマーケティングジャパン株式会社
S100QFHQ,2023-03-29,2023-03-29 13:39,40250,2022-01-01,2022-12-31,多木化学株式会社
S100QGSK,2023-03-29,2023-03-29 13:39,58510,2022-01-01,2022-12-31,リョービ株式会社
S100QHE5,2023-03-29,2023-03-29 13:49,53370,2022-01-01,2022-12-31,ダントーホールディングス株式会社
S100QH8R,2023-03-29,2023-03-29 13:58,51050,2022-01-01,2022-12-31,ＴＯＹＯ　ＴＩＲＥ株式会社
S100QH1R,2023-03-29,2023-03-29 14:04,44040,2022-01-01,2022-12-31,ミヨシ油脂株式会社
S100QGTM,2023-03-29,2023-03-29 14:04,27020,2022-01-01,2022-12-31,日本マクドナルドホールディングス株式会社
S100QGL3,2023-03-29,2023-03-29 14:12,67690,2022-01-01,2022-12-31,ザインエレクトロニクス株式会社
S100QHBC,2023-03-29,2023-03-29 14:13,68350,2022-01-01,2022-12-31,アライドテレシスホールディングス株式会社
S100QGK5,2023-03-29,2023-03-29 14:18,50380,2022-01-01,2022-12-31,株式会社ｅＷｅＬＬ
S100QHKW,2023-03-29,2023-03-29 14:21,78490,2022-01-01,2022-12-31,スターツ出版株式会社
S100QGYL,2023-03-29,2023-03-29 14:24,44860,2022-01-01,2022-12-31,ユナイトアンドグロウ株式会社
S100QGQZ,2023-03-29,2023-03-29 14:32,97220,2022-01-01,2022-12-31,藤田観光株式会社
S100QH2Q,2023-03-29,2023-03-29 14:35,64110,2022-01-01,2022-12-31,中野冷機株式会社
S100QHJJ,2023-03-29,2023-03-29 14:37,37440,2022-01-01,2022-12-31,サイオス株式会社
S100QG09,2023-03-29,2023-03-29 14:50,25020,2022-01-01,2022-12-31,アサヒグループホールディングス株式会社
S100QHN3,2023-03-29,2023-03-29 14:56,71720,2022-01-01,2022-12-31,株式会社ジャパンインベストメントアドバイザー
S100QFXK,2023-03-29,2023-03-29 15:00,42640,2022-01-01,2022-12-31,株式会社セキュア
S100QGWH,2023-03-29,2023-03-29 15:00,95630,2022-01-01,2022-12-31,Ａｔｌａｓ　Ｔｅｃｈｎｏｌｏｇｉｅｓ株式会社
S100QFPG,2023-03-29,2023-03-29 15:00,96220,2022-01-01,2022-12-31,株式会社スペース
S100QH0K,2023-03-29,2023-03-29 15:00,40990,2022-04-01,2022-12-31,四国化成ホールディングス株式会社
S100QH8E,2023-03-29,2023-03-29 15:00,21500,2022-01-01,2022-12-31,株式会社ケアネット
S100QHMN,2023-03-29,2023-03-29 15:00,71120,2022-01-01,2022-12-31,株式会社キューブ
S100QGD9,2023-03-29,2023-03-29 15:01,60780,2022-01-01,2022-12-31,株式会社バリューＨＲ
S100QENF,2023-03-29,2023-03-29 15:01,34360,2022-01-01,2022-12-31,株式会社ＳＵＭＣＯ
S100QCP7,2023-03-29,2023-03-29 15:01,68530,2022-01-01,2022-12-31,株式会社共和電業
S100QH9D,2023-03-29,2023-03-29 15:02,43920,2022-01-01,2022-12-31,ＦＩＧ株式会社
S100QGWN,2023-03-29,2023-03-29 15:07,53020,2022-01-01,2022-12-31,日本カーボン株式会社
S100QHHH,2023-03-29,2023-03-29 15:11,43770,2022-01-01,2022-12-31,株式会社ワンキャリア
S100QH82,2023-03-29,2023-03-29 15:13,56990,2022-01-01,2022-12-31,株式会社イボキン
S100QHOK,2023-03-29,2023-03-29 15:14,23300,2022-01-01,2022-12-31,株式会社フォーサイド
S100QH2W,2023-03-29,2023-03-29 15:15,95390,2022-01-01,2022-12-31,京葉瓦斯株式会社
S100QGCJ,2023-03-29,2023-03-29 15:16,49790,2022-01-01,2022-12-31,ＯＡＴアグリオ株式会社
S100QH6R,2023-03-29,2023-03-29 15:16,46310,2022-01-01,2022-12-31,ＤＩＣ株式会社
S100QGY6,2023-03-29,2023-03-29 15:18,70820,2022-01-01,2022-12-31,株式会社ジモティー
S100QHO2,2023-03-29,2023-03-29 15:18,95610,2022-01-01,2022-12-31,株式会社グラッドキューブ
S100QHNP,2023-03-29,2023-03-29 15:20,66400,2022-01-01,2022-12-31,Ｉ‐ＰＥＸ株式会社
S100QHOQ,2023-03-29,2023-03-29 15:21,45930,2022-01-01,2022-12-31,株式会社ヘリオス
S100QHO9,2023-03-29,2023-03-29 15:23,58360,2022-01-01,2022-12-31,株式会社エージェント・インシュアランス・グループ
S100QH5I,2023-03-29,2023-03-29 15:30,93430,2022-01-01,2022-12-31,株式会社アイビス
S100QGWY,2023-03-29,2023-03-29 15:30,32770,2022-01-01,2022-12-31,株式会社サンセイランディック
S100QGYM,2023-03-29,2023-03-29 15:30,66530,2022-01-01,2022-12-31,株式会社正興電機製作所
S100QH0A,2023-03-29,2023-03-29 15:30,41710,2022-01-01,2022-12-31,株式会社グローバルインフォメーション
S100QGXP,2023-03-29,2023-03-29 15:30,36490,2022-01-01,2022-12-31,株式会社ファインデックス
S100QHPF,2023-03-29,2023-03-29 15:30,30850,2022-01-01,2022-12-31,アークランドサービスホールディングス株式会社
S100QHN9,2023-03-29,2023-03-29 15:31,70800,2022-01-01,2022-12-31,株式会社スポーツフィールド
S100QGPE,2023-03-29,2023-03-29 15:32,97680,2022-01-01,2022-12-31,いであ株式会社
S100QHB7,2023-03-29,2023-03-29 15:32,42550,2022-01-01,2022-12-31,ＴＨＥＣＯＯ株式会社
S100QH1X,2023-03-29,2023-03-29 15:40,79630,2022-01-01,2022-12-31,興研株式会社
S100QH0V,2023-03-29,2023-03-29 15:40,92460,2022-01-01,2022-12-31,株式会社プロジェクトカンパニー
S100QH8W,2023-03-29,2023-03-29 15:47,36830,2022-01-01,2022-12-31,株式会社サイバーリンクス
S100QHRB,2023-03-29,2023-03-29 15:50,45960,2022-01-01,2022-12-31,窪田製薬ホールディングス株式会社
S100QGT0,2023-03-29,2023-03-29 15:50,46120,2022-01-01,2022-12-31,日本ペイントホールディングス株式会社
S100QH26,2023-03-29,2023-03-29 15:53,34050,2022-01-01,2022-12-31,株式会社クラレ
S100QH6Y,2023-03-29,2023-03-29 15:54,22660,2022-01-01,2022-12-31,六甲バター株式会社
S100QHRI,2023-03-29,2023-03-29 15:57,35400,2022-01-01,2022-12-31,株式会社歯愛メディカル
S100QHHF,2023-03-29,2023-03-29 16:00,64650,2022-01-01,2022-12-31,ホシザキ株式会社
S100QH24,2023-03-29,2023-03-29 16:02,80290,2022-01-01,2022-12-31,株式会社ルックホールディングス
S100QHM0,2023-03-29,2023-03-29 16:04,93990,2022-01-01,2022-12-31,ビート・ホールディングス・リミテッド　（貝德控股有限公司、Ｂｅａｔ　Ｈｏｌｄｉｎｇｓ　Ｌｉｍｉｔｅｄ）
S100QHBK,2023-03-29,2023-03-29 16:07,65370,2022-01-01,2022-12-31,ＷＡＳＨハウス株式会社
S100QH6G,2023-03-29,2023-03-29 16:08,64980,2022-01-01,2022-12-31,株式会社キッツ
S100QHR6,2023-03-29,2023-03-29 16:10,41920,2022-01-01,2022-12-31,スパイダープラス株式会社
S100QHDF,2023-03-29,2023-03-29 16:12,24360,2022-01-01,2022-12-31,共同ピーアール株式会社
S100QHR9,2023-03-29,2023-03-29 16:21,44380,2022-01-01,2022-12-31,株式会社Ｗｅｌｂｙ
S100QHSY,2023-03-29,2023-03-29 16:22,44280,2022-01-01,2022-12-31,株式会社シノプス
S100QHJG,2023-03-29,2023-03-29 16:46,25790,2022-01-01,2022-12-31,コカ・コーラボトラーズジャパンホールディングス株式会社
S100QHAE,2023-03-29,2023-03-29 16:56,33190,2022-01-01,2022-12-31,株式会社ゴルフダイジェスト・オンライン
S100QGWO,2023-03-29,2023-03-29 17:00,44800,2022-01-01,2022-12-31,株式会社メドレー
S100QHJB,2023-03-29,2023-03-29 17:03,39680,2022-01-01,2022-12-31,セグエグループ株式会社
S100QHUP,2023-03-29,2023-03-29 17:11,70440,2022-01-01,2022-12-31,株式会社ピアラ
S100QHXN,2023-03-30,2023-03-30 09:04,59460,2022-01-01,2022-12-31,株式会社長府製作所
S100QH5O,2023-03-30,2023-03-30 09:25,22060,2022-01-01,2022-12-31,江崎グリコ株式会社
S100QGC3,2023-03-30,2023-03-30 09:33,81790,2022-01-01,2022-12-31,ロイヤルホールディングス株式会社
S100QHWZ,2023-03-30,2023-03-30 09:37,75310,2022-01-01,2022-12-31,清和中央ホールディングス株式会社
S100QHQT,2023-03-30,2023-03-30 10:00,64000,2022-01-01,2022-12-31,不二精機株式会社
S100QHO8,2023-03-30,2023-03-30 10:15,21930,2022-01-01,2022-12-31,クックパッド株式会社
S100QI29,2023-03-30,2023-03-30 10:19,79920,2022-01-01,2022-12-31,セーラー万年筆株式会社
S100QGIO,2023-03-30,2023-03-30 10:20,77390,2022-01-01,2022-12-31,キヤノン電子株式会社
S100QI26,2023-03-30,2023-03-30 10:21,45880,2022-01-01,2022-12-31,オンコリスバイオファーマ株式会社
S100QH4Z,2023-03-30,2023-03-30 10:26,73090,2022-01-01,2022-12-31,株式会社シマノ
S100QF2Q,2023-03-30,2023-03-30 10:44,25730,2022-01-01,2022-12-31,北海道コカ・コーラボトリング株式会社
S100QG12,2023-03-30,2023-03-30 10:51,41070,2022-01-01,2022-12-31,伊勢化学工業株式会社
S100QI3A,2023-03-30,2023-03-30 10:54,67480,2022-01-01,2022-12-31,星和電機株式会社
S100QGEM,2023-03-30,2023-03-30 10:58,39480,2022-01-01,2022-12-31,光ビジネスフォーム株式会社
S100QFRB,2023-03-30,2023-03-30 11:06,41700,2022-01-01,2022-12-31,株式会社Ｋａｉｚｅｎ　Ｐｌａｔｆｏｒｍ
S100QHLK,2023-03-30,2023-03-30 11:08,59970,2022-01-01,2022-12-31,協立エアテック株式会社
S100QHUM,2023-03-30,2023-03-30 11:22,80400,2022-01-01,2022-12-31,株式会社東京ソワール
S100QI4Z,2023-03-30,2023-03-30 11:33,93370,2022-01-01,2022-12-31,株式会社トリドリ
S100QHMW,2023-03-30,2023-03-30 11:34,43510,2022-01-01,2022-12-31,株式会社山田債権回収管理総合事務所
S100QHM8,2023-03-30,2023-03-30 11:39,70390,2022-01-01,2022-12-31,ブリッジインターナショナル株式会社
S100QHHM,2023-03-30,2023-03-30 11:40,51870,2022-01-01,2022-12-31,クリエートメディック株式会社
S100QGM8,2023-03-30,2023-03-30 11:45,97040,2022-01-01,2022-12-31,株式会社アゴーラホスピタリティーグループ
S100QHHG,2023-03-30,2023-03-30 11:45,61770,2022-01-01,2022-12-31,ＡｐｐＢａｎｋ株式会社
S100QI3F,2023-03-30,2023-03-30 11:47,24990,2022-01-01,2022-12-31,日本和装ホールディングス株式会社
S100QI3Z,2023-03-30,2023-03-30 11:50,39280,2022-01-01,2022-12-31,株式会社マイネット
S100QHXA,2023-03-30,2023-03-30 11:55,61640,2022-01-01,2022-12-31,株式会社太陽工機
S100QHGQ,2023-03-30,2023-03-30 12:01,24180,2022-01-01,2022-12-31,株式会社ツカダ・グローバルホールディング
S100QHC4,2023-03-30,2023-03-30 12:03,20090,2022-01-01,2022-12-31,鳥越製粉株式会社
S100QHLL,2023-03-30,2023-03-30 12:10,61430,2022-01-01,2022-12-31,株式会社ソディック
S100QI00,2023-03-30,2023-03-30 12:21,96120,2022-01-01,2022-12-31,株式会社ラックランド
S100QHN6,2023-03-30,2023-03-30 12:28,39440,2022-01-01,2022-12-31,古林紙工株式会社
S100QHYU,2023-03-30,2023-03-30 12:31,47250,2022-01-01,2022-12-31,株式会社ＣＡＣ　Ｈｏｌｄｉｎｇｓ
S100QI72,2023-03-30,2023-03-30 12:41,78160,2022-01-01,2022-12-31,株式会社スノーピーク
S100QGO0,2023-03-30,2023-03-30 12:59,32990,2022-01-01,2022-12-31,株式会社ムゲンエステート
S100QHG3,2023-03-30,2023-03-30 13:01,61490,2022-01-01,2022-12-31,株式会社小田原エンジニアリング
S100QHYG,2023-03-30,2023-03-30 13:05,37190,2022-01-01,2022-12-31,株式会社ジェクシード
S100QGUI,2023-03-30,2023-03-30 13:08,45950,2022-01-01,2022-12-31,株式会社ミズホメディー
S100QGMR,2023-03-30,2023-03-30 13:09,96560,2022-01-01,2022-12-31,グリーンランドリゾート株式会社
S100QHP4,2023-03-30,2023-03-30 13:09,71280,2022-01-01,2022-12-31,フルサト・マルカホールディングス株式会社
S100QGSP,2023-03-30,2023-03-30 13:10,39470,2022-01-01,2022-12-31,ダイナパック株式会社
S100QHC9,2023-03-30,2023-03-30 13:14,30010,2022-01-01,2022-12-31,片倉工業株式会社
S100QHXI,2023-03-30,2023-03-30 13:14,60670,2022-01-01,2022-12-31,インパクトホールディングス株式会社
S100QI7N,2023-03-30,2023-03-30 13:18,29860,2022-01-01,2022-12-31,株式会社ＬＡホールディングス
S100QGYX,2023-03-30,2023-03-30 13:19,33020,2022-01-01,2022-12-31,帝国繊維株式会社
S100QHRZ,2023-03-30,2023-03-30 13:24,53950,2022-01-01,2022-12-31,理研コランダム株式会社
S100QI28,2023-03-30,2023-03-30 13:29,14350,2022-01-01,2022-12-31,株式会社Ｒｏｂｏｔ　Ｈｏｍｅ
S100QD9B,2023-03-30,2023-03-30 13:33,30400,2022-01-01,2022-12-31,株式会社ソリトンシステムズ
S100QHGH,2023-03-30,2023-03-30 13:37,50100,2022-01-01,2022-12-31,日本精蝋株式会社
S100QI8I,2023-03-30,2023-03-30 13:37,24920,2022-01-01,2022-12-31,株式会社インフォマート
S100QI9O,2023-03-30,2023-03-30 13:55,39970,2022-01-01,2022-12-31,株式会社トレードワークス
S100QHKS,2023-03-30,2023-03-30 13:57,79760,2022-01-01,2022-12-31,三菱鉛筆株式会社
S100QI98,2023-03-30,2023-03-30 13:57,79860,2022-01-01,2022-12-31,日本アイ・エス・ケイ株式会社
S100QH2O,2023-03-30,2023-03-30 14:02,63020,2022-04-01,2022-12-31,住友重機械工業株式会社
S100QHOF,2023-03-30,2023-03-30 14:03,52010,2022-01-01,2022-12-31,ＡＧＣ株式会社
S100QFX1,2023-03-30,2023-03-30 14:07,22120,2022-01-01,2022-12-31,山崎製パン株式会社
S100QI2N,2023-03-30,2023-03-30 14:08,27520,2022-01-01,2022-12-31,株式会社フジオフードグループ本社
S100QHOJ,2023-03-30,2023-03-30 14:10,43240,2022-01-01,2022-12-31,株式会社電通グループ
S100QIB5,2023-03-30,2023-03-30 14:27,67210,2022-01-01,2022-12-31,ウインテスト株式会社
S100QIC0,2023-03-30,2023-03-30 14:32,78460,2022-01-01,2022-12-31,株式会社パイロットコーポレーション
S100QICN,2023-03-30,2023-03-30 14:43,40040,2022-01-01,2022-12-31,株式会社レゾナック・ホールディングス
S100QI0P,2023-03-30,2023-03-30 14:44,59430,2022-01-01,2022-12-31,株式会社ノーリツ
S100QICT,2023-03-30,2023-03-30 14:47,23250,2022-01-01,2022-12-31,株式会社ＮＪＳ
S100QGUO,2023-03-30,2023-03-30 14:50,65460,2022-01-01,2022-12-31,フルテック株式会社
S100QHWE,2023-03-30,2023-03-30 14:52,27000,2022-01-01,2022-12-31,木徳神糧株式会社
S100QGEV,2023-03-30,2023-03-30 14:52,40450,2022-01-01,2022-12-31,東亞合成株式会社
S100QHTX,2023-03-30,2023-03-30 14:56,41860,2022-01-01,2022-12-31,東京応化工業株式会社
S100QI2J,2023-03-30,2023-03-30 14:56,14490,2022-01-01,2022-12-31,株式会社ＦＵＪＩジャパン
S100QGT3,2023-03-30,2023-03-30 14:58,73590,2022-01-01,2022-12-31,株式会社東京通信
S100QHWW,2023-03-30,2023-03-30 15:00,39110,2022-01-01,2022-12-31,株式会社Ａｉｍｉｎｇ
S100QHZ2,2023-03-30,2023-03-30 15:00,73580,2022-01-01,2022-12-31,株式会社ポピンズ
S100QHUE,2023-03-30,2023-03-30 15:00,76130,2022-01-01,2022-12-31,シークス株式会社
S100QDTK,2023-03-30,2023-03-30 15:00,47550,2022-01-01,2022-12-31,楽天グループ株式会社
S100QHX5,2023-03-30,2023-03-30 15:00,44500,2022-01-01,2022-12-31,株式会社パワーソリューションズ
S100QHVI,2023-03-30,2023-03-30 15:01,77510,2022-01-01,2022-12-31,キヤノン株式会社
S100QGIS,2023-03-30,2023-03-30 15:01,49670,2022-01-01,2022-12-31,小林製薬株式会社
S100QHT0,2023-03-30,2023-03-30 15:01,39810,2022-01-01,2022-12-31,株式会社ビーグリー
S100QIDA,2023-03-30,2023-03-30 15:01,89290,2022-01-01,2022-12-31,株式会社青山財産ネットワークス
S100QHOZ,2023-03-30,2023-03-30 15:01,49220,2022-01-01,2022-12-31,株式会社コーセー
S100QIDD,2023-03-30,2023-03-30 15:02,65730,2022-01-01,2022-12-31,アジャイルメディア・ネットワーク株式会社
S100QHG2,2023-03-30,2023-03-30 15:04,45760,2022-01-01,2022-12-31,株式会社デ・ウエスタン・セラピテクス研究所
S100QFXL,2023-03-30,2023-03-30 15:07,25030,2022-01-01,2022-12-31,キリンホールディングス株式会社
S100QHCS,2023-03-30,2023-03-30 15:07,44480,2022-01-01,2022-12-31,Ｃｈａｔｗｏｒｋ株式会社
S100QIDB,2023-03-30,2023-03-30 15:07,41800,2022-01-01,2022-12-31,Ａｐｐｉｅｒ　Ｇｒｏｕｐ株式会社
S100QHY2,2023-03-30,2023-03-30 15:08,50270,2022-01-01,2022-12-31,ＡｎｙＭｉｎｄ　Ｇｒｏｕｐ株式会社
S100QGZW,2023-03-30,2023-03-30 15:08,21700,2022-01-01,2022-12-31,株式会社リンクアンドモチベーション
S100QHJ3,2023-03-30,2023-03-30 15:09,69150,2022-01-01,2022-12-31,千代田インテグレ株式会社
S100QI1S,2023-03-30,2023-03-30 15:11,45740,2022-01-01,2022-12-31,大幸薬品株式会社
S100QHRY,2023-03-30,2023-03-30 15:11,96720,2022-01-01,2022-12-31,東京都競馬株式会社
S100QHPG,2023-03-30,2023-03-30 15:12,30640,2022-01-01,2022-12-31,株式会社ＭｏｎｏｔａＲＯ
S100QIBH,2023-03-30,2023-03-30 15:14,52160,2022-01-01,2022-12-31,株式会社倉元製作所
S100QIDG,2023-03-30,2023-03-30 15:19,66350,2022-01-01,2022-12-31,株式会社大日光・エンジニアリング
S100QICZ,2023-03-30,2023-03-30 15:20,37650,2022-01-01,2022-12-31,ガンホー・オンライン・エンターテイメント株式会社
S100QI7G,2023-03-30,2023-03-30 15:22,73630,2022-01-01,2022-12-31,株式会社ベビーカレンダー
S100QI7B,2023-03-30,2023-03-30 15:24,22150,2022-01-01,2022-12-31,第一屋製パン株式会社
S100QIEX,2023-03-30,2023-03-30 15:24,89460,2022-01-01,2022-12-31,株式会社ＡＳＩＡＮ　ＳＴＡＲ
S100QHTO,2023-03-30,2023-03-30 15:27,64440,2022-01-01,2022-12-31,サンデン株式会社
S100QG3Z,2023-03-30,2023-03-30 15:27,51010,2022-01-01,2022-12-31,横浜ゴム株式会社
S100QHQN,2023-03-30,2023-03-30 15:29,97020,2022-01-01,2022-12-31,株式会社アイ・エス・ビー
S100QI1X,2023-03-30,2023-03-30 15:30,40190,2022-01-01,2022-12-31,株式会社スタメン
S100QHVM,2023-03-30,2023-03-30 15:30,70430,2022-01-01,2022-12-31,アルー株式会社
S100QIF2,2023-03-30,2023-03-30 15:30,50390,2022-01-01,2022-12-31,株式会社キットアライブ
S100QHUH,2023-03-30,2023-03-30 15:30,60290,2022-01-01,2022-12-31,アトラグループ株式会社
S100QHAF,2023-03-30,2023-03-30 15:32,14390,2022-01-01,2022-12-31,株式会社安江工務店
S100QI14,2023-03-30,2023-03-30 15:33,39140,2022-01-01,2022-12-31,ＪＩＧ－ＳＡＷ株式会社
S100QHU8,2023-03-30,2023-03-30 15:44,50350,2022-01-01,2022-12-31,ＨＯＵＳＥＩ株式会社
S100QIEC,2023-03-30,2023-03-30 15:46,42580,2022-01-01,2022-12-31,株式会社網屋
S100QIFT,2023-03-30,2023-03-30 15:50,62910,2022-01-01,2022-12-31,日本エアーテック株式会社
S100QH9H,2023-03-30,2023-03-30 16:00,82020,2022-01-01,2022-12-31,ラオックスホールディングス株式会社
S100QHW5,2023-03-30,2023-03-30 16:00,59590,2022-01-01,2022-12-31,岡部株式会社
S100QI8M,2023-03-30,2023-03-30 16:00,53010,2022-01-01,2022-12-31,東海カーボン株式会社
S100QHOA,2023-03-30,2023-03-30 16:00,40110,2022-01-01,2022-12-31,株式会社ヘッドウォータース
S100QI4S,2023-03-30,2023-03-30 16:00,43710,2022-01-01,2022-12-31,株式会社コアコンセプト・テクノロジー
S100QE3N,2023-03-30,2023-03-30 16:00,31050,2022-01-01,2022-12-31,日清紡ホールディングス株式会社
S100QHHI,2023-03-30,2023-03-30 16:00,38070,2022-01-01,2022-12-31,株式会社フィスコ
S100QF8Z,2023-03-30,2023-03-30 16:02,62780,2022-01-01,2022-12-31,ユニオンツール株式会社
S100QIH9,2023-03-30,2023-03-30 16:04,27210,2022-01-01,2022-12-31,株式会社ジェイホールディングス
S100QH69,2023-03-30,2023-03-30 16:06,45190,2022-01-01,2022-12-31,中外製薬株式会社
S100QIHV,2023-03-30,2023-03-30 16:10,55630,2022-01-01,2022-12-31,新日本電工株式会社
S100QHPL,2023-03-30,2023-03-30 16:15,63610,2022-01-01,2022-12-31,株式会社荏原製作所
S100QIIE,2023-03-30,2023-03-30 16:17,36670,2022-01-01,2022-12-31,株式会社ｅｎｉｓｈ
S100QIHD,2023-03-30,2023-03-30 16:18,45870,2022-01-01,2022-12-31,ペプチドリーム株式会社
S100QHZE,2023-03-30,2023-03-30 16:19,79890,2022-01-01,2022-12-31,立川ブラインド工業株式会社
S100QIHY,2023-03-30,2023-03-30 16:22,41690,2022-01-01,2022-12-31,ＥＮＥＣＨＡＮＧＥ株式会社
S100QIHA,2023-03-30,2023-03-30 16:26,92710,2022-01-01,2022-12-31,株式会社和心
S100QIIR,2023-03-30,2023-03-30 16:27,34860,2022-01-01,2022-12-31,株式会社グローバル・リンク・マネジメント
S100QIEF,2023-03-30,2023-03-30 16:28,67230,2022-01-01,2022-12-31,ルネサスエレクトロニクス株式会社
S100QII8,2023-03-30,2023-03-30 16:29,30530,2022-01-01,2022-12-31,株式会社ペッパーフードサービス
S100QHVH,2023-03-30,2023-03-30 16:30,65610,2022-01-01,2022-12-31,株式会社ＨＡＮＡＴＯＵＲ　ＪＡＰＡＮ
S100QIAY,2023-03-30,2023-03-30 16:36,92110,2022-01-01,2022-12-31,株式会社エフ・コード
S100QIJA,2023-03-30,2023-03-30 16:40,48810,2022-01-01,2022-12-31,株式会社ファンペップ
S100QIJ5,2023-03-30,2023-03-30 16:44,36960,2022-01-01,2022-12-31,株式会社セレス
S100QHH7,2023-03-30,2023-03-30 16:48,19110,2022-01-01,2022-12-31,住友林業株式会社
S100QID4,2023-03-30,2023-03-30 16:49,41660,2022-01-01,2022-12-31,かっこ株式会社
S100QIK0,2023-03-30,2023-03-30 17:04,60340,2022-01-01,2022-12-31,ＭＲＴ株式会社
S100QFN2,2023-03-31,2023-03-31 09:00,63950,2022-04-01,2022-12-31,株式会社タダノ
S100QHRO,2023-03-31,2023-03-31 09:01,77160,2022-01-01,2022-12-31,株式会社ナカニシ
S100QH2M,2023-03-31,2023-03-31 09:03,76090,2022-01-01,2022-12-31,ダイトロン株式会社
S100QHLH,2023-03-31,2023-03-31 09:08,69770,2022-01-01,2022-12-31,株式会社日本抵抗器製作所
S100QIMK,2023-03-31,2023-03-31 09:18,65240,2022-01-01,2022-12-31,湖北工業株式会社
S100QHYF,2023-03-31,2023-03-31 09:20,34450,2022-01-01,2022-12-31,株式会社ＲＳ　Ｔｅｃｈｎｏｌｏｇｉｅｓ
S100QIAD,2023-03-31,2023-03-31 09:21,59500,2022-01-01,2022-12-31,日本パワーファスニング株式会社
S100QIFF,2023-03-31,2023-03-31 09:23,52140,2022-01-01,2022-12-31,日本電気硝子株式会社
S100QI36,2023-03-31,2023-03-31 09:29,68700,2022-01-01,2022-12-31,日本フェンオール株式会社
S100QHBU,2023-03-31,2023-03-31 09:37,73620,2022-01-01,2022-12-31,株式会社Ｔ．Ｓ．Ｉ
S100QIOK,2023-03-31,2023-03-31 09:41,45630,2022-01-01,2022-12-31,アンジェス株式会社
S100QIAK,2023-03-31,2023-03-31 09:44,32610,2022-01-01,2022-12-31,株式会社グランディーズ
S100QIGA,2023-03-31,2023-03-31 09:52,36630,2022-01-01,2022-12-31,株式会社セルシス
S100QINP,2023-03-31,2023-03-31 09:55,64250,2022-01-01,2022-12-31,株式会社ユニバーサルエンターテインメント
S100QFJP,2023-03-31,2023-03-31 09:56,19940,2022-01-01,2022-12-31,高橋カーテンウォール工業株式会社
S100QIHL,2023-03-31,2023-03-31 10:01,59650,2022-01-01,2022-12-31,株式会社フジマック
S100QHTY,2023-03-31,2023-03-31 10:02,63760,2022-01-01,2022-12-31,日機装株式会社
S100QILX,2023-03-31,2023-03-31 10:04,25010,2022-01-01,2022-12-31,サッポロホールディングス株式会社
S100QIG8,2023-03-31,2023-03-31 10:08,62500,2022-01-01,2022-12-31,株式会社やまびこ
S100QGXW,2023-03-31,2023-03-31 10:10,60540,2022-01-01,2022-12-31,株式会社リブセンス
S100QHPQ,2023-03-31,2023-03-31 10:11,79560,2022-01-01,2022-12-31,ピジョン株式会社
S100QIPI,2023-03-31,2023-03-31 10:19,49120,2022-01-01,2022-12-31,ライオン株式会社
S100QBIJ,2023-03-31,2023-03-31 10:20,64970,2022-01-01,2022-12-31,株式会社ハマイ
S100QHO4,2023-03-31,2023-03-31 10:35,32040,2022-01-01,2022-12-31,株式会社トーア紡コーポレーション
S100QIQB,2023-03-31,2023-03-31 10:35,41680,2022-01-01,2022-12-31,株式会社ヤプリ
S100QIGI,2023-03-31,2023-03-31 10:37,94160,2022-01-01,2022-12-31,株式会社ビジョン
S100QIFE,2023-03-31,2023-03-31 10:42,59570,2022-01-01,2022-12-31,日東精工株式会社
S100QIMC,2023-03-31,2023-03-31 10:44,92600,2022-01-01,2022-12-31,西本Ｗｉｓｍｅｔｔａｃホールディングス株式会社
S100QIC1,2023-03-31,2023-03-31 10:48,42840,2022-01-01,2022-12-31,株式会社　ソルクシーズ
S100QIQS,2023-03-31,2023-03-31 10:51,51390,2022-01-01,2022-12-31,オープンワーク株式会社
S100QI2H,2023-03-31,2023-03-31 10:53,31970,2022-01-01,2022-12-31,株式会社すかいらーくホールディングス
S100QIS7,2023-03-31,2023-03-31 11:14,70810,2022-01-01,2022-12-31,コーユーレンティア株式会社
S100QIRS,2023-03-31,2023-03-31 11:15,44870,2022-01-01,2022-12-31,株式会社スペースマーケット
S100QIRK,2023-03-31,2023-03-31 11:26,53100,2022-01-01,2022-12-31,東洋炭素株式会社
S100QIQN,2023-03-31,2023-03-31 11:29,37270,2022-01-01,2022-12-31,株式会社アプリックス
S100QH0H,2023-03-31,2023-03-31 11:30,52570,2022-01-01,2022-12-31,ノバシステム株式会社
S100QI89,2023-03-31,2023-03-31 11:30,68710,2022-01-01,2022-12-31,株式会社日本マイクロニクス
S100QIL1,2023-03-31,2023-03-31 11:35,77760,2022-01-01,2022-12-31,株式会社セルシード
S100QIT2,2023-03-31,2023-03-31 11:37,95220,2022-01-01,2022-12-31,リニューアブル・ジャパン株式会社
S100QIFG,2023-03-31,2023-03-31 11:37,66190,2022-01-01,2022-12-31,ダブル・スコープ株式会社
S100QIT0,2023-03-31,2023-03-31 11:37,98270,2022-01-01,2022-12-31,リリカラ株式会社
S100QIBO,2023-03-31,2023-03-31 11:41,77820,2022-01-01,2022-12-31,株式会社シンシア
S100QIME,2023-03-31,2023-03-31 11:42,37750,2022-01-01,2022-12-31,株式会社ガイアックス
S100QISL,2023-03-31,2023-03-31 11:43,64590,2022-01-01,2022-12-31,大和冷機工業株式会社
S100QIDJ,2023-03-31,2023-03-31 11:48,52420,2022-01-01,2022-12-31,株式会社アイズ
S100QFXZ,2023-03-31,2023-03-31 12:30,43720,2022-01-01,2022-12-31,ユミルリンク株式会社
S100QI8D,2023-03-31,2023-03-31 13:06,17240,2022-01-01,2022-12-31,シンクレイヤ株式会社
S100QIUK,2023-03-31,2023-03-31 13:10,43740,2022-01-01,2022-12-31,株式会社ＲＯＢＯＴ　ＰＡＹＭＥＮＴ
S100QIUQ,2023-03-31,2023-03-31 13:15,31960,2022-01-01,2022-12-31,株式会社ホットランド
S100QIUW,2023-03-31,2023-03-31 13:17,44810,2022-01-01,2022-12-31,ベース株式会社
S100QH1J,2023-03-31,2023-03-31 13:34,91450,2022-01-01,2022-12-31,株式会社ビーイングホールディングス
S100QIS6,2023-03-31,2023-03-31 14:00,40200,2022-01-01,2022-12-31,ビートレンド株式会社
S100QGBC,2023-03-31,2023-03-31 14:24,65920,2022-01-01,2022-12-31,マブチモーター株式会社
S100QIWE,2023-03-31,2023-03-31 14:29,52400,2022-01-01,2022-12-31,ｍｏｎｏＡＩ　ｔｅｃｈｎｏｌｏｇｙ株式会社
S100QIJS,2023-03-31,2023-03-31 15:00,44200,2022-01-01,2022-12-31,イーソル株式会社
S100QIU3,2023-03-31,2023-03-31 15:00,43750,2022-01-01,2022-12-31,セーフィー株式会社
S100QI7E,2023-03-31,2023-03-31 15:00,79840,2022-01-01,2022-12-31,コクヨ株式会社
S100QGXD,2023-03-31,2023-03-31 15:00,92130,2022-01-01,2022-12-31,株式会社セイファート
S100QIEN,2023-03-31,2023-03-31 15:00,42610,2022-01-01,2022-12-31,アジアクエスト株式会社
S100QHTB,2023-03-31,2023-03-31 15:00,34740,2022-01-01,2022-12-31,Ｇ－ＦＡＣＴＯＲＹ株式会社
S100QEQF,2023-03-31,2023-03-31 15:00,81650,2022-01-01,2022-12-31,株式会社千趣会
S100QITH,2023-03-31,2023-03-31 15:03,61720,2022-01-01,2022-12-31,株式会社メタップス
S100QIVX,2023-03-31,2023-03-31 15:03,99730,2022-01-01,2022-12-31,株式会社小僧寿し
S100QIW4,2023-03-31,2023-03-31 15:04,27430,2022-01-01,2022-12-31,ピクセルカンパニーズ株式会社
S100QIBR,2023-03-31,2023-03-31 15:04,92140,2022-01-01,2022-12-31,Ｒｅｃｏｖｅｒｙ　Ｉｎｔｅｒｎａｔｉｏｎａｌ株式会社
S100QIQ0,2023-03-31,2023-03-31 15:05,44820,2022-01-01,2022-12-31,株式会社ウィルズ
S100QIXR,2023-03-31,2023-03-31 15:07,43790,2022-01-01,2022-12-31,株式会社Ｐｈｏｔｏｓｙｎｔｈ
S100QISV,2023-03-31,2023-03-31 15:08,40530,2022-01-01,2022-12-31,株式会社Ｓｕｎ　Ａｓｔｅｒｉｓｋ
S100QIVF,2023-03-31,2023-03-31 15:11,21600,2022-01-01,2022-12-31,株式会社ジーエヌアイグループ
S100QIY6,2023-03-31,2023-03-31 15:13,50700,2022-01-01,2022-12-31,株式会社ドラフト
S100QHYM,2023-03-31,2023-03-31 15:14,91470,2022-01-01,2022-12-31,ＮＩＰＰＯＮ　ＥＸＰＲＥＳＳホールディングス株式会社
S100QIYC,2023-03-31,2023-03-31 15:14,93380,2022-01-01,2022-12-31,株式会社ＩＮＦＯＲＩＣＨ
S100QIYF,2023-03-31,2023-03-31 15:20,40560,2022-01-01,2022-12-31,ニューラルポケット株式会社
S100QITL,2023-03-31,2023-03-31 15:24,42860,2022-01-01,2022-12-31,株式会社ＣＬホールディングス
S100QIX7,2023-03-31,2023-03-31 15:33,93390,2022-01-01,2022-12-31,株式会社コーチ・エィ
S100QIY5,2023-03-31,2023-03-31 16:00,44930,2022-01-01,2022-12-31,株式会社サイバーセキュリティクラウド
S100QIZW,2023-03-31,2023-03-31 16:00,92180,2022-01-01,2022-12-31,株式会社メンタルヘルステクノロジーズ
S100QIN2,2023-03-31,2023-03-31 16:01,24270,2022-01-01,2022-12-31,株式会社アウトソーシング
S100QJ0B,2023-03-31,2023-03-31 16:01,93450,2022-01-01,2022-12-31,ビズメイツ株式会社
S100QHKD,2023-03-31,2023-03-31 16:02,56100,2022-01-01,2022-12-31,大和重工株式会社
S100QIXY,2023-03-31,2023-03-31 16:11,52550,2022-01-01,2022-12-31,株式会社モンスターラボホールディングス
S100QJ0T,2023-03-31,2023-03-31 16:13,45780,2022-01-01,2022-12-31,大塚ホールディングス株式会社
S100QJ0P,2023-03-31,2023-03-31 16:25,63100,2022-01-01,2022-12-31,井関農機株式会社
S100QJ1A,2023-03-31,2023-03-31 16:26,36810,2022-01-01,2022-12-31,株式会社ブイキューブ
S100QIWY,2023-03-31,2023-03-31 16:35,37820,2022-01-01,2022-12-31,株式会社ディー・ディー・エス
S100QILA,2023-03-31,2023-03-31 16:39,37580,2022-01-01,2022-12-31,株式会社アエリア
S100QIAW,2023-03-31,2023-03-31 17:12,32440,2021-12-01,2022-11-30,サムティ株式会社
S100QK8D,2023-04-12,2023-04-12 15:01,66970,2022-01-01,2022-12-31,テックポイント・インク（Ｔｅｃｈｐｏｉｎｔ，Ｉｎｃ．）
S100QLA5,2023-04-14,2023-04-14 10:53,78650,2022-01-21,2023-01-20,ピープル株式会社
S100QLQO,2023-04-17,2023-04-17 09:16,25900,2022-01-21,2023-01-20,ダイドーグループホールディングス株式会社
S100QLBW,2023-04-17,2023-04-17 10:04,75900,2022-01-21,2023-01-20,株式会社タカショー
S100QMYS,2023-04-21,2023-04-21 15:13,48130,2022-02-01,2023-01-31,株式会社ＡＣＣＥＳＳ
S100QN26,2023-04-21,2023-04-21 15:37,66960,2022-02-01,2023-01-31,株式会社トラース・オン・プロダクト
S100QMVH,2023-04-24,2023-04-24 09:37,78780,2022-02-01,2023-01-31,株式会社光・彩
S100QN41,2023-04-24,2023-04-24 09:42,33200,2022-02-01,2023-01-31,クロスプラス株式会社
S100QMW3,2023-04-24,2023-04-24 10:30,69660,2022-02-01,2023-01-31,株式会社三井ハイテック
S100QMY7,2023-04-24,2023-04-24 12:20,39550,2022-02-01,2023-01-31,株式会社イムラ
S100QN33,2023-04-24,2023-04-24 14:53,17580,2022-02-01,2023-01-31,太洋基礎工業株式会社
S100QN7G,2023-04-24,2023-04-24 15:25,61840,2022-02-01,2023-01-31,株式会社鎌倉新書
S100QMZO,2023-04-24,2023-04-24 15:30,43800,2022-02-01,2023-01-31,株式会社Ｍマート
S100QN86,2023-04-24,2023-04-24 15:58,39310,2022-02-01,2023-01-31,株式会社バリューゴルフ
S100QN76,2023-04-25,2023-04-25 14:23,96920,2022-02-01,2023-01-31,株式会社シーイーシー
S100QN0M,2023-04-25,2023-04-25 15:00,50750,2022-02-01,2023-01-31,アップコン株式会社
S100QN99,2023-04-25,2023-04-25 15:03,34150,2022-02-01,2023-01-31,株式会社ＴＯＫＹＯ　ＢＡＳＥ
S100QN9Y,2023-04-25,2023-04-25 15:31,29830,2022-02-01,2023-01-31,株式会社アールプランナー
S100QNHN,2023-04-26,2023-04-26 09:02,63360,2022-02-01,2023-01-31,株式会社石井表記
S100QMOJ,2023-04-26,2023-04-26 09:13,19280,2022-02-01,2023-01-31,積水ハウス株式会社
S100QNHT,2023-04-26,2023-04-26 09:15,22170,2022-02-01,2023-01-31,モロゾフ株式会社
S100QMMB,2023-04-26,2023-04-26 09:56,96370,2022-02-01,2023-01-31,オーエス株式会社
S100QNF1,2023-04-26,2023-04-26 10:00,30710,2022-02-01,2023-01-31,株式会社ストリーム
S100QN53,2023-04-26,2023-04-26 13:13,97340,2022-02-01,2023-01-31,株式会社精養軒
S100QN6X,2023-04-26,2023-04-26 13:19,81420,2022-02-01,2023-01-31,株式会社トーホー
S100QNES,2023-04-26,2023-04-26 13:52,97430,2022-02-01,2023-01-31,株式会社丹青社
S100QMFL,2023-04-26,2023-04-26 14:31,96360,2022-02-01,2023-01-31,株式会社きんえい
S100QNJQ,2023-04-26,2023-04-26 14:37,80680,2022-02-01,2023-01-31,菱洋エレクトロ株式会社
S100QNMK,2023-04-26,2023-04-26 15:01,45920,2022-02-01,2023-01-31,サンバイオ株式会社
S100QNCJ,2023-04-26,2023-04-26 15:08,68980,2022-02-01,2023-01-31,トミタ電機株式会社
S100QNC5,2023-04-26,2023-04-26 15:33,30700,2022-02-01,2023-01-31,株式会社アマガサ
S100QNON,2023-04-26,2023-04-26 16:01,30570,2022-03-01,2023-01-31,株式会社ゼットン
S100QNPU,2023-04-26,2023-04-26 16:59,42380,2022-02-01,2023-01-31,ミライアル株式会社
S100QN7A,2023-04-27,2023-04-27 10:13,52480,2022-02-01,2023-01-31,株式会社テクノロジーズ
S100QNIT,2023-04-27,2023-04-27 10:56,43340,2022-02-01,2023-01-31,株式会社ユークス
S100QNVD,2023-04-27,2023-04-27 11:40,39950,2022-02-01,2023-01-31,株式会社ＳＫＩＹＡＫＩ
S100QK6S,2023-04-27,2023-04-27 12:14,88420,2022-02-01,2023-01-31,株式会社東京楽天地
S100QNY1,2023-04-27,2023-04-27 14:34,96320,2022-02-01,2023-01-31,スバル興業株式会社
S100QNQV,2023-04-27,2023-04-27 14:59,21630,2022-02-01,2023-01-31,株式会社アルトナー
S100QNIS,2023-04-27,2023-04-27 15:00,36650,2022-02-01,2023-01-31,株式会社エニグモ
S100QNBI,2023-04-27,2023-04-27 15:05,39210,2022-02-01,2023-01-31,株式会社ネオジャパン
S100QNR2,2023-04-27,2023-04-27 15:13,41740,2022-02-01,2023-01-31,株式会社アピリッツ
S100QNYH,2023-04-27,2023-04-27 15:13,29970,2022-02-01,2023-01-31,株式会社ストレージ王
S100QNQG,2023-04-27,2023-04-27 15:14,42870,2022-02-01,2023-01-31,株式会社ジャストプランニング
S100QNZ7,2023-04-27,2023-04-27 15:22,70730,2022-02-01,2023-01-31,株式会社ジェイック
S100QNXI,2023-04-27,2023-04-27 15:30,42670,2022-02-01,2023-01-31,株式会社ライトワークス
S100QO0F,2023-04-27,2023-04-27 16:07,35650,2022-02-01,2023-01-31,アセンテック株式会社
S100QNGS,2023-04-28,2023-04-28 09:09,32460,2022-02-01,2023-01-31,株式会社コーセーアールイー
S100QMYK,2023-04-28,2023-04-28 09:32,66540,2022-02-01,2023-01-31,不二電機工業株式会社
S100QNMW,2023-04-28,2023-04-28 10:04,76140,2022-02-01,2023-01-31,株式会社オーエムツーネットワーク
S100QM0P,2023-04-28,2023-04-28 11:04,43690,2022-02-01,2023-01-31,株式会社　トリケミカル研究所
S100QNZH,2023-04-28,2023-04-28 11:17,80130,2022-02-01,2023-01-31,株式会社ナイガイ
S100QO68,2023-04-28,2023-04-28 11:19,36570,2022-02-01,2023-01-31,ポールトゥウィンホールディングス株式会社
S100QO6B,2023-04-28,2023-04-28 11:26,50310,2022-02-01,2023-01-31,モイ株式会社
S100QO35,2023-04-28,2023-04-28 11:28,33990,2022-02-01,2023-01-31,株式会社丸千代山岡家
S100QNXD,2023-04-28,2023-04-28 12:01,31690,2022-02-01,2023-01-31,株式会社ミサワ
S100QO4E,2023-04-28,2023-04-28 12:21,67570,2022-02-01,2023-01-31,株式会社ＯＳＧコーポレーション
S100QO7G,2023-04-28,2023-04-28 14:03,41750,2022-02-01,2023-01-31,株式会社ｃｏｌｙ
S100QO52,2023-04-28,2023-04-28 14:06,14330,2022-02-01,2023-01-31,ベステラ株式会社
S100QNY7,2023-04-28,2023-04-28 14:17,31590,2022-02-01,2023-01-31,丸善ＣＨＩホールディングス株式会社
S100PXNK,2023-04-28,2023-04-28 15:01,70640,2022-02-01,2023-01-31,株式会社ハウテレビジョン
S100QO4Z,2023-04-28,2023-04-28 15:04,71960,2022-02-01,2023-01-31,株式会社Ｃａｓａ
S100QO01,2023-04-28,2023-04-28 15:21,76740,2022-02-01,2023-01-31,株式会社ＮＡＴＴＹ　ＳＷＡＮＫＹホールディングス
S100QO98,2023-04-28,2023-04-28 15:26,76830,2022-02-01,2023-01-31,株式会社ダブルエー
S100QMCA,2023-04-28,2023-04-28 16:31,27760,2022-02-01,2023-01-31,新都ホールディングス株式会社
S100QNCK,2023-05-12,2023-05-12 09:15,73300,2022-02-16,2023-02-15,レオス・キャピタルワークス株式会社
S100QND2,2023-05-12,2023-05-12 09:26,73300,2022-02-16,2023-02-15,レオス・キャピタルワークス株式会社
S100QNC2,2023-05-12,2023-05-12 09:45,73300,2022-02-16,2023-02-15,レオス・キャピタルワークス株式会社
S100QR6P,2023-05-15,2023-05-15 09:15,33330,2022-02-21,2023-02-20,株式会社あさひ
S100QR59,2023-05-15,2023-05-15 09:26,82270,2022-02-21,2023-02-20,株式会社しまむら
S100QQNL,2023-05-16,2023-05-16 13:59,82170,2022-02-21,2023-02-20,株式会社オークワ
S100QRRO,2023-05-17,2023-05-17 10:06,75450,2022-02-21,2023-02-20,株式会社西松屋チェーン
S100QMRB,2023-05-17,2023-05-17 16:57,92570,2022-01-01,2022-12-31,ＹＣＰホールディングス（グローバル）リミテッド
S100QS8S,2023-05-18,2023-05-18 10:00,89050,2022-03-01,2023-02-28,イオンモール株式会社
S100QSD0,2023-05-18,2023-05-18 14:28,62790,2022-02-21,2023-02-20,株式会社瑞光
S100QSHI,2023-05-19,2023-05-19 09:00,26860,2022-03-01,2023-02-28,株式会社ジーフット
S100QRZ1,2023-05-19,2023-05-19 09:08,82760,2022-02-21,2023-02-20,株式会社　平和堂
S100QSE7,2023-05-19,2023-05-19 09:12,27780,2022-02-21,2023-02-20,パレモ・ホールディングス株式会社
S100QSGV,2023-05-19,2023-05-19 09:46,99760,2022-02-21,2023-02-20,株式会社　セキチュー
S100QSG4,2023-05-19,2023-05-19 09:48,82780,2022-03-01,2023-02-28,株式会社フジ
S100QSJ6,2023-05-19,2023-05-19 10:31,74500,2022-03-01,2023-02-28,株式会社サンデー
S100QS2Z,2023-05-19,2023-05-19 11:13,67340,2022-03-01,2023-02-28,株式会社ニューテック
S100QSKC,2023-05-19,2023-05-19 11:51,43430,2022-03-01,2023-02-28,株式会社イオンファンタジー
S100QSAX,2023-05-22,2023-05-22 09:49,32220,2022-03-01,2023-02-28,ユナイテッド・スーパーマーケット・ホールディングス株式会社
S100QSTF,2023-05-22,2023-05-22 11:53,26530,2022-03-01,2023-02-28,イオン九州株式会社
S100QSQD,2023-05-22,2023-05-22 13:22,97870,2022-03-01,2023-02-28,イオンディライト株式会社
S100QSUS,2023-05-22,2023-05-22 15:00,99460,2022-03-01,2023-02-28,ミニストップ株式会社
S100QSN5,2023-05-22,2023-05-22 15:54,23540,2022-03-01,2023-02-28,株式会社ＹＥ　ＤＩＧＩＴＡＬ
S100QSZ1,2023-05-23,2023-05-23 11:37,82000,2022-03-01,2023-02-28,株式会社リンガーハット
S100QSQF,2023-05-23,2023-05-23 12:18,76240,2022-03-01,2023-02-28,株式会社ＮａＩＴＯ
S100QSYI,2023-05-23,2023-05-23 14:40,52710,2022-03-01,2023-02-28,株式会社トーヨーアサノ
S100QT6A,2023-05-23,2023-05-23 15:09,99480,2022-03-01,2023-02-28,株式会社アークス
S100QT9J,2023-05-24,2023-05-24 09:25,81680,2022-03-01,2023-02-28,株式会社ケーヨー
S100QSKR,2023-05-24,2023-05-24 10:54,93810,2022-03-01,2023-02-28,株式会社エーアイテイー
S100QSY7,2023-05-24,2023-05-24 13:05,27470,2022-03-01,2023-02-28,北雄ラッキー株式会社
S100QTDK,2023-05-24,2023-05-24 14:00,96010,2022-03-01,2023-02-28,松竹株式会社
S100QT1J,2023-05-24,2023-05-24 14:38,30930,2022-03-01,2023-02-28,株式会社トレジャー・ファクトリー
S100QTE9,2023-05-24,2023-05-24 15:01,39220,2022-03-01,2023-02-28,株式会社ＰＲ　ＴＩＭＥＳ
S100QTGT,2023-05-24,2023-05-24 15:05,92750,2022-03-01,2023-02-28,株式会社ナルミヤ・インターナショナル
S100QTEK,2023-05-24,2023-05-24 15:07,31980,2022-03-01,2023-02-28,ＳＦＰホールディングス株式会社
S100QTFR,2023-05-24,2023-05-24 15:24,39350,2022-03-01,2023-02-28,株式会社エディア
S100QT9F,2023-05-24,2023-05-24 15:38,26980,2021-12-01,2023-02-28,株式会社キャンドゥ
S100QT9Y,2023-05-24,2023-05-24 15:44,76110,2022-03-01,2023-02-28,株式会社ハイデイ日高
S100QT32,2023-05-25,2023-05-25 09:00,27260,2022-03-01,2023-02-28,株式会社パルグループホールディングス
S100QTLV,2023-05-25,2023-05-25 09:23,26690,2022-03-01,2023-02-28,カネ美食品株式会社
S100QT6F,2023-05-25,2023-05-25 09:29,75120,2022-03-01,2023-02-28,イオン北海道株式会社
S100QT6G,2023-05-25,2023-05-25 09:36,17120,2022-03-01,2023-02-28,株式会社ダイセキ環境ソリューション
S100QTDP,2023-05-25,2023-05-25 09:52,98460,2022-03-01,2023-02-28,株式会社天満屋ストア
S100QTLY,2023-05-25,2023-05-25 10:05,47450,2022-03-01,2023-02-28,株式会社東京個別指導学院
S100QTKU,2023-05-25,2023-05-25 10:07,76030,2022-03-01,2023-02-28,株式会社マックハウス
S100QT8M,2023-05-25,2023-05-25 10:37,82330,2022-03-01,2023-02-28,株式会社髙島屋
S100QTOP,2023-05-25,2023-05-25 10:48,22920,2022-03-01,2023-02-28,エスフーズ株式会社
S100QTJH,2023-05-25,2023-05-25 11:03,98760,2022-03-01,2023-02-28,株式会社コックス
S100QTKV,2023-05-25,2023-05-25 11:48,74270,2022-03-01,2023-02-28,エコートレーディング株式会社
S100QTP4,2023-05-25,2023-05-25 12:10,47630,2022-03-01,2023-02-28,株式会社クリーク・アンド・リバー社
S100QT2S,2023-05-25,2023-05-25 12:45,81980,2022-03-01,2023-02-28,マックスバリュ東海株式会社
S100QTHI,2023-05-25,2023-05-25 12:59,82030,2022-03-01,2023-02-28,株式会社ミスターマックス・ホールディングス
S100QTLN,2023-05-25,2023-05-25 13:12,33530,2022-03-01,2023-02-28,株式会社メディカル一光グループ
S100QTD1,2023-05-25,2023-05-25 13:21,26680,2022-03-01,2023-02-28,タビオ株式会社
S100QT21,2023-05-25,2023-05-25 13:24,76790,2022-03-01,2023-02-28,株式会社薬王堂ホールディングス
S100QTD9,2023-05-25,2023-05-25 13:35,23790,2022-03-01,2023-02-28,ディップ株式会社
S100QTMD,2023-05-25,2023-05-25 14:08,64690,2022-03-01,2023-02-28,株式会社　放電精密加工研究所
S100QTS7,2023-05-25,2023-05-25 14:09,36270,2022-03-01,2023-02-28,ＪＮＳホールディングス株式会社
S100QTB3,2023-05-25,2023-05-25 14:12,26510,2022-03-01,2023-02-28,株式会社ローソン
S100QTSP,2023-05-25,2023-05-25 14:18,99740,2022-03-01,2023-02-28,株式会社ベルク
S100QTSR,2023-05-25,2023-05-25 14:26,65060,2022-03-01,2023-02-28,株式会社安川電機
S100QTHN,2023-05-25,2023-05-25 14:40,82730,2022-03-01,2023-02-28,株式会社イズミ
S100QTK5,2023-05-25,2023-05-25 14:44,35460,2022-03-01,2023-02-28,アレンザホールディングス株式会社
S100QTK7,2023-05-25,2023-05-25 14:59,97160,2022-03-01,2023-02-28,株式会社乃村工藝社
S100QTN0,2023-05-25,2023-05-25 15:00,44940,2022-03-01,2023-02-28,バリオセキュア株式会社
S100QTLW,2023-05-25,2023-05-25 15:08,44290,2022-03-01,2023-02-28,リックソフト株式会社
S100QTKK,2023-05-25,2023-05-25 15:14,70770,2022-03-01,2023-02-28,株式会社ＡＬｉＮＫインターネット
S100QTRG,2023-05-25,2023-05-25 15:30,21860,2022-03-01,2023-02-28,ソーバル株式会社
S100QTUM,2023-05-25,2023-05-25 15:35,85700,2022-03-01,2023-02-28,イオンフィナンシャルサービス株式会社
S100QTMM,2023-05-25,2023-05-25 15:46,30830,2022-03-01,2023-02-28,株式会社シーズメン
S100QTR5,2023-05-25,2023-05-25 15:59,99770,2022-03-01,2023-02-28,株式会社アオキスーパー
S100QT8H,2023-05-25,2023-05-25 16:00,96020,2022-03-01,2023-02-28,東宝株式会社
S100QTUN,2023-05-25,2023-05-25 16:00,39670,2022-03-01,2023-02-28,株式会社エルテス
S100QTCY,2023-05-25,2023-05-25 16:07,46450,2022-03-01,2023-02-28,株式会社市進ホールディングス
S100QTGK,2023-05-25,2023-05-25 16:11,61420,2022-03-01,2023-02-28,富士精工株式会社
S100QTUD,2023-05-25,2023-05-25 16:12,44130,2022-03-01,2023-02-28,株式会社ボードルア
S100QTVK,2023-05-25,2023-05-25 16:41,64320,2022-03-01,2023-02-28,株式会社竹内製作所
S100QTP0,2023-05-25,2023-05-25 16:41,68140,2022-03-01,2023-02-28,古野電気株式会社
S100QTW3,2023-05-25,2023-05-25 16:55,38260,2022-03-01,2023-02-28,株式会社システムインテグレータ
S100QT9L,2023-05-26,2023-05-26 09:00,81940,2022-03-01,2023-02-28,株式会社ライフコーポレーション
S100QT64,2023-05-26,2023-05-26 09:00,75200,2022-03-01,2023-02-28,株式会社エコス
S100QT8B,2023-05-26,2023-05-26 09:00,97930,2022-03-01,2023-02-28,株式会社ダイセキ
S100QT56,2023-05-26,2023-05-26 09:05,30650,2022-03-01,2023-02-28,株式会社ライフフーズ
S100QTLJ,2023-05-26,2023-05-26 09:09,30300,2022-03-01,2023-02-28,株式会社ハブ
S100QTUI,2023-05-26,2023-05-26 09:11,97780,2022-03-01,2023-02-28,株式会社昴
S100QU03,2023-05-26,2023-05-26 09:12,27420,2022-03-01,2023-02-28,株式会社ハローズ
S100QTDI,2023-05-26,2023-05-26 09:14,79750,2022-03-01,2023-02-28,株式会社リヒトラブ
S100QU14,2023-05-26,2023-05-26 09:24,44320,2022-03-01,2023-02-28,ウイングアーク１ｓｔ株式会社
S100QTTX,2023-05-26,2023-05-26 09:29,30500,2022-03-01,2023-02-28,ＤＣＭホールディングス株式会社
S100QT97,2023-05-26,2023-05-26 09:29,78470,2022-03-01,2023-02-28,株式会社グラファイトデザイン
S100QTV0,2023-05-26,2023-05-26 09:33,33820,2022-03-01,2023-02-28,株式会社セブン＆アイ・ホールディングス
S100QU1U,2023-05-26,2023-05-26 09:39,26590,2022-03-01,2023-02-28,株式会社サンエー
S100QTTU,2023-05-26,2023-05-26 09:45,80080,2022-03-01,2023-02-28,株式会社ヨンドシーホールディングス
S100QU25,2023-05-26,2023-05-26 09:52,97400,2022-03-01,2023-02-28,セントラル警備保障株式会社
S100QTWV,2023-05-26,2023-05-26 10:00,98610,2022-03-01,2023-02-28,株式会社吉野家ホールディングス
S100QTX4,2023-05-26,2023-05-26 10:03,89180,2022-03-01,2023-02-28,株式会社ランド
S100QTKX,2023-05-26,2023-05-26 10:07,82440,2022-03-01,2023-02-28,株式会社近鉄百貨店
S100QU1R,2023-05-26,2023-05-26 10:15,75160,2022-03-01,2023-02-28,コーナン商事株式会社
S100QTLC,2023-05-26,2023-05-26 10:37,99030,2022-03-01,2023-02-28,株式会社カンセキ
S100QS6K,2023-05-26,2023-05-26 10:38,74850,2022-03-01,2023-02-28,岡谷鋼機株式会社
S100QU2T,2023-05-26,2023-05-26 10:47,81670,2022-03-01,2023-02-28,株式会社リテールパートナーズ
S100QTV8,2023-05-26,2023-05-26 10:54,81810,2022-03-01,2023-02-28,株式会社東天紅
S100QTT7,2023-05-26,2023-05-26 11:02,77190,2022-03-01,2023-02-28,株式会社東京衡機
S100QTJA,2023-05-26,2023-05-26 11:13,23410,2022-03-01,2023-02-28,株式会社アルバイトタイムス
S100QSU4,2023-05-26,2023-05-26 11:23,82370,2022-03-01,2023-02-28,株式会社松屋
S100QTL2,2023-05-26,2023-05-26 11:25,26850,2022-03-01,2023-02-28,株式会社アダストリア
S100QTZ7,2023-05-26,2023-05-26 11:27,27890,2022-03-01,2023-02-28,株式会社カルラ
S100QU4I,2023-05-26,2023-05-26 11:28,50780,2022-03-01,2023-02-28,株式会社セレコーポレーション
S100QTLM,2023-05-26,2023-05-26 12:05,29180,2022-03-01,2023-02-28,わらべや日洋ホールディングス株式会社
S100QTYF,2023-05-26,2023-05-26 12:09,14180,2022-03-01,2023-02-28,インターライフホールディングス株式会社
S100QTRR,2023-05-26,2023-05-26 12:57,26830,2022-03-01,2023-02-28,株式会社魚喜
S100QTF3,2023-05-26,2023-05-26 13:19,76100,2022-03-01,2023-02-28,株式会社テイツー
S100QU6C,2023-05-26,2023-05-26 13:20,49200,2022-03-01,2023-02-28,株式会社日本色材工業研究所
S100QU6K,2023-05-26,2023-05-26 13:27,32230,2022-03-01,2023-02-28,株式会社エスエルディー
S100QU7M,2023-05-26,2023-05-26 14:00,98420,2022-03-01,2023-02-28,アークランズ株式会社
S100QU7C,2023-05-26,2023-05-26 14:00,82600,2022-03-01,2023-02-28,株式会社井筒屋
S100QU70,2023-05-26,2023-05-26 14:39,30860,2022-03-01,2023-02-28,Ｊ．フロント　リテイリング株式会社
S100QTL8,2023-05-26,2023-05-26 14:57,81850,2022-03-01,2023-02-28,株式会社チヨダ
S100QTXZ,2023-05-26,2023-05-26 15:00,36780,2022-03-01,2023-02-28,株式会社メディアドゥ
S100QU5Z,2023-05-26,2023-05-26 15:00,61830,2022-03-01,2023-02-28,株式会社ベルシステム２４ホールディングス
S100QU75,2023-05-26,2023-05-26 15:00,42700,2022-03-01,2023-02-28,株式会社ＢｅｅＸ
S100QTOD,2023-05-26,2023-05-26 15:00,80160,2022-03-01,2023-02-28,株式会社オンワードホールディングス
S100QU2P,2023-05-26,2023-05-26 15:01,32600,2022-03-01,2023-02-28,株式会社エスポア
S100QT8C,2023-05-26,2023-05-26 15:02,31410,2022-03-01,2023-02-28,ウエルシアホールディングス株式会社
S100QTHX,2023-05-26,2023-05-26 15:03,36080,2022-03-01,2023-02-28,株式会社ＴＳＩホールディングス
S100QU10,2023-05-26,2023-05-26 15:11,60930,2022-03-01,2023-02-28,株式会社エスクロー・エージェント・ジャパン
S100QU2Y,2023-05-26,2023-05-26 15:13,96610,2022-03-01,2023-02-28,株式会社歌舞伎座
S100QTXW,2023-05-26,2023-05-26 15:13,45300,2022-03-01,2023-02-28,久光製薬株式会社
S100QTWD,2023-05-26,2023-05-26 15:30,35430,2022-03-01,2023-02-28,株式会社コメダホールディングス
S100QU8R,2023-05-26,2023-05-26 15:31,40170,2022-03-01,2023-02-28,株式会社クリーマ
S100QU4Q,2023-05-26,2023-05-26 15:36,60860,2022-03-01,2023-02-28,シンメンテホールディングス株式会社
S100QTNZ,2023-05-26,2023-05-26 15:50,28720,2022-03-01,2023-02-28,株式会社セイヒョー
S100QTAN,2023-05-26,2023-05-26 15:53,44340,2022-03-01,2023-02-28,株式会社サーバーワークス
S100QUA4,2023-05-26,2023-05-26 15:59,65210,2022-03-01,2023-02-28,株式会社オキサイド
S100QT41,2023-05-26,2023-05-26 16:08,31810,2022-03-01,2023-02-28,株式会社買取王国
S100QU0C,2023-05-26,2023-05-26 16:16,65430,2022-03-01,2023-02-28,株式会社日宣
S100QUAT,2023-05-26,2023-05-26 16:17,81660,2022-03-01,2023-02-28,株式会社タカキュー
S100QUAX,2023-05-26,2023-05-26 16:21,65720,2022-03-01,2023-02-28,ＲＰＡホールディングス株式会社
S100QUAA,2023-05-26,2023-05-26 16:23,27980,2022-03-01,2023-02-28,株式会社ワイズテーブルコーポレーション
S100QTV3,2023-05-26,2023-05-26 16:23,30870,2022-03-01,2023-02-28,株式会社ドトール・日レスホールディングス
S100QSTJ,2023-05-26,2023-05-26 16:26,75150,2022-03-01,2023-02-28,株式会社マルヨシセンター
S100QU6Y,2023-05-29,2023-05-29 09:04,32800,2022-03-01,2023-02-28,株式会社エストラスト
S100QUC2,2023-05-29,2023-05-29 09:09,81250,2022-03-01,2023-02-28,株式会社ワキタ
S100QU8Q,2023-05-29,2023-05-29 09:16,28820,2022-03-01,2023-02-28,株式会社イートアンドホールディングス
S100QTZ1,2023-05-29,2023-05-29 09:17,75440,2022-03-01,2023-02-28,株式会社スリーエフ
S100QUAL,2023-05-29,2023-05-29 09:45,89310,2022-03-01,2023-02-28,和田興産株式会社
S100QUCL,2023-05-29,2023-05-29 10:06,59930,2022-03-01,2023-02-28,知多鋼業株式会社
S100QTZF,2023-05-29,2023-05-29 10:27,98350,2022-03-01,2023-02-28,株式会社ジュンテンドー
S100QU80,2023-05-29,2023-05-29 10:29,39770,2022-03-01,2023-02-28,フュージョン株式会社
S100QU5I,2023-05-29,2023-05-29 10:30,47140,2022-03-01,2023-02-28,株式会社　リソー教育
S100QTZV,2023-05-29,2023-05-29 10:41,78940,2022-03-01,2023-02-28,丸東産業株式会社
S100QSXL,2023-05-29,2023-05-29 12:57,59000,2022-03-01,2023-02-28,株式会社ダイケン
S100QUGV,2023-05-29,2023-05-29 13:55,82670,2022-03-01,2023-02-28,イオン株式会社
S100QUIU,2023-05-29,2023-05-29 14:10,75990,2022-03-01,2023-02-28,株式会社ＩＤＯＭ
S100QUCY,2023-05-29,2023-05-29 15:00,39150,2022-03-01,2023-02-28,株式会社テラスカイ
S100QUJZ,2023-05-29,2023-05-29 15:00,61820,2022-03-01,2023-02-28,株式会社メタリアル
S100QUBM,2023-05-29,2023-05-29 15:00,70490,2022-03-01,2023-02-28,株式会社識学
S100QUA0,2023-05-29,2023-05-29 15:02,35480,2022-03-01,2023-02-28,株式会社バロックジャパンリミテッド
S100Q8UT,2023-05-29,2023-05-29 15:05,65320,2022-03-01,2023-02-28,株式会社ベイカレント・コンサルティング
S100QU8U,2023-05-29,2023-05-29 15:08,26870,2022-03-01,2023-02-28,株式会社シー・ヴイ・エス・ベイエリア
S100QUEY,2023-05-29,2023-05-29 15:09,23370,2022-03-01,2023-02-28,いちご株式会社
S100QUC4,2023-05-29,2023-05-29 15:13,59820,2022-03-01,2023-02-28,株式会社マルゼン
S100QUBC,2023-05-29,2023-05-29 15:14,33870,2022-03-01,2023-02-28,株式会社クリエイト・レストランツ・ホールディングス
S100QUHL,2023-05-29,2023-05-29 15:28,78070,2022-03-01,2023-02-28,株式会社幸和製作所
S100QUC1,2023-05-29,2023-05-29 16:00,27060,2022-03-01,2023-02-28,株式会社ブロッコリー
S100QUJO,2023-05-29,2023-05-29 16:05,81430,2022-03-01,2023-02-28,株式会社ラピーヌ
S100QUDV,2023-05-29,2023-05-29 16:15,30730,2022-03-01,2023-02-28,株式会社ＤＤホールディングス
S100QUKC,2023-05-29,2023-05-29 16:40,68970,2022-03-01,2023-02-28,株式会社ツインバード
S100QUHM,2023-05-29,2023-05-29 16:49,65550,2022-03-01,2023-02-28,株式会社ＭＳ＆Ｃｏｎｓｕｌｔｉｎｇ
S100QUJS,2023-05-29,2023-05-29 16:51,35580,2022-03-01,2023-02-28,株式会社ロコンド
S100QUM5,2023-05-29,2023-05-29 17:01,58170,2022-03-01,2023-02-28,ＪＭＡＣＳ株式会社
S100QTQA,2023-05-30,2023-05-30 09:06,30940,2022-03-01,2023-02-28,株式会社スーパーバリュー
S100QUN1,2023-05-30,2023-05-30 10:22,99820,2022-03-01,2023-02-28,タキヒヨー株式会社
S100QUP2,2023-05-30,2023-05-30 10:32,82470,2022-03-01,2023-02-28,株式会社大和
S100QURI,2023-05-30,2023-05-30 11:59,93260,2022-03-01,2023-02-28,株式会社関通
S100QUU4,2023-05-30,2023-05-30 13:55,33960,2022-03-01,2023-02-28,株式会社フェリシモ
S100QUTS,2023-05-30,2023-05-30 14:08,80110,2022-03-01,2023-02-28,株式会社三陽商会
S100QU9X,2023-05-30,2023-05-30 14:10,39960,2022-03-01,2023-02-28,サインポスト株式会社
S100QU7Q,2023-05-30,2023-05-30 14:15,76010,2022-03-01,2023-02-28,株式会社ポプラ
S100QUJW,2023-05-30,2023-05-30 14:17,82890,2022-03-01,2023-02-28,株式会社Ｏｌｙｍｐｉｃグループ
S100QUGN,2023-05-30,2023-05-30 14:37,50250,2022-03-01,2023-02-28,株式会社マーキュリーリアルテックイノベーター
S100QU2B,2023-05-30,2023-05-30 15:02,29350,2022-03-01,2023-02-28,株式会社ピックルスホールディングス
S100QUHK,2023-05-30,2023-05-30 15:17,50180,2022-03-01,2023-02-28,株式会社ＭＯＲＥＳＣＯ
S100QUS0,2023-05-30,2023-05-30 15:24,31920,2022-03-01,2023-02-28,株式会社白鳩
S100QUVT,2023-05-30,2023-05-30 15:30,34900,2022-03-01,2023-02-28,株式会社アズ企画設計
S100QUWP,2023-05-30,2023-05-30 16:05,35500,2022-03-01,2023-02-28,株式会社スタジオアタオ
S100QUW1,2023-05-30,2023-05-30 16:14,78290,2022-03-01,2023-02-28,株式会社サマンサタバサジャパンリミテッド
S100QUTT,2023-05-30,2023-05-30 16:38,65780,2022-03-01,2023-02-28,株式会社エヌリンクス
S100QUZ8,2023-05-31,2023-05-31 09:00,92530,2022-03-01,2023-02-28,スローガン株式会社
S100QUO2,2023-05-31,2023-05-31 09:05,26700,2022-03-01,2023-02-28,株式会社エービーシー・マート
S100QUSO,2023-05-31,2023-05-31 09:08,23050,2022-03-01,2023-02-28,株式会社スタジオアリス
S100QUUU,2023-05-31,2023-05-31 09:49,63230,2022-03-01,2023-02-28,ローツェ株式会社
S100QUXB,2023-05-31,2023-05-31 09:52,28840,2022-03-01,2023-02-28,株式会社ヨシムラ・フード・ホールディングス
S100QV0P,2023-05-31,2023-05-31 09:54,76300,2022-03-01,2023-02-28,株式会社壱番屋
S100QUUB,2023-05-31,2023-05-31 10:16,76890,2022-03-01,2023-02-28,株式会社コパ・コーポレーション
S100QUXW,2023-05-31,2023-05-31 10:16,30800,2022-03-01,2023-02-28,株式会社ジェーソン
S100QV1P,2023-05-31,2023-05-31 10:23,48910,2022-03-01,2023-02-28,㈱ティムス
S100QV31,2023-05-31,2023-05-31 11:12,31770,2022-03-01,2023-02-28,株式会社ありがとうサービス
S100QV2C,2023-05-31,2023-05-31 11:19,93880,2022-03-01,2023-02-28,株式会社パパネッツ
S100QV3B,2023-05-31,2023-05-31 11:20,73570,2022-03-01,2023-02-28,株式会社ジオコード
S100QV3V,2023-05-31,2023-05-31 11:32,29360,2022-03-01,2023-02-28,ベースフード株式会社
S100QUCN,2023-05-31,2023-05-31 11:58,76490,2022-03-01,2023-02-28,スギホールディングス株式会社
S100QV4M,2023-05-31,2023-05-31 12:30,30630,2022-03-01,2023-02-28,株式会社ジェイグループホールディングス
S100QV16,2023-05-31,2023-05-31 13:06,78110,2022-03-01,2023-02-28,中本パックス株式会社
S100QP7R,2023-05-31,2023-05-31 13:07,33840,2022-03-01,2023-02-28,株式会社アークコア
S100QV79,2023-05-31,2023-05-31 14:12,76080,2022-03-01,2023-02-28,株式会社エスケイジャパン
S100QUZ2,2023-05-31,2023-05-31 15:00,60580,2022-03-01,2023-02-28,株式会社ベクトル
S100QV4R,2023-05-31,2023-05-31 15:01,35620,2022-03-01,2023-02-28,株式会社Ｎｏ．１
S100QUX3,2023-05-31,2023-05-31 15:03,23380,2022-03-01,2023-02-28,クオンタムソリューションズ株式会社
S100QUW2,2023-05-31,2023-05-31 15:08,80050,2022-04-01,2023-03-31,株式会社スクロール
S100QV45,2023-05-31,2023-05-31 15:23,99930,2022-03-01,2023-02-28,株式会社ヤマザワ
S100QV53,2023-05-31,2023-05-31 15:24,34790,2022-03-01,2023-02-28,株式会社ティーケーピー
S100QV73,2023-05-31,2023-05-31 15:30,41730,2022-03-01,2023-02-28,株式会社ＷＡＣＵＬ
S100QUYK,2023-05-31,2023-05-31 15:30,29300,2022-03-01,2023-02-28,株式会社北の達人コーポレーション
S100QV7O,2023-05-31,2023-05-31 15:30,24020,2022-01-01,2022-12-31,株式会社アマナ
S100QV8F,2023-05-31,2023-05-31 16:11,61730,2022-03-01,2023-02-28,株式会社アクアライン
S100QV18,2023-05-31,2023-05-31 16:17,63120,2022-03-01,2023-02-28,フロイント産業株式会社
S100QUZ4,2023-05-31,2023-05-31 16:21,35570,2022-03-01,2023-02-28,ユナイテッド＆コレクティブ株式会社
S100QV83,2023-05-31,2023-05-31 16:24,44900,2022-03-01,2023-02-28,株式会社ビザスク
S100QVA7,2023-05-31,2023-05-31 16:31,23000,2022-03-01,2023-02-28,株式会社きょくとう
S100QVA8,2023-06-01,2023-06-01 13:17,79080,2022-04-01,2023-03-31,株式会社きもと
S100QWA7,2023-06-06,2023-06-06 14:44,77410,2022-04-01,2023-03-31,ＨＯＹＡ株式会社
S100QWQB,2023-06-09,2023-06-09 09:47,86970,2022-04-01,2023-03-31,株式会社日本取引所グループ
S100QWBV,2023-06-09,2023-06-09 12:13,59900,2022-03-16,2023-03-15,株式会社スーパーツール
S100QWLM,2023-06-09,2023-06-09 15:55,48750,2022-01-01,2022-12-31,メディシノバ・インク
S100QWNJ,2023-06-12,2023-06-12 09:10,83660,2022-04-01,2023-03-31,株式会社滋賀銀行
S100QX0Q,2023-06-12,2023-06-12 10:16,82850,2022-04-01,2023-03-31,三谷産業株式会社
S100QXDB,2023-06-13,2023-06-13 15:12,69950,2022-04-01,2023-03-31,株式会社東海理化電機製作所
S100QXCJ,2023-06-13,2023-06-13 15:21,59060,2022-03-21,2023-03-20,エムケー精工株式会社
S100QXNZ,2023-06-13,2023-06-13 15:37,72830,2022-04-01,2023-03-31,愛三工業株式会社
S100QXM7,2023-06-14,2023-06-14 11:00,43480,2022-04-01,2023-03-31,インフォコム株式会社
S100QXOD,2023-06-14,2023-06-14 12:53,81330,2022-04-01,2023-03-31,伊藤忠エネクス株式会社
S100QX95,2023-06-14,2023-06-14 15:03,30920,2022-04-01,2023-03-31,株式会社ＺＯＺＯ
S100QXSH,2023-06-14,2023-06-14 15:27,90370,2022-04-01,2023-03-31,株式会社ハマキョウレックス
S100QY33,2023-06-14,2023-06-14 15:30,34840,2022-04-01,2023-03-31,株式会社テンポイノベーション
S100QXQN,2023-06-14,2023-06-14 16:01,22200,2022-04-01,2023-03-31,亀田製菓株式会社
S100QY5Z,2023-06-15,2023-06-15 09:59,26640,2022-03-16,2023-03-15,株式会社カワチ薬品
S100QXGZ,2023-06-15,2023-06-15 10:09,81900,2022-03-21,2023-03-20,株式会社ヤマナカ
S100QY25,2023-06-15,2023-06-15 11:14,65160,2022-04-01,2023-03-31,山洋電気株式会社
S100QY5R,2023-06-15,2023-06-15 11:43,33160,2022-04-01,2023-03-31,東京日産コンピュータシステム株式会社
S100QXYU,2023-06-15,2023-06-15 13:15,99500,2022-03-21,2023-03-20,株式会社ハチバン
S100QYD3,2023-06-15,2023-06-15 13:17,39690,2022-04-01,2023-03-31,株式会社エイトレッド
S100QY5M,2023-06-15,2023-06-15 14:07,77740,2022-04-01,2023-03-31,株式会社ジャパン・ティッシュエンジニアリング
S100QY43,2023-06-15,2023-06-15 15:00,37780,2022-04-01,2023-03-31,さくらインターネット株式会社
S100QY7Y,2023-06-15,2023-06-15 15:01,68610,2022-03-21,2023-03-20,株式会社キーエンス
S100QYG8,2023-06-15,2023-06-15 15:24,81140,2022-04-01,2023-03-31,株式会社デサント
S100QY8D,2023-06-15,2023-06-15 15:35,42620,2022-04-01,2023-03-31,ニフティライフスタイル株式会社
S100QY64,2023-06-15,2023-06-15 15:38,94360,2022-04-01,2023-03-31,沖縄セルラー電話株式会社
S100QY1D,2023-06-15,2023-06-15 16:04,46890,2022-04-01,2023-03-31,Ｚホールディングス株式会社
S100QXXT,2023-06-15,2023-06-15 16:30,40620,2022-04-01,2023-03-31,イビデン株式会社
S100QXRZ,2023-06-15,2023-06-15 16:30,87950,2022-04-01,2023-03-31,株式会社Ｔ＆Ｄホールディングス
S100QYE0,2023-06-16,2023-06-16 09:04,79310,2022-03-21,2023-03-20,未来工業株式会社
S100QYKD,2023-06-16,2023-06-16 09:26,90640,2022-04-01,2023-03-31,ヤマトホールディングス株式会社
S100QYIH,2023-06-16,2023-06-16 09:54,81310,2022-04-01,2023-03-31,株式会社ミツウロコグループホールディングス
S100QY1X,2023-06-16,2023-06-16 10:46,90400,2022-03-21,2023-03-20,大宝運輸株式会社
S100QY6Q,2023-06-16,2023-06-16 10:59,78570,2022-04-01,2023-03-31,セキ株式会社
S100QYFK,2023-06-16,2023-06-16 11:37,52040,2022-03-21,2023-03-20,石塚硝子株式会社
S100QYOR,2023-06-16,2023-06-16 12:39,58320,2022-04-01,2023-03-31,株式会社ちゅうぎんフィナンシャルグループ
S100QY9X,2023-06-16,2023-06-16 13:12,36350,2022-04-01,2023-03-31,株式会社コーエーテクモホールディングス
S100QYPN,2023-06-16,2023-06-16 13:20,33710,2022-04-01,2023-03-31,株式会社ソフトクリエイトホールディングス
S100QYQ4,2023-06-16,2023-06-16 13:37,84110,2022-04-01,2023-03-31,株式会社みずほフィナンシャルグループ
S100QYF2,2023-06-16,2023-06-16 13:43,43450,2022-04-01,2023-03-31,株式会社シーティーエス
S100QXYT,2023-06-16,2023-06-16 13:57,73800,2022-04-01,2023-03-31,株式会社十六フィナンシャルグループ
S100QYFA,2023-06-16,2023-06-16 14:00,51910,2022-04-01,2023-03-31,住友理工株式会社
S100QY82,2023-06-16,2023-06-16 14:22,38500,2022-04-01,2023-03-31,株式会社エヌ・ティ・ティ・データ・イントラマート
S100QYHG,2023-06-16,2023-06-16 14:30,59920,2022-04-01,2023-03-31,中央発條株式会社
S100QX4W,2023-06-16,2023-06-16 14:32,72820,2022-04-01,2023-03-31,豊田合成株式会社
S100QX7W,2023-06-16,2023-06-16 14:54,47390,2022-04-01,2023-03-31,伊藤忠テクノソリューションズ株式会社
S100QYSG,2023-06-16,2023-06-16 15:03,43730,2022-04-01,2023-03-31,シンプレクス・ホールディングス株式会社
S100QY6D,2023-06-16,2023-06-16 15:04,42200,2022-04-01,2023-03-31,リケンテクノス株式会社
S100QXO0,2023-06-16,2023-06-16 15:04,74720,2022-04-01,2023-03-31,株式会社鳥羽洋行
S100QYHE,2023-06-16,2023-06-16 15:10,94130,2022-04-01,2023-03-31,株式会社テレビ東京ホールディングス
S100QYHC,2023-06-16,2023-06-16 15:28,98780,2022-03-21,2023-03-20,株式会社　セキド
S100QYLX,2023-06-16,2023-06-16 15:57,62010,2022-04-01,2023-03-31,株式会社豊田自動織機
S100QYU0,2023-06-16,2023-06-16 16:03,90460,2022-04-01,2023-03-31,神戸電鉄株式会社
S100QYSB,2023-06-16,2023-06-16 16:49,71800,2022-04-01,2023-03-31,株式会社九州フィナンシャルグループ
S100QYK5,2023-06-19,2023-06-19 09:04,96860,2022-04-01,2023-03-31,東洋テック株式会社
S100QYM7,2023-06-19,2023-06-19 09:19,41850,2022-04-01,2023-03-31,ＪＳＲ株式会社
S100QY0V,2023-06-19,2023-06-19 09:24,17260,2022-04-01,2023-03-31,株式会社ビーアールホールディングス
S100QXEE,2023-06-19,2023-06-19 09:28,53670,2022-04-01,2023-03-31,株式会社ニッカトー
S100QW7L,2023-06-19,2023-06-19 09:35,80140,2022-04-01,2023-03-31,蝶理株式会社
S100QZ0Y,2023-06-19,2023-06-19 10:42,21300,2022-04-01,2023-03-31,株式会社メンバーズ
S100QYR4,2023-06-19,2023-06-19 10:49,90420,2022-04-01,2023-03-31,阪急阪神ホールディングス株式会社
S100QY7S,2023-06-19,2023-06-19 11:13,17380,2022-04-01,2023-03-31,株式会社ニットー
S100QYB8,2023-06-19,2023-06-19 11:22,15180,2022-04-01,2023-03-31,三井松島ホールディングス株式会社
S100QYPV,2023-06-19,2023-06-19 11:31,46740,2022-04-01,2023-03-31,株式会社クレスコ
S100QYXU,2023-06-19,2023-06-19 11:35,42990,2022-04-01,2023-03-31,株式会社ハイマックス
S100QZ45,2023-06-19,2023-06-19 11:45,94280,2022-04-01,2023-03-31,株式会社クロップス
S100QZ41,2023-06-19,2023-06-19 11:57,58310,2022-04-01,2023-03-31,株式会社しずおかフィナンシャルグループ
S100QYYO,2023-06-19,2023-06-19 12:00,46260,2022-04-01,2023-03-31,太陽ホールディングス株式会社
S100QZ6F,2023-06-19,2023-06-19 12:18,43370,2022-04-01,2023-03-31,ぴあ株式会社
S100QYZP,2023-06-19,2023-06-19 12:34,72500,2022-04-01,2023-03-31,太平洋工業株式会社
S100QZ6C,2023-06-19,2023-06-19 13:03,19670,2022-03-21,2023-03-20,株式会社ヤマト
S100QYH4,2023-06-19,2023-06-19 13:11,94740,2022-04-01,2023-03-31,株式会社ゼンリン
S100QYW3,2023-06-19,2023-06-19 13:12,28830,2022-04-01,2023-03-31,株式会社大冷
S100QYWF,2023-06-19,2023-06-19 13:17,78320,2022-04-01,2023-03-31,株式会社バンダイナムコホールディングス
S100QYVU,2023-06-19,2023-06-19 13:31,67370,2022-04-01,2023-03-31,ＥＩＺＯ株式会社
S100QZ7A,2023-06-19,2023-06-19 13:40,70890,2022-04-01,2023-03-31,フォースタートアップス株式会社
S100QZ4V,2023-06-19,2023-06-19 13:52,49250,2022-04-01,2023-03-31,株式会社ハーバー研究所
S100QYVI,2023-06-19,2023-06-19 14:00,72590,2022-04-01,2023-03-31,株式会社アイシン
S100QYVP,2023-06-19,2023-06-19 14:00,47260,2022-04-01,2023-03-31,ＳＢテクノロジー株式会社
S100QYTE,2023-06-19,2023-06-19 14:04,63450,2022-04-01,2023-03-31,株式会社アイチコーポレーション
S100QZ7X,2023-06-19,2023-06-19 14:26,71830,2022-04-01,2023-03-31,あんしん保証株式会社
S100QYCY,2023-06-19,2023-06-19 14:54,45680,2022-04-01,2023-03-31,第一三共株式会社
S100QZ0B,2023-06-19,2023-06-19 15:03,37960,2022-04-01,2023-03-31,株式会社いい生活
S100QZB9,2023-06-19,2023-06-19 15:04,27050,2022-04-01,2023-03-31,株式会社大戸屋ホールディングス
S100QYLW,2023-06-19,2023-06-19 15:15,90290,2022-04-01,2023-03-31,株式会社ヒガシトゥエンティワン
S100QZ7C,2023-06-19,2023-06-19 15:15,86280,2022-04-01,2023-03-31,松井証券株式会社
S100QZAC,2023-06-19,2023-06-19 15:15,64700,2022-04-01,2023-03-31,大豊工業株式会社
S100QYWV,2023-06-19,2023-06-19 15:23,61610,2022-03-21,2023-03-20,株式会社エスティック
S100QZCR,2023-06-19,2023-06-19 15:30,99320,2022-04-01,2023-03-31,杉本商事株式会社
S100QZ76,2023-06-19,2023-06-19 15:30,24970,2022-04-01,2023-03-31,ユナイテッド株式会社
S100QZ0M,2023-06-19,2023-06-19 15:44,79400,2022-04-01,2023-03-31,ウェーブロックホールディングス株式会社
S100QZ57,2023-06-19,2023-06-19 15:44,87320,2022-04-01,2023-03-31,株式会社マネーパートナーズグループ
S100QZDZ,2023-06-19,2023-06-19 15:57,90390,2022-04-01,2023-03-31,株式会社サカイ引越センター
S100QZ9R,2023-06-19,2023-06-19 16:14,60350,2022-04-01,2023-03-31,株式会社アイ・アールジャパンホールディングス
S100QZ8M,2023-06-19,2023-06-19 16:15,66520,2022-04-01,2023-03-31,ＩＤＥＣ株式会社
S100QZFL,2023-06-20,2023-06-20 10:05,99140,2022-03-21,2023-03-20,株式会社　植松商会
S100QZAY,2023-06-20,2023-06-20 10:10,65840,2022-04-01,2023-03-31,三櫻工業株式会社
S100QZBG,2023-06-20,2023-06-20 10:35,75060,2022-04-01,2023-03-31,株式会社　ハウス　オブ　ローゼ
S100QY7D,2023-06-20,2023-06-20 10:41,49290,2022-03-21,2023-03-20,株式会社アジュバンホールディングス
S100QYSD,2023-06-20,2023-06-20 10:48,96190,2022-04-01,2023-03-31,株式会社イチネンホールディングス
S100QZJA,2023-06-20,2023-06-20 11:11,71640,2022-04-01,2023-03-31,全国保証株式会社
S100QYX3,2023-06-20,2023-06-20 11:25,23710,2022-04-01,2023-03-31,株式会社カカクコム
S100QZ7S,2023-06-20,2023-06-20 11:26,98880,2022-04-01,2023-03-31,株式会社ＵＥＸ
S100QZ75,2023-06-20,2023-06-20 11:37,43440,2022-04-01,2023-03-31,ソースネクスト株式会社
S100QZFB,2023-06-20,2023-06-20 11:57,49510,2022-04-01,2023-03-31,エステー株式会社
S100QYPL,2023-06-20,2023-06-20 13:00,84100,2022-04-01,2023-03-31,株式会社セブン銀行
S100QZ32,2023-06-20,2023-06-20 13:04,36700,2022-04-01,2023-03-31,協立情報通信株式会社
S100QY5V,2023-06-20,2023-06-20 13:04,18500,2022-04-01,2023-03-31,南海辰村建設株式会社
S100QZO7,2023-06-20,2023-06-20 13:22,59330,2022-03-21,2023-03-20,アルインコ株式会社
S100QZB8,2023-06-20,2023-06-20 13:27,74860,2022-04-01,2023-03-31,サンリン株式会社
S100QZDF,2023-06-20,2023-06-20 13:30,63390,2022-04-01,2023-03-31,新東工業株式会社
S100QZJM,2023-06-20,2023-06-20 13:35,90440,2022-04-01,2023-03-31,南海電気鉄道株式会社
S100QZ8I,2023-06-20,2023-06-20 13:36,63490,2022-04-01,2023-03-31,株式会社小森コーポレーション
S100QZ9C,2023-06-20,2023-06-20 13:41,97820,2022-04-01,2023-03-31,株式会社ディーエムエス
S100QZVQ,2023-06-20,2023-06-20 13:42,80810,2022-04-01,2023-03-31,株式会社カナデン
S100QZFW,2023-06-20,2023-06-20 13:59,82280,2022-04-01,2023-03-31,株式会社マルイチ産商
S100QZIC,2023-06-20,2023-06-20 14:00,49680,2022-04-01,2023-03-31,荒川化学工業株式会社
S100QXX3,2023-06-20,2023-06-20 14:08,69020,2022-04-01,2023-03-31,株式会社デンソー
S100QZFC,2023-06-20,2023-06-20 14:12,59300,2022-04-01,2023-03-31,文化シヤッター株式会社
S100QYMO,2023-06-20,2023-06-20 14:20,27680,2022-04-01,2023-03-31,双日株式会社
S100QZHF,2023-06-20,2023-06-20 14:28,39360,2022-04-01,2023-03-31,株式会社グローバルウェイ
S100QZWW,2023-06-20,2023-06-20 14:36,54460,2022-04-01,2023-03-31,北越メタル株式会社
S100QYRB,2023-06-20,2023-06-20 14:41,96630,2022-04-01,2023-03-31,株式会社ナガワ
S100QZI7,2023-06-20,2023-06-20 14:45,57570,2022-04-01,2023-03-31,株式会社ＣＫサンエツ
S100QZE4,2023-06-20,2023-06-20 15:00,95510,2022-04-01,2023-03-31,メタウォーター株式会社
S100QZ05,2023-06-20,2023-06-20 15:00,90450,2022-04-01,2023-03-31,京阪ホールディングス株式会社
S100QZED,2023-06-20,2023-06-20 15:00,57270,2022-04-01,2023-03-31,東邦チタニウム株式会社
S100QZHN,2023-06-20,2023-06-20 15:03,99190,2022-04-01,2023-03-31,株式会社関西フードマーケット
S100QYNI,2023-06-20,2023-06-20 15:06,63010,2022-04-01,2023-03-31,株式会社小松製作所
S100QYR0,2023-06-20,2023-06-20 15:06,80350,2022-04-01,2023-03-31,東京エレクトロン株式会社
S100QZT6,2023-06-20,2023-06-20 15:07,67580,2022-04-01,2023-03-31,ソニーグループ株式会社
S100QZLI,2023-06-20,2023-06-20 15:08,91040,2022-04-01,2023-03-31,株式会社商船三井
S100QZ6J,2023-06-20,2023-06-20 15:17,41770,2022-04-01,2023-03-31,株式会社ｉ－ｐｌｕｇ
S100QZ74,2023-06-20,2023-06-20 15:27,30990,2022-04-01,2023-03-31,株式会社三越伊勢丹ホールディングス
S100QYZF,2023-06-20,2023-06-20 15:28,82910,2022-04-01,2023-03-31,日産東京販売ホールディングス株式会社
S100QZ6W,2023-06-20,2023-06-20 15:30,95190,2022-04-01,2023-03-31,株式会社レノバ
S100QYSJ,2023-06-20,2023-06-20 15:30,31780,2022-04-01,2023-03-31,チムニー株式会社
S100QZ2P,2023-06-20,2023-06-20 15:35,83610,2022-04-01,2023-03-31,株式会社　大垣共立銀行
S100QZNF,2023-06-20,2023-06-20 15:41,80650,2022-04-01,2023-03-31,佐藤商事株式会社
S100QZRG,2023-06-20,2023-06-20 15:41,77330,2022-04-01,2023-03-31,オリンパス株式会社
S100QZK6,2023-06-20,2023-06-20 15:53,50760,2022-04-01,2023-03-31,インフロニア・ホールディングス株式会社
S100QZ28,2023-06-20,2023-06-20 15:57,72980,2022-04-01,2023-03-31,八千代工業株式会社
S100QZN7,2023-06-20,2023-06-20 16:00,79170,2022-04-01,2023-03-31,藤森工業株式会社
S100QZF5,2023-06-20,2023-06-20 16:02,49560,2022-04-01,2023-03-31,コニシ株式会社
S100QZZH,2023-06-20,2023-06-20 16:02,43100,2022-04-01,2023-03-31,株式会社ドリームインキュベータ
S100QZGX,2023-06-20,2023-06-20 16:15,78440,2022-04-01,2023-03-31,株式会社マーベラス
S100R004,2023-06-20,2023-06-20 16:26,47320,2022-04-01,2023-03-31,株式会社ユー・エス・エス
S100QZKP,2023-06-20,2023-06-20 16:27,96400,2022-04-01,2023-03-31,株式会社セゾン情報システムズ
S100QZXM,2023-06-20,2023-06-20 16:39,87390,2022-04-01,2023-03-31,スパークス・グループ株式会社
S100QZBV,2023-06-20,2023-06-20 16:43,72390,2022-04-01,2023-03-31,株式会社タチエス
S100QZPT,2023-06-20,2023-06-20 16:47,71570,2022-04-01,2023-03-31,ライフネット生命保険株式会社
S100QYXE,2023-06-20,2023-06-20 16:48,35930,2022-04-01,2023-03-31,株式会社ホギメディカル
S100R034,2023-06-20,2023-06-20 16:53,49730,2022-04-01,2023-03-31,日本高純度化学株式会社
S100QZJW,2023-06-20,2023-06-20 17:13,74120,2022-04-01,2023-03-31,株式会社アトム
S100QWSI,2023-06-21,2023-06-21 09:07,42310,2022-04-01,2023-03-31,タイガースポリマー株式会社
S100QZ3Z,2023-06-21,2023-06-21 09:08,99550,2022-04-01,2023-03-31,株式会社ヨンキュウ
S100R018,2023-06-21,2023-06-21 09:26,40910,2022-04-01,2023-03-31,日本酸素ホールディングス株式会社
S100QZZJ,2023-06-21,2023-06-21 09:31,46790,2022-04-01,2023-03-31,株式会社　田　谷
S100QYOY,2023-06-21,2023-06-21 09:32,65180,2022-04-01,2023-03-31,三相電機株式会社
S100QYW8,2023-06-21,2023-06-21 09:50,85620,2022-04-01,2023-03-31,株式会社　福島銀行
S100QZIA,2023-06-21,2023-06-21 09:55,61510,2022-04-01,2023-03-31,日東工器株式会社
S100QZWX,2023-06-21,2023-06-21 09:59,72680,2022-04-01,2023-03-31,株式会社タツミ
S100QZI9,2023-06-21,2023-06-21 10:02,45440,2022-04-01,2023-03-31,Ｈ．Ｕ．グループホールディングス株式会社
S100QYRQ,2023-06-21,2023-06-21 10:06,31160,2022-04-01,2023-03-31,トヨタ紡織株式会社
S100QZII,2023-06-21,2023-06-21 10:10,90580,2022-04-01,2023-03-31,トランコム株式会社
S100R0EU,2023-06-21,2023-06-21 10:14,76870,2022-04-01,2023-03-31,株式会社ミクリード
S100QZ9L,2023-06-21,2023-06-21 10:21,87140,2022-04-01,2023-03-31,株式会社池田泉州ホールディングス
S100QZSZ,2023-06-21,2023-06-21 10:27,80120,2022-04-01,2023-03-31,長瀬産業株式会社
S100R07K,2023-06-21,2023-06-21 10:31,52170,2022-04-01,2023-03-31,テクノクオーツ株式会社
S100R04W,2023-06-21,2023-06-21 10:38,33520,2022-04-01,2023-03-31,株式会社バッファロー
S100QZ2B,2023-06-21,2023-06-21 11:45,35690,2022-04-01,2023-03-31,セーレン株式会社
S100R0IV,2023-06-21,2023-06-21 11:51,96970,2022-04-01,2023-03-31,株式会社カプコン
S100R024,2023-06-21,2023-06-21 11:59,99590,2022-04-01,2023-03-31,アシードホールディングス株式会社
S100R03W,2023-06-21,2023-06-21 12:01,97090,2022-04-01,2023-03-31,ＮＣＳ＆Ａ株式会社
S100R0H2,2023-06-21,2023-06-21 12:25,21520,2022-04-01,2023-03-31,幼児活動研究会株式会社
S100R00Z,2023-06-21,2023-06-21 12:59,37660,2022-04-01,2023-03-31,システムズ・デザイン株式会社
S100R07Z,2023-06-21,2023-06-21 13:00,61010,2022-04-01,2023-03-31,株式会社ツガミ
S100QZ89,2023-06-21,2023-06-21 13:03,38480,2022-04-01,2023-03-31,株式会社データ・アプリケーション
S100QYPQ,2023-06-21,2023-06-21 13:03,54510,2022-04-01,2023-03-31,株式会社淀川製鋼所
S100QZOM,2023-06-21,2023-06-21 13:12,99840,2022-04-01,2023-03-31,ソフトバンクグループ株式会社
S100R056,2023-06-21,2023-06-21 13:15,36040,2022-04-01,2023-03-31,川本産業株式会社
S100R07S,2023-06-21,2023-06-21 13:16,93050,2022-04-01,2023-03-31,株式会社ヤマタネ
S100QZZ4,2023-06-21,2023-06-21 13:20,80310,2022-04-01,2023-03-31,三井物産株式会社
S100QZZZ,2023-06-21,2023-06-21 13:21,27820,2022-04-01,2023-03-31,株式会社セリア
S100QZ22,2023-06-21,2023-06-21 13:23,81300,2022-04-01,2023-03-31,株式会社サンゲツ
S100QZQK,2023-06-21,2023-06-21 13:24,56090,2022-04-01,2023-03-31,日本鋳造株式会社
S100R06N,2023-06-21,2023-06-21 13:30,77690,2022-04-01,2023-03-31,リズム株式会社
S100R05Y,2023-06-21,2023-06-21 13:31,58570,2022-04-01,2023-03-31,アサヒホールディングス株式会社
S100R082,2023-06-21,2023-06-21 13:36,80220,2022-04-01,2023-03-31,美津濃株式会社
S100QZYN,2023-06-21,2023-06-21 13:37,97390,2022-04-01,2023-03-31,ＮＳＷ株式会社
S100R0NE,2023-06-21,2023-06-21 13:48,98890,2022-04-01,2023-03-31,ＪＢＣＣホールディングス株式会社
S100QYNX,2023-06-21,2023-06-21 14:02,68340,2022-04-01,2023-03-31,株式会社　精工技研
S100QZT0,2023-06-21,2023-06-21 14:08,65010,2022-04-01,2023-03-31,株式会社日立製作所
S100QZX0,2023-06-21,2023-06-21 14:10,34010,2022-04-01,2023-03-31,帝人株式会社
S100R04X,2023-06-21,2023-06-21 14:11,79950,2022-04-01,2023-03-31,株式会社バルカー
S100QZSY,2023-06-21,2023-06-21 14:15,90240,2022-04-01,2023-03-31,株式会社西武ホールディングス
S100QYHM,2023-06-21,2023-06-21 14:21,54060,2022-04-01,2023-03-31,株式会社　神戸製鋼所
S100R064,2023-06-21,2023-06-21 14:26,64020,2022-04-01,2023-03-31,兼松エンジニアリング株式会社
S100QYAE,2023-06-21,2023-06-21 14:33,41140,2022-04-01,2023-03-31,株式会社日本触媒
S100QZ4J,2023-06-21,2023-06-21 14:36,45520,2022-04-01,2023-03-31,ＪＣＲファーマ株式会社
S100QZSF,2023-06-21,2023-06-21 14:40,49020,2022-04-01,2023-03-31,コニカミノルタ株式会社
S100R09Z,2023-06-21,2023-06-21 14:49,45230,2022-04-01,2023-03-31,エーザイ株式会社
S100R0RY,2023-06-21,2023-06-21 14:50,37630,2022-04-01,2023-03-31,株式会社プロシップ
S100R0S9,2023-06-21,2023-06-21 14:56,24680,2022-04-01,2023-03-31,株式会社フュートレック
S100R09Y,2023-06-21,2023-06-21 15:00,31370,2022-04-01,2023-03-31,株式会社ファンデリー
S100R03Y,2023-06-21,2023-06-21 15:00,93770,2022-04-01,2023-03-31,株式会社　エージーピー
S100R0KY,2023-06-21,2023-06-21 15:00,62870,2022-04-01,2023-03-31,サトーホールディングス株式会社
S100R02Y,2023-06-21,2023-06-21 15:00,77750,2022-04-01,2023-03-31,大研医器株式会社
S100QY54,2023-06-21,2023-06-21 15:00,98820,2022-04-01,2023-03-31,株式会社イエローハット
S100QZS1,2023-06-21,2023-06-21 15:01,85950,2022-04-01,2023-03-31,ジャフコ　グループ株式会社
S100R0OX,2023-06-21,2023-06-21 15:01,62620,2022-04-01,2023-03-31,株式会社ＰＥＧＡＳＵＳ
S100R04O,2023-06-21,2023-06-21 15:01,94340,2022-04-01,2023-03-31,ソフトバンク株式会社
S100QZ4C,2023-06-21,2023-06-21 15:03,96910,2022-04-01,2023-03-31,株式会社両毛システムズ
S100QZZ6,2023-06-21,2023-06-21 15:03,97150,2022-04-01,2023-03-31,トランス・コスモス株式会社
S100R0S1,2023-06-21,2023-06-21 15:04,23170,2022-04-01,2023-03-31,株式会社システナ
S100QZU1,2023-06-21,2023-06-21 15:09,68090,2022-04-01,2023-03-31,ＴＯＡ株式会社
S100R03X,2023-06-21,2023-06-21 15:11,44160,2022-04-01,2023-03-31,株式会社Ｔｒｕｅ　Ｄａｔａ
S100R0FF,2023-06-21,2023-06-21 15:12,21810,2022-04-01,2023-03-31,パーソルホールディングス株式会社
S100QYDK,2023-06-21,2023-06-21 15:14,58010,2022-04-01,2023-03-31,古河電気工業株式会社
S100R01E,2023-06-21,2023-06-21 15:15,91010,2022-04-01,2023-03-31,日本郵船株式会社
S100QXTB,2023-06-21,2023-06-21 15:18,40050,2022-04-01,2023-03-31,住友化学株式会社
S100QZR0,2023-06-21,2023-06-21 15:20,96250,2022-04-01,2023-03-31,株式会社セレスポ
S100QYZA,2023-06-21,2023-06-21 15:22,96130,2022-04-01,2023-03-31,株式会社エヌ・ティ・ティ・データ
S100R0BM,2023-06-21,2023-06-21 15:30,48330,2022-04-01,2023-03-31,株式会社Ｓｕｃｃｅｓｓ　Ｈｏｌｄｅｒｓ
S100R07G,2023-06-21,2023-06-21 15:32,90550,2022-04-01,2023-03-31,株式会社アルプス物流
S100QZWO,2023-06-21,2023-06-21 15:35,68070,2022-04-01,2023-03-31,日本航空電子工業株式会社
S100R0AA,2023-06-21,2023-06-21 15:39,30580,2022-04-01,2023-03-31,株式会社三洋堂ホールディングス
S100R0QD,2023-06-21,2023-06-21 15:59,82530,2022-04-01,2023-03-31,株式会社クレディセゾン
S100QXI6,2023-06-21,2023-06-21 16:05,36340,2022-04-01,2023-03-31,株式会社ソケッツ
S100R0WD,2023-06-21,2023-06-21 16:06,75610,2022-04-01,2023-03-31,株式会社ハークスレイ
S100R03J,2023-06-21,2023-06-21 16:17,27670,2022-04-01,2023-03-31,円谷フィールズホールディングス株式会社
S100QZVK,2023-06-21,2023-06-21 16:17,37990,2022-04-01,2023-03-31,キーウェアソリューションズ株式会社
S100QZZM,2023-06-21,2023-06-21 16:18,47430,2022-04-01,2023-03-31,株式会社アイティフォー
S100QX40,2023-06-21,2023-06-21 16:26,38570,2022-04-01,2023-03-31,株式会社ラック
S100R0XW,2023-06-21,2023-06-21 16:28,71980,2022-04-01,2023-03-31,アルヒ株式会社
S100QZUI,2023-06-21,2023-06-21 16:30,58380,2022-04-01,2023-03-31,楽天銀行株式会社
S100R0TI,2023-06-21,2023-06-21 16:31,76700,2022-04-01,2023-03-31,オーウエル株式会社
S100QZVS,2023-06-21,2023-06-21 16:34,28940,2022-04-01,2023-03-31,石井食品株式会社
S100R0SZ,2023-06-21,2023-06-21 16:49,65940,2022-04-01,2023-03-31,ニデック株式会社
S100R0YZ,2023-06-22,2023-06-22 09:00,87060,2022-04-01,2023-03-31,極東証券株式会社
S100R0WL,2023-06-22,2023-06-22 09:03,43500,2022-04-01,2023-03-31,株式会社　メディカルシステムネットワーク
S100R006,2023-06-22,2023-06-22 09:05,24400,2022-04-01,2023-03-31,株式会社ぐるなび
S100R0OT,2023-06-22,2023-06-22 09:11,38410,2022-04-01,2023-03-31,株式会社ジーダット
S100QZQG,2023-06-22,2023-06-22 09:12,63220,2022-04-01,2023-03-31,株式会社タクミナ
S100QYLG,2023-06-22,2023-06-22 09:21,22260,2022-04-01,2023-03-31,株式会社湖池屋
S100R0OU,2023-06-22,2023-06-22 09:26,48390,2022-04-01,2023-03-31,株式会社ＷＯＷＯＷ
S100QZIO,2023-06-22,2023-06-22 09:26,47610,2022-04-01,2023-03-31,株式会社さくらケーシーエス
S100QZMB,2023-06-22,2023-06-22 09:38,88600,2022-04-01,2023-03-31,フジ住宅株式会社
S100QZBE,2023-06-22,2023-06-22 09:42,17620,2022-04-01,2023-03-31,株式会社髙松コンストラクショングループ
S100QWFN,2023-06-22,2023-06-22 09:53,98730,2022-04-01,2023-03-31,日本ＫＦＣホールディングス株式会社
S100R0HX,2023-06-22,2023-06-22 10:00,80880,2022-04-01,2023-03-31,岩谷産業株式会社
S100QZPW,2023-06-22,2023-06-22 10:06,99670,2022-04-01,2023-03-31,堺商事株式会社
S100R0IU,2023-06-22,2023-06-22 10:09,80980,2022-04-01,2023-03-31,稲畑産業株式会社
S100R0RK,2023-06-22,2023-06-22 10:13,45390,2022-04-01,2023-03-31,日本ケミファ株式会社
S100QXWM,2023-06-22,2023-06-22 10:18,49970,2022-04-01,2023-03-31,日本農薬株式会社
S100R1EI,2023-06-22,2023-06-22 10:24,90100,2022-04-01,2023-03-31,富士急行株式会社
S100R1DA,2023-06-22,2023-06-22 10:27,38910,2022-04-01,2023-03-31,ニッポン高度紙工業株式会社
S100R1DP,2023-06-22,2023-06-22 10:30,42410,2022-04-01,2023-03-31,株式会社アテクト
S100R16T,2023-06-22,2023-06-22 10:37,71860,2022-04-01,2023-03-31,株式会社コンコルディア・フィナンシャルグループ
S100R0R2,2023-06-22,2023-06-22 10:37,56120,2022-04-01,2023-03-31,日本鋳鉄管株式会社
S100QZUY,2023-06-22,2023-06-22 10:38,43670,2022-04-01,2023-03-31,広栄化学株式会社
S100QXAM,2023-06-22,2023-06-22 10:39,22670,2022-04-01,2023-03-31,株式会社ヤクルト本社
S100R04V,2023-06-22,2023-06-22 10:39,23270,2022-04-01,2023-03-31,日鉄ソリューションズ株式会社
S100R1EX,2023-06-22,2023-06-22 10:50,28060,2022-04-01,2023-03-31,ユタカフーズ株式会社
S100QZUW,2023-06-22,2023-06-22 11:06,72120,2022-04-01,2023-03-31,株式会社エフテック
S100R1GZ,2023-06-22,2023-06-22 11:09,71160,2022-04-01,2023-03-31,ダイワ通信株式会社
S100R0BF,2023-06-22,2023-06-22 11:15,28750,2022-04-01,2023-03-31,東洋水産株式会社
S100QZMT,2023-06-22,2023-06-22 11:18,83640,2022-04-01,2023-03-31,株式会社清水銀行
S100R0CG,2023-06-22,2023-06-22 11:18,36480,2022-04-01,2023-03-31,ＡＧＳ株式会社
S100R1GR,2023-06-22,2023-06-22 11:19,18480,2022-04-01,2023-03-31,株式会社富士ピー・エス
S100R1EL,2023-06-22,2023-06-22 11:22,72960,2022-04-01,2023-03-31,株式会社エフ・シー・シー
S100R0PB,2023-06-22,2023-06-22 11:23,21620,2022-04-01,2023-03-31,ｎｍｓホールディングス株式会社
S100R0SS,2023-06-22,2023-06-22 11:28,27600,2022-04-01,2023-03-31,東京エレクトロンデバイス株式会社
S100R0P4,2023-06-22,2023-06-22 11:32,94080,2022-04-01,2023-03-31,株式会社　新潟放送
S100QY19,2023-06-22,2023-06-22 11:36,49940,2022-04-01,2023-03-31,大成ラミック株式会社
S100R151,2023-06-22,2023-06-22 11:37,97630,2022-04-01,2023-03-31,丸紅建材リース株式会社
S100QX1Y,2023-06-22,2023-06-22 11:38,21210,2022-04-01,2023-03-31,株式会社ＭＩＸＩ
S100R0TD,2023-06-22,2023-06-22 11:47,93550,2022-04-01,2023-03-31,株式会社リンコーコーポレーション
S100R0FW,2023-06-22,2023-06-22 12:05,63250,2022-04-01,2023-03-31,株式会社タカキタ
S100R0TY,2023-06-22,2023-06-22 12:10,37790,2022-04-01,2023-03-31,ジェイ・エスコムホールディングス株式会社
S100R14P,2023-06-22,2023-06-22 12:16,43810,2022-04-01,2023-03-31,ビープラッツ株式会社
S100R11W,2023-06-22,2023-06-22 12:33,33920,2022-04-01,2023-03-31,デリカフーズホールディングス株式会社
S100R1M9,2023-06-22,2023-06-22 12:57,88030,2022-04-01,2023-03-31,平和不動産株式会社
S100R0YJ,2023-06-22,2023-06-22 12:58,43880,2022-04-01,2023-03-31,株式会社エーアイ
S100R0TV,2023-06-22,2023-06-22 13:00,14510,2022-04-01,2023-03-31,株式会社ＫＨＣ
S100R0YK,2023-06-22,2023-06-22 13:00,45470,2022-04-01,2023-03-31,キッセイ薬品工業株式会社
S100R1J8,2023-06-22,2023-06-22 13:01,42490,2022-04-01,2023-03-31,森六ホールディングス株式会社
S100R0IT,2023-06-22,2023-06-22 13:08,24350,2022-04-01,2023-03-31,株式会社シダー
S100R0ZS,2023-06-22,2023-06-22 13:10,70590,2022-04-01,2023-03-31,株式会社コプロ・ホールディングス
S100QZOD,2023-06-22,2023-06-22 13:10,61030,2022-04-01,2023-03-31,オークマ株式会社
S100QZJ5,2023-06-22,2023-06-22 13:11,42030,2022-04-01,2023-03-31,住友ベークライト株式会社
S100R0N6,2023-06-22,2023-06-22 13:14,21090,2022-04-01,2023-03-31,ＤＭ三井製糖ホールディングス株式会社
S100R15R,2023-06-22,2023-06-22 13:17,37380,2022-04-01,2023-03-31,株式会社ティーガイア
S100R118,2023-06-22,2023-06-22 13:18,97530,2022-04-01,2023-03-31,アイエックス・ナレッジ株式会社
S100QZD8,2023-06-22,2023-06-22 13:19,53840,2022-04-01,2023-03-31,株式会社フジミインコーポレーテッド
S100R1NV,2023-06-22,2023-06-22 13:24,78640,2022-04-01,2023-03-31,株式会社フジシールインターナショナル
S100R13Q,2023-06-22,2023-06-22 13:24,78710,2022-04-01,2023-03-31,フクビ化学工業株式会社
S100R0MC,2023-06-22,2023-06-22 13:24,79710,2022-04-01,2023-03-31,東リ株式会社
S100R12R,2023-06-22,2023-06-22 13:26,81820,2022-04-01,2023-03-31,株式会社いなげや
S100R0YH,2023-06-22,2023-06-22 13:26,24800,2022-04-01,2023-03-31,システム・ロケーション株式会社
S100QZ58,2023-06-22,2023-06-22 13:29,21070,2022-04-01,2023-03-31,東洋精糖株式会社
S100R0YV,2023-06-22,2023-06-22 13:34,35530,2022-04-01,2023-03-31,共和レザー株式会社
S100R1OH,2023-06-22,2023-06-22 13:36,83990,2022-04-01,2023-03-31,株式会社琉球銀行
S100R1BQ,2023-06-22,2023-06-22 13:42,46170,2022-04-01,2023-03-31,中国塗料株式会社
S100R13C,2023-06-22,2023-06-22 13:45,87150,2022-04-01,2023-03-31,アニコム　ホールディングス株式会社
S100R0LE,2023-06-22,2023-06-22 13:46,73810,2022-04-01,2023-03-31,株式会社北國フィナンシャルホールディングス
S100R1DD,2023-06-22,2023-06-22 13:48,80590,2022-04-01,2023-03-31,第一実業株式会社
S100R1O5,2023-06-22,2023-06-22 13:52,70040,2022-04-01,2023-03-31,日立造船株式会社
S100R141,2023-06-22,2023-06-22 13:55,99940,2022-04-01,2023-03-31,株式会社やまや
S100R15B,2023-06-22,2023-06-22 13:57,72700,2022-04-01,2023-03-31,株式会社ＳＵＢＡＲＵ
S100QX88,2023-06-22,2023-06-22 13:57,30360,2022-04-01,2023-03-31,アルコニックス株式会社
S100R1KB,2023-06-22,2023-06-22 14:02,80930,2022-04-01,2023-03-31,極東貿易株式会社
S100R0VZ,2023-06-22,2023-06-22 14:05,96000,2022-04-01,2023-03-31,株式会社アイネット
S100R0E1,2023-06-22,2023-06-22 14:10,59360,2022-04-01,2023-03-31,東洋シヤッター株式会社
S100R0MO,2023-06-22,2023-06-22 14:13,46190,2022-04-01,2023-03-31,日本特殊塗料株式会社
S100R105,2023-06-22,2023-06-22 14:14,45070,2022-04-01,2023-03-31,塩野義製薬株式会社
S100QZIG,2023-06-22,2023-06-22 14:20,79490,2022-04-01,2023-03-31,小松ウオール工業株式会社
S100R1SP,2023-06-22,2023-06-22 14:22,79880,2022-04-01,2023-03-31,株式会社ニフコ
S100R0XT,2023-06-22,2023-06-22 14:23,74660,2022-04-01,2023-03-31,ＳＰＫ株式会社
S100R1QJ,2023-06-22,2023-06-22 14:27,22290,2022-04-01,2023-03-31,カルビー株式会社
S100R1O0,2023-06-22,2023-06-22 14:30,42040,2022-04-01,2023-03-31,積水化学工業株式会社
S100R0QM,2023-06-22,2023-06-22 14:33,38170,2022-04-01,2023-03-31,株式会社ＳＲＡホールディングス
S100R0LB,2023-06-22,2023-06-22 14:40,79270,2022-04-01,2023-03-31,ムトー精工株式会社
S100QKJ2,2023-06-22,2023-06-22 14:44,45940,2022-04-01,2023-03-31,ブライトパス・バイオ株式会社
S100R0PF,2023-06-22,2023-06-22 14:47,67620,2022-04-01,2023-03-31,ＴＤＫ株式会社
S100QZFV,2023-06-22,2023-06-22 14:48,83680,2022-04-01,2023-03-31,株式会社　百五銀行
S100QZJI,2023-06-22,2023-06-22 14:49,63660,2022-04-01,2023-03-31,千代田化工建設株式会社
S100QYYL,2023-06-22,2023-06-22 14:50,79660,2022-04-01,2023-03-31,リンテック株式会社
S100R09D,2023-06-22,2023-06-22 14:52,90200,2022-04-01,2023-03-31,東日本旅客鉄道株式会社
S100R072,2023-06-22,2023-06-22 14:54,22910,2022-04-01,2023-03-31,福留ハム株式会社
S100R0XG,2023-06-22,2023-06-22 14:54,40610,2022-04-01,2023-03-31,デンカ株式会社
S100R0HJ,2023-06-22,2023-06-22 14:57,64900,2022-04-01,2023-03-31,日本ピラー工業株式会社
S100QYAP,2023-06-22,2023-06-22 15:00,71810,2022-04-01,2023-03-31,株式会社かんぽ生命保険
S100R0PR,2023-06-22,2023-06-22 15:00,94330,2022-04-01,2023-03-31,ＫＤＤＩ株式会社
S100QY3O,2023-06-22,2023-06-22 15:00,71820,2022-04-01,2023-03-31,株式会社ゆうちょ銀行
S100QZW3,2023-06-22,2023-06-22 15:00,88980,2022-04-01,2023-03-31,株式会社センチュリー２１・ジャパン
S100R1KF,2023-06-22,2023-06-22 15:00,61780,2022-04-01,2023-03-31,日本郵政株式会社
S100R0K6,2023-06-22,2023-06-22 15:00,33930,2022-04-01,2023-03-31,スターティアホールディングス株式会社
S100R0UP,2023-06-22,2023-06-22 15:01,71610,2022-04-01,2023-03-31,株式会社じもとホールディングス
S100R15F,2023-06-22,2023-06-22 15:01,97190,2022-04-01,2023-03-31,ＳＣＳＫ株式会社
S100R045,2023-06-22,2023-06-22 15:03,29190,2022-04-01,2023-03-31,株式会社　マルタイ
S100R150,2023-06-22,2023-06-22 15:03,18710,2022-04-01,2023-03-31,株式会社ピーエス三菱
S100R0PV,2023-06-22,2023-06-22 15:03,96290,2022-04-01,2023-03-31,ピー・シー・エー株式会社
S100QYXJ,2023-06-22,2023-06-22 15:03,41130,2022-04-01,2023-03-31,田岡化学工業株式会社
S100R123,2023-06-22,2023-06-22 15:04,39520,2022-04-01,2023-03-31,中央紙器工業株式会社
S100R1EW,2023-06-22,2023-06-22 15:06,72660,2022-04-01,2023-03-31,株式会社今仙電機製作所
S100QZUN,2023-06-22,2023-06-22 15:09,63240,2022-04-01,2023-03-31,株式会社ハーモニック・ドライブ・システムズ
S100R0X9,2023-06-22,2023-06-22 15:09,93080,2022-04-01,2023-03-31,乾汽船株式会社
S100R0WM,2023-06-22,2023-06-22 15:10,71630,2022-04-01,2023-03-31,住信ＳＢＩネット銀行株式会社
S100R0S2,2023-06-22,2023-06-22 15:10,50190,2022-04-01,2023-03-31,出光興産株式会社
S100R0K9,2023-06-22,2023-06-22 15:13,67770,2022-04-01,2023-03-31,ｓａｎｔｅｃ　Ｈｏｌｄｉｎｇｓ株式会社
S100R0HE,2023-06-22,2023-06-22 15:15,64730,2022-04-01,2023-03-31,株式会社ジェイテクト
S100R13L,2023-06-22,2023-06-22 15:16,91270,2022-04-01,2023-03-31,玉井商船株式会社
S100R0ZB,2023-06-22,2023-06-22 15:19,71910,2022-04-01,2023-03-31,株式会社イントラスト
S100R155,2023-06-22,2023-06-22 15:27,42220,2022-04-01,2023-03-31,児玉化学工業株式会社
S100R1E2,2023-06-22,2023-06-22 15:30,84620,2022-04-01,2023-03-31,フューチャーベンチャーキャピタル株式会社
S100R1G7,2023-06-22,2023-06-22 15:30,50210,2022-04-01,2023-03-31,コスモエネルギーホールディングス株式会社
S100R0NG,2023-06-22,2023-06-22 15:30,21960,2022-04-01,2023-03-31,株式会社エスクリ
S100R1K0,2023-06-22,2023-06-22 15:31,23590,2022-04-01,2023-03-31,株式会社コア
S100R10F,2023-06-22,2023-06-22 15:34,17750,2022-04-01,2023-03-31,富士古河Ｅ＆Ｃ株式会社
S100R0CX,2023-06-22,2023-06-22 15:35,23420,2022-04-01,2023-03-31,株式会社トランスジェニック
S100R1XZ,2023-06-22,2023-06-22 15:44,80380,2022-04-01,2023-03-31,東都水産株式会社
S100QYZZ,2023-06-22,2023-06-22 15:45,72800,2022-04-01,2023-03-31,株式会社ミツバ
S100R0PP,2023-06-22,2023-06-22 15:47,54820,2022-04-01,2023-03-31,愛知製鋼株式会社
S100R1RG,2023-06-22,2023-06-22 15:50,83160,2022-04-01,2023-03-31,株式会社三井住友フィナンシャルグループ
S100R0V9,2023-06-22,2023-06-22 15:54,83380,2022-04-01,2023-03-31,株式会社筑波銀行
S100R0O5,2023-06-22,2023-06-22 15:55,90490,2022-04-01,2023-03-31,京福電気鉄道株式会社
S100R0I6,2023-06-22,2023-06-22 15:55,45030,2022-04-01,2023-03-31,アステラス製薬株式会社
S100R16V,2023-06-22,2023-06-22 15:57,65900,2022-04-01,2023-03-31,芝浦メカトロニクス株式会社
S100QYGF,2023-06-22,2023-06-22 16:00,60730,2022-04-01,2023-03-31,株式会社アサンテ
S100R14H,2023-06-22,2023-06-22 16:00,71730,2022-04-01,2023-03-31,株式会社東京きらぼしフィナンシャルグループ
S100R0EB,2023-06-22,2023-06-22 16:00,42460,2022-04-01,2023-03-31,ダイキョーニシカワ株式会社
S100R1J1,2023-06-22,2023-06-22 16:04,75540,2022-04-01,2023-03-31,株式会社幸楽苑ホールディングス
S100R0AV,2023-06-22,2023-06-22 16:13,59380,2022-04-01,2023-03-31,株式会社ＬＩＸＩＬ
S100R1YD,2023-06-22,2023-06-22 16:33,64060,2022-04-01,2023-03-31,フジテック株式会社
S100R0ME,2023-06-22,2023-06-22 16:36,99910,2022-04-01,2023-03-31,ジェコス株式会社
S100R0D0,2023-06-22,2023-06-22 16:45,67010,2022-04-01,2023-03-31,日本電気株式会社
S100R069,2023-06-22,2023-06-22 16:49,36790,2022-04-01,2023-03-31,株式会社じげん
S100R15S,2023-06-22,2023-06-22 16:57,58520,2022-04-01,2023-03-31,株式会社アーレスティ
S100R1SE,2023-06-22,2023-06-22 17:02,61810,2022-04-01,2023-03-31,タメニー株式会社
S100QU2A,2023-06-23,2023-06-23 09:00,45280,2022-04-01,2023-03-31,小野薬品工業株式会社
S100R1JE,2023-06-23,2023-06-23 09:01,83920,2022-04-01,2023-03-31,株式会社大分銀行
S100QZWE,2023-06-23,2023-06-23 09:02,81500,2022-04-01,2023-03-31,三信電気株式会社
S100QZS9,2023-06-23,2023-06-23 09:02,75250,2022-04-01,2023-03-31,リックス株式会社
S100R1K4,2023-06-23,2023-06-23 09:02,96820,2022-04-01,2023-03-31,株式会社ＤＴＳ
S100R0H1,2023-06-23,2023-06-23 09:02,33170,2022-04-01,2023-03-31,株式会社フライングガーデン
S100R1SJ,2023-06-23,2023-06-23 09:04,47050,2022-04-01,2023-03-31,株式会社クリップコーポレーション
S100QVSP,2023-06-23,2023-06-23 09:05,82550,2022-04-01,2023-03-31,アクシアル　リテイリング株式会社
S100R0CI,2023-06-23,2023-06-23 09:05,88180,2022-04-01,2023-03-31,京阪神ビルディング株式会社
S100QZM9,2023-06-23,2023-06-23 09:07,64840,2022-04-01,2023-03-31,株式会社ＫＶＫ
S100R22S,2023-06-23,2023-06-23 09:12,90570,2022-04-01,2023-03-31,遠州トラック株式会社
S100R24O,2023-06-23,2023-06-23 09:13,83040,2022-04-01,2023-03-31,株式会社あおぞら銀行
S100QZD9,2023-06-23,2023-06-23 09:14,97990,2022-04-01,2023-03-31,旭情報サービス株式会社
S100QZ0V,2023-06-23,2023-06-23 09:14,54610,2022-04-01,2023-03-31,中部鋼鈑株式会社
S100R1PM,2023-06-23,2023-06-23 09:15,81580,2022-04-01,2023-03-31,ソーダニッカ株式会社
S100R1RD,2023-06-23,2023-06-23 09:16,40820,2022-04-01,2023-03-31,第一稀元素化学工業株式会社
S100R1JO,2023-06-23,2023-06-23 09:17,41200,2022-04-01,2023-03-31,スガイ化学工業株式会社
S100R1SK,2023-06-23,2023-06-23 09:20,49570,2022-04-01,2023-03-31,ヤスハラケミカル株式会社
S100QZRV,2023-06-23,2023-06-23 09:24,77050,2022-04-01,2023-03-31,ジーエルサイエンス株式会社
S100R0TM,2023-06-23,2023-06-23 09:25,31430,2022-04-01,2023-03-31,オーウイル株式会社
S100R2GJ,2023-06-23,2023-06-23 09:28,39320,2022-04-01,2023-03-31,株式会社アカツキ
S100R0Q7,2023-06-23,2023-06-23 09:30,86130,2022-04-01,2023-03-31,丸三証券株式会社
S100R264,2023-06-23,2023-06-23 09:31,75950,2022-04-01,2023-03-31,株式会社アルゴグラフィックス
S100QZJQ,2023-06-23,2023-06-23 09:31,74210,2022-04-01,2023-03-31,カッパ・クリエイト株式会社
S100R1AA,2023-06-23,2023-06-23 09:32,59490,2022-04-01,2023-03-31,ユニプレス株式会社
S100R1XX,2023-06-23,2023-06-23 09:35,24690,2022-04-01,2023-03-31,ヒビノ株式会社
S100R2AA,2023-06-23,2023-06-23 09:43,27370,2022-04-01,2023-03-31,株式会社トーメンデバイス
S100R29V,2023-06-23,2023-06-23 09:49,78370,2022-04-01,2023-03-31,株式会社アールシーコア
S100R2I8,2023-06-23,2023-06-23 09:49,44140,2022-04-01,2023-03-31,株式会社フレクト
S100R22U,2023-06-23,2023-06-23 09:50,45560,2022-04-01,2023-03-31,株式会社カイノス
S100R1HQ,2023-06-23,2023-06-23 09:59,92680,2022-04-01,2023-03-31,株式会社オプティマスグループ
S100R0IA,2023-06-23,2023-06-23 10:01,71670,2022-04-01,2023-03-31,株式会社めぶきフィナンシャルグループ
S100R15I,2023-06-23,2023-06-23 10:02,81360,2022-04-01,2023-03-31,株式会社サンリオ
S100R2IX,2023-06-23,2023-06-23 10:04,60390,2022-04-01,2023-03-31,株式会社日本動物高度医療センター
S100R1N2,2023-06-23,2023-06-23 10:15,98430,2022-02-21,2023-03-31,株式会社ニトリホールディングス
S100R2AQ,2023-06-23,2023-06-23 10:21,26740,2022-04-01,2023-03-31,株式会社ハードオフコーポレーション
S100R2IM,2023-06-23,2023-06-23 10:22,64480,2022-04-01,2023-03-31,ブラザー工業株式会社
S100QZOG,2023-06-23,2023-06-23 10:24,77710,2022-04-01,2023-03-31,日本精密株式会社
S100R1WF,2023-06-23,2023-06-23 10:30,97440,2022-04-01,2023-03-31,株式会社メイテック
S100R1P8,2023-06-23,2023-06-23 10:34,95370,2022-04-01,2023-03-31,北陸瓦斯株式会社
S100R0IA,2023-06-23,2023-06-23 10:01,71670,2022-04-01,2023-03-31,株式会社めぶきフィナンシャルグループ
S100R2K3,2023-06-23,2023-06-23 10:36,76020,2022-04-01,2023-03-31,株式会社カーチスホールディングス
S100R12E,2023-06-23,2023-06-23 10:43,62540,2022-04-01,2023-03-31,野村マイクロ・サイエンス株式会社
S100R0CA,2023-06-23,2023-06-23 10:46,75520,2022-04-01,2023-03-31,株式会社ハピネット
S100R1EP,2023-06-23,2023-06-23 10:54,62380,2022-04-01,2023-03-31,フリュー株式会社
S100R0V7,2023-06-23,2023-06-23 10:55,78230,2022-04-01,2023-03-31,株式会社アートネイチャー
S100R262,2023-06-23,2023-06-23 10:58,93680,2022-04-01,2023-03-31,キムラユニティー株式会社
S100R1DX,2023-06-23,2023-06-23 11:00,38950,2022-04-01,2023-03-31,ハビックス株式会社
S100R21B,2023-06-23,2023-06-23 11:01,78220,2022-04-01,2023-03-31,永大産業株式会社
S100R27T,2023-06-23,2023-06-23 11:01,67300,2022-04-01,2023-03-31,株式会社アクセル
S100R1YB,2023-06-23,2023-06-23 11:03,65570,2022-04-01,2023-03-31,ＡＩＡＩグループ株式会社
S100R2J7,2023-06-23,2023-06-23 11:04,53570,2022-04-01,2023-03-31,株式会社　ヨータイ
S100R2B9,2023-06-23,2023-06-23 11:05,95350,2022-04-01,2023-03-31,広島ガス株式会社
S100QXHM,2023-06-23,2023-06-23 11:07,54100,2022-04-01,2023-03-31,合同製鐵株式会社
S100R27L,2023-06-23,2023-06-23 11:07,61570,2022-04-01,2023-03-31,日進工具株式会社
S100R1VQ,2023-06-23,2023-06-23 11:13,87070,2022-04-01,2023-03-31,岩井コスモホールディングス株式会社
S100QZX3,2023-06-23,2023-06-23 11:21,17680,2022-04-01,2023-03-31,株式会社ソネック
S100QZNJ,2023-06-23,2023-06-23 11:21,29020,2022-04-01,2023-03-31,太陽化学株式会社
S100R22Y,2023-06-23,2023-06-23 11:27,69610,2022-04-01,2023-03-31,株式会社エンプラス
S100R0KE,2023-06-23,2023-06-23 11:27,20530,2022-04-01,2023-03-31,中部飼料株式会社
S100R10T,2023-06-23,2023-06-23 11:30,78400,2022-04-01,2023-03-31,フランスベッドホールディングス株式会社
S100QZ6E,2023-06-23,2023-06-23 11:31,36120,2022-04-01,2023-03-31,株式会社ワールド
S100QZYR,2023-06-23,2023-06-23 11:38,85720,2022-04-01,2023-03-31,アコム株式会社
S100R2PJ,2023-06-23,2023-06-23 11:39,23340,2022-04-01,2023-03-31,株式会社イオレ
S100R2AH,2023-06-23,2023-06-23 11:45,79500,2022-04-01,2023-03-31,日本デコラックス株式会社
S100R12U,2023-06-23,2023-06-23 11:48,37710,2022-04-01,2023-03-31,株式会社システムリサーチ
S100R2AV,2023-06-23,2023-06-23 11:49,98160,2022-04-01,2023-03-31,株式会社　ストライダーズ
S100R23A,2023-06-23,2023-06-23 11:50,73260,2022-04-01,2023-03-31,ＳＢＩインシュアランスグループ株式会社
S100R12S,2023-06-23,2023-06-23 11:51,80750,2022-04-01,2023-03-31,神鋼商事株式会社
S100R2QA,2023-06-23,2023-06-23 11:53,53440,2022-04-01,2023-03-31,株式会社ＭＡＲＵＷＡ
S100R1YI,2023-06-23,2023-06-23 11:57,63560,2022-04-01,2023-03-31,日本ギア工業株式会社
S100QZTJ,2023-06-23,2023-06-23 12:00,65700,2022-04-01,2023-03-31,株式会社共和コーポレーション
S100R1KA,2023-06-23,2023-06-23 12:01,75090,2022-04-01,2023-03-31,アイエーグループ株式会社
S100R0N9,2023-06-23,2023-06-23 12:01,28770,2022-04-01,2023-03-31,日東ベスト株式会社
S100R1SG,2023-06-23,2023-06-23 12:01,94680,2022-04-01,2023-03-31,株式会社ＫＡＤＯＫＡＷＡ
S100R20D,2023-06-23,2023-06-23 12:03,23970,2022-04-01,2023-03-31,株式会社ＤＮＡチップ研究所
S100R1FD,2023-06-23,2023-06-23 12:07,69010,2022-04-01,2023-03-31,澤藤電機株式会社
S100R1I6,2023-06-23,2023-06-23 12:12,83490,2022-04-01,2023-03-31,株式会社　東北銀行
S100R2SD,2023-06-23,2023-06-23 12:13,32370,2022-04-01,2023-03-31,株式会社イントランス
S100R1JA,2023-06-23,2023-06-23 12:38,40420,2022-04-01,2023-03-31,東ソー株式会社
S100R2KU,2023-06-23,2023-06-23 12:39,83810,2022-04-01,2023-03-31,株式会社山陰合同銀行
S100QYMD,2023-06-23,2023-06-23 12:41,47650,2022-04-01,2023-03-31,ＳＢＩグローバルアセットマネジメント株式会社
S100R1ST,2023-06-23,2023-06-23 12:42,21140,2022-04-01,2023-03-31,フジ日本精糖株式会社
S100R1FM,2023-06-23,2023-06-23 12:42,35830,2022-04-01,2023-03-31,オーベクス株式会社
S100R1FS,2023-06-23,2023-06-23 12:42,73890,2022-04-01,2023-03-31,株式会社あいちフィナンシャルグループ
S100R29U,2023-06-23,2023-06-23 12:46,64710,2022-04-01,2023-03-31,日本精工株式会社
S100R2CG,2023-06-23,2023-06-23 12:47,79870,2022-04-01,2023-03-31,ナカバヤシ株式会社
S100R2TC,2023-06-23,2023-06-23 12:51,26660,2022-04-01,2023-03-31,株式会社　オートウェーブ
S100R273,2023-06-23,2023-06-23 13:00,68550,2022-04-01,2023-03-31,日本電子材料株式会社
S100R1PF,2023-06-23,2023-06-23 13:01,72420,2022-04-01,2023-03-31,ＫＹＢ株式会社
S100R0M7,2023-06-23,2023-06-23 13:02,69180,2022-04-01,2023-03-31,株式会社アバールデータ
S100R1CZ,2023-06-23,2023-06-23 13:03,62940,2022-04-01,2023-03-31,オカダアイヨン株式会社
S100R1B3,2023-06-23,2023-06-23 13:03,80740,2022-04-01,2023-03-31,ユアサ商事株式会社
S100R1BM,2023-06-23,2023-06-23 13:05,68060,2022-04-01,2023-03-31,ヒロセ電機株式会社
S100R0ZR,2023-06-23,2023-06-23 13:06,20600,2022-04-01,2023-03-31,フィード・ワン株式会社
S100R20J,2023-06-23,2023-06-23 13:07,47520,2022-04-01,2023-03-31,株式会社　昭和システムエンジニアリング
S100R1YX,2023-06-23,2023-06-23 13:07,80320,2022-04-01,2023-03-31,日本紙パルプ商事株式会社
S100R2UA,2023-06-23,2023-06-23 13:07,71300,2022-04-01,2023-03-31,ヤマエグループホールディングス株式会社
S100R2IW,2023-06-23,2023-06-23 13:09,56950,2022-04-01,2023-03-31,パウダーテック株式会社
S100R1VD,2023-06-23,2023-06-23 13:09,44010,2022-04-01,2023-03-31,株式会社ＡＤＥＫＡ
S100R2CP,2023-06-23,2023-06-23 13:10,88970,2022-04-01,2023-03-31,ＭＩＲＡＲＴＨホールディングス株式会社
S100R0OK,2023-06-23,2023-06-23 13:14,79700,2022-04-01,2023-03-31,信越ポリマー株式会社
S100R1LA,2023-06-23,2023-06-23 13:17,23320,2022-04-01,2023-03-31,株式会社クエスト
S100R2S7,2023-06-23,2023-06-23 13:20,41670,2022-04-01,2023-03-31,株式会社ココペリ
S100R1SS,2023-06-23,2023-06-23 13:20,97420,2022-04-01,2023-03-31,株式会社アイネス
S100R2U0,2023-06-23,2023-06-23 13:21,80760,2022-04-01,2023-03-31,株式会社カノークス
S100R215,2023-06-23,2023-06-23 13:23,22960,2022-04-01,2023-03-31,伊藤ハム米久ホールディングス株式会社
S100R100,2023-06-23,2023-06-23 13:24,20040,2022-04-01,2023-03-31,昭和産業株式会社
S100R1QD,2023-06-23,2023-06-23 13:24,22930,2022-04-01,2023-03-31,滝沢ハム株式会社
S100R1BE,2023-06-23,2023-06-23 13:25,46850,2022-04-01,2023-03-31,株式会社菱友システムズ
S100R1NZ,2023-06-23,2023-06-23 13:26,64550,2022-04-01,2023-03-31,株式会社モリタホールディングス
S100R2UP,2023-06-23,2023-06-23 13:27,66550,2022-04-01,2023-03-31,東洋電機株式会社
S100R2F6,2023-06-23,2023-06-23 13:27,34420,2022-04-01,2023-03-31,株式会社ＭＩＥコーポレーション
S100R2OY,2023-06-23,2023-06-23 13:28,23350,2022-04-01,2023-03-31,株式会社キューブシステム
S100R28G,2023-06-23,2023-06-23 13:28,64600,2022-04-01,2023-03-31,セガサミーホールディングス株式会社
S100QZTX,2023-06-23,2023-06-23 13:34,48320,2022-04-01,2023-03-31,ＪＦＥシステムズ株式会社
S100R2UI,2023-06-23,2023-06-23 13:36,85630,2022-04-01,2023-03-31,株式会社大東銀行
S100R1BK,2023-06-23,2023-06-23 13:36,70220,2022-04-01,2023-03-31,サノヤスホールディングス株式会社
S100R26N,2023-06-23,2023-06-23 13:36,26020,2022-04-01,2023-03-31,日清オイリオグループ株式会社
S100R1J4,2023-06-23,2023-06-23 13:40,80150,2022-04-01,2023-03-31,豊田通商株式会社
S100R1B5,2023-06-23,2023-06-23 13:41,72990,2022-04-01,2023-03-31,フジオーゼックス株式会社
S100R0CO,2023-06-23,2023-06-23 13:43,18520,2022-04-01,2023-03-31,株式会社淺沼組
S100R0WN,2023-06-23,2023-06-23 13:43,90220,2022-04-01,2023-03-31,東海旅客鉄道株式会社
S100R1LR,2023-06-23,2023-06-23 13:43,86300,2022-04-01,2023-03-31,ＳＯＭＰＯホールディングス株式会社
S100R2QB,2023-06-23,2023-06-23 13:43,90830,2022-04-01,2023-03-31,神姫バス株式会社
S100R27H,2023-06-23,2023-06-23 13:44,42900,2022-04-01,2023-03-31,株式会社プレステージ・インターナショナル
S100R218,2023-06-23,2023-06-23 13:46,68570,2022-04-01,2023-03-31,株式会社アドバンテスト
S100R21A,2023-06-23,2023-06-23 13:46,18840,2022-04-01,2023-03-31,日本道路株式会社
S100R1C8,2023-06-23,2023-06-23 13:49,76280,2022-04-01,2023-03-31,株式会社オーハシテクニカ
S100R1TH,2023-06-23,2023-06-23 13:51,80530,2022-04-01,2023-03-31,住友商事株式会社
S100R1R8,2023-06-23,2023-06-23 13:52,64070,2022-04-01,2023-03-31,ＣＫＤ株式会社
S100QZP9,2023-06-23,2023-06-23 13:51,42290,2022-04-01,2023-03-31,群栄化学工業株式会社
S100R0BK,2023-06-23,2023-06-23 13:57,87660,2022-04-01,2023-03-31,東京海上ホールディングス株式会社
S100R06O,2023-06-23,2023-06-23 13:58,90010,2022-04-01,2023-03-31,東武鉄道株式会社
S100QP42,2023-06-23,2023-06-23 14:00,64580,2022-04-01,2023-03-31,新晃工業株式会社
S100R1KT,2023-06-23,2023-06-23 14:02,83450,2022-04-01,2023-03-31,株式会社岩手銀行
S100R1R1,2023-06-23,2023-06-23 14:05,56070,2022-04-01,2023-03-31,中央可鍛工業株式会社
S100R1BJ,2023-06-23,2023-06-23 14:06,63810,2022-04-01,2023-03-31,アネスト岩田株式会社
S100R1ZA,2023-06-23,2023-06-23 14:10,75380,2022-04-01,2023-03-31,株式会社大水
S100R2XX,2023-06-23,2023-06-23 14:13,78200,2022-04-01,2023-03-31,ニホンフラッシュ株式会社
S100R20I,2023-06-23,2023-06-23 14:14,67420,2022-04-01,2023-03-31,株式会社京三製作所
S100R0Y9,2023-06-23,2023-06-23 14:15,80840,2022-04-01,2023-03-31,株式会社ＲＹＯＤＥＮ
S100R2XY,2023-06-23,2023-06-23 14:17,25940,2022-04-01,2023-03-31,キーコーヒー株式会社
S100R0FO,2023-06-23,2023-06-23 14:17,17860,2022-04-01,2023-03-31,オリエンタル白石株式会社
S100QW4E,2023-06-23,2023-06-23 14:17,80910,2022-04-01,2023-03-31,ニチモウ株式会社
S100R286,2023-06-23,2023-06-23 14:19,80300,2022-04-01,2023-03-31,中央魚類株式会社
S100R2VR,2023-06-23,2023-06-23 14:20,49870,2022-04-01,2023-03-31,株式会社寺岡製作所
S100R2HA,2023-06-23,2023-06-23 14:20,36820,2022-04-01,2023-03-31,エンカレッジ・テクノロジ株式会社
S100R22R,2023-06-23,2023-06-23 14:21,67970,2022-04-01,2023-03-31,名古屋電機工業株式会社
S100R19K,2023-06-23,2023-06-23 14:22,80010,2022-04-01,2023-03-31,伊藤忠商事株式会社
S100R2Y9,2023-06-23,2023-06-23 14:25,70900,2022-04-01,2023-03-31,株式会社リグア
S100R0UZ,2023-06-23,2023-06-23 14:26,93020,2022-04-01,2023-03-31,三井倉庫ホールディングス株式会社
S100R1G9,2023-06-23,2023-06-23 14:30,51620,2022-04-01,2023-03-31,株式会社朝日ラバー
S100R2ZE,2023-06-23,2023-06-23 14:30,93410,2022-04-01,2023-03-31,株式会社ＧＥＮＯＶＡ
S100R1SZ,2023-06-23,2023-06-23 14:30,99620,2022-04-01,2023-03-31,株式会社　ミスミグループ本社
S100R2UT,2023-06-23,2023-06-23 14:31,80720,2022-04-01,2023-03-31,日本出版貿易株式会社
S100R10S,2023-06-23,2023-06-23 14:33,63420,2022-04-01,2023-03-31,株式会社太平製作所
S100R1J5,2023-06-23,2023-06-23 14:35,72410,2022-04-01,2023-03-31,フタバ産業株式会社
S100R2EO,2023-06-23,2023-06-23 14:36,67410,2022-04-01,2023-03-31,日本信号株式会社
S100R0Q4,2023-06-23,2023-06-23 14:38,90650,2022-04-01,2023-03-31,山九株式会社
S100R05N,2023-06-23,2023-06-23 14:41,18980,2022-04-01,2023-03-31,世紀東急工業株式会社
S100R2BN,2023-06-23,2023-06-23 14:43,68690,2022-04-01,2023-03-31,シスメックス株式会社
S100R1O8,2023-06-23,2023-06-23 14:43,82830,2022-04-01,2023-03-31,株式会社ＰＡＬＴＡＣ
S100R2EJ,2023-06-23,2023-06-23 14:44,19610,2022-04-01,2023-03-31,三機工業株式会社
S100R1B2,2023-06-23,2023-06-23 14:45,74380,2022-04-01,2023-03-31,コンドーテック株式会社
S100R2VP,2023-06-23,2023-06-23 14:45,93190,2022-04-01,2023-03-31,株式会社中央倉庫
S100R1QZ,2023-06-23,2023-06-23 14:46,19520,2022-04-01,2023-03-31,新日本空調株式会社
S100R04N,2023-06-23,2023-06-23 14:47,81410,2022-04-01,2023-03-31,新光商事株式会社
S100R2BE,2023-06-23,2023-06-23 14:48,43180,2022-04-01,2023-03-31,株式会社クイック
S100R1WY,2023-06-23,2023-06-23 14:51,64930,2022-04-01,2023-03-31,株式会社ＮＩＴＴＡＮ
S100R324,2023-06-23,2023-06-23 14:51,43890,2022-04-01,2023-03-31,プロパティデータバンク株式会社
S100QZPH,2023-06-23,2023-06-23 14:52,91070,2022-04-01,2023-03-31,川崎汽船株式会社
S100R32I,2023-06-23,2023-06-23 14:52,26920,2022-04-01,2023-03-31,伊藤忠食品株式会社
S100R1WG,2023-06-23,2023-06-23 14:52,19090,2022-04-01,2023-03-31,日本ドライケミカル株式会社
S100R31M,2023-06-23,2023-06-23 14:53,53310,2022-04-01,2023-03-31,株式会社ノリタケカンパニーリミテド
S100R2I9,2023-06-23,2023-06-23 14:54,68230,2022-04-01,2023-03-31,リオン株式会社
S100R11K,2023-06-23,2023-06-23 14:55,94120,2022-04-01,2023-03-31,株式会社スカパーＪＳＡＴホールディングス
S100R2AP,2023-06-23,2023-06-23 14:55,60720,2022-04-01,2023-03-31,地盤ネットホールディングス株式会社
S100R2IY,2023-06-23,2023-06-23 14:56,38510,2022-04-01,2023-03-31,株式会社日本一ソフトウェア
S100R2VF,2023-06-23,2023-06-23 14:56,59010,2022-04-01,2023-03-31,東洋製罐グループホールディングス株式会社
S100R30V,2023-06-23,2023-06-23 14:57,70130,2022-04-01,2023-03-31,株式会社ＩＨＩ
S100R0JV,2023-06-23,2023-06-23 14:58,18530,2022-04-01,2023-03-31,株式会社　森組
S100R1AH,2023-06-23,2023-06-23 14:59,70180,2022-04-01,2023-03-31,内海造船株式会社
S100QZU2,2023-06-23,2023-06-23 15:00,58090,2022-04-01,2023-03-31,タツタ電線株式会社
S100R2ZO,2023-06-23,2023-06-23 15:00,94320,2022-04-01,2023-03-31,日本電信電話株式会社
S100R320,2023-06-23,2023-06-23 15:00,75230,2022-04-01,2023-03-31,アールビバン株式会社
S100R053,2023-06-23,2023-06-23 15:00,21750,2022-04-01,2023-03-31,株式会社エス・エム・エス
S100R23Q,2023-06-23,2023-06-23 15:00,67700,2022-04-01,2023-03-31,アルプスアルパイン株式会社
S100R0KV,2023-06-23,2023-06-23 15:00,32750,2022-04-01,2023-03-31,ハウスコム株式会社
S100QZ5D,2023-06-23,2023-06-23 15:00,91420,2022-04-01,2023-03-31,九州旅客鉄道株式会社
S100QZYC,2023-06-23,2023-06-23 15:00,67070,2022-04-01,2023-03-31,サンケン電気株式会社
S100R2IN,2023-06-23,2023-06-23 15:00,34340,2022-04-01,2023-03-31,株式会社アルファ
S100R1U9,2023-06-23,2023-06-23 15:00,72670,2022-04-01,2023-03-31,本田技研工業株式会社
S100R0E7,2023-06-23,2023-06-23 15:00,44910,2022-04-01,2023-03-31,コンピューターマネージメント株式会社
S100QYC9,2023-06-23,2023-06-23 15:00,65680,2022-04-01,2023-03-31,神戸天然物化学株式会社
S100R1AS,2023-06-23,2023-06-23 15:01,61350,2022-04-01,2023-03-31,株式会社　牧野フライス製作所
S100R2FO,2023-06-23,2023-06-23 15:01,54010,2022-04-01,2023-03-31,日本製鉄株式会社
S100R1W6,2023-06-23,2023-06-23 15:02,62930,2022-04-01,2023-03-31,日精樹脂工業株式会社
S100R173,2023-06-23,2023-06-23 15:02,73130,2022-04-01,2023-03-31,テイ・エス　テック株式会社
S100R1NG,2023-06-23,2023-06-23 15:03,39080,2022-04-01,2023-03-31,株式会社コラボス
S100R25E,2023-06-23,2023-06-23 15:03,65990,2022-04-01,2023-03-31,エブレン株式会社
S100R2V6,2023-06-23,2023-06-23 15:03,48820,2022-04-01,2023-03-31,株式会社ペルセウスプロテオミクス
S100R21I,2023-06-23,2023-06-23 15:03,66980,2022-04-01,2023-03-31,ヴィスコ・テクノロジーズ株式会社
S100R2HM,2023-06-23,2023-06-23 15:03,82750,2022-04-01,2023-03-31,株式会社フォーバル
S100R22T,2023-06-23,2023-06-23 15:04,61650,2022-04-01,2023-03-31,パンチ工業株式会社
S100QZQL,2023-06-23,2023-06-23 15:05,19500,2022-04-01,2023-03-31,日本電設工業株式会社
S100R207,2023-06-23,2023-06-23 15:06,66450,2022-04-01,2023-03-31,オムロン株式会社
S100QZCI,2023-06-23,2023-06-23 15:06,83440,2022-04-01,2023-03-31,株式会社山形銀行
S100R1M3,2023-06-23,2023-06-23 15:07,44420,2022-04-01,2023-03-31,バルテス株式会社
S100R0ZZ,2023-06-23,2023-06-23 15:08,25990,2022-04-01,2023-03-31,ジャパンフーズ株式会社
S100R34Y,2023-06-23,2023-06-23 15:08,63820,2022-04-01,2023-03-31,トリニティ工業株式会社
S100R1VV,2023-06-23,2023-06-23 15:09,76470,2022-04-01,2023-03-31,株式会社音通
S100R1PW,2023-06-23,2023-06-23 15:10,49800,2022-04-01,2023-03-31,デクセリアルズ株式会社
S100R2GQ,2023-06-23,2023-06-23 15:11,94450,2022-04-01,2023-03-31,株式会社フォーバルテレコム
S100R34O,2023-06-23,2023-06-23 15:11,82180,2022-04-01,2023-03-31,株式会社コメリ
S100R277,2023-06-23,2023-06-23 15:12,85370,2022-04-01,2023-03-31,株式会社大光銀行
S100R1IF,2023-06-23,2023-06-23 15:16,72920,2022-04-01,2023-03-31,株式会社村上開明堂
S100R2UX,2023-06-23,2023-06-23 15:19,46710,2022-04-01,2023-03-31,株式会社ファルコホールディングス
S100R2JC,2023-06-23,2023-06-23 15:21,90250,2022-04-01,2023-03-31,鴻池運輸株式会社
S100R129,2023-06-23,2023-06-23 15:21,64610,2022-04-01,2023-03-31,日本ピストンリング株式会社
S100R011,2023-06-23,2023-06-23 15:21,19730,2022-04-01,2023-03-31,ＮＥＣネッツエスアイ株式会社
S100R1Q1,2023-06-23,2023-06-23 15:21,72200,2022-04-01,2023-03-31,武蔵精密工業株式会社
S100R2B2,2023-06-23,2023-06-23 15:22,81030,2022-04-01,2023-03-31,明和産業株式会社
S100R2TE,2023-06-23,2023-06-23 15:22,74190,2022-04-01,2023-03-31,株式会社ノジマ
S100R1ZU,2023-06-23,2023-06-23 15:23,66590,2022-04-01,2023-03-31,株式会社メディアリンクス
S100R14J,2023-06-23,2023-06-23 15:27,87130,2022-04-01,2023-03-31,フィデアホールディングス株式会社
S100R1WE,2023-06-23,2023-06-23 15:27,46360,2022-04-01,2023-03-31,株式会社Ｔ＆Ｋ　ＴＯＫＡ
S100R2E2,2023-06-23,2023-06-23 15:30,33750,2022-04-01,2023-03-31,株式会社ＺＯＡ
S100R18E,2023-06-23,2023-06-23 15:30,27640,2022-04-01,2023-03-31,株式会社ひらまつ
S100R0D6,2023-06-23,2023-06-23 15:30,67880,2022-04-01,2023-03-31,株式会社日本トリム
S100R1CK,2023-06-23,2023-06-23 15:31,95320,2022-04-01,2023-03-31,大阪瓦斯株式会社
S100R1YT,2023-06-23,2023-06-23 15:31,34470,2022-04-01,2023-03-31,信和株式会社
S100QZX5,2023-06-23,2023-06-23 15:33,92320,2022-04-01,2023-03-31,株式会社パスコ
S100R27M,2023-06-23,2023-06-23 15:33,34220,2022-04-01,2023-03-31,株式会社　Ｊ－ＭＡＸ
S100R2GZ,2023-06-23,2023-06-23 15:35,59850,2022-04-01,2023-03-31,サンコール株式会社
S100R1SI,2023-06-23,2023-06-23 15:35,30240,2022-04-01,2023-03-31,クリエイト株式会社
S100R1XO,2023-06-23,2023-06-23 15:35,13790,2022-04-01,2023-03-31,ホクト株式会社
S100R2D8,2023-06-23,2023-06-23 15:35,29760,2022-04-01,2023-03-31,日本グランデ株式会社
S100R257,2023-06-23,2023-06-23 15:36,94670,2022-04-01,2023-03-31,株式会社アルファポリス
S100R1RL,2023-06-23,2023-06-23 15:36,48190,2022-04-01,2023-03-31,株式会社デジタルガレージ
S100R0KF,2023-06-23,2023-06-23 15:37,68100,2022-04-01,2023-03-31,マクセル株式会社
S100R32X,2023-06-23,2023-06-23 15:38,17170,2022-04-01,2023-03-31,明豊ファシリティワークス株式会社
S100R37B,2023-06-23,2023-06-23 15:39,21830,2022-04-01,2023-03-31,株式会社リニカル
S100R1SN,2023-06-23,2023-06-23 15:40,32310,2022-04-01,2023-03-31,野村不動産ホールディングス株式会社
S100R0RD,2023-06-23,2023-06-23 15:41,28120,2022-04-01,2023-03-31,焼津水産化学工業株式会社
S100R0EY,2023-06-23,2023-06-23 15:41,94710,2022-04-01,2023-03-31,株式会社文溪堂
S100R334,2023-06-23,2023-06-23 15:41,19820,2022-04-01,2023-03-31,日比谷総合設備株式会社
S100R382,2023-06-23,2023-06-23 15:41,61850,2022-04-01,2023-03-31,ＳＭＮ株式会社
S100R1S1,2023-06-23,2023-06-23 15:45,25880,2022-04-01,2023-03-31,株式会社プレミアムウォーターホールディングス
S100R115,2023-06-23,2023-06-23 15:47,60270,2022-04-01,2023-03-31,弁護士ドットコム株式会社
S100R23U,2023-06-23,2023-06-23 15:49,66580,2022-04-01,2023-03-31,シライ電子工業株式会社
S100R39J,2023-06-23,2023-06-23 15:50,44350,2022-04-01,2023-03-31,株式会社カオナビ
S100R2ES,2023-06-23,2023-06-23 15:51,80020,2022-04-01,2023-03-31,丸紅株式会社
S100R38K,2023-06-23,2023-06-23 15:52,44170,2022-04-01,2023-03-31,グローバルセキュリティエキスパート株式会社
S100R38Y,2023-06-23,2023-06-23 15:55,62490,2022-04-01,2023-03-31,株式会社ゲームカード・ジョイコホールディングス
S100R12D,2023-06-23,2023-06-23 16:00,57110,2022-04-01,2023-03-31,三菱マテリアル株式会社
S100R2LE,2023-06-23,2023-06-23 16:00,19510,2022-04-01,2023-03-31,エクシオグループ株式会社
S100R0WI,2023-06-23,2023-06-23 16:00,30880,2022-04-01,2023-03-31,株式会社マツキヨココカラ＆カンパニー
S100R2R0,2023-06-23,2023-06-23 16:00,65230,2022-04-01,2023-03-31,ＰＨＣホールディングス株式会社
S100R1DU,2023-06-23,2023-06-23 16:00,44610,2022-04-01,2023-03-31,第一工業製薬株式会社
S100R21P,2023-06-23,2023-06-23 16:00,35260,2022-04-01,2023-03-31,芦森工業株式会社
S100R36K,2023-06-23,2023-06-23 16:00,78150,2022-04-01,2023-03-31,東京ボード工業株式会社
S100R1DT,2023-06-23,2023-06-23 16:00,18140,2022-04-01,2023-03-31,大末建設株式会社
S100R22B,2023-06-23,2023-06-23 16:00,47360,2022-04-01,2023-03-31,日本ラッド株式会社
S100R1UC,2023-06-23,2023-06-23 16:01,31790,2022-04-01,2023-03-31,シュッピン株式会社
S100R1P7,2023-06-23,2023-06-23 16:02,63780,2022-04-01,2023-03-31,木村化工機株式会社
S100R24A,2023-06-23,2023-06-23 16:02,50710,2022-04-01,2023-03-31,株式会社ヴィス
S100R248,2023-06-23,2023-06-23 16:04,69880,2022-04-01,2023-03-31,日東電工株式会社
S100R30N,2023-06-23,2023-06-23 16:05,19690,2022-04-01,2023-03-31,高砂熱学工業株式会社
S100R1XA,2023-06-23,2023-06-23 16:07,31990,2022-04-01,2023-03-31,綿半ホールディングス株式会社
S100R2C4,2023-06-23,2023-06-23 16:07,32320,2022-04-01,2023-03-31,三重交通グループホールディングス株式会社
S100R33N,2023-06-23,2023-06-23 16:08,89350,2022-04-01,2023-03-31,株式会社ＦＪネクストホールディングス
S100R3AQ,2023-06-23,2023-06-23 16:09,72110,2022-04-01,2023-03-31,三菱自動車工業株式会社
S100R3A1,2023-06-23,2023-06-23 16:10,41250,2022-04-01,2023-03-31,三和油化工業株式会社
S100R1DH,2023-06-23,2023-06-23 16:12,40880,2022-04-01,2023-03-31,エア・ウォーター株式会社
S100R3BF,2023-06-23,2023-06-23 16:18,72310,2022-04-01,2023-03-31,トピー工業株式会社
S100R0ZJ,2023-06-23,2023-06-23 16:18,72290,2022-04-01,2023-03-31,株式会社ユタカ技研
S100R3AJ,2023-06-23,2023-06-23 16:20,38000,2022-04-01,2023-03-31,株式会社ユニリタ
S100QZLH,2023-06-23,2023-06-23 16:21,44250,2022-04-01,2023-03-31,Ｋｕｄａｎ株式会社
S100R3B5,2023-06-23,2023-06-23 16:23,57130,2022-04-01,2023-03-31,住友金属鉱山株式会社
S100R24L,2023-06-23,2023-06-23 16:24,37870,2022-04-01,2023-03-31,株式会社テクノマセマティカル
S100QVYU,2023-06-23,2023-06-23 16:24,80580,2022-04-01,2023-03-31,三菱商事株式会社
S100R11U,2023-06-23,2023-06-23 16:26,80230,2022-04-01,2023-03-31,大興電子通信株式会社
S100R2V1,2023-06-23,2023-06-23 16:28,98800,2022-04-01,2023-03-31,イノテック株式会社
S100R3DH,2023-06-23,2023-06-23 16:33,37500,2022-04-01,2023-03-31,株式会社サイトリ細胞研究所
S100R1LO,2023-06-23,2023-06-23 16:34,59940,2022-04-01,2023-03-31,株式会社ファインシンター
S100R3D7,2023-06-23,2023-06-23 16:36,33470,2022-04-01,2023-03-31,株式会社トラスト
S100QYIF,2023-06-23,2023-06-23 16:40,68750,2022-04-01,2023-03-31,株式会社メガチップス
S100R3E6,2023-06-23,2023-06-23 16:41,19710,2022-04-01,2023-03-31,中央ビルト工業株式会社
S100R2FG,2023-06-23,2023-06-23 16:50,66320,2022-04-01,2023-03-31,株式会社ＪＶＣケンウッド
S100R1F4,2023-06-23,2023-06-23 16:53,72640,2022-04-01,2023-03-31,株式会社ムロコーポレーション
S100QR9F,2023-06-23,2023-06-23 16:59,44880,2022-04-01,2023-03-31,ＡＩ　ｉｎｓｉｄｅ株式会社
S100R3CA,2023-06-23,2023-06-23 17:02,68630,2022-04-01,2023-03-31,株式会社ニレコ
S100R3EJ,2023-06-23,2023-06-23 17:03,83930,2022-04-01,2023-03-31,株式会社宮崎銀行
S100R38M,2023-06-23,2023-06-23 17:03,72690,2022-04-01,2023-03-31,スズキ株式会社
S100R38F,2023-06-26,2023-06-26 09:00,63060,2022-04-01,2023-03-31,日工株式会社
S100R23D,2023-06-26,2023-06-26 09:00,71750,2022-04-01,2023-03-31,今村証券株式会社
S100R3JQ,2023-06-26,2023-06-26 09:00,46580,2022-04-01,2023-03-31,日本空調サービス株式会社
S100R29T,2023-06-26,2023-06-26 09:00,77520,2022-04-01,2023-03-31,株式会社リコー
S100R2MZ,2023-06-26,2023-06-26 09:01,75500,2022-04-01,2023-03-31,株式会社ゼンショーホールディングス
S100R1VX,2023-06-26,2023-06-26 09:01,83830,2022-04-01,2023-03-31,株式会社　鳥取銀行
S100R2P9,2023-06-26,2023-06-26 09:02,90670,2022-04-01,2023-03-31,株式会社丸運
S100R19W,2023-06-26,2023-06-26 09:03,59660,2022-04-01,2023-03-31,京都機械工具株式会社
S100R1E5,2023-06-26,2023-06-26 09:04,44710,2022-04-01,2023-03-31,三洋化成工業株式会社
S100R372,2023-06-26,2023-06-26 09:04,67500,2022-04-01,2023-03-31,エレコム株式会社
S100R2RB,2023-06-26,2023-06-26 09:05,29160,2022-04-01,2023-03-31,仙波糖化工業株式会社
S100QZVC,2023-06-26,2023-06-26 09:05,64670,2022-04-01,2023-03-31,株式会社ニチダイ
S100R39Y,2023-06-26,2023-06-26 09:06,80070,2022-04-01,2023-03-31,高島株式会社
S100R3FO,2023-06-26,2023-06-26 09:08,68590,2022-04-01,2023-03-31,エスペック株式会社
S100R2HH,2023-06-26,2023-06-26 09:09,43660,2022-04-01,2023-03-31,ダイトーケミックス株式会社
S100QYW4,2023-06-26,2023-06-26 09:09,46900,2022-04-01,2023-03-31,日本パレットプール株式会社
S100R1JG,2023-06-26,2023-06-26 09:11,97900,2022-04-01,2023-03-31,福井コンピュータホールディングス株式会社
S100R3J5,2023-06-26,2023-06-26 09:13,64450,2022-04-01,2023-03-31,株式会社ジャノメ
S100R0WU,2023-06-26,2023-06-26 09:13,72130,2022-04-01,2023-03-31,レシップホールディングス株式会社
S100R0C5,2023-06-26,2023-06-26 09:15,83590,2022-04-01,2023-03-31,株式会社八十二銀行
S100R33G,2023-06-26,2023-06-26 09:15,62580,2022-04-01,2023-03-31,平田機工株式会社
S100R3VW,2023-06-26,2023-06-26 09:15,74140,2022-04-01,2023-03-31,小野建株式会社
S100R2KW,2023-06-26,2023-06-26 09:16,73220,2022-04-01,2023-03-31,株式会社三十三フィナンシャルグループ
S100R32V,2023-06-26,2023-06-26 09:17,18130,2022-04-01,2023-03-31,株式会社不動テトラ
S100R29Q,2023-06-26,2023-06-26 09:18,22220,2022-04-01,2023-03-31,寿スピリッツ株式会社
S100QZ9Q,2023-06-26,2023-06-26 09:22,66380,2022-04-01,2023-03-31,株式会社ミマキエンジニアリング
S100R34Z,2023-06-26,2023-06-26 09:22,48160,2022-04-01,2023-03-31,東映アニメーション株式会社
S100R0XL,2023-06-26,2023-06-26 09:22,53430,2022-04-01,2023-03-31,ニッコー株式会社
S100R3MS,2023-06-26,2023-06-26 09:23,53680,2022-04-01,2023-03-31,日本インシュレーション株式会社
S100R3B8,2023-06-26,2023-06-26 09:25,64620,2022-04-01,2023-03-31,株式会社リケン
S100R0SA,2023-06-26,2023-06-26 09:28,49170,2022-04-01,2023-03-31,株式会社マンダム
S100R2AN,2023-06-26,2023-06-26 09:35,98280,2022-04-01,2023-03-31,元気寿司株式会社
S100R1BV,2023-06-26,2023-06-26 09:36,63170,2022-04-01,2023-03-31,株式会社北川鉄工所
S100R228,2023-06-26,2023-06-26 09:38,42740,2022-04-01,2023-03-31,細谷火工株式会社
S100R3H5,2023-06-26,2023-06-26 09:39,49700,2022-04-01,2023-03-31,東洋合成工業株式会社
S100R2YA,2023-06-26,2023-06-26 09:39,96840,2022-04-01,2023-03-31,株式会社スクウェア・エニックス・ホールディングス
S100R1ZC,2023-06-26,2023-06-26 09:40,79050,2022-04-01,2023-03-31,大建工業株式会社
S100QZDL,2023-06-26,2023-06-26 09:40,99130,2022-04-01,2023-03-31,日邦産業株式会社
S100R2UK,2023-06-26,2023-06-26 09:42,38420,2022-04-01,2023-03-31,株式会社ネクストジェン
S100R2IJ,2023-06-26,2023-06-26 09:42,40800,2022-04-01,2023-03-31,株式会社田中化学研究所
S100R2MF,2023-06-26,2023-06-26 09:42,99080,2022-04-01,2023-03-31,日本電計株式会社
S100R258,2023-06-26,2023-06-26 09:46,64050,2022-04-01,2023-03-31,鈴茂器工株式会社
S100R3F4,2023-06-26,2023-06-26 09:48,19660,2022-04-01,2023-03-31,株式会社　高田工業所
S100R34G,2023-06-26,2023-06-26 09:49,79060,2022-04-01,2023-03-31,ヨネックス株式会社
S100R3K9,2023-06-26,2023-06-26 09:50,23510,2022-04-01,2023-03-31,株式会社ＡＳＪ
S100R1YH,2023-06-26,2023-06-26 09:56,36220,2022-04-01,2023-03-31,ネットイヤーグループ株式会社
S100R2QI,2023-06-26,2023-06-26 09:57,54630,2022-04-01,2023-03-31,丸一鋼管株式会社
S100R1HY,2023-06-26,2023-06-26 09:58,30020,2022-04-01,2023-03-31,グンゼ株式会社
S100R31E,2023-06-26,2023-06-26 10:00,17990,2022-04-01,2023-03-31,第一建設工業株式会社
S100R33Y,2023-06-26,2023-06-26 10:00,17980,2022-04-01,2023-03-31,株式会社守谷商会
S100QZ6P,2023-06-26,2023-06-26 10:00,82090,2022-04-01,2023-03-31,株式会社フレンドリー
S100R3IY,2023-06-26,2023-06-26 10:00,28140,2022-04-01,2023-03-31,佐藤食品工業株式会社
S100R2WX,2023-06-26,2023-06-26 10:00,42280,2022-04-01,2023-03-31,積水化成品工業株式会社
S100R3ZX,2023-06-26,2023-06-26 10:01,85910,2022-04-01,2023-03-31,オリックス株式会社
S100R3S8,2023-06-26,2023-06-26 10:01,76180,2022-04-01,2023-03-31,株式会社ピーシーデポコーポレーション
S100QZXK,2023-06-26,2023-06-26 10:02,49230,2022-04-01,2023-03-31,コタ株式会社
S100R3LR,2023-06-26,2023-06-26 10:05,52770,2022-04-01,2023-03-31,株式会社スパンクリートコーポレーション
S100R3LC,2023-06-26,2023-06-26 10:05,43680,2022-04-01,2023-03-31,扶桑化学工業株式会社
S100R04K,2023-06-26,2023-06-26 10:06,80780,2022-04-01,2023-03-31,阪和興業株式会社
S100R3QW,2023-06-26,2023-06-26 10:07,75550,2022-04-01,2023-03-31,株式会社大田花き
S100R2UU,2023-06-26,2023-06-26 10:08,38020,2022-04-01,2023-03-31,株式会社エコミック
S100R1S9,2023-06-26,2023-06-26 10:10,41120,2022-04-01,2023-03-31,保土谷化学工業株式会社
S100R3CS,2023-06-26,2023-06-26 10:14,43330,2022-04-01,2023-03-31,株式会社東邦システムサイエンス
S100R400,2023-06-26,2023-06-26 10:14,79430,2022-04-01,2023-03-31,ニチハ株式会社
S100R3DF,2023-06-26,2023-06-26 10:15,59290,2022-04-01,2023-03-31,三和ホールディングス株式会社
S100R2T1,2023-06-26,2023-06-26 10:18,64570,2022-04-01,2023-03-31,グローリー株式会社
S100R3O2,2023-06-26,2023-06-26 10:19,77350,2022-04-01,2023-03-31,株式会社ＳＣＲＥＥＮホールディングス
S100R1JH,2023-06-26,2023-06-26 10:23,94780,2022-04-01,2023-03-31,ＳＥホールディングス・アンド・インキュベーションズ株式会社
S100R1FN,2023-06-26,2023-06-26 10:24,40430,2022-04-01,2023-03-31,株式会社トクヤマ
S100R2I5,2023-06-26,2023-06-26 10:24,85600,2022-04-01,2023-03-31,株式会社　宮崎太陽銀行
S100R35K,2023-06-26,2023-06-26 10:36,39460,2022-04-01,2023-03-31,株式会社トーモク
S100R41K,2023-06-26,2023-06-26 10:38,99860,2022-04-01,2023-03-31,蔵王産業株式会社
S100R42G,2023-06-26,2023-06-26 10:40,96580,2022-04-01,2023-03-31,株式会社ビジネスブレイン太田昭和
S100R3AT,2023-06-26,2023-06-26 10:40,99020,2022-04-01,2023-03-31,株式会社日伝
S100R38E,2023-06-26,2023-06-26 10:42,42060,2022-04-01,2023-03-31,アイカ工業株式会社
S100R3JF,2023-06-26,2023-06-26 10:42,75180,2022-04-01,2023-03-31,ネットワンシステムズ株式会社
S100R40Z,2023-06-26,2023-06-26 10:45,64950,2022-04-01,2023-03-31,株式会社宮入バルブ製作所
S100R3AI,2023-06-26,2023-06-26 10:46,34330,2022-04-01,2023-03-31,トーカロ株式会社
S100R31Z,2023-06-26,2023-06-26 10:47,19600,2022-04-01,2023-03-31,株式会社サンテック
S100R3AR,2023-06-26,2023-06-26 10:52,76190,2022-04-01,2023-03-31,田中商事株式会社
S100R3KK,2023-06-26,2023-06-26 10:54,85220,2022-04-01,2023-03-31,株式会社　名古屋銀行
S100R12O,2023-06-26,2023-06-26 10:54,42020,2022-04-01,2023-03-31,株式会社ダイセル
S100QZ3J,2023-06-26,2023-06-26 10:57,64880,2022-04-01,2023-03-31,株式会社ヨシタケ
S100R2UH,2023-06-26,2023-06-26 11:00,66990,2022-04-01,2023-03-31,ダイヤモンドエレクトリックホールディングス株式会社
S100R3LA,2023-06-26,2023-06-26 11:00,46800,2022-04-01,2023-03-31,株式会社ラウンドワン
S100R2K9,2023-06-26,2023-06-26 11:00,77220,2022-04-01,2023-03-31,国際計測器株式会社
S100R2AS,2023-06-26,2023-06-26 11:06,60320,2022-04-01,2023-03-31,株式会社インターワークス
S100R0XR,2023-06-26,2023-06-26 11:06,57020,2022-04-01,2023-03-31,株式会社大紀アルミニウム工業所
S100R2TJ,2023-06-26,2023-06-26 11:07,49210,2022-04-01,2023-03-31,株式会社ファンケル
S100R455,2023-06-26,2023-06-26 11:12,35800,2022-04-01,2023-03-31,小松マテーレ株式会社
S100R3VV,2023-06-26,2023-06-26 11:12,33950,2022-04-01,2023-03-31,株式会社サンマルクホールディングス
S100R45H,2023-06-26,2023-06-26 11:13,69270,2022-04-01,2023-03-31,ヘリオス　テクノ　ホールディング株式会社
S100R2HR,2023-06-26,2023-06-26 11:15,77230,2022-04-01,2023-03-31,愛知時計電機株式会社
S100R0SW,2023-06-26,2023-06-26 11:15,97830,2022-04-01,2023-03-31,株式会社ベネッセホールディングス
S100R3W1,2023-06-26,2023-06-26 11:25,68990,2022-04-01,2023-03-31,ＡＳＴＩ株式会社
S100R3JW,2023-06-26,2023-06-26 11:27,43490,2022-04-01,2023-03-31,株式会社テスク
S100R32T,2023-06-26,2023-06-26 11:29,46440,2022-04-01,2023-03-31,イマジニア株式会社
S100R1NN,2023-06-26,2023-06-26 11:29,83090,2022-04-01,2023-03-31,三井住友トラスト・ホールディングス株式会社
S100R3CZ,2023-06-26,2023-06-26 11:31,32210,2022-04-01,2023-03-31,株式会社ヨシックスホールディングス
S100R1YS,2023-06-26,2023-06-26 11:33,33410,2022-04-01,2023-03-31,日本調剤株式会社
S100R3SZ,2023-06-26,2023-06-26 11:41,86980,2022-04-01,2023-03-31,マネックスグループ株式会社
S100R3BD,2023-06-26,2023-06-26 11:41,98320,2022-04-01,2023-03-31,株式会社オートバックスセブン
S100R2MA,2023-06-26,2023-06-26 11:48,77460,2022-04-01,2023-03-31,岡本硝子株式会社
S100R315,2023-06-26,2023-06-26 11:52,52790,2022-04-01,2023-03-31,日本興業株式会社
S100R49K,2023-06-26,2023-06-26 11:53,74750,2022-04-01,2023-03-31,アルビス株式会社
S100R3M0,2023-06-26,2023-06-26 11:55,35370,2022-04-01,2023-03-31,昭栄薬品株式会社
S100R2UW,2023-06-26,2023-06-26 11:56,49720,2022-04-01,2023-03-31,綜研化学株式会社
S100R482,2023-06-26,2023-06-26 11:56,65440,2022-04-01,2023-03-31,ジャパンエレベーターサービスホールディングス株式会社
S100R12G,2023-06-26,2023-06-26 11:59,43620,2022-04-01,2023-03-31,日本精化株式会社
S100QXH2,2023-06-26,2023-06-26 12:00,42950,2022-04-01,2023-03-31,株式会社フェイス
S100R1T2,2023-06-26,2023-06-26 12:00,38300,2022-04-01,2023-03-31,株式会社ギガプライズ
S100R25K,2023-06-26,2023-06-26 12:03,78670,2022-04-01,2023-03-31,株式会社タカラトミー
S100R4BQ,2023-06-26,2023-06-26 12:14,47770,2022-04-01,2023-03-31,株式会社ガーラ
S100R3NS,2023-06-26,2023-06-26 12:15,94790,2022-04-01,2023-03-31,株式会社インプレスホールディングス
S100R3HS,2023-06-26,2023-06-26 12:22,70460,2022-04-01,2023-03-31,ＴＤＳＥ株式会社
S100R4CL,2023-06-26,2023-06-26 12:24,66250,2022-04-01,2023-03-31,ＪＡＬＣＯホールディングス株式会社
S100QY8A,2023-06-26,2023-06-26 12:36,79740,2022-04-01,2023-03-31,任天堂株式会社
S100R4CA,2023-06-26,2023-06-26 12:47,87080,2022-04-01,2023-03-31,アイザワ証券グループ株式会社
S100R3BI,2023-06-26,2023-06-26 12:47,71500,2022-04-01,2023-03-31,株式会社島根銀行
S100R178,2023-06-26,2023-06-26 12:55,43080,2022-04-01,2023-03-31,株式会社Ｊストリーム
S100R36G,2023-06-26,2023-06-26 12:55,96980,2022-04-01,2023-03-31,株式会社クレオ
S100QZ5R,2023-06-26,2023-06-26 12:58,63730,2022-04-01,2023-03-31,大同工業株式会社
S100R0ND,2023-06-26,2023-06-26 13:00,31900,2022-04-01,2023-03-31,株式会社ホットマン
S100R4EY,2023-06-26,2023-06-26 13:08,87050,2022-04-01,2023-03-31,日産証券グループ株式会社
S100R4GG,2023-06-26,2023-06-26 13:33,74770,2022-04-01,2023-03-31,ムラキ株式会社
S100R4GX,2023-06-26,2023-06-26 13:36,45310,2022-04-01,2023-03-31,有機合成薬品工業株式会社
S100R461,2023-06-26,2023-06-26 13:46,21460,2022-04-01,2023-03-31,ＵＴグループ株式会社
S100R4IT,2023-06-26,2023-06-26 13:50,43070,2022-04-01,2023-03-31,株式会社野村総合研究所
S100R2OP,2023-06-26,2023-06-26 13:51,53330,2022-04-01,2023-03-31,日本碍子株式会社
S100R2ZH,2023-06-26,2023-06-26 13:53,22860,2022-04-01,2023-03-31,林兼産業株式会社
S100R3YV,2023-06-26,2023-06-26 13:53,72180,2022-04-01,2023-03-31,田中精密工業株式会社
S100R4HT,2023-06-26,2023-06-26 13:57,24750,2022-04-01,2023-03-31,ＷＤＢホールディングス株式会社
S100R4IM,2023-06-26,2023-06-26 13:58,28150,2022-04-01,2023-03-31,アリアケジャパン株式会社
S100R4IV,2023-06-26,2023-06-26 14:00,34650,2022-04-01,2023-03-31,ケイアイスター不動産株式会社
S100R4A0,2023-06-26,2023-06-26 14:00,77800,2022-04-01,2023-03-31,株式会社メニコン
S100R4BJ,2023-06-26,2023-06-26 14:04,38440,2022-04-01,2023-03-31,コムチュア株式会社
S100R3EK,2023-06-26,2023-06-26 14:05,23260,2022-04-01,2023-03-31,デジタルアーツ株式会社
S100R3RJ,2023-06-26,2023-06-26 14:10,34770,2022-04-01,2023-03-31,フォーライフ株式会社
S100R4L5,2023-06-26,2023-06-26 14:10,92560,2022-04-01,2023-03-31,株式会社サクシード
S100R4MA,2023-06-26,2023-06-26 14:15,88900,2022-04-01,2023-03-31,株式会社レーサム
S100R4KE,2023-06-26,2023-06-26 14:18,68940,2022-04-01,2023-03-31,パルステック工業株式会社
S100R36C,2023-06-26,2023-06-26 14:21,87250,2022-04-01,2023-03-31,ＭＳ＆ＡＤインシュアランスグループホールディングス株式会社
S100R4KN,2023-06-26,2023-06-26 14:28,90750,2022-04-01,2023-03-31,福山通運株式会社
S100R4OR,2023-06-26,2023-06-26 14:30,60590,2022-04-01,2023-03-31,株式会社ウチヤマホールディングス
S100R2R2,2023-06-26,2023-06-26 14:38,46650,2022-04-01,2023-03-31,株式会社ダスキン
S100R4P6,2023-06-26,2023-06-26 14:39,28180,2022-04-01,2023-03-31,株式会社ピエトロ
S100R2YB,2023-06-26,2023-06-26 14:39,75040,2022-04-01,2023-03-31,株式会社高速
S100R4GY,2023-06-26,2023-06-26 14:40,70400,2022-04-01,2023-03-31,株式会社サン・ライフホールディング
S100R4FE,2023-06-26,2023-06-26 14:48,38530,2022-04-01,2023-03-31,アステリア株式会社
S100R4HH,2023-06-26,2023-06-26 14:49,75240,2022-04-01,2023-03-31,マルシェ株式会社
S100R4O1,2023-06-26,2023-06-26 14:52,34200,2022-04-01,2023-03-31,株式会社ケー・エフ・シー
S100R4CP,2023-06-26,2023-06-26 15:00,70470,2022-04-01,2023-03-31,ポート株式会社
S100R3CL,2023-06-26,2023-06-26 15:00,39260,2022-04-01,2023-03-31,株式会社オープンドア
S100R4CE,2023-06-26,2023-06-26 15:00,75220,2022-04-01,2023-03-31,ワタミ株式会社
S100R3GK,2023-06-26,2023-06-26 15:00,92010,2022-04-01,2023-03-31,日本航空株式会社
S100R4DE,2023-06-26,2023-06-26 15:00,60690,2022-04-01,2023-03-31,トレンダーズ株式会社
S100R4R6,2023-06-26,2023-06-26 15:00,29800,2022-04-01,2023-03-31,ＳＲＥホールディングス株式会社
S100R3Z1,2023-06-26,2023-06-26 15:00,73680,2022-04-01,2023-03-31,表示灯株式会社
S100R4RK,2023-06-26,2023-06-26 15:00,91430,2022-04-01,2023-03-31,ＳＧホールディングス株式会社
S100R1EQ,2023-06-26,2023-06-26 15:00,21560,2022-04-01,2023-03-31,セーラー広告株式会社
S100R3K2,2023-06-26,2023-06-26 15:00,92720,2022-04-01,2023-03-31,ブティックス株式会社
S100R3G6,2023-06-26,2023-06-26 15:01,72380,2022-04-01,2023-03-31,曙ブレーキ工業株式会社
S100R40X,2023-06-26,2023-06-26 15:02,76980,2022-04-01,2023-03-31,株式会社アイスコ
S100R2UG,2023-06-26,2023-06-26 15:02,63430,2022-04-01,2023-03-31,フリージア・マクロス株式会社
S100R2IL,2023-06-26,2023-06-26 15:03,45690,2022-04-01,2023-03-31,杏林製薬株式会社
S100R2SR,2023-06-26,2023-06-26 15:04,83460,2022-04-01,2023-03-31,株式会社東邦銀行
S100R34I,2023-06-26,2023-06-26 15:05,36660,2022-04-01,2023-03-31,株式会社テクノスジャパン
S100R3CP,2023-06-26,2023-06-26 15:06,60890,2022-04-01,2023-03-31,株式会社ウィルグループ
S100R4AW,2023-06-26,2023-06-26 15:08,38470,2022-04-01,2023-03-31,パシフィックシステム株式会社
S100R42T,2023-06-26,2023-06-26 15:10,14200,2022-04-01,2023-03-31,サンヨーホームズ株式会社
S100R3C3,2023-06-26,2023-06-26 15:10,71870,2022-04-01,2023-03-31,ジェイリース株式会社
S100R4RZ,2023-06-26,2023-06-26 15:11,76860,2022-04-01,2023-03-31,株式会社カクヤスグループ
S100R3SM,2023-06-26,2023-06-26 15:12,14430,2022-04-01,2023-03-31,技研ホールディングス株式会社
S100R3YD,2023-06-26,2023-06-26 15:13,36260,2022-04-01,2023-03-31,ＴＩＳ株式会社
S100R4QG,2023-06-26,2023-06-26 15:13,90210,2022-04-01,2023-03-31,西日本旅客鉄道株式会社
S100R4OJ,2023-06-26,2023-06-26 15:13,90660,2022-04-01,2023-03-31,株式会社日新
S100R3KD,2023-06-26,2023-06-26 15:13,93670,2022-04-01,2023-03-31,大東港運株式会社
S100R4BC,2023-06-26,2023-06-26 15:18,72140,2022-04-01,2023-03-31,ＧＭＢ株式会社
S100R4DN,2023-06-26,2023-06-26 15:21,76210,2022-04-01,2023-03-31,株式会社うかい
S100R3I3,2023-06-26,2023-06-26 15:22,88910,2022-04-01,2023-03-31,ＡＭＧホールディングス株式会社
S100R2N8,2023-06-26,2023-06-26 15:26,26730,2022-04-01,2023-03-31,夢みつけ隊株式会社
S100R4PV,2023-06-26,2023-06-26 15:26,42160,2022-04-01,2023-03-31,旭有機材株式会社
S100R4T2,2023-06-26,2023-06-26 15:27,45980,2022-04-01,2023-03-31,ＤｅｌｔａーＦｌｙ　Ｐｈａｒｍａ株式会社
S100R1O7,2023-06-26,2023-06-26 15:27,32380,2022-04-01,2023-03-31,セントラル総合開発株式会社
S100R4TN,2023-06-26,2023-06-26 15:27,18660,2022-04-01,2023-03-31,北野建設株式会社
S100R4UB,2023-06-26,2023-06-26 15:28,61040,2022-04-01,2023-03-31,芝浦機械株式会社
S100R4A1,2023-06-26,2023-06-26 15:30,36110,2022-04-01,2023-03-31,株式会社マツオカコーポレーション
S100R42H,2023-06-26,2023-06-26 15:30,31730,2022-04-01,2023-03-31,株式会社Ｃｏｍｉｎｉｘ
S100R3DC,2023-06-26,2023-06-26 15:30,54840,2022-04-01,2023-03-31,東北特殊鋼株式会社
S100R4EQ,2023-06-26,2023-06-26 15:31,43010,2022-04-01,2023-03-31,株式会社アミューズ
S100R4C7,2023-06-26,2023-06-26 15:32,47090,2022-04-01,2023-03-31,株式会社ＩＤホールディングス
S100R4G1,2023-06-26,2023-06-26 15:37,62310,2022-04-01,2023-03-31,木村工機株式会社
S100R4L6,2023-06-26,2023-06-26 15:37,36860,2022-04-01,2023-03-31,株式会社ディー・エル・イー
S100R3OD,2023-06-26,2023-06-26 15:39,39270,2022-04-01,2023-03-31,株式会社フーバーブレイン
S100R4DC,2023-06-26,2023-06-26 15:40,39230,2022-04-01,2023-03-31,株式会社ラクス
S100R2ZU,2023-06-26,2023-06-26 15:42,84390,2022-04-01,2023-03-31,東京センチュリー株式会社
S100R3IZ,2023-06-26,2023-06-26 15:42,61660,2022-04-01,2023-03-31,株式会社中村超硬
S100R445,2023-06-26,2023-06-26 15:43,44840,2022-04-01,2023-03-31,ランサーズ株式会社
S100R0WY,2023-06-26,2023-06-26 15:45,21390,2022-04-01,2023-03-31,株式会社中広
S100R3S1,2023-06-26,2023-06-26 15:54,27540,2022-04-01,2023-03-31,株式会社東葛ホールディングス
S100R4PN,2023-06-26,2023-06-26 15:54,99890,2022-04-01,2023-03-31,株式会社サンドラッグ
S100R3HZ,2023-06-26,2023-06-26 15:55,24320,2022-04-01,2023-03-31,株式会社ディー・エヌ・エー
S100R3C5,2023-06-26,2023-06-26 15:59,43310,2022-04-01,2023-03-31,株式会社テイクアンドギヴ・ニーズ
S100R2SM,2023-06-26,2023-06-26 16:00,32840,2022-04-01,2023-03-31,株式会社フージャースホールディングス
S100R3CW,2023-06-26,2023-06-26 16:00,58340,2022-04-01,2023-03-31,ＳＢＩリーシングサービス株式会社
S100R4XD,2023-06-26,2023-06-26 16:00,67400,2022-04-01,2023-03-31,株式会社ジャパンディスプレイ
S100R4SH,2023-06-26,2023-06-26 16:02,37390,2022-04-01,2023-03-31,コムシード株式会社
S100QY8C,2023-06-26,2023-06-26 16:07,68370,2022-04-01,2023-03-31,株式会社京写
S100R3OA,2023-06-26,2023-06-26 16:10,67020,2022-04-01,2023-03-31,富士通株式会社
S100R36Q,2023-06-26,2023-06-26 16:13,40930,2022-04-01,2023-03-31,東邦アセチレン株式会社
S100R4ZD,2023-06-26,2023-06-26 16:14,19290,2022-04-01,2023-03-31,日特建設株式会社
S100R357,2023-06-26,2023-06-26 16:17,83620,2022-04-01,2023-03-31,株式会社福井銀行
S100R3HY,2023-06-26,2023-06-26 16:26,26130,2022-04-01,2023-03-31,株式会社Ｊ－オイルミルズ
S100R516,2023-06-26,2023-06-26 16:29,70140,2022-04-01,2023-03-31,株式会社名村造船所
S100R3XU,2023-06-26,2023-06-26 16:30,44100,2022-04-01,2023-03-31,ハリマ化成グループ株式会社
S100R3C9,2023-06-26,2023-06-26 16:31,77940,2022-04-01,2023-03-31,株式会社イーディーピー
S100R4WZ,2023-06-26,2023-06-26 16:32,67360,2022-04-01,2023-03-31,サン電子株式会社
S100R2LJ,2023-06-26,2023-06-26 16:34,57260,2022-04-01,2023-03-31,株式会社大阪チタニウムテクノロジーズ
S100R500,2023-06-26,2023-06-26 16:34,63830,2022-04-01,2023-03-31,株式会社ダイフク
S100R4ZB,2023-06-26,2023-06-26 16:38,70840,2022-04-01,2023-03-31,株式会社Ｋｉｄｓ　Ｓｍｉｌｅ　Ｈｏｌｄｉｎｇｓ
S100R2C5,2023-06-26,2023-06-26 16:40,70960,2022-04-01,2023-03-31,株式会社ステムセル研究所
S100R4YH,2023-06-26,2023-06-26 16:41,28130,2022-04-01,2023-03-31,和弘食品株式会社
S100R52D,2023-06-26,2023-06-26 16:51,51330,2022-04-01,2023-03-31,株式会社テリロジーホールディングス
S100R1KV,2023-06-26,2023-06-26 17:07,68620,2022-04-01,2023-03-31,ミナトホールディングス株式会社
S100R4Z2,2023-06-26,2023-06-26 17:10,69260,2022-04-01,2023-03-31,岡谷電機産業株式会社
S100R3Y0,2023-06-27,2023-06-27 09:01,87930,2022-04-01,2023-03-31,ＮＥＣキャピタルソリューション株式会社
S100R4XA,2023-06-27,2023-06-27 09:07,74510,2022-04-01,2023-03-31,三菱食品株式会社
S100R4E0,2023-06-27,2023-06-27 09:07,59550,2022-04-01,2023-03-31,株式会社ヤマシナ
S100R41H,2023-06-27,2023-06-27 09:15,95170,2022-04-01,2023-03-31,イーレックス株式会社
S100R4GR,2023-06-27,2023-06-27 09:25,27950,2022-04-01,2023-03-31,日本プリメックス株式会社
S100R2DV,2023-06-27,2023-06-27 09:34,97260,2022-04-01,2023-03-31,ＫＮＴ－ＣＴホールディングス株式会社
S100R56R,2023-06-27,2023-06-27 09:34,47330,2022-04-01,2023-03-31,株式会社オービックビジネスコンサルタント
S100R568,2023-06-27,2023-06-27 09:36,57420,2022-04-01,2023-03-31,エヌアイシ・オートテック株式会社
S100QZOX,2023-06-27,2023-06-27 09:40,22090,2022-04-01,2023-03-31,井村屋グループ株式会社
S100R4HV,2023-06-27,2023-06-27 09:44,84240,2022-04-01,2023-03-31,芙蓉総合リース株式会社
S100R58G,2023-06-27,2023-06-27 09:59,38030,2022-04-01,2023-03-31,イメージ情報開発株式会社
S100R4FX,2023-06-27,2023-06-27 10:00,21480,2022-04-01,2023-03-31,アイティメディア株式会社
S100R3ZD,2023-06-27,2023-06-27 10:00,83080,2022-04-01,2023-03-31,株式会社　りそなホールディングス
S100R3VK,2023-06-27,2023-06-27 10:01,77290,2022-04-01,2023-03-31,株式会社東京精密
S100R4YW,2023-06-27,2023-06-27 10:02,72050,2022-04-01,2023-03-31,日野自動車株式会社
S100R48Z,2023-06-27,2023-06-27 10:10,74580,2022-04-01,2023-03-31,株式会社第一興商
S100R37O,2023-06-27,2023-06-27 10:10,36410,2022-04-01,2023-03-31,株式会社パピレス
S100R5KH,2023-06-27,2023-06-27 10:16,76060,2022-04-01,2023-03-31,株式会社ユナイテッドアローズ
S100R44M,2023-06-27,2023-06-27 10:16,67520,2022-04-01,2023-03-31,パナソニックホールディングス株式会社
S100R3CD,2023-06-27,2023-06-27 10:38,18690,2022-04-01,2023-03-31,名工建設株式会社
S100R4YM,2023-06-27,2023-06-27 10:46,78600,2022-04-01,2023-03-31,エイベックス株式会社
S100R213,2023-06-27,2023-06-27 10:49,72240,2022-04-01,2023-03-31,新明和工業株式会社
S100R4XT,2023-06-27,2023-06-27 10:50,86240,2022-04-01,2023-03-31,いちよし証券株式会社
S100R4JV,2023-06-27,2023-06-27 10:52,46200,2022-04-01,2023-03-31,藤倉化成株式会社
S100R2TO,2023-06-27,2023-06-27 10:56,44030,2022-04-01,2023-03-31,日油株式会社
S100R2WT,2023-06-27,2023-06-27 11:00,79380,2022-04-01,2023-03-31,株式会社リーガルコーポレーション
S100R5PI,2023-06-27,2023-06-27 11:04,65790,2022-04-01,2023-03-31,ログリー株式会社
S100R3Z8,2023-06-27,2023-06-27 11:06,82790,2022-04-01,2023-03-31,株式会社ヤオコー
S100R1XD,2023-06-27,2023-06-27 11:09,28100,2022-04-01,2023-03-31,ハウス食品グループ本社株式会社
S100R5OV,2023-06-27,2023-06-27 11:12,89030,2022-04-01,2023-03-31,株式会社サンウッド
S100R2P3,2023-06-27,2023-06-27 11:31,97590,2022-04-01,2023-03-31,株式会社ＮＳＤ
S100R3WL,2023-06-27,2023-06-27 11:34,64860,2022-04-01,2023-03-31,イーグル工業株式会社
S100R4C1,2023-06-27,2023-06-27 11:41,61180,2022-04-01,2023-03-31,アイダエンジニアリング株式会社
S100R3F2,2023-06-27,2023-06-27 11:43,70790,2022-04-01,2023-03-31,ＷＤＢココ株式会社
S100R5RG,2023-06-27,2023-06-27 11:43,89950,2022-04-01,2023-03-31,株式会社誠建設工業
S100R4WJ,2023-06-27,2023-06-27 11:56,26560,2022-04-01,2023-03-31,株式会社ベクターホールディングス
S100R5UK,2023-06-27,2023-06-27 12:05,99900,2022-04-01,2023-03-31,株式会社サックスバーホールディングス
S100R2QG,2023-06-27,2023-06-27 12:07,68200,2022-04-01,2023-03-31,アイコム株式会社
S100R51F,2023-06-27,2023-06-27 12:12,74590,2022-04-01,2023-03-31,株式会社メディパルホールディングス
S100R5A1,2023-06-27,2023-06-27 12:14,54710,2022-04-01,2023-03-31,大同特殊鋼株式会社
S100R3C1,2023-06-27,2023-06-27 12:18,55410,2022-04-01,2023-03-31,大平洋金属株式会社
S100QZ8O,2023-06-27,2023-06-27 12:21,80450,2022-04-01,2023-03-31,横浜丸魚株式会社
S100R1XB,2023-06-27,2023-06-27 12:24,79790,2022-04-01,2023-03-31,株式会社松風
S100R5TK,2023-06-27,2023-06-27 12:28,58050,2022-04-01,2023-03-31,ＳＷＣＣ株式会社
S100R3S0,2023-06-27,2023-06-27 12:35,40970,2022-04-01,2023-03-31,高圧ガス工業株式会社
S100R5VX,2023-06-27,2023-06-27 12:37,46590,2022-04-01,2023-03-31,株式会社エイジス
S100R4G7,2023-06-27,2023-06-27 12:50,97350,2022-04-01,2023-03-31,セコム株式会社
S100R4ZM,2023-06-27,2023-06-27 12:51,81370,2022-04-01,2023-03-31,サンワテクノス株式会社
S100R3WD,2023-06-27,2023-06-27 12:55,54580,2022-04-01,2023-03-31,高砂鐵工株式会社
S100R4NN,2023-06-27,2023-06-27 13:01,64800,2022-04-01,2023-03-31,日本トムソン株式会社
S100R3WA,2023-06-27,2023-06-27 13:01,93660,2022-04-01,2023-03-31,株式会社サンリツ
S100R3YW,2023-06-27,2023-06-27 13:04,23310,2022-04-01,2023-03-31,綜合警備保障株式会社
S100R4HI,2023-06-27,2023-06-27 13:05,41820,2022-04-01,2023-03-31,三菱瓦斯化学株式会社
S100R0ZL,2023-06-27,2023-06-27 13:06,67440,2022-04-01,2023-03-31,能美防災株式会社
S100R4LE,2023-06-27,2023-06-27 13:08,19490,2022-04-01,2023-03-31,住友電設株式会社
S100R3ZV,2023-06-27,2023-06-27 13:09,40230,2022-04-01,2023-03-31,株式会社クレハ
S100R45C,2023-06-27,2023-06-27 13:10,85850,2022-04-01,2023-03-31,株式会社オリエントコーポレーション
S100R57K,2023-06-27,2023-06-27 13:12,98950,2022-04-01,2023-03-31,株式会社コンセック
S100R2W1,2023-06-27,2023-06-27 13:12,69190,2022-04-01,2023-03-31,ケル株式会社
S100QSCF,2023-06-27,2023-06-27 13:13,47700,2022-04-01,2023-03-31,図研エルミック株式会社
S100R5G8,2023-06-27,2023-06-27 13:17,49780,2022-04-01,2023-03-31,株式会社リプロセル
S100R5TC,2023-06-27,2023-06-27 13:18,87040,2022-04-01,2023-03-31,トレイダーズホールディングス株式会社
S100R0WZ,2023-06-27,2023-06-27 13:22,29080,2022-04-01,2023-03-31,フジッコ株式会社
S100R510,2023-06-27,2023-06-27 13:24,64200,2022-04-01,2023-03-31,フクシマガリレイ株式会社
S100R522,2023-06-27,2023-06-27 13:26,30660,2022-04-01,2023-03-31,株式会社ＪＢイレブン
S100R4XR,2023-06-27,2023-06-27 13:31,63910,2022-04-01,2023-03-31,株式会社加地テック
S100R4QK,2023-06-27,2023-06-27 13:32,31530,2022-04-01,2023-03-31,八洲電機株式会社
S100R57I,2023-06-27,2023-06-27 13:33,81570,2022-04-01,2023-03-31,都築電気株式会社
S100R438,2023-06-27,2023-06-27 13:37,27840,2022-04-01,2023-03-31,アルフレッサホールディングス株式会社
S100R4Q5,2023-06-27,2023-06-27 13:37,85540,2022-04-01,2023-03-31,株式会社南日本銀行
S100R4TF,2023-06-27,2023-06-27 13:38,76000,2022-04-01,2023-03-31,株式会社　日本エム・ディ・エム
S100R3W2,2023-06-27,2023-06-27 13:43,72540,2022-04-01,2023-03-31,株式会社ユニバンス
S100R5ZL,2023-06-27,2023-06-27 13:43,78960,2022-04-01,2023-03-31,セブン工業株式会社
S100R3LD,2023-06-27,2023-06-27 13:44,67980,2022-04-01,2023-03-31,ＳＭＫ株式会社
S100R4M5,2023-06-27,2023-06-27 13:45,85240,2022-04-01,2023-03-31,株式会社北洋銀行
S100R16F,2023-06-27,2023-06-27 13:45,65560,2022-04-01,2023-03-31,ウェルビー株式会社
S100R4SD,2023-06-27,2023-06-27 13:46,67790,2022-04-01,2023-03-31,日本電波工業株式会社
S100R5BP,2023-06-27,2023-06-27 13:47,57030,2022-04-01,2023-03-31,日本軽金属ホールディングス株式会社
S100R4T9,2023-06-27,2023-06-27 13:52,93620,2022-04-01,2023-03-31,兵機海運株式会社
S100R2NO,2023-06-27,2023-06-27 13:52,30680,2022-04-01,2023-03-31,株式会社ＷＤＩ
S100R52N,2023-06-27,2023-06-27 13:54,74410,2022-04-01,2023-03-31,株式会社Ｍｉｓｕｍｉ
S100R60I,2023-06-27,2023-06-27 13:54,76150,2022-04-01,2023-03-31,株式会社ＹＵ－ＷＡ　Ｃｒｅａｔｉｏｎ　Ｈｏｌｄｉｎｇｓ
S100R4I8,2023-06-27,2023-06-27 13:59,81320,2022-04-01,2023-03-31,シナネンホールディングス株式会社
S100R21L,2023-06-27,2023-06-27 14:00,83600,2022-04-01,2023-03-31,株式会社　山梨中央銀行
S100R34V,2023-06-27,2023-06-27 14:02,99340,2022-04-01,2023-03-31,因幡電機産業株式会社
S100R5CM,2023-06-27,2023-06-27 14:02,63320,2022-04-01,2023-03-31,月島ホールディングス株式会社
S100R5IU,2023-06-27,2023-06-27 14:06,85660,2022-04-01,2023-03-31,リコーリース株式会社
S100R62Q,2023-06-27,2023-06-27 14:06,33880,2022-04-01,2023-03-31,明治電機工業株式会社
S100R2OI,2023-06-27,2023-06-27 14:10,66700,2022-04-01,2023-03-31,株式会社ＭＣＪ
S100R578,2023-06-27,2023-06-27 14:10,56440,2022-04-01,2023-03-31,株式会社メタルアート
S100R59W,2023-06-27,2023-06-27 14:16,31570,2022-04-01,2023-03-31,ジューテックホールディングス株式会社
S100R314,2023-06-27,2023-06-27 14:17,87500,2022-04-01,2023-03-31,第一生命ホールディングス株式会社
S100R46X,2023-06-27,2023-06-27 14:17,68450,2022-04-01,2023-03-31,アズビル株式会社
S100R4PO,2023-06-27,2023-06-27 14:18,40920,2022-04-01,2023-03-31,日本化学工業株式会社
S100R56E,2023-06-27,2023-06-27 14:18,70600,2022-04-01,2023-03-31,ギークス株式会社
S100R4YP,2023-06-27,2023-06-27 14:19,88810,2022-04-01,2023-03-31,株式会社日神グループホールディングス
S100R2BG,2023-06-27,2023-06-27 14:19,53340,2022-04-01,2023-03-31,日本特殊陶業株式会社
S100R56K,2023-06-27,2023-06-27 14:19,51860,2022-04-01,2023-03-31,ニッタ株式会社
S100R4TK,2023-06-27,2023-06-27 14:21,19340,2022-04-01,2023-03-31,株式会社ユアテック
S100R42S,2023-06-27,2023-06-27 14:21,28020,2022-04-01,2023-03-31,味の素株式会社
S100R4YN,2023-06-27,2023-06-27 14:22,40310,2022-04-01,2023-03-31,片倉コープアグリ株式会社
S100R645,2023-06-27,2023-06-27 14:24,48860,2022-04-01,2023-03-31,あすか製薬ホールディングス株式会社
S100R4M8,2023-06-27,2023-06-27 14:25,80200,2022-04-01,2023-03-31,兼松株式会社
S100R5BT,2023-06-27,2023-06-27 14:28,73270,2022-04-01,2023-03-31,株式会社第四北越フィナンシャルグループ
S100R4NR,2023-06-27,2023-06-27 14:32,64820,2022-04-01,2023-03-31,株式会社ユーシン精機
S100R5G3,2023-06-27,2023-06-27 14:35,54230,2022-04-01,2023-03-31,東京製鐵株式会社
S100R626,2023-06-27,2023-06-27 14:35,47180,2022-04-01,2023-03-31,株式会社早稲田アカデミー
S100R48U,2023-06-27,2023-06-27 14:36,46870,2022-04-01,2023-03-31,ＴＤＣソフト株式会社
S100R64R,2023-06-27,2023-06-27 14:37,73180,2022-04-01,2023-03-31,セレンディップ・ホールディングス株式会社
S100R51Z,2023-06-27,2023-06-27 14:38,83340,2022-04-01,2023-03-31,株式会社　群馬銀行
S100R63X,2023-06-27,2023-06-27 14:39,92470,2022-04-01,2023-03-31,ＴＲＥホールディングス株式会社
S100R5AA,2023-06-27,2023-06-27 14:41,79250,2022-04-01,2023-03-31,前澤化成工業株式会社
S100R5RI,2023-06-27,2023-06-27 14:41,63790,2022-04-01,2023-03-31,レイズネクスト株式会社
S100R2JT,2023-06-27,2023-06-27 14:42,70620,2022-04-01,2023-03-31,株式会社フレアス
S100R4YZ,2023-06-27,2023-06-27 14:42,19650,2022-04-01,2023-03-31,株式会社テクノ菱和
S100R4U7,2023-06-27,2023-06-27 14:47,62970,2022-04-01,2023-03-31,鉱研工業株式会社
S100R355,2023-06-27,2023-06-27 14:48,79940,2022-04-01,2023-03-31,株式会社オカムラ
S100R5FS,2023-06-27,2023-06-27 14:49,68400,2022-04-01,2023-03-31,株式会社ＡＫＩＢＡホールディングス
S100R44B,2023-06-27,2023-06-27 14:50,57810,2022-04-01,2023-03-31,東邦金属株式会社
S100R51X,2023-06-27,2023-06-27 14:53,81540,2022-04-01,2023-03-31,加賀電子株式会社
S100R4MS,2023-06-27,2023-06-27 14:53,81740,2022-04-01,2023-03-31,日本瓦斯株式会社
S100R5UR,2023-06-27,2023-06-27 14:57,54490,2022-04-01,2023-03-31,大阪製鐵株式会社
S100R45Q,2023-06-27,2023-06-27 14:58,96850,2022-04-01,2023-03-31,ＫＹＣＯＭホールディングス株式会社
S100R5KX,2023-06-27,2023-06-27 15:00,69580,2022-04-01,2023-03-31,日本シイエムケイ株式会社
S100R3LU,2023-06-27,2023-06-27 15:00,60980,2022-04-01,2023-03-31,株式会社リクルートホールディングス
S100R38W,2023-06-27,2023-06-27 15:00,56310,2022-04-01,2023-03-31,株式会社日本製鋼所
S100R46Z,2023-06-27,2023-06-27 15:00,63930,2022-04-01,2023-03-31,油研工業株式会社
S100R46I,2023-06-27,2023-06-27 15:01,19380,2022-04-01,2023-03-31,日本リーテック株式会社
S100R41W,2023-06-27,2023-06-27 15:01,72360,2022-04-01,2023-03-31,株式会社ティラド
S100R5NB,2023-06-27,2023-06-27 15:01,33720,2022-04-01,2023-03-31,株式会社関門海
S100R4UY,2023-06-27,2023-06-27 15:01,53320,2022-04-01,2023-03-31,ＴＯＴＯ株式会社
S100R66J,2023-06-27,2023-06-27 15:02,27900,2022-04-01,2023-03-31,株式会社ナフコ
S100R58A,2023-06-27,2023-06-27 15:02,18930,2022-04-01,2023-03-31,五洋建設株式会社
S100R3KR,2023-06-27,2023-06-27 15:02,54110,2022-04-01,2023-03-31,ＪＦＥホールディングス株式会社
S100R69X,2023-06-27,2023-06-27 15:02,89190,2022-04-01,2023-03-31,株式会社カチタス
S100R3L5,2023-06-27,2023-06-27 15:02,99870,2022-04-01,2023-03-31,株式会社スズケン
S100R6B3,2023-06-27,2023-06-27 15:03,27330,2022-04-01,2023-03-31,株式会社あらた
S100R514,2023-06-27,2023-06-27 15:03,34670,2022-04-01,2023-03-31,アグレ都市デザイン株式会社
S100R4ZC,2023-06-27,2023-06-27 15:03,30770,2022-04-01,2023-03-31,ホリイフードサービス株式会社
S100R1EV,2023-06-27,2023-06-27 15:03,48870,2022-04-01,2023-03-31,サワイグループホールディングス株式会社
S100R2Q0,2023-06-27,2023-06-27 15:03,79580,2022-04-01,2023-03-31,天馬株式会社
S100R651,2023-06-27,2023-06-27 15:04,73660,2022-04-01,2023-03-31,株式会社ＬＩＴＡＬＩＣＯ
S100R30D,2023-06-27,2023-06-27 15:04,13010,2022-04-01,2023-03-31,株式会社　極洋
S100R39C,2023-06-27,2023-06-27 15:04,98560,2022-04-01,2023-03-31,株式会社ケーユーホールディングス
S100R69Y,2023-06-27,2023-06-27 15:05,92040,2022-04-01,2023-03-31,スカイマーク株式会社
S100R4BH,2023-06-27,2023-06-27 15:05,65040,2022-04-01,2023-03-31,富士電機株式会社
S100R5M2,2023-06-27,2023-06-27 15:05,42650,2022-04-01,2023-03-31,Ｉｎｓｔｉｔｕｔｉｏｎ　ｆｏｒ　ａ　Ｇｌｏｂａｌ　Ｓｏｃｉｅｔｙ株式会社
S100R586,2023-06-27,2023-06-27 15:06,61670,2022-04-01,2023-03-31,冨士ダイス株式会社
S100R56Z,2023-06-27,2023-06-27 15:06,81450,2022-04-01,2023-03-31,中部水産株式会社
S100R6BU,2023-06-27,2023-06-27 15:08,51030,2022-04-01,2023-03-31,昭和ホールディングス株式会社
S100R4IA,2023-06-27,2023-06-27 15:09,41880,2022-04-01,2023-03-31,三菱ケミカルグループ株式会社
S100R6BL,2023-06-27,2023-06-27 15:09,41790,2022-04-01,2023-03-31,株式会社ジーネクスト
S100R66O,2023-06-27,2023-06-27 15:13,36520,2022-04-01,2023-03-31,株式会社ディジタルメディアプロフェッショナル
S100R5SV,2023-06-27,2023-06-27 15:13,74330,2022-04-01,2023-03-31,伯東株式会社
S100R4VV,2023-06-27,2023-06-27 15:13,29980,2022-04-01,2023-03-31,クリアル株式会社
S100R5E4,2023-06-27,2023-06-27 15:14,18110,2022-04-01,2023-03-31,株式会社錢高組
S100R4U4,2023-06-27,2023-06-27 15:19,97130,2022-04-01,2023-03-31,株式会社ロイヤルホテル
S100R598,2023-06-27,2023-06-27 15:19,69710,2022-04-01,2023-03-31,京セラ株式会社
S100R4JL,2023-06-27,2023-06-27 15:21,68480,2022-04-01,2023-03-31,東亜ディーケーケー株式会社
S100R6A5,2023-06-27,2023-06-27 15:22,37620,2022-04-01,2023-03-31,テクマトリックス株式会社
S100R5V0,2023-06-27,2023-06-27 15:22,13330,2022-04-01,2023-03-31,マルハニチロ株式会社
S100R6C7,2023-06-27,2023-06-27 15:23,27800,2022-04-01,2023-03-31,株式会社コメ兵ホールディングス
S100R6CG,2023-06-27,2023-06-27 15:23,32940,2022-04-01,2023-03-31,株式会社イーグランド
S100R4LP,2023-06-27,2023-06-27 15:23,93110,2022-04-01,2023-03-31,アサガミ株式会社
S100R5Z5,2023-06-27,2023-06-27 15:24,82520,2022-04-01,2023-03-31,株式会社　丸井グループ
S100R5FV,2023-06-27,2023-06-27 15:24,90360,2022-04-01,2023-03-31,東部ネットワーク株式会社
S100R2PQ,2023-06-27,2023-06-27 15:24,28710,2022-04-01,2023-03-31,株式会社ニチレイ
S100R6C6,2023-06-27,2023-06-27 15:28,66130,2022-04-01,2023-03-31,株式会社ＱＤレーザ
S100R6B9,2023-06-27,2023-06-27 15:30,71270,2022-04-01,2023-03-31,株式会社一家ホールディングス
S100R31F,2023-06-27,2023-06-27 15:30,50290,2022-04-01,2023-03-31,サークレイス株式会社
S100R54I,2023-06-27,2023-06-27 15:31,45360,2022-04-01,2023-03-31,参天製薬株式会社
S100R3OV,2023-06-27,2023-06-27 15:31,68410,2022-04-01,2023-03-31,横河電機株式会社
S100R57D,2023-06-27,2023-06-27 15:31,66760,2022-04-01,2023-03-31,株式会社メルコホールディングス
S100R4TA,2023-06-27,2023-06-27 15:32,63960,2022-04-01,2023-03-31,株式会社宇野澤組鐵工所
S100R6F0,2023-06-27,2023-06-27 15:33,44980,2022-04-01,2023-03-31,サイバートラスト株式会社
S100R6DE,2023-06-27,2023-06-27 15:34,99690,2022-04-01,2023-03-31,株式会社ショクブン
S100R459,2023-06-27,2023-06-27 15:36,74430,2022-04-01,2023-03-31,横浜魚類株式会社
S100R5M7,2023-06-27,2023-06-27 15:36,66260,2022-04-01,2023-03-31,ＳＥＭＩＴＥＣ株式会社
S100R5E3,2023-06-27,2023-06-27 15:36,63050,2022-04-01,2023-03-31,日立建機株式会社
S100R5AX,2023-06-27,2023-06-27 15:41,96440,2022-04-01,2023-03-31,株式会社タナベコンサルティンググループ
S100R4U8,2023-06-27,2023-06-27 15:45,88440,2022-04-01,2023-03-31,株式会社コスモスイニシア
S100R4ZI,2023-06-27,2023-06-27 15:47,83060,2022-04-01,2023-03-31,株式会社三菱ＵＦＪフィナンシャル・グループ
S100R6GQ,2023-06-27,2023-06-27 15:50,41830,2022-04-01,2023-03-31,三井化学株式会社
S100R56A,2023-06-27,2023-06-27 15:51,69630,2022-04-01,2023-03-31,ローム株式会社
S100QZW9,2023-06-27,2023-06-27 15:56,60130,2022-04-01,2023-03-31,株式会社タクマ
S100R57Y,2023-06-27,2023-06-27 15:59,38350,2022-04-01,2023-03-31,ｅＢＡＳＥ株式会社
S100R6I6,2023-06-27,2023-06-27 16:02,63340,2022-04-01,2023-03-31,明治機械株式会社
S100R6I9,2023-06-27,2023-06-27 16:02,17300,2022-04-01,2023-03-31,麻生フオームクリート株式会社
S100R4JD,2023-06-27,2023-06-27 16:02,45260,2022-04-01,2023-03-31,理研ビタミン株式会社
S100R32F,2023-06-27,2023-06-27 16:04,34020,2022-04-01,2023-03-31,東レ株式会社
S100R22F,2023-06-27,2023-06-27 16:05,86000,2022-04-01,2023-03-31,トモニホールディングス株式会社
S100R1D4,2023-06-27,2023-06-27 16:07,48280,2022-04-01,2023-03-31,ビジネスエンジニアリング株式会社
S100R6J8,2023-06-27,2023-06-27 16:09,61580,2022-04-01,2023-03-31,株式会社和井田製作所
S100R5R5,2023-06-27,2023-06-27 16:10,84250,2022-04-01,2023-03-31,みずほリース株式会社
S100R52T,2023-06-27,2023-06-27 16:10,45640,2022-04-01,2023-03-31,オンコセラピー・サイエンス株式会社
S100R6BT,2023-06-27,2023-06-27 16:13,69460,2022-04-01,2023-03-31,日本アビオニクス株式会社
S100R3GX,2023-06-27,2023-06-27 16:15,16620,2022-04-01,2023-03-31,石油資源開発株式会社
S100R6HZ,2023-06-27,2023-06-27 16:21,34090,2022-04-01,2023-03-31,北日本紡績株式会社
S100R44U,2023-06-27,2023-06-27 16:23,85930,2022-04-01,2023-03-31,三菱ＨＣキャピタル株式会社
S100R563,2023-06-27,2023-06-27 16:30,60600,2022-04-01,2023-03-31,こころネット株式会社
S100R5EP,2023-06-27,2023-06-27 16:31,64180,2022-04-01,2023-03-31,日本金銭機械株式会社
S100R509,2023-06-27,2023-06-27 16:33,34070,2022-04-01,2023-03-31,旭化成株式会社
S100R4I6,2023-06-27,2023-06-27 16:33,67030,2022-04-01,2023-03-31,沖電気工業株式会社
S100R44K,2023-06-27,2023-06-27 16:40,69940,2022-04-01,2023-03-31,株式会社指月電機製作所
S100R13R,2023-06-27,2023-06-27 16:40,67940,2022-04-01,2023-03-31,フォスター電機株式会社
S100R5BZ,2023-06-27,2023-06-27 16:40,68790,2022-04-01,2023-03-31,株式会社ＩＭＡＧＩＣＡ　ＧＲＯＵＰ
S100R4NL,2023-06-27,2023-06-27 16:44,45060,2022-04-01,2023-03-31,住友ファーマ株式会社
S100R54V,2023-06-27,2023-06-27 16:44,67870,2022-04-01,2023-03-31,株式会社メイコー
S100R5YU,2023-06-27,2023-06-27 16:49,37680,2022-04-01,2023-03-31,リスクモンスター株式会社
S100R0ZK,2023-06-27,2023-06-27 16:54,72780,2022-04-01,2023-03-31,株式会社エクセディ
S100R6OB,2023-06-27,2023-06-27 16:57,33700,2022-04-01,2023-03-31,株式会社フジタコーポレーション
S100R50H,2023-06-27,2023-06-27 17:05,55710,2022-04-01,2023-03-31,エキサイトホールディングス株式会社
S100R698,2023-06-28,2023-06-28 09:00,84160,2022-04-01,2023-03-31,株式会社高知銀行
S100R2O5,2023-06-28,2023-06-28 09:00,31310,2022-04-01,2023-03-31,シンデン・ハイテックス株式会社
S100R6JN,2023-06-28,2023-06-28 09:00,45530,2022-04-01,2023-03-31,東和薬品株式会社
S100R6TG,2023-06-28,2023-06-28 09:00,73300,2022-04-01,2023-03-31,レオス・キャピタルワークス株式会社
S100R5G1,2023-06-28,2023-06-28 09:01,72610,2022-04-01,2023-03-31,マツダ株式会社
S100R65K,2023-06-28,2023-06-28 09:02,96280,2022-04-01,2023-03-31,燦ホールディングス株式会社
S100R26Y,2023-06-28,2023-06-28 09:03,19410,2022-04-01,2023-03-31,株式会社中電工
S100R66M,2023-06-28,2023-06-28 09:04,17930,2022-04-01,2023-03-31,株式会社大本組
S100R6MH,2023-06-28,2023-06-28 09:04,88760,2022-04-01,2023-03-31,株式会社リログループ
S100R66E,2023-06-28,2023-06-28 09:04,74610,2022-04-01,2023-03-31,株式会社キムラ
S100R2G7,2023-06-28,2023-06-28 09:04,52850,2022-04-01,2023-03-31,株式会社ヤマックス
S100R6JP,2023-06-28,2023-06-28 09:05,67240,2022-04-01,2023-03-31,セイコーエプソン株式会社
S100R0OB,2023-06-28,2023-06-28 09:07,62480,2022-04-01,2023-03-31,株式会社横田製作所
S100R5GZ,2023-06-28,2023-06-28 09:08,54640,2022-04-01,2023-03-31,モリ工業株式会社
S100R2GA,2023-06-28,2023-06-28 09:10,74170,2022-04-01,2023-03-31,株式会社南陽
S100R5M9,2023-06-28,2023-06-28 09:11,13800,2022-04-01,2023-03-31,株式会社秋川牧園
S100R4NS,2023-06-28,2023-06-28 09:12,31660,2022-04-01,2023-03-31,ＯＣＨＩホールディングス株式会社
S100R5XO,2023-06-28,2023-06-28 09:14,59690,2022-04-01,2023-03-31,株式会社ロブテックス
S100R71G,2023-06-28,2023-06-28 09:14,97080,2022-04-01,2023-03-31,株式会社帝国ホテル
S100R622,2023-06-28,2023-06-28 09:16,20580,2022-04-01,2023-03-31,株式会社ヒガシマル
S100R6W3,2023-06-28,2023-06-28 09:16,93850,2022-04-01,2023-03-31,株式会社ショーエイコーポレーション
S100R747,2023-06-28,2023-06-28 09:17,51950,2022-04-01,2023-03-31,バンドー化学株式会社
S100R73Z,2023-06-28,2023-06-28 09:17,18670,2022-04-01,2023-03-31,株式会社植木組
S100R6MQ,2023-06-28,2023-06-28 09:17,71290,2022-04-01,2023-03-31,ミアヘルサホールディングス株式会社
S100R5XD,2023-06-28,2023-06-28 09:17,96390,2022-04-01,2023-03-31,三協フロンテア株式会社
S100R67Y,2023-06-28,2023-06-28 09:22,74820,2022-04-01,2023-03-31,株式会社シモジマ
S100R4HL,2023-06-28,2023-06-28 09:22,22070,2022-04-01,2023-03-31,名糖産業株式会社
S100R75J,2023-06-28,2023-06-28 09:24,98530,2022-04-01,2023-03-31,株式会社銀座ルノアール
S100R1RX,2023-06-28,2023-06-28 09:28,18260,2022-04-01,2023-03-31,佐田建設株式会社
S100QZBY,2023-06-28,2023-06-28 09:30,48270,2022-04-01,2023-03-31,ビジネス・ワンホールディングス株式会社
S100R3KO,2023-06-28,2023-06-28 09:31,23440,2022-04-01,2023-03-31,平安レイサービス株式会社
S100R6SI,2023-06-28,2023-06-28 09:33,78510,2022-04-01,2023-03-31,カワセコンピュータサプライ株式会社
S100R757,2023-06-28,2023-06-28 09:36,98870,2022-04-01,2023-03-31,株式会社松屋フーズホールディングス
S100R65V,2023-06-28,2023-06-28 09:37,32910,2022-04-01,2023-03-31,飯田グループホールディングス株式会社
S100R62K,2023-06-28,2023-06-28 09:38,23490,2022-04-01,2023-03-31,株式会社エヌアイデイ
S100R76B,2023-06-28,2023-06-28 09:39,87830,2022-04-01,2023-03-31,ＧＦＡ株式会社
S100R2J1,2023-06-28,2023-06-28 09:41,35510,2022-04-01,2023-03-31,ダイニック株式会社
S100R61J,2023-06-28,2023-06-28 09:42,79190,2022-04-01,2023-03-31,野崎印刷紙業株式会社
S100R6BX,2023-06-28,2023-06-28 09:42,68460,2022-04-01,2023-03-31,株式会社中央製作所
S100R6CZ,2023-06-28,2023-06-28 09:45,78980,2022-04-01,2023-03-31,株式会社ウッドワン
S100R5L6,2023-06-28,2023-06-28 09:45,95340,2022-04-01,2023-03-31,北海道瓦斯株式会社
S100R6WC,2023-06-28,2023-06-28 09:47,44850,2022-04-01,2023-03-31,株式会社ＪＴＯＷＥＲ
S100R67Q,2023-06-28,2023-06-28 09:50,61970,2022-04-01,2023-03-31,株式会社ソラスト
S100R666,2023-06-28,2023-06-28 09:51,38960,2022-04-01,2023-03-31,阿波製紙株式会社
S100R1U3,2023-06-28,2023-06-28 09:51,43190,2022-04-01,2023-03-31,ＴＡＣ株式会社
S100R4KC,2023-06-28,2023-06-28 09:51,81050,2022-04-01,2023-03-31,堀田丸正株式会社
S100R63L,2023-06-28,2023-06-28 09:54,72260,2022-04-01,2023-03-31,極東開発工業株式会社
S100R76N,2023-06-28,2023-06-28 10:00,52520,2022-04-01,2023-03-31,日本ナレッジ株式会社
S100R2X7,2023-06-28,2023-06-28 10:00,45490,2022-04-01,2023-03-31,栄研化学株式会社
S100R5WT,2023-06-28,2023-06-28 10:03,61400,2022-04-01,2023-03-31,旭ダイヤモンド工業株式会社
S100QXZ1,2023-06-28,2023-06-28 10:06,85510,2022-04-01,2023-03-31,株式会社　北日本銀行
S100R782,2023-06-28,2023-06-28 10:06,64130,2022-04-01,2023-03-31,理想科学工業株式会社
S100R4TX,2023-06-28,2023-06-28 10:12,45430,2022-04-01,2023-03-31,テルモ株式会社
S100R5UH,2023-06-28,2023-06-28 10:14,82300,2022-04-01,2023-03-31,株式会社はせがわ
S100R63S,2023-06-28,2023-06-28 10:19,90410,2022-04-01,2023-03-31,近鉄グループホールディングス株式会社
S100R78E,2023-06-28,2023-06-28 10:23,98850,2022-04-01,2023-03-31,株式会社　シャルレ
S100R6TO,2023-06-28,2023-06-28 10:24,71340,2022-04-01,2023-03-31,株式会社アップガレージグループ
S100R65E,2023-06-28,2023-06-28 10:25,79520,2022-04-01,2023-03-31,株式会社河合楽器製作所
S100R6IU,2023-06-28,2023-06-28 10:26,59880,2022-04-01,2023-03-31,株式会社パイオラックス
S100R3EQ,2023-06-28,2023-06-28 10:26,63840,2022-04-01,2023-03-31,株式会社昭和真空
S100R49C,2023-06-28,2023-06-28 10:34,79390,2022-04-01,2023-03-31,株式会社研創
S100R1UE,2023-06-28,2023-06-28 10:42,22820,2022-04-01,2023-03-31,日本ハム株式会社
S100R2WN,2023-06-28,2023-06-28 10:52,95360,2022-04-01,2023-03-31,西部ガスホールディングス株式会社
S100R79S,2023-06-28,2023-06-28 10:52,71200,2022-04-01,2023-03-31,株式会社ＳＨＩＮＫＯ
S100R50T,2023-06-28,2023-06-28 10:52,86220,2022-04-01,2023-03-31,水戸証券株式会社
S100R6RX,2023-06-28,2023-06-28 10:53,61900,2022-04-01,2023-03-31,株式会社フェニックスバイオ
S100R7C2,2023-06-28,2023-06-28 10:53,27490,2022-04-01,2023-03-31,株式会社ＪＰホールディングス
S100R4E4,2023-06-28,2023-06-28 10:58,85150,2022-04-01,2023-03-31,アイフル株式会社
S100R63P,2023-06-28,2023-06-28 10:58,72550,2022-04-01,2023-03-31,株式会社　桜井製作所
S100R5R2,2023-06-28,2023-06-28 11:04,77340,2022-04-01,2023-03-31,理研計器株式会社
S100R5FJ,2023-06-28,2023-06-28 11:05,30790,2022-04-01,2023-03-31,ディーブイエックス株式会社
S100R4FZ,2023-06-28,2023-06-28 11:05,54400,2022-04-01,2023-03-31,共英製鋼株式会社
S100R6RK,2023-06-28,2023-06-28 11:07,75370,2022-04-01,2023-03-31,丸文株式会社
S100R56J,2023-06-28,2023-06-28 11:08,74760,2022-04-01,2023-03-31,アズワン株式会社
S100R7E4,2023-06-28,2023-06-28 11:09,40270,2022-04-01,2023-03-31,テイカ株式会社
S100R768,2023-06-28,2023-06-28 11:15,70880,2022-04-01,2023-03-31,株式会社フォーラムエンジニアリング
S100R4K3,2023-06-28,2023-06-28 11:15,69370,2022-04-01,2023-03-31,古河電池株式会社
S100QZQE,2023-06-28,2023-06-28 11:17,21790,2022-04-01,2023-03-31,株式会社成学社
S100R6YT,2023-06-28,2023-06-28 11:18,21170,2022-04-01,2023-03-31,ウェルネオシュガー株式会社
S100R69U,2023-06-28,2023-06-28 11:19,80700,2022-04-01,2023-03-31,東京産業株式会社
S100R69K,2023-06-28,2023-06-28 11:20,67680,2022-04-01,2023-03-31,株式会社タムラ製作所
S100R6PR,2023-06-28,2023-06-28 11:22,47830,2022-04-01,2023-03-31,日本コンピュータ・ダイナミクス株式会社
S100R3YS,2023-06-28,2023-06-28 11:23,61110,2022-04-01,2023-03-31,旭精機工業株式会社
S100R6OD,2023-06-28,2023-06-28 11:24,72220,2022-04-01,2023-03-31,日産車体株式会社
S100R7F4,2023-06-28,2023-06-28 11:27,62460,2022-04-01,2023-03-31,株式会社テクノスマート
S100R7BS,2023-06-28,2023-06-28 11:28,64940,2022-04-01,2023-03-31,株式会社ＮＦＫホールディングス
S100R3D8,2023-06-28,2023-06-28 11:28,58200,2022-04-01,2023-03-31,株式会社三ッ星
S100R5FW,2023-06-28,2023-06-28 11:28,98960,2022-04-01,2023-03-31,ＪＫホールディングス株式会社
S100R5KK,2023-06-28,2023-06-28 11:30,79320,2022-04-01,2023-03-31,株式会社ニッピ
S100R6CD,2023-06-28,2023-06-28 11:31,72150,2022-04-01,2023-03-31,株式会社ファルテック
S100R6BO,2023-06-28,2023-06-28 11:32,69550,2022-04-01,2023-03-31,ＦＤＫ株式会社
S100R6K4,2023-06-28,2023-06-28 11:33,96960,2022-04-01,2023-03-31,株式会社ウィザス
S100R44P,2023-06-28,2023-06-28 11:34,34230,2022-04-01,2023-03-31,株式会社エスイー
S100R4NG,2023-06-28,2023-06-28 11:36,93510,2022-04-01,2023-03-31,東洋埠頭株式会社
S100R71C,2023-06-28,2023-06-28 11:37,87000,2022-04-01,2023-03-31,丸八証券株式会社
S100R624,2023-06-28,2023-06-28 11:37,59790,2022-04-01,2023-03-31,カネソウ株式会社
S100R52I,2023-06-28,2023-06-28 11:38,63690,2022-04-01,2023-03-31,トーヨーカネツ株式会社
S100R7I5,2023-06-28,2023-06-28 11:38,98450,2022-04-01,2023-03-31,株式会社パーカーコーポレーション
S100R5SW,2023-06-28,2023-06-28 11:39,83310,2022-04-01,2023-03-31,株式会社千葉銀行
S100R5H0,2023-06-28,2023-06-28 11:43,68820,2022-04-01,2023-03-31,株式会社三社電機製作所
S100R5PO,2023-06-28,2023-06-28 11:45,54080,2022-04-01,2023-03-31,株式会社中山製鋼所
S100R5MN,2023-06-28,2023-06-28 11:46,68380,2022-04-01,2023-03-31,株式会社多摩川ホールディングス
S100R4XO,2023-06-28,2023-06-28 11:47,34170,2022-04-01,2023-03-31,大木ヘルスケアホールディングス株式会社
S100R6T0,2023-06-28,2023-06-28 11:47,38780,2022-04-01,2023-03-31,株式会社巴川製紙所
S100R7H3,2023-06-28,2023-06-28 11:49,59830,2022-04-01,2023-03-31,イワブチ株式会社
S100R55B,2023-06-28,2023-06-28 11:50,36400,2022-04-01,2023-03-31,株式会社電算
S100R7L8,2023-06-28,2023-06-28 11:56,81520,2022-04-01,2023-03-31,ソマール株式会社
S100R6XE,2023-06-28,2023-06-28 11:57,65800,2022-04-01,2023-03-31,株式会社ライトアップ
S100R5W7,2023-06-28,2023-06-28 11:58,46780,2022-04-01,2023-03-31,株式会社　秀英予備校
S100R66W,2023-06-28,2023-06-28 12:00,42340,2022-04-01,2023-03-31,株式会社サンエー化研
S100R79T,2023-06-28,2023-06-28 12:00,14170,2022-04-01,2023-03-31,株式会社ミライト・ワン
S100R5MS,2023-06-28,2023-06-28 12:00,35910,2022-04-01,2023-03-31,株式会社ワコールホールディングス
S100R2ZL,2023-06-28,2023-06-28 12:00,81070,2022-04-01,2023-03-31,株式会社キムラタン
S100R7M4,2023-06-28,2023-06-28 12:00,45910,2022-04-01,2023-03-31,株式会社リボミック
S100R4XH,2023-06-28,2023-06-28 12:01,50170,2022-04-01,2023-03-31,富士石油株式会社
S100R7LB,2023-06-28,2023-06-28 12:03,92020,2022-04-01,2023-03-31,ＡＮＡホールディングス株式会社
S100R531,2023-06-28,2023-06-28 12:04,39170,2022-04-01,2023-03-31,株式会社アイリッジ
S100R73J,2023-06-28,2023-06-28 12:05,51990,2022-04-01,2023-03-31,不二ラテックス株式会社
S100R6GJ,2023-06-28,2023-06-28 12:05,73500,2022-04-01,2023-03-31,株式会社おきなわフィナンシャルグループ
S100R6QC,2023-06-28,2023-06-28 12:06,17570,2022-04-01,2023-03-31,株式会社創建エース
S100R5P4,2023-06-28,2023-06-28 12:06,81110,2022-04-01,2023-03-31,株式会社ゴールドウイン
S100R3Y6,2023-06-28,2023-06-28 12:09,66750,2022-04-01,2023-03-31,サクサホールディングス株式会社
S100R6GB,2023-06-28,2023-06-28 12:10,73380,2022-04-01,2023-03-31,インヴァスト株式会社
S100R5UO,2023-06-28,2023-06-28 12:12,69280,2022-04-01,2023-03-31,株式会社エノモト
S100R5LY,2023-06-28,2023-06-28 12:12,28040,2022-04-01,2023-03-31,ブルドックソース株式会社
S100QW4N,2023-06-28,2023-06-28 12:13,65450,2022-04-01,2023-03-31,株式会社インターネットインフィニティー
S100R5TO,2023-06-28,2023-06-28 12:14,28970,2022-04-01,2023-03-31,日清食品ホールディングス株式会社
S100R73V,2023-06-28,2023-06-28 12:29,86140,2022-04-01,2023-03-31,東洋証券株式会社
S100R6YI,2023-06-28,2023-06-28 12:38,69420,2022-04-01,2023-03-31,株式会社ソフィアホールディングス
S100R4ON,2023-06-28,2023-06-28 12:47,63640,2022-04-01,2023-03-31,北越工業株式会社
S100R5YW,2023-06-28,2023-06-28 12:54,30230,2022-04-01,2023-03-31,ラサ商事株式会社
S100R5JS,2023-06-28,2023-06-28 12:54,72400,2022-04-01,2023-03-31,ＮＯＫ株式会社
S100R79B,2023-06-28,2023-06-28 12:55,73370,2022-04-01,2023-03-31,株式会社ひろぎんホールディングス
S100R4W2,2023-06-28,2023-06-28 12:59,59510,2022-04-01,2023-03-31,ダイニチ工業株式会社
S100R684,2023-06-28,2023-06-28 13:00,22700,2022-04-01,2023-03-31,雪印メグミルク株式会社
S100R4IG,2023-06-28,2023-06-28 13:00,22810,2022-04-01,2023-03-31,プリマハム株式会社
S100R4GA,2023-06-28,2023-06-28 13:00,39430,2022-04-01,2023-03-31,大石産業株式会社
S100R71J,2023-06-28,2023-06-28 13:00,77170,2022-04-01,2023-03-31,株式会社ブイ・テクノロジー
S100R7I1,2023-06-28,2023-06-28 13:00,90690,2022-04-01,2023-03-31,センコーグループホールディングス株式会社
S100R7HY,2023-06-28,2023-06-28 13:00,38450,2022-04-01,2023-03-31,株式会社アイフリークモバイル
S100R6QP,2023-06-28,2023-06-28 13:00,83360,2022-04-01,2023-03-31,株式会社武蔵野銀行
S100R60A,2023-06-28,2023-06-28 13:00,77270,2022-04-01,2023-03-31,株式会社オーバル
S100R7FW,2023-06-28,2023-06-28 13:00,94350,2022-04-01,2023-03-31,株式会社光通信
S100R713,2023-06-28,2023-06-28 13:01,74080,2022-04-01,2023-03-31,株式会社ジャムコ
S100R69T,2023-06-28,2023-06-28 13:02,35710,2022-04-01,2023-03-31,株式会社ソトー
S100R6FU,2023-06-28,2023-06-28 13:03,19760,2022-04-01,2023-03-31,明星工業株式会社
S100R7M5,2023-06-28,2023-06-28 13:04,64540,2022-04-01,2023-03-31,マックス株式会社
S100R5YM,2023-06-28,2023-06-28 13:04,49600,2022-04-01,2023-03-31,ケミプロ化成株式会社
S100R6JK,2023-06-28,2023-06-28 13:04,46670,2022-04-01,2023-03-31,アイサンテクノロジー株式会社
S100R2JG,2023-06-28,2023-06-28 13:04,24450,2022-04-01,2023-03-31,株式会社タカミヤ
S100R630,2023-06-28,2023-06-28 13:05,31010,2022-04-01,2023-03-31,東洋紡株式会社
S100QVAQ,2023-06-28,2023-06-28 13:06,29330,2022-04-01,2023-03-31,株式会社紀文食品
S100R6ZR,2023-06-28,2023-06-28 13:07,42180,2022-04-01,2023-03-31,ニチバン株式会社
S100R5K4,2023-06-28,2023-06-28 13:07,37080,2022-04-01,2023-03-31,特種東海製紙株式会社
S100R62L,2023-06-28,2023-06-28 13:09,43650,2022-04-01,2023-03-31,松本油脂製薬株式会社
S100R6WL,2023-06-28,2023-06-28 13:09,66220,2022-04-01,2023-03-31,株式会社ダイヘン
S100R4PR,2023-06-28,2023-06-28 13:11,63600,2022-04-01,2023-03-31,株式会社　東京自働機械製作所
S100QXLU,2023-06-28,2023-06-28 13:11,30040,2022-04-01,2023-03-31,神栄株式会社
S100R0RE,2023-06-28,2023-06-28 13:12,18010,2022-04-01,2023-03-31,大成建設株式会社
S100R69V,2023-06-28,2023-06-28 13:12,69410,2022-04-01,2023-03-31,山一電機株式会社
S100QZY2,2023-06-28,2023-06-28 13:13,78870,2022-04-01,2023-03-31,南海プライウッド株式会社
S100R4WO,2023-06-28,2023-06-28 13:13,53860,2022-04-01,2023-03-31,株式会社鶴弥
S100R5N4,2023-06-28,2023-06-28 13:14,18470,2022-04-01,2023-03-31,株式会社イチケン
S100R5MW,2023-06-28,2023-06-28 13:15,79020,2022-04-01,2023-03-31,株式会社ソノコム
S100R4M2,2023-06-28,2023-06-28 13:16,79550,2022-04-01,2023-03-31,クリナップ株式会社
S100R6PE,2023-06-28,2023-06-28 13:16,69730,2022-04-01,2023-03-31,協栄産業株式会社
S100QZ0I,2023-06-28,2023-06-28 13:17,93060,2022-04-01,2023-03-31,東陽倉庫株式会社
S100R6Z0,2023-06-28,2023-06-28 13:17,59810,2022-04-01,2023-03-31,東京製綱株式会社
S100R4KM,2023-06-28,2023-06-28 13:20,74550,2022-04-01,2023-03-31,株式会社パリミキホールディングス
S100R70M,2023-06-28,2023-06-28 13:20,38250,2022-04-01,2023-03-31,株式会社リミックスポイント
S100R6G7,2023-06-28,2023-06-28 13:21,45120,2022-04-01,2023-03-31,わかもと製薬株式会社
S100R6M9,2023-06-28,2023-06-28 13:21,59860,2022-04-01,2023-03-31,モリテックスチール株式会社
S100R63Z,2023-06-28,2023-06-28 13:22,31320,2022-04-01,2023-03-31,マクニカホールディングス株式会社
S100R636,2023-06-28,2023-06-28 13:23,98200,2022-04-01,2023-03-31,エムティジェネックス株式会社
S100R5IB,2023-06-28,2023-06-28 13:24,75510,2022-04-01,2023-03-31,株式会社ウェッズ
S100R1YA,2023-06-28,2023-06-28 13:24,85500,2022-04-01,2023-03-31,株式会社　栃木銀行
S100R6YK,2023-06-28,2023-06-28 13:25,49260,2022-04-01,2023-03-31,株式会社シーボン
S100R64W,2023-06-28,2023-06-28 13:25,69080,2022-04-01,2023-03-31,イリソ電子工業株式会社
S100R62I,2023-06-28,2023-06-28 13:26,42150,2022-04-01,2023-03-31,タキロンシーアイ株式会社
S100R6MG,2023-06-28,2023-06-28 13:29,63150,2022-04-01,2023-03-31,ＴＯＷＡ株式会社
S100R6MR,2023-06-28,2023-06-28 13:29,62080,2022-04-01,2023-03-31,株式会社石川製作所
S100R6LC,2023-06-28,2023-06-28 13:31,43160,2022-04-01,2023-03-31,株式会社ビーマップ
S100R7OB,2023-06-28,2023-06-28 13:33,96640,2022-04-01,2023-03-31,株式会社御園座
S100R5UT,2023-06-28,2023-06-28 13:34,59840,2022-04-01,2023-03-31,兼房株式会社
S100R6OZ,2023-06-28,2023-06-28 13:36,85440,2022-04-01,2023-03-31,株式会社　京葉銀行
S100R4JT,2023-06-28,2023-06-28 13:38,90630,2022-04-01,2023-03-31,岡山県貨物運送株式会社
S100R6LZ,2023-06-28,2023-06-28 13:38,41020,2022-04-01,2023-03-31,丸尾カルシウム株式会社
S100R7Q5,2023-06-28,2023-06-28 13:39,20020,2022-04-01,2023-03-31,株式会社日清製粉グループ本社
S100R6CC,2023-06-28,2023-06-28 13:39,50200,2022-04-01,2023-03-31,ＥＮＥＯＳホールディングス株式会社
S100R7QQ,2023-06-28,2023-06-28 13:40,39370,2022-04-01,2023-03-31,株式会社Ｕｂｉｃｏｍホールディングス
S100R67X,2023-06-28,2023-06-28 13:40,72730,2022-04-01,2023-03-31,株式会社イクヨ
S100R66L,2023-06-28,2023-06-28 13:42,13320,2022-04-01,2023-03-31,株式会社ニッスイ
S100R5U4,2023-06-28,2023-06-28 13:42,35130,2022-04-01,2023-03-31,イチカワ株式会社
S100R1GC,2023-06-28,2023-06-28 13:43,50130,2022-04-01,2023-03-31,ユシロ化学工業株式会社
S100R5K5,2023-06-28,2023-06-28 13:44,18070,2022-04-01,2023-03-31,株式会社佐藤渡辺
S100R6M7,2023-06-28,2023-06-28 13:46,67450,2022-04-01,2023-03-31,ホーチキ株式会社
S100R2UE,2023-06-28,2023-06-28 13:47,68000,2022-04-01,2023-03-31,株式会社ヨコオ
S100R7TB,2023-06-28,2023-06-28 13:48,98500,2022-04-01,2023-03-31,株式会社グルメ杵屋
S100R7QZ,2023-06-28,2023-06-28 13:49,31100,2022-04-01,2023-03-31,日東紡績株式会社
S100R5Q2,2023-06-28,2023-06-28 13:49,54760,2022-04-01,2023-03-31,日本高周波鋼業株式会社
S100R3WW,2023-06-28,2023-06-28 13:49,62860,2022-04-01,2023-03-31,靜甲株式会社
S100R6K3,2023-06-28,2023-06-28 13:50,66780,2022-04-01,2023-03-31,株式会社テクノメディカ
S100R5O8,2023-06-28,2023-06-28 13:51,78740,2022-04-01,2023-03-31,レック株式会社
S100R6XQ,2023-06-28,2023-06-28 13:51,44370,2022-04-01,2023-03-31,ｇｏｏｄｄａｙｓホールディングス株式会社
S100R44X,2023-06-28,2023-06-28 13:53,71050,2022-04-01,2023-03-31,三菱ロジスネクスト株式会社
S100R7KE,2023-06-28,2023-06-28 14:00,31820,2022-04-01,2023-03-31,オイシックス・ラ・大地株式会社
S100R6M2,2023-06-28,2023-06-28 14:00,93240,2022-04-01,2023-03-31,安田倉庫株式会社
S100R5KJ,2023-06-28,2023-06-28 14:00,80860,2022-04-01,2023-03-31,ニプロ株式会社
S100R7UK,2023-06-28,2023-06-28 14:01,41090,2022-04-01,2023-03-31,ステラケミファ株式会社
S100R76K,2023-06-28,2023-06-28 14:03,48880,2022-04-01,2023-03-31,ステラファーマ株式会社
S100R7FJ,2023-06-28,2023-06-28 14:03,29150,2022-04-01,2023-03-31,ケンコーマヨネーズ株式会社
S100R63Q,2023-06-28,2023-06-28 14:03,49140,2022-04-01,2023-03-31,高砂香料工業株式会社
S100R66A,2023-06-28,2023-06-28 14:04,72710,2022-04-01,2023-03-31,株式会社安永
S100QZ5I,2023-06-28,2023-06-28 14:05,91190,2022-04-01,2023-03-31,飯野海運株式会社
S100R7VO,2023-06-28,2023-06-28 14:06,63190,2022-04-01,2023-03-31,株式会社シンニッタン
S100R6LO,2023-06-28,2023-06-28 14:06,56030,2022-04-01,2023-03-31,虹技株式会社
S100R64J,2023-06-28,2023-06-28 14:07,32890,2022-04-01,2023-03-31,東急不動産ホールディングス株式会社
S100R7SO,2023-06-28,2023-06-28 14:11,67720,2022-04-01,2023-03-31,東京コスモス電機株式会社
S100R7QD,2023-06-28,2023-06-28 14:13,67760,2022-04-01,2023-03-31,天昇電気工業株式会社
S100R7XF,2023-06-28,2023-06-28 14:14,80610,2022-04-01,2023-03-31,西華産業株式会社
S100R62U,2023-06-28,2023-06-28 14:15,62920,2022-04-01,2023-03-31,株式会社カワタ
S100R4XC,2023-06-28,2023-06-28 14:18,78830,2022-04-01,2023-03-31,サンメッセ株式会社
S100R6Y5,2023-06-28,2023-06-28 14:18,62450,2022-04-01,2023-03-31,株式会社ヒラノテクシード
S100R61O,2023-06-28,2023-06-28 14:18,62030,2022-04-01,2023-03-31,豊和工業株式会社
S100R4PD,2023-06-28,2023-06-28 14:19,53810,2022-04-01,2023-03-31,Ｍｉｐｏｘ株式会社
S100R7R1,2023-06-28,2023-06-28 14:21,59390,2022-04-01,2023-03-31,株式会社大谷工業
S100R68Z,2023-06-28,2023-06-28 14:23,38340,2022-04-01,2023-03-31,株式会社朝日ネット
S100R71V,2023-06-28,2023-06-28 14:23,30100,2022-04-01,2023-03-31,ポラリス・ホールディングス株式会社
S100R7Y8,2023-06-28,2023-06-28 14:24,81600,2022-04-01,2023-03-31,株式会社　木曽路
S100R6NB,2023-06-28,2023-06-28 14:25,47620,2022-04-01,2023-03-31,株式会社エックスネット
S100R5EL,2023-06-28,2023-06-28 14:27,52840,2022-04-01,2023-03-31,ヤマウホールディングス株式会社
S100R2L5,2023-06-28,2023-06-28 14:30,64720,2022-04-01,2023-03-31,ＮＴＮ株式会社
S100R7Z6,2023-06-28,2023-06-28 14:35,30960,2022-04-01,2023-03-31,株式会社オーシャンシステム
S100R6VA,2023-06-28,2023-06-28 14:37,54800,2022-04-01,2023-03-31,日本冶金工業株式会社
S100R3AF,2023-06-28,2023-06-28 14:37,54810,2022-04-01,2023-03-31,山陽特殊製鋼株式会社
S100R73S,2023-06-28,2023-06-28 14:38,61130,2022-04-01,2023-03-31,株式会社アマダ
S100R471,2023-06-28,2023-06-28 14:40,37730,2022-04-01,2023-03-31,株式会社アドバンスト・メディア
S100R5N1,2023-06-28,2023-06-28 14:40,73450,2022-04-01,2023-03-31,株式会社アイ・パートナーズフィナンシャル
S100R7TL,2023-06-28,2023-06-28 14:41,60880,2022-04-01,2023-03-31,株式会社シグマクシス・ホールディングス
S100R5AR,2023-06-28,2023-06-28 14:46,83430,2022-04-01,2023-03-31,株式会社秋田銀行
S100R5A7,2023-06-28,2023-06-28 14:48,78850,2022-04-01,2023-03-31,タカノ株式会社
S100R3X8,2023-06-28,2023-06-28 14:48,23780,2022-04-01,2023-03-31,株式会社ルネサンス
S100R82G,2023-06-28,2023-06-28 14:55,87690,2022-04-01,2023-03-31,株式会社アドバンテッジリスクマネジメント
S100R80Z,2023-06-28,2023-06-28 14:55,18780,2022-04-01,2023-03-31,大東建託株式会社
S100R71X,2023-06-28,2023-06-28 14:56,77020,2022-04-01,2023-03-31,株式会社ジェイ・エム・エス（称号　株式会社　ＪＭＳ）
S100R6JW,2023-06-28,2023-06-28 14:56,93220,2022-04-01,2023-03-31,川西倉庫株式会社
S100R74M,2023-06-28,2023-06-28 14:59,83770,2022-04-01,2023-03-31,株式会社ほくほくフィナンシャルグループ
S100R5CO,2023-06-28,2023-06-28 15:00,67530,2022-04-01,2023-03-31,シャープ株式会社
S100R4ZF,2023-06-28,2023-06-28 15:00,40400,2022-04-01,2023-03-31,南海化学株式会社
S100R6J1,2023-06-28,2023-06-28 15:00,26070,2022-04-01,2023-03-31,不二製油グループ本社株式会社
S100R6NI,2023-06-28,2023-06-28 15:00,95050,2022-04-01,2023-03-31,北陸電力株式会社
S100R2RT,2023-06-28,2023-06-28 15:00,78590,2022-04-01,2023-03-31,株式会社アルメディオ
S100R829,2023-06-28,2023-06-28 15:00,93480,2022-04-01,2023-03-31,株式会社ｉｓｐａｃｅ
S100R0XP,2023-06-28,2023-06-28 15:00,62300,2022-04-01,2023-03-31,ＳＡＮＥＩ株式会社
S100R5UN,2023-06-28,2023-06-28 15:00,60820,2022-04-01,2023-03-31,株式会社ライドオンエクスプレスホールディングス
S100R5WK,2023-06-28,2023-06-28 15:00,34640,2022-04-01,2023-03-31,プロパティエージェント株式会社
S100R56V,2023-06-28,2023-06-28 15:00,66160,2022-04-01,2023-03-31,トレックス・セミコンダクター株式会社
S100R66Z,2023-06-28,2023-06-28 15:00,61380,2022-04-01,2023-03-31,ダイジェット工業株式会社
S100R59I,2023-06-28,2023-06-28 15:00,70920,2022-04-01,2023-03-31,株式会社Ｆａｓｔ　Ｆｉｔｎｅｓｓ　Ｊａｐａｎ
S100R6QZ,2023-06-28,2023-06-28 15:01,33260,2022-07-01,2023-03-31,株式会社ランシステム
S100R676,2023-06-28,2023-06-28 15:01,70910,2022-04-01,2023-03-31,株式会社リビングプラットフォーム
S100R787,2023-06-28,2023-06-28 15:01,39340,2022-04-01,2023-03-31,株式会社ベネフィットジャパン
S100R78N,2023-06-28,2023-06-28 15:01,42120,2022-04-01,2023-03-31,積水樹脂株式会社
S100QY0D,2023-06-28,2023-06-28 15:01,42720,2022-04-01,2023-03-31,日本化薬株式会社
S100R76U,2023-06-28,2023-06-28 15:01,61930,2022-04-01,2023-03-31,バーチャレクス・ホールディングス株式会社
S100R4BV,2023-06-28,2023-06-28 15:02,82420,2022-04-01,2023-03-31,エイチ・ツー・オー　リテイリング株式会社
S100R6BW,2023-06-28,2023-06-28 15:02,48000,2022-04-01,2023-03-31,オリコン株式会社
S100R57O,2023-06-28,2023-06-28 15:02,39620,2022-04-01,2023-03-31,株式会社チェンジホールディングス
S100R593,2023-06-28,2023-06-28 15:03,60550,2022-04-01,2023-03-31,ジャパンマテリアル株式会社
S100R6WS,2023-06-28,2023-06-28 15:03,34890,2022-04-01,2023-03-31,株式会社フェイスネットワーク
S100R6S0,2023-06-28,2023-06-28 15:04,53880,2022-04-01,2023-03-31,クニミネ工業株式会社
S100R6SH,2023-06-28,2023-06-28 15:04,59700,2022-04-01,2023-03-31,株式会社ジーテクト
S100R6HA,2023-06-28,2023-06-28 15:05,27150,2022-04-01,2023-03-31,エレマテック株式会社
S100R4UG,2023-06-28,2023-06-28 15:07,37720,2022-04-01,2023-03-31,ウェルス・マネジメント株式会社
S100R6IQ,2023-06-28,2023-06-28 15:07,51380,2022-04-01,2023-03-31,株式会社Ｒｅｂａｓｅ
S100R7CL,2023-06-28,2023-06-28 15:09,96160,2022-04-01,2023-03-31,株式会社共立メンテナンス
S100R83Q,2023-06-28,2023-06-28 15:09,82150,2022-04-01,2023-03-31,株式会社銀座山形屋
S100R6KK,2023-06-28,2023-06-28 15:09,50330,2022-04-01,2023-03-31,株式会社ヌーラボ
S100R5PB,2023-06-28,2023-06-28 15:10,99950,2022-04-01,2023-03-31,株式会社グローセル
S100R4RQ,2023-06-28,2023-06-28 15:10,70120,2022-04-01,2023-03-31,川崎重工業株式会社
S100R6CY,2023-06-28,2023-06-28 15:11,72020,2022-04-01,2023-03-31,いすゞ自動車株式会社
S100R1H1,2023-06-28,2023-06-28 15:12,46760,2022-04-01,2023-03-31,株式会社フジ・メディア・ホールディングス
S100R6S5,2023-06-28,2023-06-28 15:12,92290,2022-04-01,2023-03-31,株式会社サンウェルズ
S100R6YN,2023-06-28,2023-06-28 15:13,76160,2022-04-01,2023-03-31,株式会社　コロワイド
S100R306,2023-06-28,2023-06-28 15:13,40780,2022-04-01,2023-03-31,堺化学工業株式会社
S100R84G,2023-06-28,2023-06-28 15:13,77430,2022-04-01,2023-03-31,株式会社シード
S100R5RO,2023-06-28,2023-06-28 15:14,44190,2022-04-01,2023-03-31,株式会社Ｆｉｎａｔｅｘｔホールディングス
S100R6FT,2023-06-28,2023-06-28 15:15,29840,2022-04-01,2023-03-31,ヤマイチ・ユニハイムエステート株式会社
S100R4FV,2023-06-28,2023-06-28 15:15,59110,2022-04-01,2023-03-31,株式会社横河ブリッジホールディングス
S100R5NM,2023-06-28,2023-06-28 15:15,75750,2022-04-01,2023-03-31,日本ライフライン株式会社
S100R84O,2023-06-28,2023-06-28 15:18,89340,2022-04-01,2023-03-31,サンフロンティア不動産株式会社
S100R3N2,2023-06-28,2023-06-28 15:18,73050,2022-04-01,2023-03-31,新家工業株式会社
S100R744,2023-06-28,2023-06-28 15:19,19440,2022-04-01,2023-03-31,株式会社きんでん
S100R75T,2023-06-28,2023-06-28 15:19,42420,2022-04-01,2023-03-31,株式会社タカギセイコー
S100R0UD,2023-06-28,2023-06-28 15:20,91100,2022-04-01,2023-03-31,ＮＳユナイテッド海運株式会社
S100R42K,2023-06-28,2023-06-28 15:21,95060,2022-04-01,2023-03-31,東北電力株式会社
S100R7UJ,2023-06-28,2023-06-28 15:22,44890,2022-04-01,2023-03-31,株式会社ペイロール
S100R6BD,2023-06-28,2023-06-28 15:23,74560,2022-04-01,2023-03-31,松田産業株式会社
S100R6EI,2023-06-28,2023-06-28 15:23,63510,2022-04-01,2023-03-31,株式会社鶴見製作所
S100R53H,2023-06-28,2023-06-28 15:25,63300,2022-04-01,2023-03-31,東洋エンジニアリング株式会社
S100R85J,2023-06-28,2023-06-28 15:25,65490,2022-04-01,2023-03-31,ディーエムソリューションズ株式会社
S100R73M,2023-06-28,2023-06-28 15:27,69320,2022-04-01,2023-03-31,株式会社遠藤照明
S100R5UV,2023-06-28,2023-06-28 15:29,90870,2022-04-01,2023-03-31,タカセ株式会社
S100R861,2023-06-28,2023-06-28 15:29,39700,2022-04-01,2023-03-31,株式会社イノベーション
S100R75Z,2023-06-28,2023-06-28 15:30,13840,2022-04-01,2023-03-31,株式会社　ホクリヨウ
S100R6N0,2023-06-28,2023-06-28 15:30,13750,2022-04-01,2023-03-31,株式会社雪国まいたけ
S100R74U,2023-06-28,2023-06-28 15:30,93360,2022-04-01,2023-03-31,大栄環境株式会社
S100R7XT,2023-06-28,2023-06-28 15:30,96330,2022-04-01,2023-03-31,東京テアトル株式会社
S100R49M,2023-06-28,2023-06-28 15:31,65660,2022-04-01,2023-03-31,株式会社要興業
S100R6PS,2023-06-28,2023-06-28 15:33,73840,2022-04-01,2023-03-31,株式会社プロクレアホールディングス
S100R5UB,2023-06-28,2023-06-28 15:34,87370,2022-04-01,2023-03-31,株式会社あかつき本社
S100R849,2023-06-28,2023-06-28 15:34,65390,2022-04-01,2023-03-31,株式会社ＭＳ－Ｊａｐａｎ
S100R6QM,2023-06-28,2023-06-28 15:37,90730,2022-04-01,2023-03-31,京極運輸商事株式会社
S100R878,2023-06-28,2023-06-28 15:38,52440,2022-04-01,2023-03-31,株式会社ｊｉｇ．ｊｐ
S100R2X3,2023-06-28,2023-06-28 15:39,29370,2022-04-01,2023-03-31,株式会社サンクゼール
S100R635,2023-06-28,2023-06-28 15:40,58020,2022-04-01,2023-03-31,住友電気工業株式会社
S100R5OZ,2023-06-28,2023-06-28 15:40,38390,2022-04-01,2023-03-31,株式会社ＯＤＫソリューションズ
S100R6SX,2023-06-28,2023-06-28 15:44,44920,2022-04-01,2023-03-31,株式会社ゼネテック
S100R6XL,2023-06-28,2023-06-28 15:44,52870,2022-04-01,2023-03-31,株式会社イトーヨーギョー
S100R7EZ,2023-06-28,2023-06-28 15:45,56600,2022-04-01,2023-03-31,神鋼鋼線工業株式会社
S100R6Q6,2023-06-28,2023-06-28 15:46,86160,2022-04-01,2023-03-31,東海東京フィナンシャル・ホールディングス株式会社
S100R6RM,2023-06-28,2023-06-28 15:47,36760,2022-04-01,2023-03-31,株式会社デジタルハーツホールディングス
S100R77P,2023-06-28,2023-06-28 15:47,97060,2022-04-01,2023-03-31,日本空港ビルデング株式会社
S100R88H,2023-06-28,2023-06-28 15:49,33740,2022-04-01,2023-03-31,内外テック株式会社
S100R6WQ,2023-06-28,2023-06-28 15:51,31670,2022-04-01,2023-03-31,株式会社ＴＯＫＡＩホールディングス
S100R88O,2023-06-28,2023-06-28 15:52,65020,2022-04-01,2023-03-31,株式会社　東芝
S100R4LO,2023-06-28,2023-06-28 15:53,86040,2022-04-01,2023-03-31,野村ホールディングス株式会社
S100R7S2,2023-06-28,2023-06-28 15:57,42470,2022-04-01,2023-03-31,ポバール興業株式会社
S100R7QG,2023-06-28,2023-06-28 16:00,72470,2022-04-01,2023-03-31,株式会社ミクニ
S100R7PG,2023-06-28,2023-06-28 16:00,35590,2022-04-01,2023-03-31,株式会社ピーバンドットコム
S100R2SI,2023-06-28,2023-06-28 16:00,83370,2022-04-01,2023-03-31,株式会社千葉興業銀行
S100R7FQ,2023-06-28,2023-06-28 16:00,46860,2022-04-01,2023-03-31,株式会社ジャストシステム
S100R3K7,2023-06-28,2023-06-28 16:01,45020,2022-04-01,2023-03-31,武田薬品工業株式会社
S100R7RM,2023-06-28,2023-06-28 16:02,30420,2022-04-01,2023-03-31,株式会社セキュアヴェイル
S100R88U,2023-06-28,2023-06-28 16:02,60920,2022-04-01,2023-03-31,株式会社エンバイオ・ホールディングス
S100R5FK,2023-06-28,2023-06-28 16:03,63630,2022-04-01,2023-03-31,株式会社酉島製作所
S100QV9I,2023-06-28,2023-06-28 16:04,77320,2022-04-01,2023-03-31,株式会社　トプコン
S100R6RZ,2023-06-28,2023-06-28 16:04,76950,2022-04-01,2023-03-31,株式会社交換できるくん
S100R2LR,2023-06-28,2023-06-28 16:04,60700,2022-04-01,2023-03-31,キャリアリンク株式会社
S100R6O8,2023-06-28,2023-06-28 16:04,66140,2022-04-01,2023-03-31,株式会社シキノハイテック
S100R63I,2023-06-28,2023-06-28 16:05,28920,2022-04-01,2023-03-31,日本食品化工株式会社
S100R8AO,2023-06-28,2023-06-28 16:05,70420,2022-10-01,2023-03-31,株式会社アクセスグループ・ホールディングス
S100R57F,2023-06-28,2023-06-28 16:05,59230,2022-04-01,2023-03-31,高田機工株式会社
S100R670,2023-06-28,2023-06-28 16:10,70030,2022-04-01,2023-03-31,株式会社三井Ｅ＆Ｓ
S100R6M3,2023-06-28,2023-06-28 16:11,51850,2022-04-01,2023-03-31,株式会社フコク
S100R875,2023-06-28,2023-06-28 16:12,23950,2022-04-01,2023-03-31,株式会社新日本科学
S100R8B8,2023-06-28,2023-06-28 16:12,37930,2022-04-01,2023-03-31,株式会社ドリコム
S100R784,2023-06-28,2023-06-28 16:12,63470,2022-04-01,2023-03-31,株式会社プラコー
S100R6WE,2023-06-28,2023-06-28 16:13,31750,2022-04-01,2023-03-31,株式会社エー・ピーホールディングス
S100R6SW,2023-06-28,2023-06-28 16:15,69510,2022-04-01,2023-03-31,日本電子株式会社
S100R88L,2023-06-28,2023-06-28 16:16,67150,2022-04-01,2023-03-31,株式会社ナカヨ
S100R76C,2023-06-28,2023-06-28 16:19,40210,2022-04-01,2023-03-31,日産化学株式会社
S100R33C,2023-06-28,2023-06-28 16:22,65080,2022-04-01,2023-03-31,株式会社明電舎
S100R8CJ,2023-06-28,2023-06-28 16:23,70780,2022-04-01,2023-03-31,ＩＮＣＬＵＳＩＶＥ株式会社
S100R8AW,2023-06-28,2023-06-28 16:23,81010,2022-04-01,2023-03-31,株式会社ＧＳＩクレオス
S100R6DK,2023-06-28,2023-06-28 16:24,67040,2022-04-01,2023-03-31,岩崎通信機株式会社
S100R8CY,2023-06-28,2023-06-28 16:30,70570,2022-04-01,2023-03-31,株式会社エヌ・シー・エヌ
S100R7BM,2023-06-28,2023-06-28 16:30,26940,2022-04-01,2023-03-31,株式会社焼肉坂井ホールディングス
S100R6UJ,2023-06-28,2023-06-28 16:34,17200,2022-04-01,2023-03-31,東急建設株式会社
S100R8BY,2023-06-28,2023-06-28 16:35,99000,2022-04-01,2023-03-31,株式会社サガミホールディングス
S100R8CC,2023-06-28,2023-06-28 16:37,69670,2022-04-01,2023-03-31,新光電気工業株式会社
S100R7M1,2023-06-28,2023-06-28 16:38,61370,2022-04-01,2023-03-31,小池酸素工業株式会社
S100R48Q,2023-06-28,2023-06-28 16:39,99360,2022-04-01,2023-03-31,株式会社王将フードサービス
S100R8BA,2023-06-28,2023-06-28 16:47,36460,2022-04-01,2023-03-31,株式会社駅探
S100R8D0,2023-06-28,2023-06-28 16:47,72840,2022-04-01,2023-03-31,盟和産業株式会社
S100R7UR,2023-06-28,2023-06-28 16:48,43900,2022-04-01,2023-03-31,株式会社アイ・ピー・エス
S100R6R5,2023-06-28,2023-06-28 16:55,24540,2022-04-01,2023-03-31,株式会社オールアバウト
S100R3ZB,2023-06-28,2023-06-28 16:56,52320,2022-04-01,2023-03-31,住友大阪セメント株式会社
S100R6RO,2023-06-28,2023-06-28 17:00,68640,2022-04-01,2023-03-31,株式会社エヌエフホールディングス
S100R4SS,2023-06-28,2023-06-28 17:00,67540,2022-04-01,2023-03-31,アンリツ株式会社
S100R4KZ,2023-06-28,2023-06-28 17:04,23720,2022-04-01,2023-03-31,株式会社アイロムグループ
S100R1V7,2023-06-28,2023-06-28 17:04,21270,2022-04-01,2023-03-31,株式会社日本Ｍ＆Ａセンターホールディングス
S100R8EJ,2023-06-28,2023-06-28 17:07,51940,2022-04-01,2023-03-31,相模ゴム工業株式会社
S100R68C,2023-06-29,2023-06-29 09:00,34370,2022-04-01,2023-03-31,特殊電極株式会社
S100R322,2023-06-29,2023-06-29 09:00,81400,2022-04-01,2023-03-31,株式会社リョーサン
S100R8QI,2023-06-29,2023-06-29 09:00,95040,2022-04-01,2023-03-31,中国電力株式会社
S100R42I,2023-06-29,2023-06-29 09:02,94240,2022-04-01,2023-03-31,日本通信株式会社
S100R7Q8,2023-06-29,2023-06-29 09:03,38770,2022-04-01,2023-03-31,中越パルプ工業株式会社
S100QYL8,2023-06-29,2023-06-29 09:03,27530,2022-04-01,2023-03-31,株式会社　あみやき亭
S100R6E3,2023-06-29,2023-06-29 09:04,18410,2022-04-01,2023-03-31,サンユー建設株式会社
S100R5S4,2023-06-29,2023-06-29 09:05,33060,2022-04-01,2023-03-31,日本製麻株式会社
S100R62H,2023-06-29,2023-06-29 09:07,81730,2022-04-01,2023-03-31,上新電機株式会社
S100R7TC,2023-06-29,2023-06-29 09:07,59760,2022-04-01,2023-03-31,高周波熱錬株式会社
S100R5Y8,2023-06-29,2023-06-29 09:09,43230,2022-04-01,2023-03-31,日本システム技術株式会社
S100R30X,2023-06-29,2023-06-29 09:10,56020,2022-04-01,2023-03-31,株式会社栗本鐵工所
S100R7M9,2023-06-29,2023-06-29 09:10,95070,2022-04-01,2023-03-31,四国電力株式会社
S100R7LA,2023-06-29,2023-06-29 09:11,78970,2022-04-01,2023-03-31,ホクシン株式会社
S100R6S3,2023-06-29,2023-06-29 09:12,22880,2022-04-01,2023-03-31,丸大食品株式会社
S100R88J,2023-06-29,2023-06-29 09:13,63330,2022-04-01,2023-03-31,株式会社帝国電機製作所
S100R8FJ,2023-06-29,2023-06-29 09:15,31330,2022-04-01,2023-03-31,株式会社海帆
S100R625,2023-06-29,2023-06-29 09:15,49750,2022-04-01,2023-03-31,株式会社ＪＣＵ
S100R4Y4,2023-06-29,2023-06-29 09:16,90480,2022-04-01,2023-03-31,名古屋鉄道株式会社
S100QX3A,2023-06-29,2023-06-29 09:16,29240,2022-04-01,2023-03-31,イフジ産業株式会社
S100R77A,2023-06-29,2023-06-29 09:18,79470,2022-04-01,2023-03-31,株式会社エフピコ
S100R86Y,2023-06-29,2023-06-29 09:19,31130,2022-04-01,2023-03-31,Ｏａｋキャピタル株式会社
S100R4XJ,2023-06-29,2023-06-29 09:21,96430,2022-04-01,2023-03-31,中日本興業株式会社
S100R6C0,2023-06-29,2023-06-29 09:22,75960,2022-04-01,2023-03-31,株式会社魚力
S100R67P,2023-06-29,2023-06-29 09:24,30550,2022-04-01,2023-03-31,株式会社ほくやく・竹山ホールディングス
S100R5K6,2023-06-29,2023-06-29 09:24,81530,2022-04-01,2023-03-31,株式会社モスフードサービス
S100R8Z0,2023-06-29,2023-06-29 09:29,24830,2022-04-01,2023-03-31,株式会社翻訳センター
S100R6US,2023-06-29,2023-06-29 09:33,74810,2022-04-01,2023-03-31,尾家産業株式会社
S100R8HS,2023-06-29,2023-06-29 09:34,65690,2022-04-01,2023-03-31,日総工産株式会社
S100R8YH,2023-06-29,2023-06-29 09:34,19640,2022-04-01,2023-03-31,中外炉工業株式会社
S100R1IZ,2023-06-29,2023-06-29 09:34,95090,2022-04-01,2023-03-31,北海道電力株式会社
S100R83W,2023-06-29,2023-06-29 09:34,30340,2022-04-01,2023-03-31,クオールホールディングス株式会社
S100R87E,2023-06-29,2023-06-29 09:35,24130,2022-04-01,2023-03-31,エムスリー株式会社
S100R8B2,2023-06-29,2023-06-29 09:35,62570,2022-04-01,2023-03-31,株式会社藤商事
S100R80W,2023-06-29,2023-06-29 09:37,69990,2022-04-01,2023-03-31,ＫＯＡ株式会社
S100R5XN,2023-06-29,2023-06-29 09:38,59450,2022-04-01,2023-03-31,天龍製鋸株式会社
S100R8XJ,2023-06-29,2023-06-29 09:39,59520,2022-04-01,2023-03-31,アマテイ株式会社
S100R5RM,2023-06-29,2023-06-29 09:43,59090,2022-04-01,2023-03-31,株式会社　コロナ
S100R64B,2023-06-29,2023-06-29 09:43,94050,2022-04-01,2023-03-31,朝日放送グループホールディングス株式会社
S100R56H,2023-06-29,2023-06-29 09:43,34350,2022-04-01,2023-03-31,サンコーテクノ株式会社
S100R8FR,2023-06-29,2023-06-29 09:44,60330,2022-04-01,2023-03-31,株式会社エクストリーム
S100R8G4,2023-06-29,2023-06-29 09:44,43410,2022-04-01,2023-03-31,西菱電機株式会社
S100R8QZ,2023-06-29,2023-06-29 09:46,37410,2022-04-01,2023-03-31,株式会社セック
S100R8P3,2023-06-29,2023-06-29 09:46,95010,2022-04-01,2023-03-31,東京電力ホールディングス株式会社
S100R5XJ,2023-06-29,2023-06-29 09:47,70870,2022-04-01,2023-03-31,株式会社ウイルテック
S100R8ZU,2023-06-29,2023-06-29 09:50,90590,2022-04-01,2023-03-31,カンダホールディングス株式会社
S100R8P0,2023-06-29,2023-06-29 09:50,82070,2022-04-01,2023-03-31,テンアライド株式会社
S100R8G1,2023-06-29,2023-06-29 09:50,68320,2022-04-01,2023-03-31,アオイ電子株式会社
S100R4JX,2023-06-29,2023-06-29 09:54,38370,2022-04-01,2023-03-31,アドソル日進株式会社
S100QVSX,2023-06-29,2023-06-29 09:57,90350,2022-04-01,2023-03-31,第一交通産業株式会社
S100R5AK,2023-06-29,2023-06-29 09:58,57140,2022-04-01,2023-03-31,ＤＯＷＡホールディングス株式会社
S100R4V7,2023-06-29,2023-06-29 10:00,63350,2022-04-01,2023-03-31,株式会社東京機械製作所
S100R8A1,2023-06-29,2023-06-29 10:00,59580,2022-04-01,2023-03-31,三洋工業株式会社
S100R7CT,2023-06-29,2023-06-29 10:00,59750,2022-04-01,2023-03-31,東プレ株式会社
S100R7WW,2023-06-29,2023-06-29 10:01,23740,2022-04-01,2023-03-31,セントケア・ホールディング株式会社
S100R8LH,2023-06-29,2023-06-29 10:01,81170,2022-04-01,2023-03-31,中央自動車工業株式会社
S100R8Y9,2023-06-29,2023-06-29 10:03,62220,2022-04-01,2023-03-31,株式会社島精機製作所
S100R6FV,2023-06-29,2023-06-29 10:03,44960,2022-04-01,2023-03-31,株式会社コマースＯｎｅホールディングス
S100R79F,2023-06-29,2023-06-29 10:03,42400,2022-04-01,2023-03-31,クラスターテクノロジー株式会社
S100R5DC,2023-06-29,2023-06-29 10:03,28760,2022-04-01,2023-03-31,株式会社デルソーレ
S100R5JN,2023-06-29,2023-06-29 10:04,80970,2022-04-01,2023-03-31,三愛オブリ株式会社
S100R7ZC,2023-06-29,2023-06-29 10:05,78930,2022-04-01,2023-03-31,株式会社プロネクサス
S100R812,2023-06-29,2023-06-29 10:06,24640,2022-04-01,2023-03-31,株式会社ビジネス・ブレークスルー
S100R8FK,2023-06-29,2023-06-29 10:07,90120,2022-04-01,2023-03-31,秩父鉄道株式会社
S100R8ZR,2023-06-29,2023-06-29 10:07,81590,2022-04-01,2023-03-31,株式会社立花エレテック
S100R8P1,2023-06-29,2023-06-29 10:10,68490,2022-04-01,2023-03-31,日本光電工業株式会社
S100R78X,2023-06-29,2023-06-29 10:12,80560,2022-04-01,2023-03-31,ＢＩＰＲＯＧＹ株式会社
S100R5MX,2023-06-29,2023-06-29 10:12,45580,2022-04-01,2023-03-31,株式会社中京医薬品
S100R6T8,2023-06-29,2023-06-29 10:12,90520,2022-04-01,2023-03-31,山陽電気鉄道株式会社
S100R8H2,2023-06-29,2023-06-29 10:13,40280,2022-04-01,2023-03-31,石原産業株式会社
S100R7U2,2023-06-29,2023-06-29 10:14,78750,2022-04-01,2023-03-31,竹田ｉＰホールディングス株式会社
S100R79O,2023-06-29,2023-06-29 10:15,83980,2022-04-01,2023-03-31,株式会社筑邦銀行
S100R7WX,2023-06-29,2023-06-29 10:16,29010,2022-04-01,2023-03-31,石垣食品株式会社
S100R8KE,2023-06-29,2023-06-29 10:18,44620,2022-04-01,2023-03-31,石原ケミカル株式会社
S100R6II,2023-06-29,2023-06-29 10:22,17230,2022-04-01,2023-03-31,日本電技株式会社
S100R8DK,2023-06-29,2023-06-29 10:24,27080,2022-04-01,2023-03-31,株式会社久世
S100R78Z,2023-06-29,2023-06-29 10:25,52100,2022-04-01,2023-03-31,日本山村硝子株式会社
S100R73R,2023-06-29,2023-06-29 10:27,39530,2022-04-01,2023-03-31,大村紙業株式会社
S100R930,2023-06-29,2023-06-29 10:27,85180,2022-04-01,2023-03-31,日本アジア投資株式会社
S100R83M,2023-06-29,2023-06-29 10:27,90780,2022-04-01,2023-03-31,株式会社エスライン
S100R4DI,2023-06-29,2023-06-29 10:34,23070,2022-04-01,2023-03-31,株式会社クロスキャット
S100R90W,2023-06-29,2023-06-29 10:36,59740,2022-04-01,2023-03-31,中国工業株式会社
S100R536,2023-06-29,2023-06-29 10:39,18200,2022-04-01,2023-03-31,西松建設株式会社
S100R7A9,2023-06-29,2023-06-29 10:44,40980,2022-04-01,2023-03-31,チタン工業株式会社
S100R3I8,2023-06-29,2023-06-29 10:45,80520,2022-04-01,2023-03-31,椿本興業株式会社
S100R7T9,2023-06-29,2023-06-29 10:45,85420,2022-04-01,2023-03-31,株式会社トマト銀行
S100R6RJ,2023-06-29,2023-06-29 10:46,90990,2022-04-01,2023-03-31,株式会社Ｃ＆Ｆロジホールディングス
S100R4Y7,2023-06-29,2023-06-29 10:47,77490,2022-04-01,2023-03-31,メディキット株式会社
S100R8GG,2023-06-29,2023-06-29 10:48,83030,2022-04-01,2023-03-31,株式会社ＳＢＩ新生銀行
S100R94J,2023-06-29,2023-06-29 10:51,74260,2022-04-01,2023-03-31,株式会社　山大
S100R0IK,2023-06-29,2023-06-29 10:52,31830,2022-04-01,2023-03-31,ウイン・パートナーズ株式会社
S100R876,2023-06-29,2023-06-29 10:53,77260,2022-04-01,2023-03-31,黒田精工株式会社
S100R2GR,2023-06-29,2023-06-29 10:54,18120,2022-04-01,2023-03-31,鹿島建設株式会社
S100R8DP,2023-06-29,2023-06-29 10:55,54450,2022-04-01,2023-03-31,東京鐵鋼株式会社
S100R78F,2023-06-29,2023-06-29 10:56,72460,2022-04-01,2023-03-31,プレス工業株式会社
S100R81Y,2023-06-29,2023-06-29 10:59,71840,2022-04-01,2023-03-31,株式会社　富山第一銀行
S100R7PK,2023-06-29,2023-06-29 11:00,88930,2022-04-01,2023-03-31,株式会社新日本建物
S100R5HK,2023-06-29,2023-06-29 11:00,69070,2022-04-01,2023-03-31,ジオマテック株式会社
S100R74K,2023-06-29,2023-06-29 11:01,42880,2022-04-01,2023-03-31,株式会社アズジェント
S100R46W,2023-06-29,2023-06-29 11:02,93070,2022-04-01,2023-03-31,株式会社杉村倉庫
S100R919,2023-06-29,2023-06-29 11:05,19590,2022-04-01,2023-03-31,株式会社九電工
S100R7SI,2023-06-29,2023-06-29 11:06,17770,2022-04-01,2023-03-31,川崎設備工業株式会社
S100R54G,2023-06-29,2023-06-29 11:07,46280,2022-04-01,2023-03-31,エスケー化研株式会社
S100R8TQ,2023-06-29,2023-06-29 11:07,59530,2022-04-01,2023-03-31,昭和鉄工株式会社
S100R96D,2023-06-29,2023-06-29 11:08,99800,2022-04-01,2023-03-31,ＭＲＫホールディングス株式会社
S100R3Z2,2023-06-29,2023-06-29 11:10,56580,2022-04-01,2023-03-31,日亜鋼業株式会社
S100R5RE,2023-06-29,2023-06-29 11:12,59050,2022-04-01,2023-03-31,日本製罐株式会社
S100R7R7,2023-06-29,2023-06-29 11:12,81380,2022-04-01,2023-03-31,三京化成株式会社
S100R2P7,2023-06-29,2023-06-29 11:13,66440,2022-04-01,2023-03-31,大崎電気工業株式会社
S100R0PU,2023-06-29,2023-06-29 11:15,60220,2022-04-01,2023-03-31,株式会社　赤阪鐵工所
S100R8O4,2023-06-29,2023-06-29 11:15,21080,2022-04-01,2023-03-31,日本甜菜製糖株式会社
S100R45X,2023-06-29,2023-06-29 11:20,59910,2022-04-01,2023-03-31,日本発條株式会社
S100R87L,2023-06-29,2023-06-29 11:21,95310,2022-04-01,2023-03-31,東京瓦斯株式会社
S100R2MW,2023-06-29,2023-06-29 11:23,79900,2022-04-01,2023-03-31,グローブライド株式会社
S100R97J,2023-06-29,2023-06-29 11:24,31500,2022-04-01,2023-03-31,株式会社グリムス
S100R6L6,2023-06-29,2023-06-29 11:24,80390,2022-04-01,2023-03-31,築地魚市場株式会社
S100R7XZ,2023-06-29,2023-06-29 11:28,90170,2022-04-01,2023-03-31,新潟交通株式会社
S100R6G3,2023-06-29,2023-06-29 11:29,88360,2022-04-01,2023-03-31,株式会社ＲＩＳＥ
S100R8TB,2023-06-29,2023-06-29 11:30,77950,2022-04-01,2023-03-31,株式会社ＫＹＯＲＩＴＳＵ
S100R11Q,2023-06-29,2023-06-29 11:32,64160,2022-04-01,2023-03-31,桂川電機株式会社
S100R49G,2023-06-29,2023-06-29 11:32,70940,2022-04-01,2023-03-31,株式会社ＮｅｘＴｏｎｅ
S100R6BQ,2023-06-29,2023-06-29 11:33,65650,2022-04-01,2023-03-31,ＡＢホテル株式会社
S100R7B4,2023-06-29,2023-06-29 11:33,61210,2022-04-01,2023-03-31,株式会社ＴＡＫＩＳＡＷＡ
S100QW5G,2023-06-29,2023-06-29 11:34,79370,2022-04-01,2023-03-31,株式会社ツツミ
S100R98U,2023-06-29,2023-06-29 11:34,33220,2022-04-01,2023-03-31,アルファグループ株式会社
S100R789,2023-06-29,2023-06-29 11:35,88410,2022-04-01,2023-03-31,株式会社テーオーシー
S100R8BQ,2023-06-29,2023-06-29 11:35,42240,2022-04-01,2023-03-31,ロンシール工業株式会社
S100R4ZN,2023-06-29,2023-06-29 11:36,49740,2022-04-01,2023-03-31,タカラバイオ株式会社
S100R06J,2023-06-29,2023-06-29 11:36,93800,2022-04-01,2023-03-31,東海運株式会社
S100R24Q,2023-06-29,2023-06-29 11:36,90270,2022-04-01,2023-03-31,株式会社ロジネットジャパン
S100R5CW,2023-06-29,2023-06-29 11:37,86170,2022-04-01,2023-03-31,光世証券株式会社
S100R98R,2023-06-29,2023-06-29 11:38,99060,2022-04-01,2023-03-31,藤井産業株式会社
S100R763,2023-06-29,2023-06-29 11:38,26120,2022-04-01,2023-03-31,かどや製油株式会社
S100R97W,2023-06-29,2023-06-29 11:38,64630,2022-04-01,2023-03-31,ＴＰＲ株式会社
S100R86D,2023-06-29,2023-06-29 11:39,31070,2022-04-01,2023-03-31,ダイワボウホールディングス株式会社
S100R4MH,2023-06-29,2023-06-29 11:39,71330,2022-04-01,2023-03-31,ＨＹＵＧＡ　ＰＲＩＭＡＲＹ　ＣＡＲＥ株式会社
S100R5WF,2023-06-29,2023-06-29 11:41,82810,2022-04-01,2023-03-31,ゼビオホールディングス株式会社
S100R5LE,2023-06-29,2023-06-29 11:42,41000,2022-04-01,2023-03-31,戸田工業株式会社
S100R79D,2023-06-29,2023-06-29 11:42,60180,2022-04-01,2023-03-31,阪神内燃機工業株式会社
S100R8Y6,2023-06-29,2023-06-29 11:44,47710,2022-04-01,2023-03-31,株式会社エフアンドエム
S100R4FA,2023-06-29,2023-06-29 11:45,26760,2022-04-01,2023-03-31,高千穂交易株式会社
S100R7HX,2023-06-29,2023-06-29 11:46,40440,2022-04-01,2023-03-31,セントラル硝子株式会社
S100R8JC,2023-06-29,2023-06-29 11:46,82260,2022-04-01,2023-03-31,株式会社　理経
S100R82X,2023-06-29,2023-06-29 11:47,63310,2022-04-01,2023-03-31,三菱化工機株式会社
S100R5LB,2023-06-29,2023-06-29 11:47,97670,2022-04-01,2023-03-31,日建工学株式会社
S100R7TX,2023-06-29,2023-06-29 11:49,54910,2022-04-01,2023-03-31,日本金属株式会社
S100R8AG,2023-06-29,2023-06-29 11:50,83870,2022-04-01,2023-03-31,株式会社四国銀行
S100R8JZ,2023-06-29,2023-06-29 11:51,67630,2022-04-01,2023-03-31,帝国通信工業株式会社
S100R3LO,2023-06-29,2023-06-29 11:52,90810,2022-04-01,2023-03-31,神奈川中央交通株式会社
S100R9AG,2023-06-29,2023-06-29 11:54,61450,2022-04-01,2023-03-31,ＮＩＴＴＯＫＵ株式会社
S100R69Z,2023-06-29,2023-06-29 11:55,19720,2022-04-01,2023-03-31,三晃金属工業株式会社
S100R8MF,2023-06-29,2023-06-29 11:56,19250,2022-04-01,2023-03-31,大和ハウス工業株式会社
S100R7D4,2023-06-29,2023-06-29 11:57,19800,2022-04-01,2023-03-31,ダイダン株式会社
S100R7IM,2023-06-29,2023-06-29 11:57,19460,2022-04-01,2023-03-31,株式会社トーエネック
S100R90U,2023-06-29,2023-06-29 11:58,85400,2022-04-01,2023-03-31,株式会社福岡中央銀行
S100R7AV,2023-06-29,2023-06-29 12:00,95080,2022-04-01,2023-03-31,九州電力株式会社
S100R3XW,2023-06-29,2023-06-29 12:01,75700,2022-04-01,2023-03-31,橋本総業ホールディングス株式会社
S100R5C9,2023-06-29,2023-06-29 12:03,98570,2022-04-01,2023-03-31,英和株式会社
S100R5E2,2023-06-29,2023-06-29 12:03,61470,2022-04-01,2023-03-31,株式会社ヤマザキ
S100R4SI,2023-06-29,2023-06-29 12:03,95030,2022-04-01,2023-03-31,関西電力株式会社
S100R825,2023-06-29,2023-06-29 12:04,78170,2022-04-01,2023-03-31,パラマウントベッドホールディングス株式会社
S100R8NA,2023-06-29,2023-06-29 12:04,97660,2022-04-01,2023-03-31,コナミグループ株式会社
S100R40S,2023-06-29,2023-06-29 12:04,74130,2022-04-01,2023-03-31,株式会社創健社
S100R8PG,2023-06-29,2023-06-29 12:07,66660,2022-04-01,2023-03-31,リバーエレテック株式会社
S100R8J3,2023-06-29,2023-06-29 12:07,64790,2022-04-01,2023-03-31,ミネベアミツミ株式会社
S100R9BB,2023-06-29,2023-06-29 12:10,87720,2022-04-01,2023-03-31,株式会社アサックス
S100R952,2023-06-29,2023-06-29 12:12,64390,2022-04-01,2023-03-31,中日本鋳工株式会社
S100R97P,2023-06-29,2023-06-29 12:13,72870,2022-04-01,2023-03-31,日本精機株式会社
S100R4VI,2023-06-29,2023-06-29 12:14,42370,2022-04-01,2023-03-31,フジプレアム株式会社
S100R48P,2023-06-29,2023-06-29 12:24,91150,2022-04-01,2023-03-31,明治海運株式会社
S100R1Z3,2023-06-29,2023-06-29 12:30,52120,2022-04-01,2023-03-31,不二硝子株式会社
S100R62W,2023-06-29,2023-06-29 12:37,80710,2022-04-01,2023-03-31,東海エレクトロニクス株式会社
S100R8M9,2023-06-29,2023-06-29 12:38,43870,2022-04-01,2023-03-31,株式会社ＺＵＵ
S100R4EZ,2023-06-29,2023-06-29 12:40,60230,2022-04-01,2023-03-31,ダイハツディーゼル株式会社
S100R6H3,2023-06-29,2023-06-29 12:42,68360,2022-04-01,2023-03-31,ぷらっとホーム株式会社
S100R82H,2023-06-29,2023-06-29 12:42,77620,2022-04-01,2023-03-31,シチズン時計株式会社
S100R80U,2023-06-29,2023-06-29 12:46,80890,2022-04-01,2023-03-31,ナイス株式会社
S100R7D1,2023-06-29,2023-06-29 12:46,24250,2022-04-01,2023-03-31,株式会社ケアサービス
S100R6DJ,2023-06-29,2023-06-29 12:52,74600,2022-04-01,2023-03-31,株式会社ヤギ
S100R4Y0,2023-06-29,2023-06-29 12:53,29070,2022-04-01,2023-03-31,株式会社あじかん
S100R5GE,2023-06-29,2023-06-29 12:54,97800,2022-04-01,2023-03-31,株式会社ハリマビステム
S100R8MD,2023-06-29,2023-06-29 12:56,81390,2022-04-01,2023-03-31,株式会社ナガホリ
S100R9C9,2023-06-29,2023-06-29 12:58,22690,2022-04-01,2023-03-31,明治ホールディングス株式会社
S100R6S7,2023-06-29,2023-06-29 12:59,31090,2022-04-01,2023-03-31,シキボウ株式会社
S100R8MA,2023-06-29,2023-06-29 13:00,71380,2022-04-01,2023-03-31,株式会社ＴＯＲＩＣＯ
S100R8AJ,2023-06-29,2023-06-29 13:00,65740,2022-04-01,2023-03-31,株式会社コンヴァノ
S100R85Q,2023-06-29,2023-06-29 13:00,81470,2022-04-01,2023-03-31,株式会社トミタ
S100R2LN,2023-06-29,2023-06-29 13:00,18350,2022-04-01,2023-03-31,東鉄工業株式会社
S100R0HV,2023-06-29,2023-06-29 13:00,59470,2022-04-01,2023-03-31,リンナイ株式会社
S100R389,2023-06-29,2023-06-29 13:01,61460,2022-04-01,2023-03-31,株式会社ディスコ
S100R8MR,2023-06-29,2023-06-29 13:01,21120,2022-04-01,2023-03-31,塩水港精糖株式会社
S100R98H,2023-06-29,2023-06-29 13:01,40410,2022-04-01,2023-03-31,日本曹達株式会社
S100R8UZ,2023-06-29,2023-06-29 13:02,81230,2022-04-01,2023-03-31,川辺株式会社
S100R798,2023-06-29,2023-06-29 13:02,72910,2022-04-01,2023-03-31,日本プラスト株式会社
S100R98T,2023-06-29,2023-06-29 13:02,45480,2022-04-01,2023-03-31,生化学工業株式会社
S100R5IG,2023-06-29,2023-06-29 13:03,59620,2022-04-01,2023-03-31,浅香工業株式会社
S100R8RC,2023-06-29,2023-06-29 13:04,45240,2022-04-01,2023-03-31,森下仁丹株式会社
S100R7D0,2023-06-29,2023-06-29 13:04,93010,2022-04-01,2023-03-31,三菱倉庫株式会社
S100R1F5,2023-06-29,2023-06-29 13:05,79420,2022-04-01,2023-03-31,株式会社ジェイエスピー
S100R8P9,2023-06-29,2023-06-29 13:05,90510,2022-04-01,2023-03-31,センコン物流株式会社
S100R5UP,2023-06-29,2023-06-29 13:05,41190,2022-04-01,2023-03-31,日本ピグメント株式会社
S100R7ZI,2023-06-29,2023-06-29 13:05,35980,2022-04-01,2023-03-31,山喜株式会社
S100R88M,2023-06-29,2023-06-29 13:06,59560,2022-04-01,2023-03-31,トーソー株式会社
S100R8HP,2023-06-29,2023-06-29 13:06,50090,2022-04-01,2023-03-31,富士興産株式会社
S100R7VY,2023-06-29,2023-06-29 13:06,78770,2022-04-01,2023-03-31,永大化工株式会社
S100R8IN,2023-06-29,2023-06-29 13:06,39790,2022-04-01,2023-03-31,株式会社うるる
S100R83K,2023-06-29,2023-06-29 13:08,62470,2022-04-01,2023-03-31,株式会社日阪製作所
S100R746,2023-06-29,2023-06-29 13:08,19260,2022-04-01,2023-03-31,ライト工業株式会社
S100R8A9,2023-06-29,2023-06-29 13:09,67710,2022-04-01,2023-03-31,池上通信機株式会社
S100R5Z9,2023-06-29,2023-06-29 13:09,97910,2022-04-01,2023-03-31,株式会社ビケンテクノ
S100R8CV,2023-06-29,2023-06-29 13:09,31110,2022-04-01,2023-03-31,オーミケンシ株式会社
S100R6IM,2023-06-29,2023-06-29 13:10,69470,2022-04-01,2023-03-31,株式会社図研
S100R7O7,2023-06-29,2023-06-29 13:12,90760,2022-04-01,2023-03-31,セイノーホールディングス株式会社
S100R8LA,2023-06-29,2023-06-29 13:12,94750,2022-04-01,2023-03-31,株式会社昭文社ホールディングス
S100QZAK,2023-06-29,2023-06-29 13:12,25310,2022-04-01,2023-03-31,宝ホールディングス株式会社
S100R6G0,2023-06-29,2023-06-29 13:13,53040,2022-04-01,2023-03-31,ＳＥＣカーボン株式会社
S100R8ZH,2023-06-29,2023-06-29 13:13,46110,2022-04-01,2023-03-31,大日本塗料株式会社
S100R6VF,2023-06-29,2023-06-29 13:14,33150,2022-04-01,2023-03-31,日本コークス工業株式会社
S100R734,2023-06-29,2023-06-29 13:15,42050,2022-04-01,2023-03-31,日本ゼオン株式会社
S100R7C8,2023-06-29,2023-06-29 13:16,83950,2022-04-01,2023-03-31,株式会社佐賀銀行
S100R980,2023-06-29,2023-06-29 13:19,93120,2022-04-01,2023-03-31,ケイヒン株式会社
S100R8Q5,2023-06-29,2023-06-29 13:20,85590,2022-04-01,2023-03-31,株式会社豊和銀行
S100R22E,2023-06-29,2023-06-29 13:21,65860,2022-04-01,2023-03-31,株式会社マキタ
S100R68D,2023-06-29,2023-06-29 13:23,53520,2022-04-01,2023-03-31,黒崎播磨株式会社
S100R87R,2023-06-29,2023-06-29 13:23,15140,2022-04-01,2023-03-31,住石ホールディングス株式会社
S100R4NK,2023-06-29,2023-06-29 13:24,69890,2022-04-01,2023-03-31,北陸電気工業株式会社
S100R8DE,2023-06-29,2023-06-29 13:25,79810,2022-04-01,2023-03-31,タカラスタンダード株式会社
S100R74D,2023-06-29,2023-06-29 13:25,31060,2022-04-01,2023-03-31,倉敷紡績株式会社
S100R9DF,2023-06-29,2023-06-29 13:25,65260,2022-04-01,2023-03-31,株式会社ソシオネクスト
S100R87T,2023-06-29,2023-06-29 13:25,98310,2022-04-01,2023-03-31,株式会社ヤマダホールディングス
S100R9E4,2023-06-29,2023-06-29 13:26,90680,2022-04-01,2023-03-31,丸全昭和運輸株式会社
S100R8OS,2023-06-29,2023-06-29 13:28,80430,2022-04-01,2023-03-31,スターゼン株式会社
S100R8OV,2023-06-29,2023-06-29 13:29,93100,2022-04-01,2023-03-31,日本トランスシティ株式会社
S100R3JD,2023-06-29,2023-06-29 13:29,61860,2022-04-01,2023-03-31,株式会社一蔵
S100R7KN,2023-06-29,2023-06-29 13:30,98180,2022-04-01,2023-03-31,大丸エナウィン株式会社
S100R83V,2023-06-29,2023-06-29 13:30,44060,2022-04-01,2023-03-31,新日本理化株式会社
S100R8MW,2023-06-29,2023-06-29 13:31,18820,2022-04-01,2023-03-31,東亜道路工業株式会社
S100R7MI,2023-06-29,2023-06-29 13:31,39540,2022-04-01,2023-03-31,昭和パックス株式会社
S100R6BY,2023-06-29,2023-06-29 13:31,31230,2022-04-01,2023-03-31,サイボー株式会社
S100QZP5,2023-06-29,2023-06-29 13:32,19420,2022-04-01,2023-03-31,株式会社関電工
S100R3GR,2023-06-29,2023-06-29 13:33,93590,2022-04-01,2023-03-31,伊勢湾海運株式会社
S100R82V,2023-06-29,2023-06-29 13:33,18280,2022-04-01,2023-03-31,田辺工業株式会社
S100R6QX,2023-06-29,2023-06-29 13:34,46240,2022-04-01,2023-03-31,イサム塗料株式会社
S100R8IC,2023-06-29,2023-06-29 13:35,18150,2022-04-01,2023-03-31,鉄建建設株式会社
S100R5RW,2023-06-29,2023-06-29 13:36,79140,2022-04-01,2023-03-31,共同印刷株式会社
S100R39F,2023-06-29,2023-06-29 13:37,90090,2022-04-01,2023-03-31,京成電鉄株式会社
S100R858,2023-06-29,2023-06-29 13:37,39450,2022-04-01,2023-03-31,スーパーバッグ株式会社
S100R865,2023-06-29,2023-06-29 13:37,19630,2022-04-01,2023-03-31,日揮ホールディングス株式会社
S100R9FR,2023-06-29,2023-06-29 13:37,81290,2022-04-01,2023-03-31,東邦ホールディングス株式会社
S100R5F7,2023-06-29,2023-06-29 13:38,73740,2022-04-01,2023-03-31,株式会社コンフィデンス
S100R650,2023-06-29,2023-06-29 13:38,66470,2022-04-01,2023-03-31,森尾電機株式会社
S100R8OX,2023-06-29,2023-06-29 13:38,97760,2022-04-01,2023-03-31,札幌臨床検査センター株式会社
S100R8US,2023-06-29,2023-06-29 13:38,53420,2022-04-01,2023-03-31,ジャニス工業株式会社
S100R8SU,2023-06-29,2023-06-29 13:38,18610,2022-04-01,2023-03-31,株式会社　熊谷組
S100R5TI,2023-06-29,2023-06-29 13:38,39510,2022-04-01,2023-03-31,朝日印刷株式会社
S100R9GF,2023-06-29,2023-06-29 13:39,52880,2022-04-01,2023-03-31,アジアパイルホールディングス株式会社
S100R7K1,2023-06-29,2023-06-29 13:40,88350,2022-04-01,2023-03-31,太平洋興発株式会社
S100R6U9,2023-06-29,2023-06-29 13:40,59280,2022-04-01,2023-03-31,アルメタックス株式会社
S100R7EF,2023-06-29,2023-06-29 13:41,79530,2022-04-01,2023-03-31,菊水化学工業株式会社
S100R8JH,2023-06-29,2023-06-29 13:42,84210,2022-04-01,2023-03-31,信金中央金庫
S100R7BJ,2023-06-29,2023-06-29 13:43,80500,2022-04-01,2023-03-31,セイコーグループ株式会社
S100R8HK,2023-06-29,2023-06-29 13:43,98100,2022-04-01,2023-03-31,日鉄物産株式会社
S100R7DR,2023-06-29,2023-06-29 13:43,82080,2022-04-01,2023-03-31,株式会社エンチョー
S100QZM5,2023-06-29,2023-06-29 13:46,83410,2022-04-01,2023-03-31,株式会社七十七銀行
S100R56F,2023-06-29,2023-06-29 13:48,68240,2022-04-01,2023-03-31,新コスモス電機株式会社
S100R5O1,2023-06-29,2023-06-29 13:49,95330,2022-04-01,2023-03-31,東邦瓦斯株式会社
S100R9FO,2023-06-29,2023-06-29 13:50,66480,2022-04-01,2023-03-31,株式会社かわでん
S100R7J0,2023-06-29,2023-06-29 13:51,63920,2022-04-01,2023-03-31,株式会社　ヤマダコーポレーション
S100R4YQ,2023-06-29,2023-06-29 13:51,65030,2022-04-01,2023-03-31,三菱電機株式会社
S100R7OO,2023-06-29,2023-06-29 13:51,45340,2022-04-01,2023-03-31,持田製薬株式会社
S100R73K,2023-06-29,2023-06-29 13:52,53930,2022-04-01,2023-03-31,ニチアス株式会社
S100R7E9,2023-06-29,2023-06-29 13:52,70110,2022-04-01,2023-03-31,三菱重工業株式会社
S100R8IH,2023-06-29,2023-06-29 13:52,45590,2022-04-01,2023-03-31,ゼリア新薬工業株式会社
S100R8E4,2023-06-29,2023-06-29 13:53,45270,2022-04-01,2023-03-31,ロート製薬株式会社
S100R60E,2023-06-29,2023-06-29 13:54,19050,2022-04-01,2023-03-31,株式会社テノックス
S100R7QT,2023-06-29,2023-06-29 13:55,68040,2022-04-01,2023-03-31,ホシデン株式会社
S100R3Y5,2023-06-29,2023-06-29 13:55,51420,2022-04-01,2023-03-31,アキレス株式会社
S100R9FJ,2023-06-29,2023-06-29 13:55,29110,2022-04-01,2023-03-31,旭松食品株式会社
S100R6DG,2023-06-29,2023-06-29 13:56,45380,2022-04-01,2023-03-31,扶桑薬品工業株式会社
S100R43I,2023-06-29,2023-06-29 13:56,75640,2022-04-01,2023-03-31,株式会社ワークマン
S100R7OG,2023-06-29,2023-06-29 13:56,60420,2022-04-01,2023-03-31,株式会社ニッキ
S100R0Q9,2023-06-29,2023-06-29 13:57,97010,2022-04-01,2023-03-31,株式会社東京會舘
S100R81C,2023-06-29,2023-06-29 13:59,75930,2022-04-01,2023-03-31,ＶＴホールディングス株式会社
S100R8LO,2023-06-29,2023-06-29 14:00,20010,2022-04-01,2023-03-31,株式会社ニップン
S100QZ52,2023-06-29,2023-06-29 14:00,94090,2022-04-01,2023-03-31,株式会社テレビ朝日ホールディングス
S100R87F,2023-06-29,2023-06-29 14:00,38610,2022-04-01,2023-03-31,王子ホールディングス株式会社
S100R34Q,2023-06-29,2023-06-29 14:00,35120,2022-04-01,2023-03-31,日本フエルト株式会社
S100R8D5,2023-06-29,2023-06-29 14:00,76940,2022-04-01,2023-03-31,株式会社いつも
S100R4IO,2023-06-29,2023-06-29 14:00,57150,2022-04-01,2023-03-31,古河機械金属株式会社
S100R9DH,2023-06-29,2023-06-29 14:00,51920,2022-04-01,2023-03-31,三ツ星ベルト株式会社
S100R7EN,2023-06-29,2023-06-29 14:01,90820,2022-04-01,2023-03-31,大和自動車交通株式会社
S100R7AX,2023-06-29,2023-06-29 14:01,67430,2022-04-01,2023-03-31,大同信号株式会社
S100R745,2023-06-29,2023-06-29 14:01,59400,2022-04-01,2023-03-31,不二サッシ株式会社
S100R8MG,2023-06-29,2023-06-29 14:01,19480,2022-04-01,2023-03-31,株式会社弘電社
S100R7X9,2023-06-29,2023-06-29 14:02,91710,2022-04-01,2023-03-31,栗林商船株式会社
S100R8L3,2023-06-29,2023-06-29 14:02,18220,2022-04-01,2023-03-31,大豊建設株式会社
S100R7YU,2023-06-29,2023-06-29 14:04,31030,2022-04-01,2023-03-31,ユニチカ株式会社
S100R9HJ,2023-06-29,2023-06-29 14:05,53630,2022-04-01,2023-03-31,東京窯業株式会社
S100R7YN,2023-06-29,2023-06-29 14:06,92270,2022-04-01,2023-03-31,マイクロ波化学株式会社
S100R5J3,2023-06-29,2023-06-29 14:08,30110,2022-04-01,2023-03-31,株式会社バナーズ
S100R2Y2,2023-06-29,2023-06-29 14:08,69230,2022-04-01,2023-03-31,スタンレー電気株式会社
S100R7RI,2023-06-29,2023-06-29 14:09,91930,2022-04-01,2023-03-31,東京汽船株式会社
S100R8QX,2023-06-29,2023-06-29 14:09,52370,2022-04-01,2023-03-31,株式会社ノザワ
S100R7RW,2023-06-29,2023-06-29 14:10,51210,2022-04-01,2023-03-31,藤倉コンポジット株式会社
S100R1NP,2023-06-29,2023-06-29 14:10,47200,2022-04-01,2023-03-31,株式会社城南進学研究社
S100R8UA,2023-06-29,2023-06-29 14:11,41180,2022-04-01,2023-03-31,株式会社カネカ
S100R7G2,2023-06-29,2023-06-29 14:11,99300,2022-04-01,2023-03-31,北沢産業株式会社
S100QN80,2023-06-29,2023-06-29 14:12,69690,2022-04-01,2023-03-31,松尾電機株式会社
S100R96U,2023-06-29,2023-06-29 14:12,57070,2022-04-01,2023-03-31,東邦亜鉛株式会社
S100R4LB,2023-06-29,2023-06-29 14:12,44090,2022-04-01,2023-03-31,東邦化学工業株式会社
S100R9JI,2023-06-29,2023-06-29 14:14,51220,2022-04-01,2023-03-31,オカモト株式会社
S100R8WK,2023-06-29,2023-06-29 14:15,94230,2022-04-01,2023-03-31,株式会社フォーバル・リアルストレート
S100R8FN,2023-06-29,2023-06-29 14:15,22010,2022-04-01,2023-03-31,森永製菓株式会社
S100R8MP,2023-06-29,2023-06-29 14:16,46250,2022-04-01,2023-03-31,アトミクス株式会社
S100R9IM,2023-06-29,2023-06-29 14:16,98490,2022-04-01,2023-03-31,株式会社共同紙販ホールディングス
S100R9BU,2023-06-29,2023-06-29 14:17,32020,2022-04-01,2023-03-31,ダイトウボウ株式会社
S100R8UQ,2023-06-29,2023-06-29 14:17,38630,2022-04-01,2023-03-31,日本製紙株式会社
S100R5WZ,2023-06-29,2023-06-29 14:18,24330,2022-04-01,2023-03-31,株式会社博報堂ＤＹホールディングス
S100R9JT,2023-06-29,2023-06-29 14:19,19210,2022-04-01,2023-03-31,株式会社　巴コーポレーション
S100R9DS,2023-06-29,2023-06-29 14:20,75100,2022-04-01,2023-03-31,株式会社たけびし
S100R8C8,2023-06-29,2023-06-29 14:20,46610,2022-04-01,2023-03-31,株式会社オリエンタルランド
S100R9JE,2023-06-29,2023-06-29 14:21,80850,2022-04-01,2023-03-31,ナラサキ産業株式会社
S100R7AA,2023-06-29,2023-06-29 14:22,46940,2022-04-01,2023-03-31,株式会社ビー・エム・エル
S100R8W0,2023-06-29,2023-06-29 14:23,90070,2022-04-01,2023-03-31,小田急電鉄株式会社
S100R6T6,2023-06-29,2023-06-29 14:24,20550,2022-04-01,2023-03-31,日和産業株式会社
S100R5GH,2023-06-29,2023-06-29 14:24,63620,2022-04-01,2023-03-31,株式会社石井鐵工所
S100R8AR,2023-06-29,2023-06-29 14:25,77010,2022-04-01,2023-03-31,株式会社　島津製作所
S100R7HR,2023-06-29,2023-06-29 14:25,64120,2022-04-01,2023-03-31,株式会社平和
S100R8PV,2023-06-29,2023-06-29 14:25,61550,2022-04-01,2023-03-31,高松機械工業株式会社
S100R6N2,2023-06-29,2023-06-29 14:26,46810,2022-04-01,2023-03-31,リゾートトラスト株式会社
S100R78A,2023-06-29,2023-06-29 14:26,94070,2022-04-01,2023-03-31,株式会社ＲＫＢ毎日ホールディングス
S100R8GX,2023-06-29,2023-06-29 14:26,66430,2022-04-01,2023-03-31,株式会社戸上電機製作所
S100R9KM,2023-06-29,2023-06-29 14:27,81180,2022-04-01,2023-03-31,株式会社　キング
S100R7H4,2023-06-29,2023-06-29 14:28,38490,2022-04-01,2023-03-31,日本テクノ・ラボ株式会社
S100R8WC,2023-06-29,2023-06-29 14:29,96750,2022-04-01,2023-03-31,常磐興産株式会社
S100R817,2023-06-29,2023-06-29 14:31,36000,2022-04-01,2023-03-31,株式会社フジックス
S100R8XS,2023-06-29,2023-06-29 14:32,66180,2022-04-01,2023-03-31,株式会社大泉製作所
S100R2MY,2023-06-29,2023-06-29 14:32,98520,2022-04-01,2023-03-31,ＣＢグループマネジメント株式会社
S100R96I,2023-06-29,2023-06-29 14:34,69960,2022-04-01,2023-03-31,ニチコン株式会社
S100R9JP,2023-06-29,2023-06-29 14:35,23230,2022-04-01,2023-03-31,株式会社ｆｏｎｆｕｎ
S100R9IQ,2023-06-29,2023-06-29 14:36,64030,2022-04-01,2023-03-31,水道機工株式会社
S100R9LL,2023-06-29,2023-06-29 14:36,47920,2022-04-01,2023-03-31,山田コンサルティンググループ株式会社
S100R95S,2023-06-29,2023-06-29 14:38,76370,2022-04-01,2023-03-31,白銅株式会社
S100R8X8,2023-06-29,2023-06-29 14:38,18700,2022-04-01,2023-03-31,矢作建設工業株式会社
S100R9KQ,2023-06-29,2023-06-29 14:40,65500,2022-04-01,2023-03-31,Ｕｎｉｐｏｓ株式会社
S100QYWU,2023-06-29,2023-06-29 14:41,28050,2022-04-01,2023-03-31,ヱスビー食品株式会社
S100R7UL,2023-06-29,2023-06-29 14:44,88020,2022-04-01,2023-03-31,三菱地所株式会社
S100R9NC,2023-06-29,2023-06-29 14:46,36920,2022-04-01,2023-03-31,株式会社ＦＦＲＩセキュリティ
S100R95B,2023-06-29,2023-06-29 14:47,96100,2022-04-01,2023-03-31,ウィルソン・ラーニング　ワールドワイド株式会社
S100R9CA,2023-06-29,2023-06-29 14:48,52820,2022-04-01,2023-03-31,ジオスター株式会社
S100R8LQ,2023-06-29,2023-06-29 14:48,35290,2022-04-01,2023-03-31,アツギ株式会社
S100R7BX,2023-06-29,2023-06-29 14:48,18030,2022-04-01,2023-03-31,清水建設株式会社
S100R8TK,2023-06-29,2023-06-29 14:49,79230,2022-04-01,2023-03-31,トーイン株式会社
S100R68K,2023-06-29,2023-06-29 14:49,66230,2022-04-01,2023-03-31,愛知電機株式会社
S100R3XE,2023-06-29,2023-06-29 14:50,40220,2022-04-01,2023-03-31,ラサ工業株式会社
S100R9D9,2023-06-29,2023-06-29 14:51,67270,2022-04-01,2023-03-31,株式会社ワコム
S100R9LQ,2023-06-29,2023-06-29 14:51,19680,2022-04-01,2023-03-31,太平電業株式会社
S100R8X7,2023-06-29,2023-06-29 14:52,67550,2022-04-01,2023-03-31,株式会社富士通ゼネラル
S100R4OM,2023-06-29,2023-06-29 14:52,45210,2022-04-01,2023-03-31,科研製薬株式会社
S100R9L0,2023-06-29,2023-06-29 14:52,79990,2022-04-01,2023-03-31,ＭＵＴＯＨホールディングス株式会社
S100R8XU,2023-06-29,2023-06-29 14:54,63370,2022-04-01,2023-03-31,株式会社テセック
S100QW3L,2023-06-29,2023-06-29 14:56,19790,2022-04-01,2023-03-31,株式会社大気社
S100QZIS,2023-06-29,2023-06-29 14:56,18330,2022-04-01,2023-03-31,株式会社奥村組
S100R7S6,2023-06-29,2023-06-29 14:56,95130,2022-04-01,2023-03-31,電源開発株式会社
S100R5HN,2023-06-29,2023-06-29 14:58,90740,2022-04-01,2023-03-31,日本石油輸送株式会社
S100R88W,2023-06-29,2023-06-29 14:58,79850,2022-04-01,2023-03-31,ネポン株式会社
S100R7I3,2023-06-29,2023-06-29 14:59,90080,2022-04-01,2023-03-31,京王電鉄株式会社
S100R7W8,2023-06-29,2023-06-29 15:00,35420,2022-04-01,2023-03-31,株式会社ベガコーポレーション
S100R8WL,2023-06-29,2023-06-29 15:00,50280,2022-04-01,2023-03-31,セカンドサイトアナリティカ株式会社
S100R8B5,2023-06-29,2023-06-29 15:00,88480,2022-04-01,2023-03-31,株式会社レオパレス２１
S100R7QV,2023-06-29,2023-06-29 15:00,62400,2022-04-01,2023-03-31,ヤマシンフィルタ株式会社
S100R9M0,2023-06-29,2023-06-29 15:00,55760,2022-04-01,2023-03-31,株式会社オービーシステム
S100R97B,2023-06-29,2023-06-29 15:00,35610,2022-04-01,2023-03-31,株式会社力の源ホールディングス
S100R86N,2023-06-29,2023-06-29 15:00,71190,2022-04-01,2023-03-31,株式会社ハルメクホールディングス
S100R7DM,2023-06-29,2023-06-29 15:00,42000,2022-04-01,2023-03-31,株式会社ＨＣＳホールディングス
S100R8EX,2023-06-29,2023-06-29 15:00,84180,2022-04-01,2023-03-31,株式会社山口フィナンシャルグループ
S100R68W,2023-06-29,2023-06-29 15:00,74670,2022-04-01,2023-03-31,萩原電気ホールディングス株式会社
S100R89S,2023-06-29,2023-06-29 15:00,65640,2022-04-01,2023-03-31,株式会社ミダックホールディングス
S100R7WJ,2023-06-29,2023-06-29 15:00,67860,2022-04-01,2023-03-31,株式会社ＲＶＨ
S100R7PO,2023-06-29,2023-06-29 15:00,32930,2022-04-01,2023-03-31,アズマハウス株式会社
S100R7QY,2023-06-29,2023-06-29 15:00,40640,2022-04-01,2023-03-31,日本カーバイド工業株式会社
S100R7CY,2023-06-29,2023-06-29 15:00,69250,2022-04-01,2023-03-31,ウシオ電機株式会社
S100R8EN,2023-06-29,2023-06-29 15:00,71220,2022-04-01,2023-03-31,近畿車輛株式会社
S100R2NM,2023-06-29,2023-06-29 15:00,82140,2022-04-01,2023-03-31,株式会社ＡＯＫＩホールディングス
S100R9B8,2023-06-29,2023-06-29 15:00,71990,2022-04-01,2023-03-31,プレミアグループ株式会社
S100R1TC,2023-06-29,2023-06-29 15:00,79120,2022-04-01,2023-03-31,大日本印刷株式会社
S100QZNL,2023-06-29,2023-06-29 15:00,57530,2022-04-01,2023-03-31,日本伸銅株式会社
S100R7R9,2023-06-29,2023-06-29 15:00,72970,2022-04-01,2023-03-31,株式会社カーメイト
S100R4TU,2023-06-29,2023-06-29 15:01,77910,2022-04-01,2023-03-31,ドリームベッド株式会社
S100R6LN,2023-06-29,2023-06-29 15:01,19810,2022-04-01,2023-03-31,株式会社協和日成
S100R755,2023-06-29,2023-06-29 15:01,57590,2022-04-01,2023-03-31,日本電解株式会社
S100R92G,2023-06-29,2023-06-29 15:01,64850,2022-04-01,2023-03-31,前澤給装工業株式会社
S100R7Y5,2023-06-29,2023-06-29 15:01,48370,2022-04-01,2023-03-31,シダックス株式会社
S100R855,2023-06-29,2023-06-29 15:01,19040,2022-04-01,2023-03-31,大成温調株式会社
S100R7KA,2023-06-29,2023-06-29 15:01,41930,2022-04-01,2023-03-31,株式会社ファブリカコミュニケーションズ
S100R2LS,2023-06-29,2023-06-29 15:01,17760,2022-04-01,2023-03-31,三井住建道路株式会社
S100R071,2023-06-29,2023-06-29 15:01,77310,2022-04-01,2023-03-31,株式会社ニコン
S100R934,2023-06-29,2023-06-29 15:01,72940,2022-04-01,2023-03-31,株式会社ヨロズ
S100R7UU,2023-06-29,2023-06-29 15:01,90050,2022-04-01,2023-03-31,東急株式会社
S100R6RG,2023-06-29,2023-06-29 15:02,45400,2022-04-01,2023-03-31,株式会社ツムラ
S100R915,2023-06-29,2023-06-29 15:02,66740,2022-04-01,2023-03-31,株式会社　ジーエス・ユアサ　コーポレーション
S100R8VV,2023-06-29,2023-06-29 15:03,63580,2022-04-01,2023-03-31,酒井重工業株式会社
S100R6KE,2023-06-29,2023-06-29 15:03,83580,2022-04-01,2023-03-31,スルガ銀行株式会社
S100R64D,2023-06-29,2023-06-29 15:03,28310,2022-04-01,2023-03-31,はごろもフーズ株式会社
S100R773,2023-06-29,2023-06-29 15:03,69810,2022-04-01,2023-03-31,株式会社村田製作所
S100R84J,2023-06-29,2023-06-29 15:03,18920,2022-04-01,2023-03-31,徳倉建設株式会社
S100R80T,2023-06-29,2023-06-29 15:04,45810,2022-04-01,2023-03-31,大正製薬ホールディングス株式会社
S100R73A,2023-06-29,2023-06-29 15:05,69600,2022-04-01,2023-03-31,フクダ電子株式会社
S100R5UA,2023-06-29,2023-06-29 15:05,66200,2022-04-01,2023-03-31,宮越ホールディングス株式会社
S100R8TN,2023-06-29,2023-06-29 15:05,93530,2022-04-01,2023-03-31,櫻島埠頭株式会社
S100R9OQ,2023-06-29,2023-06-29 15:06,42750,2022-04-01,2023-03-31,カーリットホールディングス株式会社
S100R8ED,2023-06-29,2023-06-29 15:06,72350,2022-04-01,2023-03-31,東京ラヂエーター製造株式会社
S100R9PU,2023-06-29,2023-06-29 15:06,85410,2022-04-01,2023-03-31,株式会社　愛媛銀行
S100R88X,2023-06-29,2023-06-29 15:06,69970,2022-04-01,2023-03-31,日本ケミコン株式会社
S100R98F,2023-06-29,2023-06-29 15:07,44230,2022-04-01,2023-03-31,アルテリア・ネットワークス株式会社
S100R8NC,2023-06-29,2023-06-29 15:08,86010,2022-04-01,2023-03-31,株式会社大和証券グループ本社
S100R6ZQ,2023-06-29,2023-06-29 15:08,37530,2022-04-01,2023-03-31,株式会社フライトホールディングス
S100R8GL,2023-06-29,2023-06-29 15:08,38800,2022-04-01,2023-03-31,大王製紙株式会社
S100R780,2023-06-29,2023-06-29 15:08,87470,2022-04-01,2023-03-31,豊トラスティ証券株式会社
S100R3X2,2023-06-29,2023-06-29 15:08,65170,2022-04-01,2023-03-31,デンヨー株式会社
S100R9GG,2023-06-29,2023-06-29 15:09,58210,2022-04-01,2023-03-31,平河ヒューテック株式会社
S100R08B,2023-06-29,2023-06-29 15:09,94020,2022-04-01,2023-03-31,中部日本放送株式会社
S100R7U3,2023-06-29,2023-06-29 15:10,72170,2022-04-01,2023-03-31,株式会社テイン
S100R9PT,2023-06-29,2023-06-29 15:10,23400,2022-04-01,2023-03-31,株式会社　極楽湯ホールディングス
S100R725,2023-06-29,2023-06-29 15:10,69520,2022-04-01,2023-03-31,カシオ計算機株式会社
S100R32B,2023-06-29,2023-06-29 15:10,17210,2022-04-01,2023-03-31,コムシスホールディングス株式会社
S100R8JA,2023-06-29,2023-06-29 15:11,64360,2022-04-01,2023-03-31,アマノ株式会社
S100R8K6,2023-06-29,2023-06-29 15:12,29810,2022-04-01,2023-03-31,株式会社ランディックス
S100R3IQ,2023-06-29,2023-06-29 15:13,90700,2022-04-01,2023-03-31,トナミホールディングス株式会社
S100R4M3,2023-06-29,2023-06-29 15:13,48900,2022-04-01,2023-03-31,株式会社坪田ラボ
S100R8TX,2023-06-29,2023-06-29 15:14,62730,2022-04-01,2023-03-31,ＳＭＣ株式会社
S100R6KO,2023-06-29,2023-06-29 15:14,25400,2022-04-01,2023-03-31,養命酒製造株式会社
S100R81I,2023-06-29,2023-06-29 15:14,81190,2022-04-01,2023-03-31,株式会社三栄コーポレーション
S100R8LB,2023-06-29,2023-06-29 15:15,61440,2022-04-01,2023-03-31,西部電機株式会社
S100R7IY,2023-06-29,2023-06-29 15:16,90060,2022-04-01,2023-03-31,京浜急行電鉄株式会社
S100R8O2,2023-06-29,2023-06-29 15:16,41160,2022-04-01,2023-03-31,大日精化工業株式会社
S100R9S8,2023-06-29,2023-06-29 15:17,69860,2022-04-01,2023-03-31,双葉電子工業株式会社
S100R63C,2023-06-29,2023-06-29 15:17,40470,2022-04-01,2023-03-31,関東電化工業株式会社
S100R7JT,2023-06-29,2023-06-29 15:17,53510,2022-04-01,2023-03-31,品川リフラクトリーズ株式会社
S100R8Z2,2023-06-29,2023-06-29 15:18,99970,2022-04-01,2023-03-31,株式会社ベルーナ
S100R8Y1,2023-06-29,2023-06-29 15:19,89990,2022-04-01,2023-03-31,グランディハウス株式会社
S100R82J,2023-06-29,2023-06-29 15:20,38640,2022-04-01,2023-03-31,三菱製紙株式会社
S100R8YZ,2023-06-29,2023-06-29 15:22,62290,2022-04-01,2023-03-31,株式会社オーケーエム
S100R8WY,2023-06-29,2023-06-29 15:22,73670,2022-04-01,2023-03-31,株式会社セルム
S100R1O4,2023-06-29,2023-06-29 15:24,31840,2022-04-01,2023-03-31,ＩＣＤＡホールディングス株式会社
S100R9GM,2023-06-29,2023-06-29 15:24,93040,2022-04-01,2023-03-31,澁澤倉庫株式会社
S100R9KA,2023-06-29,2023-06-29 15:24,18790,2022-04-01,2023-03-31,新日本建設株式会社
S100R9T0,2023-06-29,2023-06-29 15:24,70580,2022-04-01,2023-03-31,共栄セキュリティーサービス株式会社
S100QXFG,2023-06-29,2023-06-29 15:25,17360,2022-04-01,2023-03-31,株式会社　オーテック
S100R9PK,2023-06-29,2023-06-29 15:26,76350,2022-04-01,2023-03-31,杉田エース株式会社
S100R986,2023-06-29,2023-06-29 15:26,31210,2022-04-01,2023-03-31,マーチャント・バンカーズ株式会社
S100R9SJ,2023-06-29,2023-06-29 15:27,95020,2022-04-01,2023-03-31,中部電力株式会社
S100R8P6,2023-06-29,2023-06-29 15:27,79160,2022-04-01,2023-03-31,光村印刷株式会社
S100R8RE,2023-06-29,2023-06-29 15:29,15150,2022-04-01,2023-03-31,日鉄鉱業株式会社
S100R5ME,2023-06-29,2023-06-29 15:29,42080,2022-04-01,2023-03-31,ＵＢＥ株式会社
S100R9LW,2023-06-29,2023-06-29 15:29,44640,2022-04-01,2023-03-31,株式会社ソフト９９コーポレーション
S100R8HJ,2023-06-29,2023-06-29 15:29,47810,2022-04-01,2023-03-31,日本ハウズイング株式会社
S100R6TK,2023-06-29,2023-06-29 15:30,18210,2022-04-01,2023-03-31,三井住友建設株式会社
S100R95J,2023-06-29,2023-06-29 15:30,87710,2022-04-01,2023-03-31,イー・ギャランティ株式会社
S100R8R6,2023-06-29,2023-06-29 15:30,17700,2022-04-01,2023-03-31,藤田エンジニアリング株式会社
S100R4BG,2023-06-29,2023-06-29 15:30,69980,2022-04-01,2023-03-31,日本タングステン株式会社
S100R9JZ,2023-06-29,2023-06-29 15:31,52580,2022-04-01,2023-03-31,株式会社トランザクション・メディア・ネットワークス
S100R3W7,2023-06-29,2023-06-29 15:31,49660,2022-04-01,2023-03-31,上村工業株式会社
S100R9QH,2023-06-29,2023-06-29 15:32,23930,2022-04-01,2023-03-31,株式会社日本ケアサプライ
S100R7FO,2023-06-29,2023-06-29 15:32,71620,2022-04-01,2023-03-31,アストマックス株式会社
S100R9B6,2023-06-29,2023-06-29 15:33,59890,2022-04-01,2023-03-31,株式会社エイチワン
S100R3AW,2023-06-29,2023-06-29 15:34,72450,2022-04-01,2023-03-31,大同メタル工業株式会社
S100R8FD,2023-06-29,2023-06-29 15:35,61250,2022-04-01,2023-03-31,株式会社岡本工作機械製作所
S100R8AX,2023-06-29,2023-06-29 15:36,63680,2022-04-01,2023-03-31,オルガノ株式会社
S100R7AE,2023-06-29,2023-06-29 15:36,19750,2022-04-01,2023-03-31,株式会社朝日工業社
S100R8L6,2023-06-29,2023-06-29 15:37,62260,2022-04-01,2023-03-31,守谷輸送機工業株式会社
S100R9UF,2023-06-29,2023-06-29 15:37,89380,2022-04-01,2023-03-31,グローム・ホールディングス株式会社
S100R63T,2023-06-29,2023-06-29 15:38,82820,2022-04-01,2023-03-31,株式会社ケーズホールディングス
S100R60S,2023-06-29,2023-06-29 15:39,69040,2022-04-01,2023-03-31,原田工業株式会社
S100R653,2023-06-29,2023-06-29 15:40,59220,2022-04-01,2023-03-31,那須電機鉄工株式会社
S100R9UT,2023-06-29,2023-06-29 15:40,60450,2022-04-01,2023-03-31,株式会社レントラックス
S100R83Z,2023-06-29,2023-06-29 15:41,63700,2022-04-01,2023-03-31,栗田工業株式会社
S100R72Z,2023-06-29,2023-06-29 15:42,93570,2022-04-01,2023-03-31,名港海運株式会社
S100R95O,2023-06-29,2023-06-29 15:42,18020,2022-04-01,2023-03-31,株式会社大林組
S100R9QM,2023-06-29,2023-06-29 15:42,66170,2022-04-01,2023-03-31,株式会社東光高岳
S100R7FZ,2023-06-29,2023-06-29 15:43,97330,2022-04-01,2023-03-31,株式会社ナガセ
S100R83D,2023-06-29,2023-06-29 15:44,79110,2022-04-01,2023-03-31,凸版印刷株式会社
S100R9UN,2023-06-29,2023-06-29 15:45,88500,2022-04-01,2023-03-31,スターツコーポレーション株式会社
S100R8K7,2023-06-29,2023-06-29 15:45,17340,2022-04-01,2023-03-31,株式会社北弘電社
S100R0DE,2023-06-29,2023-06-29 15:46,62980,2022-04-01,2023-03-31,ワイエイシイホールディングス株式会社
S100R6TJ,2023-06-29,2023-06-29 15:46,22080,2022-04-01,2023-03-31,株式会社ブルボン
S100R8VM,2023-06-29,2023-06-29 15:47,92740,2022-04-01,2023-03-31,ＫＰＰグループホールディングス株式会社
S100R8EQ,2023-06-29,2023-06-29 15:49,92540,2022-04-01,2023-03-31,株式会社ラバブルマーケティンググループ
S100R5LP,2023-06-29,2023-06-29 15:49,83880,2022-04-01,2023-03-31,株式会社阿波銀行
S100R8O0,2023-06-29,2023-06-29 15:50,18850,2022-04-01,2023-03-31,東亜建設工業株式会社
S100R8MV,2023-06-29,2023-06-29 15:50,94010,2022-04-01,2023-03-31,株式会社ＴＢＳホールディングス
S100R9UV,2023-06-29,2023-06-29 15:52,65130,2022-04-01,2023-03-31,株式会社オリジン
S100R51W,2023-06-29,2023-06-29 15:52,61310,2022-04-01,2023-03-31,浜井産業株式会社
S100R7MX,2023-06-29,2023-06-29 15:53,70210,2022-04-01,2023-03-31,株式会社ニッチツ
S100R9VL,2023-06-29,2023-06-29 15:55,91580,2022-04-01,2023-03-31,株式会社シーユーシー
S100R8ZF,2023-06-29,2023-06-29 15:58,83540,2022-04-01,2023-03-31,株式会社ふくおかフィナンシャルグループ
S100R80K,2023-06-29,2023-06-29 15:59,49770,2022-04-01,2023-03-31,新田ゼラチン株式会社
S100R77C,2023-06-29,2023-06-29 16:00,92210,2022-04-01,2023-03-31,フルハシＥＰＯ株式会社
S100R6MA,2023-06-29,2023-06-29 16:00,66290,2022-04-01,2023-03-31,テクノホライゾン株式会社
S100R3A2,2023-06-29,2023-06-29 16:00,92230,2022-04-01,2023-03-31,株式会社ＡＳＮＯＶＡ
S100R7GR,2023-06-29,2023-06-29 16:01,46510,2022-04-01,2023-03-31,株式会社サニックス
S100R9NG,2023-06-29,2023-06-29 16:01,60960,2022-04-01,2023-03-31,株式会社レアジョブ
S100R9TL,2023-06-29,2023-06-29 16:01,69120,2022-04-01,2023-03-31,菊水ホールディングス株式会社
S100R7II,2023-06-29,2023-06-29 16:02,93600,2022-04-01,2023-03-31,鈴与シンワート株式会社
S100R5IS,2023-06-29,2023-06-29 16:04,35040,2022-04-01,2023-03-31,株式会社丸八ホールディングス
S100R9WS,2023-06-29,2023-06-29 16:05,43470,2022-04-01,2023-03-31,ブロードメディア株式会社
S100R8IF,2023-06-29,2023-06-29 16:05,60740,2022-04-01,2023-03-31,株式会社ジェイエスエス
S100R8IA,2023-06-29,2023-06-29 16:06,34310,2022-04-01,2023-03-31,宮地エンジニアリンググループ株式会社
S100R75K,2023-06-29,2023-06-29 16:06,79180,2022-04-01,2023-03-31,株式会社ヴィア・ホールディングス
S100R8S4,2023-06-29,2023-06-29 16:06,17190,2022-04-01,2023-03-31,株式会社安藤・間
S100R9X7,2023-06-29,2023-06-29 16:08,86990,2022-04-01,2023-03-31,ＨＳホールディングス株式会社
S100R8KO,2023-06-29,2023-06-29 16:08,98670,2022-04-01,2023-03-31,ソレキア株式会社
S100R9VP,2023-06-29,2023-06-29 16:08,46910,2022-04-01,2023-03-31,ワシントンホテル株式会社
S100R7CF,2023-06-29,2023-06-29 16:09,33970,2022-04-01,2023-03-31,株式会社トリドールホールディングス
S100R5E5,2023-06-29,2023-06-29 16:10,42590,2022-04-01,2023-03-31,株式会社エクサウィザーズ
S100R2ZK,2023-06-29,2023-06-29 16:10,57060,2022-04-01,2023-03-31,三井金属鉱業株式会社
S100R9Q0,2023-06-29,2023-06-29 16:10,65070,2022-04-01,2023-03-31,シンフォニアテクノロジー株式会社
S100R7VU,2023-06-29,2023-06-29 16:13,36610,2022-04-01,2023-03-31,株式会社エムアップホールディングス
S100R5QK,2023-06-29,2023-06-29 16:13,63670,2022-04-01,2023-03-31,ダイキン工業株式会社
S100R9RO,2023-06-29,2023-06-29 16:15,69930,2022-04-01,2023-03-31,大黒屋ホールディングス株式会社
S100R6C4,2023-06-29,2023-06-29 16:16,28010,2022-04-01,2023-03-31,キッコーマン株式会社
S100R8EY,2023-06-29,2023-06-29 16:17,96870,2022-04-01,2023-03-31,株式会社ＫＳＫ
S100R8S9,2023-06-29,2023-06-29 16:21,75590,2022-04-01,2023-03-31,ジーエフシー株式会社
S100R9YU,2023-06-29,2023-06-29 16:21,40950,2022-04-01,2023-03-31,日本パーカライジング株式会社
S100R9WR,2023-06-29,2023-06-29 16:22,71920,2022-04-01,2023-03-31,日本モーゲージサービス株式会社
S100QW8G,2023-06-29,2023-06-29 16:25,93030,2022-04-01,2023-03-31,株式会社住友倉庫
S100R8K4,2023-06-29,2023-06-29 16:25,97690,2022-04-01,2023-03-31,株式会社学究社
S100R9YA,2023-06-29,2023-06-29 16:26,64330,2022-04-01,2023-03-31,ヒーハイスト株式会社
S100R9PL,2023-06-29,2023-06-29 16:27,71020,2022-04-01,2023-03-31,日本車輌製造株式会社
S100R9ZC,2023-06-29,2023-06-29 16:27,18080,2022-04-01,2023-03-31,株式会社　長谷工コーポレーション
S100R7IK,2023-06-29,2023-06-29 16:28,19450,2022-04-01,2023-03-31,株式会社東京エネシス
S100R5L9,2023-06-29,2023-06-29 16:30,75780,2022-04-01,2023-03-31,株式会社ニチリョク
S100R9SS,2023-06-29,2023-06-29 16:33,88010,2022-04-01,2023-03-31,三井不動産株式会社
S100R6JJ,2023-06-29,2023-06-29 16:33,63650,2022-04-01,2023-03-31,株式会社電業社機械製作所
S100R7QN,2023-06-29,2023-06-29 16:33,88710,2022-04-01,2023-03-31,株式会社ゴールドクレスト
S100R9RR,2023-06-29,2023-06-29 16:34,33600,2022-04-01,2023-03-31,シップヘルスケアホールディングス株式会社
S100R3DU,2023-06-29,2023-06-29 16:36,80460,2022-04-01,2023-03-31,丸藤シートパイル株式会社
S100R8UE,2023-06-29,2023-06-29 16:42,90310,2022-04-01,2023-03-31,西日本鉄道株式会社
S100RA0K,2023-06-29,2023-06-29 16:44,62180,2022-04-01,2023-03-31,エンシュウ株式会社
S100R8YL,2023-06-29,2023-06-29 16:45,68190,2022-04-01,2023-03-31,伊豆シャボテンリゾート株式会社
S100R8PK,2023-06-29,2023-06-29 16:45,40690,2022-04-01,2023-03-31,株式会社ＢｌｕｅＭｅｍｅ
S100R6PJ,2023-06-29,2023-06-29 16:46,38650,2022-04-01,2023-03-31,北越コーポレーション株式会社
S100R9MH,2023-06-29,2023-06-29 16:50,99270,2022-04-01,2023-03-31,株式会社ワットマン
S100R8M7,2023-06-29,2023-06-29 16:54,25850,2022-04-01,2023-03-31,株式会社ライフドリンク　カンパニー
S100R9VC,2023-06-29,2023-06-29 16:56,64280,2022-04-01,2023-03-31,株式会社オーイズミ
S100R9O6,2023-06-29,2023-06-29 16:56,85110,2022-04-01,2023-03-31,日本証券金融株式会社
S100R6R3,2023-06-29,2023-06-29 17:00,73150,2022-04-01,2023-03-31,株式会社ＩＪＴＴ
S100RA09,2023-06-29,2023-06-29 17:02,88690,2022-04-01,2023-03-31,明和地所株式会社
S100R9BO,2023-06-29,2023-06-29 17:13,52620,2022-04-01,2023-03-31,日本ヒューム株式会社
S100R7YK,2023-06-30,2023-06-30 09:00,27630,2022-04-01,2023-03-31,株式会社エフティグループ
S100R9IC,2023-06-30,2023-06-30 09:00,52080,2022-04-01,2023-03-31,株式会社有沢製作所
S100R2JY,2023-06-30,2023-06-30 09:00,75670,2022-04-01,2023-03-31,株式会社栄電子
S100R9KF,2023-06-30,2023-06-30 09:00,31560,2022-04-01,2023-03-31,株式会社レスターホールディングス
S100R2L9,2023-06-30,2023-06-30 09:01,31510,2022-04-01,2023-03-31,株式会社バイタルケーエスケー・ホールディングス
S100R5KC,2023-06-30,2023-06-30 09:01,63800,2022-04-01,2023-03-31,オリエンタルチエン工業株式会社
S100R5LK,2023-06-30,2023-06-30 09:01,85960,2022-04-01,2023-03-31,株式会社九州リースサービス
S100QZMZ,2023-06-30,2023-06-30 09:01,30690,2022-04-01,2023-03-31,株式会社　ＪＦＬＡホールディングス
S100R7VN,2023-06-30,2023-06-30 09:01,17870,2022-04-01,2023-03-31,株式会社ナカボーテック
S100R9AW,2023-06-30,2023-06-30 09:01,59730,2022-04-01,2023-03-31,株式会社トーアミ
S100R9EZ,2023-06-30,2023-06-30 09:02,90600,2022-04-01,2023-03-31,日本ロジテム株式会社
S100R6DW,2023-06-30,2023-06-30 09:02,61950,2022-04-01,2023-03-31,株式会社ホープ
S100R5WY,2023-06-30,2023-06-30 09:02,83700,2022-04-01,2023-03-31,株式会社紀陽銀行
S100R79M,2023-06-30,2023-06-30 09:03,18100,2022-04-01,2023-03-31,松井建設株式会社
S100R61M,2023-06-30,2023-06-30 09:03,92060,2022-04-01,2023-03-31,株式会社スターフライヤー
S100R9DM,2023-06-30,2023-06-30 09:04,99290,2022-04-01,2023-03-31,平和紙業株式会社
S100R5I0,2023-06-30,2023-06-30 09:05,34430,2022-04-01,2023-03-31,川田テクノロジーズ株式会社
S100QZEJ,2023-06-30,2023-06-30 09:05,77090,2022-04-01,2023-03-31,クボテック株式会社
S100R5PN,2023-06-30,2023-06-30 09:07,22240,2022-04-01,2023-03-31,株式会社コモ
S100R77Q,2023-06-30,2023-06-30 09:07,18880,2022-04-01,2023-03-31,若築建設株式会社
S100R9DI,2023-06-30,2023-06-30 09:07,20030,2022-04-01,2023-03-31,日東富士製粉株式会社
S100R9TK,2023-06-30,2023-06-30 09:07,67180,2022-04-01,2023-03-31,アイホン株式会社
S100RA0C,2023-06-30,2023-06-30 09:08,19300,2022-04-01,2023-03-31,北陸電気工事株式会社
S100R9PS,2023-06-30,2023-06-30 09:08,87420,2022-04-01,2023-03-31,株式会社小林洋行
S100R0ZU,2023-06-30,2023-06-30 09:08,40080,2022-04-01,2023-03-31,住友精化株式会社
S100R4R5,2023-06-30,2023-06-30 09:10,46840,2022-04-01,2023-03-31,株式会社オービック
S100RAB9,2023-06-30,2023-06-30 09:10,60160,2022-04-01,2023-03-31,株式会社ジャパンエンジンコーポレーション
S100R7EG,2023-06-30,2023-06-30 09:10,46210,2022-04-01,2023-03-31,ロックペイント株式会社
S100R9Q2,2023-06-30,2023-06-30 09:10,31850,2022-04-01,2023-03-31,夢展望株式会社
S100R7WT,2023-06-30,2023-06-30 09:11,75080,2022-04-01,2023-03-31,株式会社Ｇ‐７ホールディングス
S100R7O5,2023-06-30,2023-06-30 09:11,68810,2022-04-01,2023-03-31,株式会社キョウデン
S100R5KB,2023-06-30,2023-06-30 09:11,28160,2022-04-01,2023-03-31,株式会社ダイショー
S100R4YO,2023-06-30,2023-06-30 09:11,35770,2022-04-01,2023-03-31,東海染工株式会社
S100R8LV,2023-06-30,2023-06-30 09:12,72080,2022-04-01,2023-03-31,株式会社カネミツ
S100R5T4,2023-06-30,2023-06-30 09:12,61340,2022-04-01,2023-03-31,株式会社ＦＵＪＩ
S100R65G,2023-06-30,2023-06-30 09:12,62720,2022-04-01,2023-03-31,レオン自動機株式会社
S100RA21,2023-06-30,2023-06-30 09:13,66510,2022-04-01,2023-03-31,日東工業株式会社
S100R758,2023-06-30,2023-06-30 09:13,40940,2022-04-01,2023-03-31,日本化学産業株式会社
S100R9RY,2023-06-30,2023-06-30 09:14,45700,2022-04-01,2023-03-31,株式会社免疫生物研究所
S100R69D,2023-06-30,2023-06-30 09:15,39410,2022-04-01,2023-03-31,レンゴー株式会社
S100R6K0,2023-06-30,2023-06-30 09:16,75650,2022-04-01,2023-03-31,萬世電機株式会社
S100R1C0,2023-06-30,2023-06-30 09:16,79800,2022-04-01,2023-03-31,株式会社　重松製作所
S100R8CP,2023-06-30,2023-06-30 09:18,81350,2022-04-01,2023-03-31,ゼット株式会社
S100R7SL,2023-06-30,2023-06-30 09:19,46130,2022-04-01,2023-03-31,関西ペイント株式会社
S100R80E,2023-06-30,2023-06-30 09:19,80060,2022-04-01,2023-03-31,ユアサ・フナショク株式会社
S100R9UK,2023-06-30,2023-06-30 09:20,64170,2022-04-01,2023-03-31,株式会社三共
S100R8HE,2023-06-30,2023-06-30 09:22,69620,2022-04-01,2023-03-31,株式会社大真空
S100R9R4,2023-06-30,2023-06-30 09:23,63070,2022-04-01,2023-03-31,サンセイ株式会社
S100R3AB,2023-06-30,2023-06-30 09:23,81630,2022-04-01,2023-03-31,ＳＲＳホールディングス株式会社
S100RA2B,2023-06-30,2023-06-30 09:24,60050,2022-04-01,2023-03-31,三浦工業株式会社
S100R434,2023-06-30,2023-06-30 09:24,74830,2022-04-01,2023-03-31,株式会社ドウシシャ
S100R9CL,2023-06-30,2023-06-30 09:26,83690,2022-04-01,2023-03-31,株式会社京都銀行
S100R7LP,2023-06-30,2023-06-30 09:27,88300,2022-04-01,2023-03-31,住友不動産株式会社
S100RA76,2023-06-30,2023-06-30 09:27,51610,2022-04-01,2023-03-31,西川ゴム工業株式会社
S100R9KN,2023-06-30,2023-06-30 09:28,85580,2022-04-01,2023-03-31,株式会社東和銀行
S100R55S,2023-06-30,2023-06-30 09:29,22040,2022-04-01,2023-03-31,株式会社中村屋
S100RA02,2023-06-30,2023-06-30 09:30,81040,2022-04-01,2023-03-31,クワザワホールディングス株式会社
S100RA8G,2023-06-30,2023-06-30 09:30,93630,2022-04-01,2023-03-31,株式会社大運
S100RA7X,2023-06-30,2023-06-30 09:30,22640,2022-04-01,2023-03-31,森永乳業株式会社
S100R6MD,2023-06-30,2023-06-30 09:33,64240,2022-04-01,2023-03-31,株式会社高見沢サイバネティックス
S100R9X5,2023-06-30,2023-06-30 09:34,74440,2022-04-01,2023-03-31,ハリマ共和物産株式会社
S100R9PB,2023-06-30,2023-06-30 09:34,74800,2022-04-01,2023-03-31,スズデン株式会社
S100R98A,2023-06-30,2023-06-30 09:35,85840,2022-04-01,2023-03-31,株式会社ジャックス
S100R3X1,2023-06-30,2023-06-30 09:35,19390,2022-04-01,2023-03-31,株式会社四電工
S100R7MT,2023-06-30,2023-06-30 09:35,18320,2022-04-01,2023-03-31,北海電気工事株式会社
S100RA60,2023-06-30,2023-06-30 09:35,54440,2022-04-01,2023-03-31,大和工業株式会社
S100RA65,2023-06-30,2023-06-30 09:35,27300,2022-04-01,2023-03-31,株式会社エディオン
S100R9QX,2023-06-30,2023-06-30 09:36,93650,2022-04-01,2023-03-31,トレーディア株式会社
S100R3WI,2023-06-30,2023-06-30 09:37,81440,2022-04-01,2023-03-31,株式会社デンキョーグループホールディングス
S100RA4A,2023-06-30,2023-06-30 09:38,68440,2022-04-01,2023-03-31,新電元工業株式会社
S100R9MX,2023-06-30,2023-06-30 09:38,73990,2022-04-01,2023-03-31,株式会社ナンシン
S100R7PB,2023-06-30,2023-06-30 09:38,30200,2022-04-01,2023-03-31,アプライド株式会社
S100R7XX,2023-06-30,2023-06-30 09:38,71400,2022-04-01,2023-03-31,ペットゴー株式会社
S100RAD2,2023-06-30,2023-06-30 09:38,72010,2022-04-01,2023-03-31,日産自動車株式会社
S100R7UH,2023-06-30,2023-06-30 09:40,52680,2022-04-01,2023-03-31,旭コンクリート工業株式会社
S100R5XV,2023-06-30,2023-06-30 09:41,75210,2022-04-01,2023-03-31,株式会社ムサシ
S100RADQ,2023-06-30,2023-06-30 09:44,17110,2022-04-01,2023-03-31,株式会社ＳＤＳホールディングス
S100R7CO,2023-06-30,2023-06-30 09:46,97610,2022-04-01,2023-03-31,東海リース株式会社
S100R6ET,2023-06-30,2023-06-30 09:48,59020,2022-04-01,2023-03-31,ホッカンホールディングス株式会社
S100R9MN,2023-06-30,2023-06-30 09:49,59980,2022-04-01,2023-03-31,株式会社　アドバネクス
S100R9DO,2023-06-30,2023-06-30 09:49,47080,2022-04-01,2023-03-31,りらいあコミュニケーションズ株式会社
S100R2XZ,2023-06-30,2023-06-30 09:50,50110,2022-04-01,2023-03-31,ニチレキ株式会社
S100R9X0,2023-06-30,2023-06-30 09:51,72770,2022-04-01,2023-03-31,株式会社ＴＢＫ
S100R9UB,2023-06-30,2023-06-30 09:52,64190,2022-04-01,2023-03-31,株式会社マースグループホールディングス
S100R341,2023-06-30,2023-06-30 09:53,93640,2022-04-01,2023-03-31,株式会社上組
S100RADT,2023-06-30,2023-06-30 09:57,65380,2022-04-01,2023-03-31,株式会社キャリアインデックス
S100RAE8,2023-06-30,2023-06-30 10:00,26810,2022-04-01,2023-03-31,株式会社ゲオホールディングス
S100RA9I,2023-06-30,2023-06-30 10:00,18050,2022-04-01,2023-03-31,飛島建設株式会社
S100R6A3,2023-06-30,2023-06-30 10:00,46620,2022-04-01,2023-03-31,株式会社フォーカスシステムズ
S100RA9G,2023-06-30,2023-06-30 10:00,52530,2022-04-01,2023-03-31,カバー株式会社
S100R9J7,2023-06-30,2023-06-30 10:00,84730,2022-04-01,2023-03-31,ＳＢＩホールディングス株式会社
S100R9JF,2023-06-30,2023-06-30 10:00,80410,2022-04-01,2023-03-31,ＯＵＧホールディングス株式会社
S100R5WI,2023-06-30,2023-06-30 10:00,63570,2022-04-01,2023-03-31,三精テクノロジーズ株式会社
S100QZXP,2023-06-30,2023-06-30 10:01,80250,2022-04-01,2023-03-31,株式会社ツカモトコーポレーション
S100R8F5,2023-06-30,2023-06-30 10:01,64080,2022-04-01,2023-03-31,小倉クラッチ株式会社
S100R6JB,2023-06-30,2023-06-30 10:01,82250,2022-04-01,2023-03-31,株式会社タカチホ
S100RA6D,2023-06-30,2023-06-30 10:01,77210,2022-04-01,2023-03-31,東京計器株式会社
S100QWVU,2023-06-30,2023-06-30 10:01,80180,2022-04-01,2023-03-31,三共生興株式会社
S100RA9A,2023-06-30,2023-06-30 10:02,68900,2022-04-01,2023-03-31,株式会社フェローテックホールディングス
S100R903,2023-06-30,2023-06-30 10:02,90720,2022-04-01,2023-03-31,ニッコンホールディングス株式会社
S100R9H7,2023-06-30,2023-06-30 10:04,68500,2022-04-01,2023-03-31,株式会社チノー
S100R93U,2023-06-30,2023-06-30 10:04,39290,2022-04-01,2023-03-31,ソーシャルワイヤー株式会社
S100R9L4,2023-06-30,2023-06-30 10:04,57210,2022-04-01,2023-03-31,株式会社エス・サイエンス
S100RA3M,2023-06-30,2023-06-30 10:05,47190,2022-04-01,2023-03-31,株式会社アルファシステムズ
S100R838,2023-06-30,2023-06-30 10:05,74900,2022-04-01,2023-03-31,日新商事株式会社
S100RAEW,2023-06-30,2023-06-30 10:06,97230,2022-04-01,2023-03-31,株式会社京都ホテル
S100R5V4,2023-06-30,2023-06-30 10:07,94040,2022-04-01,2023-03-31,日本テレビホールディングス株式会社
S100R9LX,2023-06-30,2023-06-30 10:10,37980,2022-04-01,2023-03-31,ＵＬＳグループ株式会社
S100R54J,2023-06-30,2023-06-30 10:11,73170,2022-04-01,2023-03-31,株式会社松屋アールアンドディ
S100R9OI,2023-06-30,2023-06-30 10:11,35210,2022-04-01,2023-03-31,エコナックホールディングス株式会社
S100R97K,2023-06-30,2023-06-30 10:11,91300,2022-04-01,2023-03-31,共栄タンカー株式会社
S100R9TZ,2023-06-30,2023-06-30 10:11,98540,2022-04-01,2023-03-31,愛眼株式会社
S100R2JS,2023-06-30,2023-06-30 10:11,48010,2022-04-01,2023-03-31,セントラルスポーツ株式会社
S100R0OY,2023-06-30,2023-06-30 10:12,53910,2022-04-01,2023-03-31,株式会社エーアンドエーマテリアル
S100R9Y6,2023-06-30,2023-06-30 10:13,40630,2022-04-01,2023-03-31,信越化学工業株式会社
S100R5SD,2023-06-30,2023-06-30 10:14,43860,2022-04-01,2023-03-31,株式会社ＳＩＧグループ
S100R5VA,2023-06-30,2023-06-30 10:15,76780,2022-04-01,2023-03-31,株式会社あさくま
S100QZCM,2023-06-30,2023-06-30 10:18,30590,2022-04-01,2023-03-31,ヒラキ株式会社
S100R9TE,2023-06-30,2023-06-30 10:18,48380,2022-04-01,2023-03-31,株式会社スペースシャワーネットワーク
S100RAGJ,2023-06-30,2023-06-30 10:19,55790,2022-04-01,2023-03-31,株式会社ＧＳＩ
S100QZG8,2023-06-30,2023-06-30 10:20,37740,2022-04-01,2023-03-31,株式会社インターネットイニシアティブ
S100RAG1,2023-06-30,2023-06-30 10:21,46290,2022-04-01,2023-03-31,大伸化学株式会社
S100RAGK,2023-06-30,2023-06-30 10:23,52470,2022-04-01,2023-03-31,株式会社ＢＴＭ
S100RAG9,2023-06-30,2023-06-30 10:24,24790,2022-04-01,2023-03-31,株式会社ジェイテック
S100R6LT,2023-06-30,2023-06-30 10:24,80510,2022-04-01,2023-03-31,株式会社山善
S100R9FZ,2023-06-30,2023-06-30 10:26,69640,2022-04-01,2023-03-31,株式会社サンコー
S100RA9X,2023-06-30,2023-06-30 10:27,63460,2022-04-01,2023-03-31,キクカワエンタープライズ株式会社
S100RAAJ,2023-06-30,2023-06-30 10:27,86090,2022-04-01,2023-03-31,株式会社岡三証券グループ
S100R6EO,2023-06-30,2023-06-30 10:28,52330,2022-04-01,2023-03-31,太平洋セメント株式会社
S100RA0N,2023-06-30,2023-06-30 10:28,96350,2022-04-01,2023-03-31,武蔵野興業株式会社
S100R83T,2023-06-30,2023-06-30 10:30,46640,2022-04-01,2023-03-31,株式会社アール・エス・シー
S100RA3W,2023-06-30,2023-06-30 10:30,46230,2022-04-01,2023-03-31,株式会社アサヒペン
S100RA7O,2023-06-30,2023-06-30 10:31,69430,2022-04-01,2023-03-31,ＮＫＫスイッチズ株式会社
S100RAG7,2023-06-30,2023-06-30 10:32,29220,2022-04-01,2023-03-31,株式会社なとり
S100RA12,2023-06-30,2023-06-30 10:32,24150,2022-04-01,2023-03-31,ヒューマンホールディングス株式会社
S100RAAP,2023-06-30,2023-06-30 10:33,25860,2022-04-01,2023-03-31,株式会社フルッタフルッタ
S100RA47,2023-06-30,2023-06-30 10:33,74640,2022-04-01,2023-03-31,セフテック株式会社
S100RABG,2023-06-30,2023-06-30 10:35,71890,2022-04-01,2023-03-31,株式会社西日本フィナンシャルホールディングス
S100R8DL,2023-06-30,2023-06-30 10:36,23210,2022-04-01,2023-03-31,株式会社ソフトフロントホールディングス
S100R7PR,2023-06-30,2023-06-30 10:38,88770,2022-04-01,2023-03-31,エスリード株式会社
S100R9UD,2023-06-30,2023-06-30 10:39,56590,2022-04-01,2023-03-31,日本精線株式会社
S100R9RV,2023-06-30,2023-06-30 10:39,83670,2022-04-01,2023-03-31,株式会社南都銀行
S100R8VD,2023-06-30,2023-06-30 10:39,19920,2022-04-01,2023-03-31,神田通信機株式会社
S100RAHT,2023-06-30,2023-06-30 10:45,70310,2022-04-01,2023-03-31,株式会社インバウンドテック
S100R905,2023-06-30,2023-06-30 10:47,63900,2022-04-01,2023-03-31,株式会社加藤製作所
S100RAG8,2023-06-30,2023-06-30 10:50,65480,2022-04-01,2023-03-31,株式会社旅工房
S100RADG,2023-06-30,2023-06-30 10:51,24880,2022-04-01,2023-03-31,ＪＴＰ株式会社
S100R6TA,2023-06-30,2023-06-30 10:53,52900,2022-04-01,2023-03-31,株式会社ベルテクスコーポレーション
S100R9R1,2023-06-30,2023-06-30 10:53,28190,2022-04-01,2023-03-31,エバラ食品工業株式会社
S100R96Y,2023-06-30,2023-06-30 10:55,90340,2022-04-01,2023-03-31,南総通運株式会社
S100R7M6,2023-06-30,2023-06-30 10:55,89200,2022-04-01,2023-03-31,株式会社　東　祥
S100RA74,2023-06-30,2023-06-30 10:56,58560,2022-04-01,2023-03-31,株式会社エルアイイーエイチ
S100R74B,2023-06-30,2023-06-30 10:59,93270,2022-04-01,2023-03-31,株式会社イー・ロジット
S100R9I0,2023-06-30,2023-06-30 10:59,28990,2022-04-01,2023-03-31,株式会社永谷園ホールディングス
S100RAJ1,2023-06-30,2023-06-30 11:02,49180,2022-04-01,2023-03-31,株式会社アイビー化粧品
S100QZYP,2023-06-30,2023-06-30 11:03,48890,2022-04-01,2023-03-31,株式会社レナサイエンス
S100R9H8,2023-06-30,2023-06-30 11:07,97290,2022-04-01,2023-03-31,株式会社トーカイ
S100R9KL,2023-06-30,2023-06-30 11:07,74620,2022-04-01,2023-03-31,株式会社ＣＡＰＩＴＡ
S100R73L,2023-06-30,2023-06-30 11:08,56970,2022-04-01,2023-03-31,株式会社サンユウ
S100R9JL,2023-06-30,2023-06-30 11:11,18270,2022-04-01,2023-03-31,株式会社ナカノフドー建設
S100RAK4,2023-06-30,2023-06-30 11:12,46350,2022-04-01,2023-03-31,東京インキ株式会社
S100R6IZ,2023-06-30,2023-06-30 11:14,78860,2022-04-01,2023-03-31,ヤマト・インダストリー株式会社
S100R3QZ,2023-06-30,2023-06-30 11:16,78630,2022-04-01,2023-03-31,株式会社平賀
S100R241,2023-06-30,2023-06-30 11:19,78720,2022-04-01,2023-03-31,エステールホールディングス株式会社
S100RAKN,2023-06-30,2023-06-30 11:25,14500,2022-04-01,2023-03-31,田中建設工業株式会社
S100R9AH,2023-06-30,2023-06-30 11:26,79510,2022-04-01,2023-03-31,ヤマハ株式会社
S100QZHY,2023-06-30,2023-06-30 11:30,72030,2022-04-01,2023-03-31,トヨタ自動車株式会社
S100RAIT,2023-06-30,2023-06-30 11:32,83650,2022-04-01,2023-03-31,株式会社　富山銀行
S100RALX,2023-06-30,2023-06-30 11:33,99040,2022-04-01,2023-03-31,株式会社ベリテ
S100R4V8,2023-06-30,2023-06-30 11:34,24110,2022-04-01,2023-03-31,ゲンダイエージェンシー株式会社
S100R9ZJ,2023-06-30,2023-06-30 11:34,62360,2022-04-01,2023-03-31,ＮＣホールディングス株式会社
S100RALA,2023-06-30,2023-06-30 11:34,57290,2022-04-01,2023-03-31,日本精鉱株式会社
S100R7HO,2023-06-30,2023-06-30 11:35,72760,2022-04-01,2023-03-31,株式会社小糸製作所
S100R9NH,2023-06-30,2023-06-30 11:42,49320,2022-04-01,2023-03-31,株式会社アルマード
S100RAMD,2023-06-30,2023-06-30 11:42,33580,2022-04-01,2023-03-31,ワイエスフード株式会社
S100R8ND,2023-06-30,2023-06-30 11:44,99560,2022-04-01,2023-03-31,株式会社バローホールディングス
S100RAKG,2023-06-30,2023-06-30 11:46,53560,2022-04-01,2023-03-31,美濃窯業株式会社
S100R9P7,2023-06-30,2023-06-30 11:47,78360,2022-04-01,2023-03-31,アビックス株式会社
S100RAAF,2023-06-30,2023-06-30 11:47,43170,2022-03-01,2023-02-28,株式会社レイ
S100RA6Y,2023-06-30,2023-06-30 12:02,52610,2022-04-01,2023-03-31,リソルホールディングス株式会社
S100RAL4,2023-06-30,2023-06-30 12:03,90330,2022-04-01,2023-03-31,広島電鉄株式会社
S100R7V8,2023-06-30,2023-06-30 12:05,31040,2022-04-01,2023-03-31,富士紡ホールディングス株式会社
S100RANX,2023-06-30,2023-06-30 12:09,73430,2022-04-01,2023-03-31,ブロードマインド株式会社
S100R9DL,2023-06-30,2023-06-30 12:11,73830,2022-04-01,2023-03-31,株式会社ネットプロテクションズホールディングス
S100R9MY,2023-06-30,2023-06-30 12:12,43040,2022-04-01,2023-03-31,株式会社Ｅストアー
S100R9LC,2023-06-30,2023-06-30 12:13,96050,2022-04-01,2023-03-31,東映株式会社
S100R8KT,2023-06-30,2023-06-30 12:14,75620,2022-04-01,2023-03-31,株式会社安楽亭
S100RA5R,2023-06-30,2023-06-30 12:15,58300,2022-04-01,2023-03-31,株式会社いよぎんホールディングス
S100RAOK,2023-06-30,2023-06-30 12:17,44830,2022-04-01,2023-03-31,株式会社ＪＭＤＣ
S100RA8O,2023-06-30,2023-06-30 12:18,75020,2022-04-01,2023-03-31,株式会社プラザホールディングス
S100R9S7,2023-06-30,2023-06-30 12:18,23290,2022-04-01,2023-03-31,株式会社東北新社
S100R9BJ,2023-06-30,2023-06-30 12:20,57410,2022-04-01,2023-03-31,株式会社ＵＡＣＪ
S100RADK,2023-06-30,2023-06-30 12:25,22210,2022-04-01,2023-03-31,岩塚製菓株式会社
S100R8KX,2023-06-30,2023-06-30 12:34,83860,2022-04-01,2023-03-31,株式会社百十四銀行
S100R98B,2023-06-30,2023-06-30 12:38,74630,2022-04-01,2023-03-31,株式会社アドヴァン
S100RA1O,2023-06-30,2023-06-30 12:38,66370,2022-04-01,2023-03-31,寺崎電気産業株式会社
S100R9EL,2023-06-30,2023-06-30 12:45,30320,2022-04-01,2023-03-31,株式会社ゴルフ・ドゥ
S100R55O,2023-06-30,2023-06-30 12:46,32050,2022-04-01,2023-03-31,株式会社ダイドーリミテッド
S100R9ET,2023-06-30,2023-06-30 12:54,59180,2022-04-01,2023-03-31,瀧上工業株式会社
S100R9O5,2023-06-30,2023-06-30 12:58,18600,2022-04-01,2023-03-31,戸田建設株式会社
S100R9UA,2023-06-30,2023-06-30 12:59,68220,2022-04-01,2023-03-31,大井電気株式会社
S100RAF9,2023-06-30,2023-06-30 13:02,46500,2022-04-01,2023-03-31,ＳＤエンターテイメント株式会社
S100R9KB,2023-06-30,2023-06-30 13:02,59410,2022-04-01,2023-03-31,株式会社　中西製作所
S100RAGF,2023-06-30,2023-06-30 13:03,51890,2022-04-01,2023-03-31,櫻護謨株式会社
S100R9PI,2023-06-30,2023-06-30 13:07,52730,2022-04-01,2023-03-31,三谷セキサン株式会社
S100RAPU,2023-06-30,2023-06-30 13:09,49900,2022-04-01,2023-03-31,昭和化学工業株式会社
S100R9BJ,2023-06-30,2023-06-30 12:20,57410,2022-04-01,2023-03-31,株式会社ＵＡＣＪ
S100R9N0,2023-06-30,2023-06-30 13:09,21360,2022-04-01,2023-03-31,株式会社ヒップ
S100R9YB,2023-06-30,2023-06-30 13:10,49010,2022-04-01,2023-03-31,富士フイルムホールディングス株式会社
S100R8S4,2023-06-30,2023-06-29 16:06,17190,2022-04-01,2023-03-31,株式会社安藤・間
S100R7WU,2023-06-30,2023-06-30 13:15,95110,2022-04-01,2023-03-31,沖縄電力株式会社
S100RAPS,2023-06-30,2023-06-30 13:15,21730,2022-04-01,2023-03-31,株式会社博展
S100RAQ2,2023-06-30,2023-06-30 13:16,21370,2022-04-01,2023-03-31,株式会社光ハイツ・ヴェラス
S100RAQ1,2023-06-30,2023-06-30 13:16,69760,2022-04-01,2023-03-31,太陽誘電株式会社
S100RABQ,2023-06-30,2023-06-30 13:16,59350,2022-04-01,2023-03-31,元旦ビューティ工業株式会社
S100RAM8,2023-06-30,2023-06-30 13:18,67750,2022-04-01,2023-03-31,株式会社ＴＢグループ
S100RA25,2023-06-30,2023-06-30 13:19,79220,2022-04-01,2023-03-31,三光産業株式会社
S100RA0S,2023-06-30,2023-06-30 13:21,99600,2022-04-01,2023-03-31,東テク株式会社
S100R9TF,2023-06-30,2023-06-30 13:21,82190,2022-04-01,2023-03-31,青山商事株式会社
S100RAGG,2023-06-30,2023-06-30 13:28,52020,2022-04-01,2023-03-31,日本板硝子株式会社
S100R9Y8,2023-06-30,2023-06-30 13:29,74160,2022-04-01,2023-03-31,株式会社はるやまホールディングス
S100R9A9,2023-06-30,2023-06-30 13:29,63710,2022-04-01,2023-03-31,株式会社椿本チエイン
S100R3AX,2023-06-30,2023-06-30 13:30,23760,2022-04-01,2023-03-31,株式会社　サイネックス
S100R8VC,2023-06-30,2023-06-30 13:31,69540,2022-04-01,2023-03-31,ファナック株式会社
S100RAR3,2023-06-30,2023-06-30 13:31,48940,2022-04-01,2023-03-31,クオリプス株式会社
S100RANG,2023-06-30,2023-06-30 13:35,56320,2022-04-01,2023-03-31,三菱製鋼株式会社
S100RAQM,2023-06-30,2023-06-30 13:40,45160,2022-04-01,2023-03-31,日本新薬株式会社
S100R4KL,2023-06-30,2023-06-30 13:41,39250,2022-04-01,2023-03-31,株式会社ダブルスタンダード
S100RAS8,2023-06-30,2023-06-30 13:49,80370,2022-04-01,2023-03-31,カメイ株式会社
S100R9MV,2023-06-30,2023-06-30 13:51,21340,2022-04-01,2023-03-31,燦キャピタルマネージメント株式会社
S100R9EM,2023-06-30,2023-06-30 13:52,74420,2022-04-01,2023-03-31,中山福株式会社
S100R7AR,2023-06-30,2023-06-30 13:57,81150,2022-04-01,2023-03-31,ムーンバット株式会社
S100RAOL,2023-06-30,2023-06-30 13:58,77450,2022-04-01,2023-03-31,株式会社Ａ＆Ｄホロンホールディングス
S100RAKW,2023-06-30,2023-06-30 13:58,76340,2022-04-01,2023-03-31,株式会社星医療酸器
S100RA7L,2023-06-30,2023-06-30 13:59,69300,2022-04-01,2023-03-31,日本アンテナ株式会社
S100RAK2,2023-06-30,2023-06-30 14:00,80660,2022-04-01,2023-03-31,三谷商事株式会社
S100R7AT,2023-06-30,2023-06-30 14:00,36940,2022-04-01,2023-03-31,株式会社オプティム
S100RAOV,2023-06-30,2023-06-30 14:01,60850,2022-04-01,2023-03-31,アーキテクツ・スタジオ・ジャパン株式会社
S100RAJA,2023-06-30,2023-06-30 14:04,24120,2022-04-01,2023-03-31,株式会社ベネフィット・ワン
S100R9EJ,2023-06-30,2023-06-30 14:04,75710,2022-04-01,2023-03-31,株式会社ヤマノホールディングス
S100R69C,2023-06-30,2023-06-30 14:05,27500,2022-04-01,2023-03-31,石光商事株式会社
S100R5ZX,2023-06-30,2023-06-30 14:16,90030,2022-04-01,2023-03-31,相鉄ホールディングス株式会社
S100RAAR,2023-06-30,2023-06-30 14:20,79910,2022-04-01,2023-03-31,マミヤ・オーピー株式会社
S100RAU8,2023-06-30,2023-06-30 14:21,14910,2022-04-01,2023-03-31,中外鉱業株式会社
S100RASU,2023-06-30,2023-06-30 14:22,98900,2022-04-01,2023-03-31,株式会社マキヤ
S100RAOX,2023-06-30,2023-06-30 14:29,90850,2022-04-01,2023-03-31,北海道中央バス株式会社
S100R93T,2023-06-30,2023-06-30 14:30,65880,2022-04-01,2023-03-31,東芝テック株式会社
S100RAUU,2023-06-30,2023-06-30 14:38,70750,2022-04-01,2023-03-31,株式会社ＱＬＳホールディングス
S100RA73,2023-06-30,2023-06-30 14:42,99280,2022-04-01,2023-03-31,株式会社ミロク情報サービス
S100RAHQ,2023-06-30,2023-06-30 14:48,88640,2022-04-01,2023-03-31,空港施設株式会社
S100RA2K,2023-06-30,2023-06-30 14:51,69570,2022-04-01,2023-03-31,株式会社芝浦電子
S100RA6P,2023-06-30,2023-06-30 14:54,97600,2022-04-01,2023-03-31,株式会社　進学会ホールディングス
S100RAV5,2023-06-30,2023-06-30 14:55,87460,2022-04-01,2023-03-31,第一商品株式会社
S100RAL9,2023-06-30,2023-06-30 15:00,93250,2022-04-01,2023-03-31,ファイズホールディングス株式会社
S100R9IW,2023-06-30,2023-06-30 15:00,94660,2022-04-01,2023-03-31,株式会社アイドママーケティングコミュニケーション
S100RATY,2023-06-30,2023-06-30 15:00,29030,2022-04-01,2023-03-31,シノブフーズ株式会社
S100RA2O,2023-06-30,2023-06-30 15:00,45710,2022-04-01,2023-03-31,ナノキャリア株式会社
S100RA4T,2023-06-30,2023-06-30 15:00,71140,2022-04-01,2023-03-31,株式会社フーディソン
S100RAPJ,2023-06-30,2023-06-30 15:00,66150,2022-04-01,2023-03-31,ユー・エム・シー・エレクトロニクス株式会社
S100R3ZN,2023-06-30,2023-06-30 15:01,43600,2022-04-01,2023-03-31,株式会社マナック・ケミカル・パートナーズ
S100R99R,2023-06-30,2023-06-30 15:03,45840,2022-04-01,2023-03-31,キッズウェル・バイオ株式会社
S100R8NG,2023-06-30,2023-06-30 15:06,70670,2022-04-01,2023-03-31,ブランディングテクノロジー株式会社
S100R8S6,2023-06-30,2023-06-30 15:08,64300,2022-04-01,2023-03-31,ダイコク電機株式会社
S100RAWK,2023-06-30,2023-06-30 15:12,46150,2022-04-01,2023-03-31,神東塗料株式会社
S100R8VG,2023-06-30,2023-06-30 15:13,38580,2022-04-01,2023-03-31,株式会社ユビキタスＡＩ
S100R89E,2023-06-30,2023-06-30 15:15,90900,2022-04-01,2023-03-31,ＡＺ－ＣＯＭ丸和ホールディングス株式会社
S100RAP1,2023-06-30,2023-06-30 15:15,62820,2022-04-01,2023-03-31,オイレス工業株式会社
S100R9T3,2023-06-30,2023-06-30 15:16,21380,2022-04-01,2023-03-31,クルーズ株式会社
S100RAWW,2023-06-30,2023-06-30 15:18,78680,2022-04-01,2023-03-31,株式会社広済堂ホールディングス
S100RAW5,2023-06-30,2023-06-30 15:19,92200,2022-04-01,2023-03-31,エフビー介護サービス株式会社
S100RAXC,2023-06-30,2023-06-30 15:19,39050,2022-04-01,2023-03-31,データセクション株式会社
S100RAXE,2023-06-30,2023-06-30 15:21,59150,2022-04-01,2023-03-31,株式会社駒井ハルテック
S100R8VH,2023-06-30,2023-06-30 15:23,32240,2022-04-01,2023-03-31,株式会社ゼネラル・オイスター
S100RAWS,2023-06-30,2023-06-30 15:25,42560,2022-04-01,2023-03-31,株式会社サインド
S100RA2G,2023-06-30,2023-06-30 15:27,67060,2022-04-01,2023-03-31,電気興業株式会社
S100RAYB,2023-06-30,2023-06-30 15:30,19140,2022-04-01,2023-03-31,日本基礎技術株式会社
S100RALU,2023-06-30,2023-06-30 15:30,49980,2022-04-01,2023-03-31,フマキラー株式会社
S100R9HF,2023-06-30,2023-06-30 15:31,29930,2022-04-01,2023-03-31,株式会社長栄
S100RANA,2023-06-30,2023-06-30 15:32,77790,2022-04-01,2023-03-31,ＣＹＢＥＲＤＹＮＥ株式会社
S100R693,2023-06-30,2023-06-30 15:33,31360,2022-04-01,2023-03-31,株式会社エコノス
S100RAYZ,2023-06-30,2023-06-30 15:33,99960,2022-04-01,2023-03-31,株式会社サトー商会
S100RAS5,2023-06-30,2023-06-30 15:34,44440,2022-04-01,2023-03-31,株式会社インフォネット
S100R9VW,2023-06-30,2023-06-30 15:35,39630,2022-04-01,2023-03-31,株式会社シンクロ・フード
S100RAY0,2023-06-30,2023-06-30 15:37,76380,2022-04-01,2023-03-31,株式会社ＮＥＷ　ＡＲＴ　ＨＯＬＤＩＮＧＳ
S100RAZA,2023-06-30,2023-06-30 15:38,38400,2022-04-01,2023-03-31,パス株式会社
S100RAQ9,2023-06-30,2023-06-30 15:39,79460,2022-04-01,2023-03-31,株式会社光陽社
S100R7IA,2023-06-30,2023-06-30 15:41,39330,2022-04-01,2023-03-31,チエル株式会社
S100RAZX,2023-06-30,2023-06-30 15:42,39240,2022-04-01,2023-03-31,株式会社ランドコンピュータ
S100RAVB,2023-06-30,2023-06-30 15:43,68670,2022-04-01,2023-03-31,リーダー電子株式会社
S100RAYX,2023-06-30,2023-06-30 15:45,44360,2022-04-01,2023-03-31,株式会社ミンカブ・ジ・インフォノイド
S100R738,2023-06-30,2023-06-30 15:45,69820,2022-04-01,2023-03-31,株式会社リード
S100RAZE,2023-06-30,2023-06-30 15:52,71110,2022-04-01,2023-03-31,ＩＮＥＳＴ株式会社
S100RA9Q,2023-06-30,2023-06-30 15:59,26540,2022-04-01,2023-03-31,株式会社アスモ
S100RAC1,2023-06-30,2023-06-30 16:00,97880,2022-04-01,2023-03-31,株式会社ナック
S100R9WH,2023-06-30,2023-06-30 16:00,21580,2022-04-01,2023-03-31,株式会社ＦＲＯＮＴＥＯ
S100RACY,2023-06-30,2023-06-30 16:00,72560,2022-04-01,2023-03-31,河西工業株式会社
S100R6RF,2023-06-30,2023-06-30 16:00,62370,2022-04-01,2023-03-31,株式会社イワキ
S100RA9Z,2023-06-30,2023-06-30 16:01,71850,2022-04-01,2023-03-31,ヒロセ通商株式会社
S100RB09,2023-06-30,2023-06-30 16:03,24670,2022-04-01,2023-03-31,株式会社バルクホールディングス
S100R2H8,2023-06-30,2023-06-30 16:04,68030,2022-04-01,2023-03-31,ティアック株式会社
S100RAU7,2023-06-30,2023-06-30 16:04,77150,2022-04-01,2023-03-31,長野計器株式会社
S100R9Y5,2023-06-30,2023-06-30 16:05,33460,2022-04-01,2023-03-31,２１ＬＡＤＹ株式会社
S100RA8J,2023-06-30,2023-06-30 16:17,48140,2022-04-01,2023-03-31,ネクストウェア株式会社
S100RAPO,2023-06-30,2023-06-30 16:20,53550,2022-04-01,2023-03-31,日本坩堝株式会社
S100RA7U,2023-06-30,2023-06-30 16:26,42980,2022-04-01,2023-03-31,株式会社プロトコーポレーション
S100RB1P,2023-06-30,2023-06-30 16:35,40460,2022-04-01,2023-03-31,株式会社大阪ソーダ
S100RB2H,2023-06-30,2023-06-30 16:40,18900,2022-04-01,2023-03-31,東洋建設株式会社
S100RB26,2023-06-30,2023-06-30 16:42,76770,2022-04-01,2023-03-31,株式会社ヤシマキザイ
S100RB27,2023-06-30,2023-06-30 16:46,29280,2022-04-01,2023-03-31,ＲＩＺＡＰグループ株式会社
S100R9Q3,2023-06-30,2023-06-30 17:10,39100,2022-04-01,2023-03-31,株式会社エムケイシステム
S100RB3P,2023-06-30,2023-06-30 17:10,65620,2022-04-01,2023-03-31,株式会社ジーニー
S100RB4M,2023-07-03,2023-07-03 09:00,52800,2022-04-01,2023-03-31,ヨシコン株式会社
S100RCCH,2023-07-06,2023-07-06 15:51,47500,2022-04-21,2023-04-20,株式会社ダイサン
S100RDQS,2023-07-13,2023-07-13 13:35,74880,2022-04-21,2023-04-20,株式会社ヤガミ
S100R9G4,2023-07-14,2023-07-14 09:33,73300,2022-04-16,2023-04-17,レオス・キャピタルワークス株式会社
S100RCTF,2023-07-14,2023-07-14 09:44,73300,2022-04-16,2023-04-17,レオス・キャピタルワークス株式会社
S100RFUI,2023-07-20,2023-07-20 15:17,82560,2022-03-21,2023-03-20,株式会社プロルート丸光
S100RFS3,2023-07-21,2023-07-21 11:23,59710,2022-05-01,2023-04-30,株式会社共和工業所
S100RFT3,2023-07-21,2023-07-21 15:20,22940,2022-03-01,2023-04-30,株式会社柿安本店
S100RFN3,2023-07-21,2023-07-21 16:00,40260,2022-05-01,2023-04-30,神島化学工業株式会社
S100RFXQ,2023-07-24,2023-07-24 13:59,29230,2022-05-01,2023-04-30,サトウ食品株式会社
S100RGCB,2023-07-25,2023-07-25 09:42,33290,2022-05-01,2023-04-30,東和フードサービス株式会社
S100RG7I,2023-07-25,2023-07-25 15:15,35240,2022-05-01,2023-04-30,日東製網株式会社
S100RGKL,2023-07-25,2023-07-25 15:33,76230,2022-05-01,2023-04-30,株式会社サンオータス
S100RGNU,2023-07-26,2023-07-26 10:14,75330,2022-05-01,2023-04-30,株式会社グリーンクロス
S100RGO4,2023-07-26,2023-07-26 14:13,74350,2022-05-01,2023-04-30,株式会社ナ・デックス
S100RGPU,2023-07-26,2023-07-26 15:01,39030,2022-05-01,2023-04-30,株式会社ｇｕｍｉ
S100RGIR,2023-07-26,2023-07-26 16:28,79010,2022-05-01,2023-04-30,株式会社マツモト
S100RG8H,2023-07-27,2023-07-27 09:37,24380,2022-05-01,2023-04-30,株式会社アスカネット
S100RGRX,2023-07-27,2023-07-27 09:57,76040,2022-05-01,2023-04-30,株式会社　梅の花
S100RGQ1,2023-07-27,2023-07-27 10:30,29100,2022-05-01,2023-04-30,株式会社ロック・フィールド
S100RGTR,2023-07-27,2023-07-27 10:55,34440,2022-05-01,2023-04-30,株式会社菊池製作所
S100RGJE,2023-07-27,2023-07-27 11:49,66300,2022-05-01,2023-04-30,ヤーマン株式会社
S100RGW7,2023-07-27,2023-07-27 14:25,44310,2022-05-01,2023-04-30,株式会社スマレジ
S100RG92,2023-07-27,2023-07-27 15:00,42680,2022-05-01,2023-04-30,エッジテクノロジー株式会社
S100RGD2,2023-07-27,2023-07-27 15:33,77770,2022-05-01,2023-04-30,株式会社スリー・ディー・マトリックス
S100RFMX,2023-07-27,2023-07-27 16:00,31610,2022-05-01,2023-04-30,アゼアス株式会社
S100RH38,2023-07-27,2023-07-27 16:04,25930,2022-05-01,2023-04-30,株式会社伊藤園
S100RGIE,2023-07-28,2023-07-28 09:41,78990,2022-05-01,2023-04-30,ＭＩＣＳ化学株式会社
S100RH5U,2023-07-28,2023-07-28 10:00,33610,2022-05-01,2023-04-30,株式会社トーエル
S100RH0W,2023-07-28,2023-07-28 10:12,38430,2022-05-01,2023-04-30,フリービット株式会社
S100RGPR,2023-07-28,2023-07-28 10:27,27510,2022-05-01,2023-04-30,株式会社テンポスホールディングス
S100RH95,2023-07-28,2023-07-28 10:30,17660,2022-05-01,2023-04-30,東建コーポレーション株式会社
S100RH58,2023-07-28,2023-07-28 10:35,30310,2022-05-01,2023-04-30,株式会社ラクーンホールディングス
S100RH7D,2023-07-28,2023-07-28 10:41,22180,2022-04-01,2023-03-31,日糧製パン株式会社
S100RH1Z,2023-07-28,2023-07-28 11:26,31340,2022-05-01,2023-04-30,Ｈａｍｅｅ株式会社
S100RH1N,2023-07-28,2023-07-28 11:34,14360,2022-05-01,2023-04-30,株式会社フィット
S100RHBJ,2023-07-28,2023-07-28 12:05,31800,2022-05-01,2023-04-30,株式会社ビューティガレージ
S100RHDI,2023-07-28,2023-07-28 13:50,66560,2022-05-01,2023-04-30,インスペック株式会社
S100RH7B,2023-07-28,2023-07-28 15:00,70950,2022-05-01,2023-04-30,株式会社Ｍａｃｂｅｅ　Ｐｌａｎｅｔ
S100RHGA,2023-07-28,2023-07-28 15:34,52690,2022-04-01,2023-03-31,日本コンクリート工業株式会社
S100RH5M,2023-07-28,2023-07-28 16:00,50790,2022-05-01,2023-04-30,株式会社ノバック
S100RHGT,2023-07-28,2023-07-28 16:27,43820,2022-05-01,2023-04-30,ＨＥＲＯＺ株式会社
S100RHP5,2023-07-31,2023-07-31 11:55,77930,2022-05-01,2023-04-30,株式会社イメージ・マジック
S100RHMW,2023-07-31,2023-07-31 12:49,96270,2022-05-01,2023-04-30,株式会社アインホールディングス
S100RHKW,2023-07-31,2023-07-31 14:04,17800,2022-04-01,2023-03-31,株式会社　ヤマウラ
S100RHRJ,2023-07-31,2023-07-31 15:00,48490,2022-04-01,2023-03-31,エン・ジャパン株式会社
S100RHOV,2023-07-31,2023-07-31 15:00,50320,2022-05-01,2023-04-30,ＡＮＹＣＯＬＯＲ株式会社
S100RHOT,2023-07-31,2023-07-31 15:16,58030,2022-04-01,2023-03-31,株式会社フジクラ
S100RHSM,2023-07-31,2023-07-31 15:47,62100,2022-04-01,2023-03-31,東洋機械金属株式会社
S100RHVR,2023-07-31,2023-07-31 16:07,70500,2022-05-01,2023-04-30,株式会社フロンティアインターナショナル
S100RHKA,2023-07-31,2023-07-31 16:24,37700,2022-05-01,2023-04-30,株式会社ザッパラス
S100RHWO,2023-07-31,2023-07-31 16:46,94440,2022-05-01,2023-04-30,株式会社トーシンホールディングス
S100RI9V,2023-08-02,2023-08-02 15:00,26780,2022-05-21,2023-05-20,アスクル株式会社
S100RJ9F,2023-08-07,2023-08-07 15:21,30750,2022-05-16,2023-05-15,株式会社銚子丸
S100RJJH,2023-08-09,2023-08-09 11:39,69050,2022-05-21,2023-05-20,コーセル株式会社
S100RKTE,2023-08-09,2023-08-09 14:54,35440,2022-05-16,2023-05-15,サツドラホールディングス株式会社
S100RNGN,2023-08-10,2023-08-10 16:36,33910,2022-05-16,2023-05-15,株式会社ツルハホールディングス
S100RPQ6,2023-08-17,2023-08-17 15:23,35490,2022-05-21,2023-05-20,株式会社クスリのアオキホールディングス
S100RQHB,2023-08-21,2023-08-21 13:25,27220,2022-06-01,2023-05-31,株式会社ＩＫホールディングス
S100RQKK,2023-08-23,2023-08-23 09:54,27920,2022-06-01,2023-05-31,株式会社ハニーズホールディングス
S100RQNL,2023-08-23,2023-08-23 13:28,31600,2022-06-01,2023-05-31,株式会社大光
S100RQXL,2023-08-23,2023-08-23 13:55,27910,2022-06-01,2023-05-31,大黒天物産株式会社
S100RQXS,2023-08-23,2023-08-23 14:18,74200,2022-06-01,2023-05-31,佐鳥電機株式会社
S100RR0B,2023-08-24,2023-08-24 10:00,65520,2022-06-01,2023-05-31,株式会社ＧａｍｅＷｉｔｈ
S100RR5R,2023-08-24,2023-08-24 15:40,39900,2022-06-01,2023-05-31,ＵＵＵＭ株式会社
S100RQSH,2023-08-24,2023-08-24 16:09,47160,2022-06-01,2023-05-31,日本オラクル株式会社
S100RR9U,2023-08-25,2023-08-25 09:41,38240,2022-06-01,2023-05-31,メディアファイブ株式会社
S100RRA3,2023-08-25,2023-08-25 09:45,40570,2022-06-01,2023-05-31,株式会社インターファクトリー
S100RRAK,2023-08-25,2023-08-25 10:17,78880,2022-06-01,2023-05-31,三光合成株式会社
S100RRBJ,2023-08-25,2023-08-25 11:15,98120,2022-06-01,2023-05-31,株式会社テーオーホールディングス
S100RR0E,2023-08-25,2023-08-25 13:04,96510,2022-06-01,2023-05-31,日本プロセス株式会社
S100RQYK,2023-08-25,2023-08-25 13:58,21680,2022-06-01,2023-05-31,株式会社パソナグループ
S100RRDW,2023-08-25,2023-08-25 15:00,58850,2022-06-01,2023-05-31,株式会社ジーデップ・アドバンス
S100RQBX,2023-08-25,2023-08-25 15:00,92650,2022-06-01,2023-05-31,ヤマシタヘルスケアホールディングス株式会社
S100RR4L,2023-08-25,2023-08-25 15:01,18870,2022-06-01,2023-05-31,日本国土開発株式会社
S100RRE2,2023-08-25,2023-08-25 15:06,44650,2022-06-01,2023-05-31,株式会社ニイタカ
S100RR6H,2023-08-25,2023-08-25 15:30,77250,2022-06-01,2023-05-31,株式会社インターアクション
S100RR4Z,2023-08-25,2023-08-25 15:30,79210,2022-06-01,2023-05-31,株式会社ＴＡＫＡＲＡ　＆　ＣＯＭＰＡＮＹ
S100RQQ8,2023-08-25,2023-08-25 15:38,48850,2022-06-01,2023-05-31,室町ケミカル株式会社
S100RR04,2023-08-25,2023-08-25 16:10,97650,2022-06-01,2023-05-31,株式会社オオバ
S100RR51,2023-08-25,2023-08-25 16:21,48290,2022-06-01,2023-05-31,日本エンタープライズ株式会社
S100RRGK,2023-08-28,2023-08-28 09:44,33210,2022-06-01,2023-05-31,ミタチ産業株式会社
S100RRDP,2023-08-28,2023-08-28 10:16,31480,2022-06-01,2023-05-31,株式会社クリエイトＳＤホールディングス
S100RRGH,2023-08-28,2023-08-28 10:20,73700,2022-06-01,2023-05-31,株式会社Ｅｎｊｉｎ
S100RREU,2023-08-28,2023-08-28 11:00,14300,2022-06-01,2023-05-31,ファーストコーポレーション株式会社
S100RRIQ,2023-08-28,2023-08-28 11:05,70860,2022-06-01,2023-05-31,株式会社きずなホールディングス
S100RRJG,2023-08-28,2023-08-28 11:14,40760,2022-06-01,2023-05-31,株式会社シイエヌエス
S100RRAA,2023-08-28,2023-08-28 11:38,74340,2022-06-01,2023-05-31,株式会社オータケ
S100RRH0,2023-08-28,2023-08-28 11:53,88860,2022-06-01,2023-05-31,株式会社ウッドフレンズ
S100RR76,2023-08-28,2023-08-28 12:08,89080,2022-06-01,2023-05-31,株式会社毎日コムネット
S100RR2U,2023-08-28,2023-08-28 13:28,13760,2022-06-01,2023-05-31,カネコ種苗株式会社
S100RRJW,2023-08-28,2023-08-28 14:07,60440,2022-06-01,2023-05-31,株式会社三機サービス
S100RRJV,2023-08-28,2023-08-28 15:00,60470,2022-06-01,2023-05-31,株式会社Ｇｕｎｏｓｙ
S100RREW,2023-08-28,2023-08-28 15:00,65670,2022-06-01,2023-05-31,株式会社ＳＥＲＩＯホールディングス
S100RRFI,2023-08-28,2023-08-28 15:10,27690,2022-06-01,2023-05-31,株式会社ヴィレッジヴァンガードコーポレーション
S100RR93,2023-08-28,2023-08-28 15:15,92780,2022-06-01,2023-05-31,ブックオフグループホールディングス株式会社
S100RRO3,2023-08-28,2023-08-28 16:43,70680,2022-06-01,2023-05-31,フィードフォースグループ株式会社
S100RROO,2023-08-28,2023-08-28 16:44,38920,2022-06-01,2023-05-31,株式会社岡山製紙
S100RR6C,2023-08-29,2023-08-29 12:34,77130,2022-06-01,2023-05-31,シグマ光機株式会社
S100RIJC,2023-08-29,2023-08-29 12:50,59670,2022-06-01,2023-05-31,ＴＯＮＥ株式会社
S100RRQR,2023-08-29,2023-08-29 14:54,48250,2022-06-01,2023-05-31,株式会社ウェザーニューズ
S100RRLM,2023-08-29,2023-08-29 15:02,14190,2022-06-01,2023-05-31,タマホーム株式会社
S100RRO4,2023-08-29,2023-08-29 15:09,47350,2022-06-01,2023-05-31,株式会社京進
S100RRW9,2023-08-29,2023-08-29 16:00,89400,2022-06-01,2023-05-31,株式会社インテリックス
S100RRXM,2023-08-29,2023-08-29 17:07,24370,2022-06-01,2023-05-31,Ｓｈｉｎｗａ　Ｗｉｓｅ　Ｈｏｌｄｉｎｇｓ株式会社
S100RRVJ,2023-08-30,2023-08-30 09:30,23030,2022-06-01,2023-05-31,株式会社ドーン
S100RS0L,2023-08-30,2023-08-30 09:58,24590,2022-06-01,2023-05-31,アウンコンサルティング株式会社
S100RRHV,2023-08-30,2023-08-30 09:59,37910,2022-06-01,2023-05-31,株式会社ＩＧポート
S100RRXF,2023-08-30,2023-08-30 10:00,65050,2022-06-01,2023-05-31,東洋電機製造株式会社
S100RRUV,2023-08-30,2023-08-30 10:12,64960,2022-06-01,2023-05-31,株式会社中北製作所
S100RS1G,2023-08-30,2023-08-30 10:52,32970,2022-06-01,2023-05-31,株式会社東武住販
S100RS13,2023-08-30,2023-08-30 11:46,45770,2022-06-01,2023-05-31,ダイト株式会社
S100RRVE,2023-08-30,2023-08-30 12:54,29340,2022-06-01,2023-05-31,ジェイフロンティア株式会社
S100RS39,2023-08-30,2023-08-30 13:00,74870,2022-06-01,2023-05-31,小津産業株式会社
S100RS3C,2023-08-30,2023-08-30 13:06,48340,2022-06-01,2023-05-31,キャリアバンク株式会社
S100RRY5,2023-08-30,2023-08-30 13:40,81550,2022-06-01,2023-05-31,三益半導体工業株式会社
S100RR8S,2023-08-30,2023-08-30 14:14,13770,2022-06-01,2023-05-31,株式会社　サカタのタネ
S100RRRN,2023-08-30,2023-08-30 14:21,14010,2022-06-01,2023-05-31,株式会社エムビーエス
S100RRZK,2023-08-30,2023-08-30 14:53,24620,2022-06-01,2023-05-31,ライク株式会社
S100RRZP,2023-08-30,2023-08-30 15:00,60830,2022-06-01,2023-05-31,ＥＲＩホールディングス株式会社
S100RS5A,2023-08-30,2023-08-30 15:01,44300,2022-06-01,2023-05-31,東海ソフト株式会社
S100RRGE,2023-08-30,2023-08-30 15:01,35010,2022-06-01,2023-05-31,住江織物株式会社
S100RRXW,2023-08-30,2023-08-30 15:01,44430,2022-06-01,2023-05-31,Ｓａｎｓａｎ株式会社
S100RS3Z,2023-08-30,2023-08-30 15:02,30210,2022-06-01,2023-05-31,株式会社パシフィックネット
S100RS69,2023-08-30,2023-08-30 15:30,55770,2022-06-01,2023-05-31,株式会社アイデミー
S100RS6M,2023-08-30,2023-08-30 15:30,92630,2022-05-01,2023-04-30,株式会社ビジョナリーホールディングス
S100RS5L,2023-08-30,2023-08-30 15:34,32360,2022-06-01,2023-05-31,株式会社プロパスト
S100RRPF,2023-08-30,2023-08-30 16:00,59320,2022-06-01,2023-05-31,三協立山株式会社
S100RRQ5,2023-08-30,2023-08-30 16:04,64890,2022-06-01,2023-05-31,前澤工業株式会社
S100RS5V,2023-08-30,2023-08-30 16:28,88870,2022-06-01,2023-05-31,リベレステ株式会社
S100RS80,2023-08-30,2023-08-30 16:42,55750,2022-06-01,2023-05-31,株式会社Ｇｌｏｂｅｅ
S100RS02,2023-08-30,2023-08-30 16:47,33490,2022-06-01,2023-05-31,株式会社コスモス薬品
S100RS8Y,2023-08-31,2023-08-31 09:47,21530,2022-06-01,2023-05-31,Ｅ・Ｊホールディングス株式会社
S100RSAT,2023-08-31,2023-08-31 12:49,78080,2022-06-01,2023-05-31,株式会社シー・エス・ランバー
S100RS4M,2023-08-31,2023-08-31 13:55,76730,2022-06-01,2023-05-31,ダイコー通産株式会社
S100RS0X,2023-08-31,2023-08-31 14:05,61500,2022-06-01,2023-05-31,タケダ機械株式会社
S100RS9E,2023-08-31,2023-08-31 14:59,36450,2022-06-01,2023-05-31,株式会社メディカルネット
S100RS7S,2023-08-31,2023-08-31 15:24,92160,2022-06-01,2023-05-31,ビーウィズ株式会社
S100RQI5,2023-08-31,2023-08-31 15:24,76990,2022-04-01,2023-03-31,オムニ・プラス・システム・リミテッド
S100RRYK,2023-08-31,2023-08-31 15:27,37600,2022-06-01,2023-05-31,株式会社ケイブ
S100RRUR,2023-08-31,2023-08-31 15:30,38100,2022-06-01,2023-05-31,サイバーステップ株式会社
S100RQW8,2023-08-31,2023-08-31 15:30,41980,2022-06-01,2023-05-31,株式会社テンダ
S100RSFU,2023-08-31,2023-08-31 16:30,27960,2022-06-01,2023-05-31,ファーマライズホールディングス株式会社
S100RSGH,2023-08-31,2023-08-31 17:00,14470,2022-04-01,2023-03-31,ＩＴｂｏｏｋホールディングス株式会社
S100RTM1,2023-09-08,2023-09-08 15:03,47480,2022-07-01,2023-06-30,株式会社　構造計画研究所
S100RTVD,2023-09-11,2023-09-11 17:00,99420,2022-07-01,2023-06-30,株式会社ジョイフル
S100RUPI,2023-09-14,2023-09-14 16:08,79620,2022-06-21,2023-06-20,株式会社キングジム
S100RV74,2023-09-15,2023-09-15 15:05,43980,2022-07-01,2023-06-30,株式会社ブロードバンドセキュリティ
S100RUUQ,2023-09-19,2023-09-19 11:37,17390,2022-07-01,2023-06-30,株式会社メルディアＤＣ
S100RVFJ,2023-09-20,2023-09-20 09:53,92670,2022-06-21,2023-06-20,Ｇｅｎｋｙ　ＤｒｕｇＳｔｏｒｅｓ株式会社
S100RV9G,2023-09-20,2023-09-20 10:00,31910,2022-06-21,2023-06-20,株式会社ジョイフル本田
S100RVVU,2023-09-21,2023-09-21 10:56,13810,2022-07-01,2023-06-30,株式会社アクシーズ
S100RVY4,2023-09-21,2023-09-21 14:16,48260,2022-07-01,2023-06-30,株式会社ＣＩＪ
S100RVLN,2023-09-22,2023-09-22 09:14,29040,2022-07-01,2023-06-30,一正蒲鉾株式会社
S100RWAW,2023-09-22,2023-09-22 15:10,39840,2022-07-01,2023-06-30,株式会社ユーザーローカル
S100RVU8,2023-09-22,2023-09-22 15:30,24280,2022-07-01,2023-06-30,ウェルネット株式会社
S100RW1Z,2023-09-25,2023-09-25 09:03,60900,2022-07-01,2023-06-30,ヒューマン・メタボローム・テクノロジーズ株式会社
S100RVPC,2023-09-25,2023-09-25 09:08,61560,2022-07-01,2023-06-30,株式会社エーワン精密
S100RW34,2023-09-25,2023-09-25 09:41,59030,2022-07-01,2023-06-30,シンポ株式会社
S100RWFB,2023-09-25,2023-09-25 10:34,17880,2022-07-01,2023-06-30,株式会社三東工業社
S100RWDF,2023-09-25,2023-09-25 11:31,47670,2022-07-01,2023-06-30,株式会社テー・オー・ダブリュー
S100RVWF,2023-09-25,2023-09-25 12:57,36390,2022-07-01,2023-06-30,株式会社ボルテージ
S100RVSO,2023-09-25,2023-09-25 13:00,38360,2022-07-01,2023-06-30,株式会社アバントグループ
S100RW3B,2023-09-25,2023-09-25 15:05,48450,2022-07-01,2023-06-30,株式会社スカラ
S100RWCJ,2023-09-26,2023-09-26 14:01,30970,2022-07-01,2023-06-30,株式会社物語コーポレーション
S100RWHA,2023-09-26,2023-09-26 14:08,94210,2022-07-01,2023-06-30,株式会社エヌジェイホールディングス
S100RK6R,2023-09-26,2023-09-26 15:00,78130,2022-07-01,2023-06-30,株式会社プラッツ
S100RWSM,2023-09-26,2023-09-26 15:01,73200,2022-07-01,2023-06-30,日本リビング保証株式会社
S100RWI0,2023-09-26,2023-09-26 15:05,45750,2022-07-01,2023-06-30,株式会社キャンバス
S100RWG0,2023-09-26,2023-09-26 15:06,95140,2022-07-01,2023-06-30,株式会社エフオン
S100RWQV,2023-09-26,2023-09-26 15:13,78260,2022-07-01,2023-06-30,株式会社フルヤ金属
S100RWS1,2023-09-26,2023-09-26 16:00,75850,2022-07-01,2023-06-30,株式会社かんなん丸
S100RWNF,2023-09-27,2023-09-27 10:07,93610,2022-07-01,2023-06-30,伏木海陸運送株式会社
S100RX0C,2023-09-27,2023-09-27 10:18,46570,2022-07-01,2023-06-30,株式会社環境管理センター
S100RWX1,2023-09-27,2023-09-27 11:23,21800,2022-07-01,2023-06-30,株式会社サニーサイドアップグループ
S100RVVB,2023-09-27,2023-09-27 11:30,19990,2022-07-01,2023-06-30,サイタホールディングス株式会社
S100RX24,2023-09-27,2023-09-27 11:41,53800,2022-07-01,2023-06-30,新東株式会社
S100RX1M,2023-09-27,2023-09-27 12:30,31400,2022-07-01,2023-06-30,ＢＲＵＮＯ株式会社
S100RX16,2023-09-27,2023-09-27 12:50,89450,2022-07-01,2023-06-30,サンネクスタグループ株式会社
S100RVC1,2023-09-27,2023-09-27 13:03,48470,2022-07-01,2023-06-30,株式会社インテリジェント　ウェイブ
S100RWHI,2023-09-27,2023-09-27 13:05,34260,2022-07-01,2023-06-30,アトムリビンテック株式会社
S100RWWD,2023-09-27,2023-09-27 13:32,40540,2022-07-01,2023-06-30,日本情報クリエイト株式会社
S100RWSR,2023-09-27,2023-09-27 14:46,89120,2022-07-01,2023-06-30,株式会社エリアクエスト
S100RWY3,2023-09-27,2023-09-27 15:00,21540,2022-07-01,2023-06-30,株式会社オープンアップグループ
S100RWQ4,2023-09-27,2023-09-27 15:00,73710,2022-07-01,2023-06-30,全研本社株式会社
S100RWVX,2023-09-27,2023-09-27 15:00,43910,2022-07-01,2023-06-30,ロジザード株式会社
S100RWXT,2023-09-27,2023-09-27 15:01,94170,2022-07-01,2023-06-30,株式会社スマートバリュー
S100RWYP,2023-09-27,2023-09-27 15:02,24770,2022-07-01,2023-06-30,手間いらず株式会社
S100RWMH,2023-09-27,2023-09-27 15:02,60300,2022-07-01,2023-06-30,株式会社アドベンチャー
S100RX7T,2023-09-27,2023-09-27 15:06,30760,2022-07-01,2023-06-30,あいホールディングス株式会社
S100RX47,2023-09-27,2023-09-27 15:12,75320,2022-07-01,2023-06-30,株式会社パン・パシフィック・インターナショナルホールディングス
S100RX7J,2023-09-27,2023-09-27 15:30,44180,2022-07-01,2023-06-30,株式会社ＪＤＳＣ
S100RX3S,2023-09-27,2023-09-27 15:30,78030,2022-07-01,2023-06-30,株式会社ブシロード
S100RX4R,2023-09-27,2023-09-27 15:31,34570,2022-07-01,2023-06-30,株式会社Ａｎｄ　Ｄｏホールディングス
S100RWRR,2023-09-27,2023-09-27 15:57,36550,2022-07-01,2023-06-30,株式会社ブレインパッド
S100RX9O,2023-09-27,2023-09-27 15:58,32710,2022-07-01,2023-06-30,株式会社　ＴＨＥグローバル社
S100RWG7,2023-09-27,2023-09-27 16:00,30820,2022-07-01,2023-06-30,株式会社きちりホールディングス
S100RX4I,2023-09-27,2023-09-27 16:03,66620,2022-07-01,2023-06-30,株式会社ユビテック
S100RVCA,2023-09-27,2023-09-27 16:24,56980,2022-07-01,2023-06-30,株式会社エンビプロ・ホールディングス
S100RWBI,2023-09-27,2023-09-27 16:30,44950,2022-07-01,2023-06-30,株式会社アイキューブドシステムズ
S100RT1Z,2023-09-27,2023-09-27 16:32,91650,2022-07-01,2023-06-30,株式会社クオルテック
S100RXA3,2023-09-27,2023-09-27 16:34,38560,2022-07-01,2023-06-30,Ａｂａｌａｎｃｅ株式会社
S100RXAT,2023-09-27,2023-09-27 16:41,43350,2022-07-01,2023-06-30,株式会社アイ・ピー・エス
S100RWQ5,2023-09-27,2023-09-27 17:00,94390,2022-07-01,2023-06-30,株式会社エム・エイチ・グループ
S100RX5J,2023-09-27,2023-09-27 17:11,60610,2022-07-01,2023-06-30,株式会社ユニバーサル園芸社
S100RWVK,2023-09-28,2023-09-28 09:10,68740,2022-07-01,2023-06-30,協立電機株式会社
S100RX72,2023-09-28,2023-09-28 09:11,65420,2022-07-01,2023-06-30,株式会社ＦＣホールディングス
S100RX22,2023-09-28,2023-09-28 09:13,63270,2022-07-01,2023-06-30,北川精機株式会社
S100RWTE,2023-09-28,2023-09-28 09:16,90280,2022-07-01,2023-06-30,株式会社ゼロ
S100RXC8,2023-09-28,2023-09-28 09:22,52560,2022-07-01,2023-06-30,株式会社Ｆｕｓｉｃ
S100RXGP,2023-09-28,2023-09-28 09:34,43960,2022-07-01,2023-06-30,株式会社システムサポート
S100RWWE,2023-09-28,2023-09-28 09:50,65710,2022-07-01,2023-06-30,キュービーネットホールディングス株式会社
S100RWKV,2023-09-28,2023-09-28 09:53,71350,2022-07-01,2023-06-30,ジャパンクラフトホールディングス株式会社
S100RXH3,2023-09-28,2023-09-28 09:55,55300,2022-07-01,2023-06-30,日本システムバンク株式会社
S100RWUW,2023-09-28,2023-09-28 09:59,35380,2022-07-01,2023-06-30,株式会社ウイルプラスホールディングス
S100RXEK,2023-09-28,2023-09-28 10:05,76360,2022-07-01,2023-06-30,株式会社ハンズマン
S100RXCC,2023-09-28,2023-09-28 10:35,52830,2022-07-01,2023-06-30,株式会社高見澤
S100RX3W,2023-09-28,2023-09-28 10:39,14140,2022-07-01,2023-06-30,ショーボンドホールディングス株式会社
S100RWVR,2023-09-28,2023-09-28 10:57,94500,2022-07-01,2023-06-30,株式会社ファイバーゲート
S100RWWZ,2023-09-28,2023-09-28 11:11,21720,2022-07-01,2023-06-30,株式会社インサイト
S100RXCU,2023-09-28,2023-09-28 11:23,13820,2022-07-01,2023-06-30,株式会社ホーブ
S100RWUD,2023-09-28,2023-09-28 11:25,30410,2022-07-01,2023-06-30,株式会社ビューティ花壇
S100RWZ4,2023-09-28,2023-09-28 11:45,67850,2022-07-01,2023-06-30,株式会社鈴木
S100RXKL,2023-09-28,2023-09-28 11:54,70630,2022-07-01,2023-06-30,株式会社Ｂｉｒｄｍａｎ
S100RX79,2023-09-28,2023-09-28 12:08,35970,2022-07-01,2023-06-30,株式会社自重堂
S100RXLI,2023-09-28,2023-09-28 12:45,60620,2022-07-01,2023-06-30,株式会社チャーム・ケア・コーポレーション
S100RXIU,2023-09-28,2023-09-28 13:02,17160,2022-07-01,2023-06-30,第一カッター興業株式会社
S100RWZY,2023-09-28,2023-09-28 13:16,34390,2022-07-01,2023-06-30,株式会社三ツ知
S100RXME,2023-09-28,2023-09-28 13:16,93440,2022-07-01,2023-06-30,アクシスコンサルティング株式会社
S100RWUT,2023-09-28,2023-09-28 13:36,78120,2022-07-01,2023-06-30,株式会社クレステック
S100RXN6,2023-09-28,2023-09-28 13:56,59870,2022-07-01,2023-06-30,株式会社オーネックス
S100RWV3,2023-09-28,2023-09-28 13:57,24810,2022-07-01,2023-06-30,株式会社タウンニュース社
S100RXMM,2023-09-28,2023-09-28 14:01,49760,2022-07-01,2023-06-30,東洋ドライルーブ株式会社
S100RXEX,2023-09-28,2023-09-28 14:03,62390,2022-07-01,2023-06-30,株式会社ナガオカ
S100RX1R,2023-09-28,2023-09-28 14:04,40180,2022-07-01,2023-06-30,株式会社Ｇｅｏｌｏｃａｔｉｏｎ　Ｔｅｃｈｎｏｌｏｇｙ
S100RWZ2,2023-09-28,2023-09-28 14:15,93460,2022-07-01,2023-06-30,株式会社ココルポート
S100RXND,2023-09-28,2023-09-28 14:23,89280,2022-07-01,2023-06-30,穴吹興産株式会社
S100RXNK,2023-09-28,2023-09-28 14:23,63400,2022-07-01,2023-06-30,澁谷工業株式会社
S100RXGS,2023-09-28,2023-09-28 14:35,65470,2022-07-01,2023-06-30,株式会社グリーンズ
S100RXO4,2023-09-28,2023-09-28 14:44,31540,2022-07-01,2023-06-30,メディアスホールディングス株式会社
S100RXO1,2023-09-28,2023-09-28 14:53,60360,2022-07-01,2023-06-30,ＫｅｅＰｅｒ技研株式会社
S100RWSK,2023-09-28,2023-09-28 14:55,76710,2022-07-01,2023-06-30,株式会社ＡｍｉｄＡホールディングス
S100RWNQ,2023-09-28,2023-09-28 14:55,23850,2022-07-01,2023-06-30,株式会社総医研ホールディングス
S100RWEQ,2023-09-28,2023-09-28 15:00,58840,2022-07-01,2023-06-30,株式会社クラダシ
S100RXOA,2023-09-28,2023-09-28 15:00,50740,2022-07-01,2023-06-30,テスホールディングス株式会社
S100RXAU,2023-09-28,2023-09-28 15:00,78090,2022-07-01,2023-06-30,株式会社壽屋
S100RX1K,2023-09-28,2023-09-28 15:00,52540,2022-07-01,2023-06-30,株式会社Ａｒｅｎｔ
S100RX5A,2023-09-28,2023-09-28 15:01,44780,2022-07-01,2023-06-30,フリー株式会社
S100RXB9,2023-09-28,2023-09-28 15:06,36750,2022-07-01,2023-06-30,株式会社クロス・マーケティンググループ
S100RXP9,2023-09-28,2023-09-28 15:12,65970,2022-07-01,2023-06-30,ＨＰＣシステムズ株式会社
S100RXE9,2023-09-28,2023-09-28 15:16,39780,2022-07-01,2023-06-30,株式会社マクロミル
S100RXM7,2023-09-28,2023-09-28 15:30,43260,2022-07-01,2023-06-30,株式会社インテージホールディングス
S100RX6X,2023-09-28,2023-09-28 15:32,30280,2022-07-01,2023-06-30,株式会社アルペン
S100RXB5,2023-09-28,2023-09-28 15:34,31350,2022-07-01,2023-06-30,株式会社マーケットエンタープライズ
S100RXQ2,2023-09-28,2023-09-28 15:50,39160,2022-07-01,2023-06-30,デジタル・インフォメーション・テクノロジー株式会社
S100RXDJ,2023-09-28,2023-09-28 15:54,78210,2022-07-01,2023-06-30,前田工繊株式会社
S100RX8V,2023-09-28,2023-09-28 16:00,43850,2022-07-01,2023-06-30,株式会社メルカリ
S100RXK0,2023-09-28,2023-09-28 16:00,60280,2022-07-01,2023-06-30,テクノプロ・ホールディングス株式会社
S100RXQ5,2023-09-28,2023-09-28 16:03,62270,2022-07-01,2023-06-30,ＡＩメカテック株式会社
S100RX1F,2023-09-28,2023-09-28 16:06,36320,2022-07-01,2023-06-30,グリー株式会社
S100RXQ4,2023-09-28,2023-09-28 16:14,77810,2022-07-01,2023-06-30,株式会社平山ホールディングス
S100RWRO,2023-09-28,2023-09-28 16:26,67280,2022-07-01,2023-06-30,株式会社　アルバック
S100RWZQ,2023-09-28,2023-09-28 16:45,69200,2022-07-01,2023-06-30,レーザーテック株式会社
S100RXAC,2023-09-29,2023-09-29 09:03,75000,2022-07-01,2023-06-30,西川計測株式会社
S100RXRZ,2023-09-29,2023-09-29 09:23,73690,2022-07-01,2023-06-30,株式会社メイホーホールディングス
S100RWXB,2023-09-29,2023-09-29 09:34,77470,2022-07-01,2023-06-30,朝日インテック株式会社
S100RWAX,2023-09-29,2023-09-29 09:36,73770,2022-07-01,2023-06-30,ＤＮホールディングス株式会社
S100RXVO,2023-09-29,2023-09-29 09:39,34460,2022-07-01,2023-06-30,株式会社ジェイテックコーポレーション
S100RXW3,2023-09-29,2023-09-29 09:45,28200,2022-07-01,2023-06-30,株式会社やまみ
S100RXAP,2023-09-29,2023-09-29 09:54,14310,2022-07-01,2023-06-30,株式会社Ｌｉｂ　Ｗｏｒｋ
S100RXVJ,2023-09-29,2023-09-29 09:56,17640,2022-07-01,2023-06-30,工藤建設株式会社
S100RWIR,2023-09-29,2023-09-29 10:00,26890,2022-07-01,2023-06-30,オルバヘルスケアホールディングス株式会社
S100RXFN,2023-09-29,2023-09-29 10:10,68880,2022-07-01,2023-06-30,アクモス株式会社
S100RXQX,2023-09-29,2023-09-29 10:21,29620,2022-07-01,2023-06-30,株式会社テクニスコ
S100RXVT,2023-09-29,2023-09-29 10:55,36250,2022-07-01,2023-06-30,テックファームホールディングス株式会社
S100RXZU,2023-09-29,2023-09-29 11:33,40680,2022-07-01,2023-06-30,ベイシス株式会社
S100RY04,2023-09-29,2023-09-29 11:34,91590,2022-07-01,2023-06-30,株式会社Ｗ　ＴＯＫＹＯ
S100RXLX,2023-09-29,2023-09-29 11:56,34690,2022-07-01,2023-06-30,株式会社デュアルタップ
S100RXZ1,2023-09-29,2023-09-29 12:15,32860,2022-07-01,2023-06-30,トラストホールディングス株式会社
S100RY2A,2023-09-29,2023-09-29 13:20,95570,2022-07-01,2023-06-30,株式会社エアークローゼット
S100RWW0,2023-09-29,2023-09-29 13:30,40730,2022-07-01,2023-06-30,株式会社ジィ・シィ企画
S100RXK1,2023-09-29,2023-09-29 14:26,27620,2022-07-01,2023-06-30,株式会社ＳＡＮＫＯ　ＭＡＲＫＥＴＩＮＧ　ＦＯＯＤＳ
S100RY19,2023-09-29,2023-09-29 15:00,92190,2022-07-01,2023-06-30,株式会社ギックス
S100RY4L,2023-09-29,2023-09-29 15:00,40520,2022-07-01,2023-06-30,フィーチャ株式会社
S100RY24,2023-09-29,2023-09-29 15:00,91620,2022-07-01,2023-06-30,株式会社ブリーチ
S100RWGS,2023-09-29,2023-09-29 15:00,33000,2022-07-01,2023-06-30,株式会社アンビションＤＸホールディングス
S100RY2Y,2023-09-29,2023-09-29 15:00,51250,2022-07-01,2023-06-30,株式会社ファインズ
S100RWVF,2023-09-29,2023-09-29 15:00,42630,2022-07-01,2023-06-30,サスメド株式会社
S100RXYB,2023-09-29,2023-09-29 15:02,93400,2022-07-01,2023-06-30,株式会社アソインターナショナル
S100RX6B,2023-09-29,2023-09-29 15:06,38080,2022-07-01,2023-06-30,株式会社オウケイウェイヴ
S100RWOJ,2023-09-29,2023-09-29 15:06,55820,2022-07-01,2023-06-30,株式会社グリッド
S100RXR0,2023-09-29,2023-09-29 15:11,29380,2022-07-01,2023-06-30,株式会社オカムラ食品工業
S100RXUS,2023-09-29,2023-09-29 15:15,49300,2022-07-01,2023-06-30,株式会社グラフィコ
S100RXIZ,2023-09-29,2023-09-29 15:25,36600,2022-07-01,2023-06-30,株式会社アイスタイル
S100RY67,2023-09-29,2023-09-29 15:30,77070,2022-07-01,2023-06-30,プレシジョン・システム・サイエンス株式会社
S100RY37,2023-09-29,2023-09-29 15:39,92730,2022-07-01,2023-06-30,コーア商事ホールディングス株式会社
S100RY6E,2023-09-29,2023-09-29 15:43,39860,2022-07-01,2023-06-30,株式会社ビーブレイクシステムズ
S100RY00,2023-09-29,2023-09-29 15:44,60380,2022-07-01,2023-06-30,株式会社イード
S100RY6Q,2023-09-29,2023-09-29 15:47,73250,2022-07-01,2023-06-30,株式会社アイリックコーポレーション
S100RXXL,2023-09-29,2023-09-29 15:49,36280,2022-07-01,2023-06-30,株式会社データホライゾン
S100RY6P,2023-09-29,2023-09-29 16:02,39580,2022-07-01,2023-06-30,笹徳印刷株式会社
S100RY70,2023-09-29,2023-09-29 16:03,32420,2022-07-01,2023-06-30,株式会社アーバネットコーポレーション
S100RY7W,2023-09-29,2023-09-29 16:45,74090,2022-07-01,2023-06-30,ＡｅｒｏＥｄｇｅ株式会社
S100RXXX,2023-09-29,2023-09-29 16:49,73750,2022-07-01,2023-06-30,株式会社リファインバースグループ
S100RXST,2023-09-29,2023-09-29 16:49,50340,2022-07-01,2023-06-30,株式会社ｕｎｅｒｒｙ
S100RWXG,2023-09-29,2023-09-29 16:50,60310,2022-07-01,2023-06-30,サイジニア株式会社
S100S0ZW,2023-10-16,2023-10-16 11:49,80570,2022-07-21,2023-07-20,株式会社内田洋行
S100S1OD,2023-10-20,2023-10-20 14:47,34210,2022-08-01,2023-07-31,株式会社稲葉製作所
S100S275,2023-10-24,2023-10-24 13:16,63870,2022-08-01,2023-07-31,サムコ　株式会社
S100S1XC,2023-10-24,2023-10-24 13:58,23910,2022-08-01,2023-07-31,株式会社プラネット
S100S2HA,2023-10-25,2023-10-25 10:56,18440,2022-08-01,2023-07-31,株式会社大盛工業
S100S2BA,2023-10-25,2023-10-25 12:01,31930,2022-08-01,2023-07-31,株式会社鳥貴族ホールディングス
S100S2BV,2023-10-25,2023-10-25 12:16,71260,2022-08-01,2023-07-31,グローバルスタイル株式会社
S100RZZX,2023-10-25,2023-10-25 12:40,65770,2022-08-01,2023-07-31,株式会社ベストワンドットコム
S100S1VG,2023-10-25,2023-10-25 15:00,41940,2022-08-01,2023-07-31,ビジョナル株式会社
S100S2MB,2023-10-25,2023-10-25 15:49,78500,2022-08-01,2023-07-31,総合商研株式会社
S100S2IX,2023-10-25,2023-10-25 16:02,29290,2022-08-01,2023-07-31,株式会社ファーマフーズ
S100S2AB,2023-10-26,2023-10-26 11:19,48240,2022-08-01,2023-07-31,株式会社メディアシーク
S100S2RX,2023-10-26,2023-10-26 11:19,45990,2022-08-01,2023-07-31,株式会社ステムリム
S100S2NI,2023-10-26,2023-10-26 13:15,34580,2022-08-01,2023-07-31,株式会社シーアールイー
S100RZLE,2023-10-26,2023-10-26 15:01,24240,2022-08-01,2023-07-31,株式会社ブラス
S100S2IN,2023-10-26,2023-10-26 15:01,36620,2022-08-01,2023-07-31,株式会社エイチーム
S100S2PA,2023-10-26,2023-10-26 15:30,70970,2022-08-01,2023-07-31,株式会社さくらさくプラス
S100S2UY,2023-10-26,2023-10-26 15:33,38540,2022-08-01,2023-07-31,株式会社アイル
S100S2UO,2023-10-26,2023-10-26 16:00,44460,2022-08-01,2023-07-31,株式会社Ｌｉｎｋ－Ｕ
S100S2GE,2023-10-26,2023-10-26 16:17,44220,2022-08-01,2023-07-31,ＶＡＬＵＥＮＥＸ株式会社
S100S2XF,2023-10-26,2023-10-26 16:37,34180,2022-08-01,2023-07-31,株式会社バルニバービ
S100S2ZV,2023-10-27,2023-10-27 09:34,92420,2022-08-01,2023-07-31,メディア総研株式会社
S100S2F5,2023-10-27,2023-10-27 10:05,60910,2022-08-01,2023-07-31,株式会社ウエスコホールディングス
S100S31C,2023-10-27,2023-10-27 10:55,34410,2022-08-01,2023-07-31,株式会社山王
S100S31F,2023-10-27,2023-10-27 10:57,62250,2022-08-01,2023-07-31,株式会社エコム
S100S2U7,2023-10-27,2023-10-27 11:25,31720,2022-08-01,2023-07-31,ティーライフ株式会社
S100S2QH,2023-10-27,2023-10-27 11:36,76920,2022-08-01,2023-07-31,株式会社アースインフィニティ
S100S254,2023-10-27,2023-10-27 12:07,55720,2022-08-01,2023-07-31,株式会社Ｒｉｄｇｅ－ｉ
S100S329,2023-10-27,2023-10-27 13:11,60370,2022-08-01,2023-07-31,株式会社ファーストロジック
S100S32Y,2023-10-27,2023-10-27 15:00,39880,2022-08-01,2023-07-31,株式会社ＳＹＳホールディングス
S100S346,2023-10-27,2023-10-27 15:00,40750,2022-08-01,2023-07-31,ブレインズテクノロジー株式会社
S100S2YU,2023-10-27,2023-10-27 15:01,40140,2022-08-01,2023-07-31,株式会社カラダノート
S100S2J3,2023-10-27,2023-10-27 15:06,65350,2022-08-01,2023-07-31,株式会社アイモバイル
S100S35E,2023-10-27,2023-10-27 15:30,51310,2022-08-01,2023-07-31,リンカーズ株式会社
S100S1UH,2023-10-27,2023-10-27 16:03,43840,2022-08-01,2023-07-31,ラクスル株式会社
S100S328,2023-10-27,2023-10-27 16:07,29780,2022-08-01,2023-07-31,株式会社ツクルバ
S100S2YI,2023-10-27,2023-10-27 16:47,78100,2022-08-01,2023-07-31,株式会社クロスフォー
S100S36N,2023-10-27,2023-10-27 17:00,73790,2022-08-01,2023-07-31,株式会社サーキュレーション
S100S244,2023-10-30,2023-10-30 09:04,62670,2022-08-01,2023-07-31,ゼネラルパッカー株式会社
S100S38R,2023-10-30,2023-10-30 10:02,71100,2022-08-01,2023-07-31,株式会社クラシコム
S100S286,2023-10-30,2023-10-30 11:58,92620,2022-08-01,2023-07-31,株式会社シルバーライフ
S100S31G,2023-10-30,2023-10-30 14:05,49360,2022-08-01,2023-07-31,株式会社アクシージア
S100S3DD,2023-10-30,2023-10-30 14:49,39300,2022-08-01,2023-07-31,株式会社はてな
S100S381,2023-10-30,2023-10-30 15:00,92350,2022-08-01,2023-07-31,株式会社売れるネット広告社
S100S39M,2023-10-30,2023-10-30 15:00,34970,2022-08-01,2023-07-31,株式会社ＬｅＴｅｃｈ
S100S3D0,2023-10-30,2023-10-30 15:00,49340,2022-08-01,2023-07-31,プレミアアンチエイジング株式会社
S100S32S,2023-10-30,2023-10-30 15:00,76820,2022-08-01,2023-07-31,株式会社浜木綿
S100S3CO,2023-10-30,2023-10-30 15:37,38160,2022-08-01,2023-07-31,株式会社大和コンピューター
S100S37B,2023-10-30,2023-10-30 15:47,29910,2022-08-01,2023-07-31,株式会社ランドネット
S100S3EE,2023-10-30,2023-10-30 15:52,92400,2022-08-01,2023-07-31,株式会社デリバリーコンサルティング
S100S3FZ,2023-10-30,2023-10-30 16:42,67780,2022-08-01,2023-07-31,株式会社アルチザネットワークス
S100S3CI,2023-10-31,2023-10-31 10:19,23530,2022-08-01,2023-07-31,日本駐車場開発株式会社
S100S3LU,2023-10-31,2023-10-31 14:33,89270,2022-08-01,2023-07-31,株式会社明豊エンタープライズ
S100S2RA,2023-10-31,2023-10-31 14:46,89250,2022-08-01,2023-07-31,株式会社アルデプロ
S100S33I,2023-10-31,2023-10-31 14:57,60400,2022-08-01,2023-07-31,日本スキー場開発株式会社
S100S3FO,2023-10-31,2023-10-31 15:30,14440,2022-08-01,2023-07-31,株式会社ニッソウ
S100S3L8,2023-10-31,2023-10-31 16:12,35390,2022-08-01,2023-07-31,株式会社ＪＭホールディングス
S100S3I8,2023-10-31,2023-10-31 16:49,95560,2022-08-01,2023-07-31,ＩＮＴＬＯＯＰ株式会社
S100S4HP,2023-11-08,2023-11-08 13:31,30350,2022-08-21,2023-08-20,ケイティケイ株式会社
S100SB8Q,2023-11-16,2023-11-16 09:45,94140,2022-09-01,2023-08-31,日本ＢＳ放送株式会社
S100SB3T,2023-11-17,2023-11-17 09:23,78700,2022-08-21,2023-08-20,福島印刷株式会社
S100SBJE,2023-11-17,2023-11-17 11:33,76070,2022-09-01,2023-08-31,株式会社進和
S100SBCR,2023-11-20,2023-11-20 11:23,46680,2022-09-01,2023-08-31,株式会社明光ネットワークジャパン
S100SC5K,2023-11-21,2023-11-21 15:32,39910,2022-09-01,2023-08-31,ウォンテッドリー株式会社
S100SC8R,2023-11-22,2023-11-22 10:45,77300,2022-09-01,2023-08-31,マニー株式会社
S100SBYH,2023-11-22,2023-11-22 13:52,19970,2022-09-01,2023-08-31,暁飯島工業株式会社
S100SBRL,2023-11-22,2023-11-22 15:53,31680,2022-09-01,2023-08-31,黒谷株式会社
S100SCKV,2023-11-24,2023-11-24 09:16,62640,2022-09-01,2023-08-31,株式会社マルマエ
S100SCK9,2023-11-24,2023-11-24 09:32,35360,2022-09-01,2023-08-31,アクサスホールディングス株式会社
S100SBRA,2023-11-24,2023-11-24 09:49,81270,2022-09-01,2023-08-31,ヤマトインターナショナル株式会社
S100SBV6,2023-11-24,2023-11-24 09:57,74530,2022-09-01,2023-08-31,株式会社　良品計画
S100SCKU,2023-11-24,2023-11-24 10:16,75130,2022-09-01,2023-08-31,株式会社コジマ
S100SCE7,2023-11-24,2023-11-24 12:24,74470,2022-09-01,2023-08-31,ナガイレーベン株式会社
S100SCPM,2023-11-24,2023-11-24 13:59,21640,2022-09-01,2023-08-31,株式会社地域新聞社
S100SCPZ,2023-11-24,2023-11-24 14:18,51290,2022-09-01,2023-08-31,株式会社ＦＩＸＥＲ
S100SCIX,2023-11-24,2023-11-24 15:00,70850,2022-09-01,2023-08-31,株式会社カーブスホールディングス
S100SCJ8,2023-11-24,2023-11-24 15:07,39870,2022-09-01,2023-08-31,エコモット株式会社
S100SCP0,2023-11-24,2023-11-24 15:29,30480,2022-09-01,2023-08-31,株式会社ビックカメラ
S100SCK7,2023-11-24,2023-11-24 16:32,61590,2022-09-01,2023-08-31,ミクロン精密株式会社
S100SCST,2023-11-24,2023-11-24 16:39,38150,2022-09-01,2023-08-31,株式会社メディア工房
S100SCQ8,2023-11-27,2023-11-27 13:43,14070,2022-09-01,2023-08-31,株式会社ウエストホールディングス
S100SCTB,2023-11-27,2023-11-27 14:07,61990,2022-09-01,2023-08-31,株式会社セラク
S100SC7S,2023-11-27,2023-11-27 15:30,35600,2022-09-01,2023-08-31,株式会社ほぼ日
S100SBUL,2023-11-27,2023-11-27 15:41,65220,2022-09-01,2023-08-31,株式会社アスタリスク
S100SCTS,2023-11-27,2023-11-27 15:51,92700,2022-09-01,2023-08-31,バリュエンスホールディングス株式会社
S100SCT1,2023-11-28,2023-11-28 09:32,47600,2022-09-01,2023-08-31,株式会社アルファ
S100SCMG,2023-11-28,2023-11-28 11:55,43970,2022-09-01,2023-08-31,株式会社チームスピリット
S100SCUL,2023-11-28,2023-11-28 12:46,72190,2022-09-01,2023-08-31,株式会社エッチ・ケー・エス
S100SD0O,2023-11-28,2023-11-28 13:18,27350,2022-09-01,2023-08-31,株式会社ワッツ
S100SCWN,2023-11-28,2023-11-28 13:31,75810,2022-09-01,2023-08-31,株式会社サイゼリヤ
S100SD2P,2023-11-28,2023-11-28 14:23,29270,2022-09-01,2023-08-31,株式会社ＡＦＣ－ＨＤアムスライフサイエンス
S100SCKR,2023-11-28,2023-11-28 14:55,14340,2022-09-01,2023-08-31,ＪＥＳＣＯホールディングス株式会社
S100SD6N,2023-11-28,2023-11-28 15:00,41990,2022-09-01,2023-08-31,ワンダープラネット株式会社
S100SCPH,2023-11-28,2023-11-28 15:00,44400,2022-09-01,2023-08-31,株式会社ヴィッツ
S100SD96,2023-11-28,2023-11-28 15:38,78050,2022-09-01,2023-08-31,プリントネット株式会社
S100SD3V,2023-11-28,2023-11-28 16:05,92520,2022-09-01,2023-08-31,株式会社ラストワンマイル
S100SD8H,2023-11-28,2023-11-28 16:30,36470,2022-09-01,2023-08-31,株式会社ジー・スリーホールディングス
S100SDC9,2023-11-28,2023-11-28 16:49,30450,2022-09-01,2023-08-31,株式会社カワサキ
S100SDDQ,2023-11-29,2023-11-29 10:00,62890,2022-09-01,2023-08-31,株式会社技研製作所
S100SDHB,2023-11-29,2023-11-29 10:38,79280,2022-09-01,2023-08-31,旭化学工業株式会社
S100SD7R,2023-11-29,2023-11-29 10:48,24840,2022-09-01,2023-08-31,株式会社出前館
S100SCXB,2023-11-29,2023-11-29 11:02,29990,2022-09-01,2023-08-31,ホームポジション株式会社
S100SD98,2023-11-29,2023-11-29 12:00,40150,2022-09-01,2023-08-31,アララ株式会社
S100SDH6,2023-11-29,2023-11-29 12:44,70350,2022-09-01,2023-08-31,ａｎｄ　ｆａｃｔｏｒｙ株式会社
S100SDFG,2023-11-29,2023-11-29 13:04,36070,2022-09-01,2023-08-31,株式会社クラウディアホールディングス
S100SDDX,2023-11-29,2023-11-29 13:21,34400,2022-09-01,2023-08-31,日創プロニティ株式会社
S100SBDS,2023-11-29,2023-11-29 13:42,60480,2022-09-01,2023-08-31,株式会社デザインワン・ジャパン
S100SDF5,2023-11-29,2023-11-29 13:59,21570,2022-09-01,2023-08-31,株式会社コシダカホールディングス
S100SDLE,2023-11-29,2023-11-29 14:35,44390,2022-09-01,2023-08-31,株式会社東名
S100SDFA,2023-11-29,2023-11-29 15:00,50260,2022-09-01,2023-08-31,株式会社トリプルアイズ
S100SD74,2023-11-29,2023-11-29 15:00,95600,2022-09-01,2023-08-31,株式会社プログリット
S100SDKY,2023-11-29,2023-11-29 15:00,55740,2022-09-01,2023-08-31,株式会社ＡＢＥＪＡ
S100SDE6,2023-11-29,2023-11-29 15:00,55800,2022-09-01,2023-08-31,株式会社プロディライト
S100SD1O,2023-11-29,2023-11-29 15:00,44120,2022-09-01,2023-08-31,株式会社サイエンスアーツ
S100SCTK,2023-11-29,2023-11-29 15:03,75140,2022-09-01,2023-08-31,株式会社　ヒマラヤ
S100SDLG,2023-11-29,2023-11-29 15:03,66680,2022-09-01,2023-08-31,株式会社アドテックプラズマテクノロジー
S100SDMM,2023-11-29,2023-11-29 15:19,34980,2022-09-01,2023-08-31,霞ヶ関キャピタル株式会社
S100SD2N,2023-11-29,2023-11-29 15:25,78180,2022-09-01,2023-08-31,株式会社トランザクション
S100SDJ5,2023-11-29,2023-11-29 15:26,92410,2022-09-01,2023-08-31,株式会社フューチャーリンクネットワーク
S100SDMB,2023-11-29,2023-11-29 15:30,70650,2022-09-01,2023-08-31,ユーピーアール株式会社
S100SDGD,2023-11-29,2023-11-29 15:30,24490,2022-09-01,2023-08-31,株式会社プラップジャパン
S100SDG8,2023-11-29,2023-11-29 15:35,31740,2022-09-01,2023-08-31,株式会社ハピネス・アンド・ディ
S100SDN5,2023-11-29,2023-11-29 15:37,38230,2022-09-01,2023-08-31,ＴＨＥ　ＷＨＹ　ＨＯＷ　ＤＯ　ＣＯＭＰＡＮＹ株式会社
S100SDN1,2023-11-29,2023-11-29 15:37,55780,2022-09-01,2023-08-31,ＡＲアドバンストテクノロジ株式会社
S100SDNI,2023-11-29,2023-11-29 15:49,27360,2022-09-01,2023-08-31,フェスタリアホールディングス株式会社
S100SDNT,2023-11-29,2023-11-29 15:58,92640,2022-09-01,2023-08-31,ポエック株式会社
S100SDCO,2023-11-29,2023-11-29 16:00,30460,2022-09-01,2023-08-31,株式会社ジンズホールディングス
S100SD99,2023-11-29,2023-11-29 16:00,93310,2022-09-01,2023-08-31,株式会社キャスター
S100SDBS,2023-11-29,2023-11-29 16:03,99790,2022-09-01,2023-08-31,株式会社大庄
S100SDAX,2023-11-29,2023-11-29 16:08,44330,2022-09-01,2023-08-31,株式会社ヒト・コミュニケーションズ・ホールディングス
S100SDEF,2023-11-29,2023-11-29 16:19,74450,2022-09-01,2023-08-31,株式会社ライトオン
S100SDFR,2023-11-29,2023-11-29 16:23,36970,2022-09-01,2023-08-31,株式会社ＳＨＩＦＴ
S100SDKS,2023-11-29,2023-11-29 17:00,73520,2022-09-01,2023-08-31,株式会社ＴＷＯＳＴＯＮＥ＆Ｓｏｎｓ
S100SBR1,2023-11-30,2023-11-30 09:30,31890,2022-09-01,2023-08-31,株式会社ＡＮＡＰ
S100SDQ5,2023-11-30,2023-11-30 09:47,62550,2022-09-01,2023-08-31,株式会社エヌ・ピー・シー
S100SDR7,2023-11-30,2023-11-30 10:12,99780,2022-09-01,2023-08-31,株式会社文教堂グループホールディングス
S100SDSE,2023-11-30,2023-11-30 10:38,47280,2022-09-01,2023-08-31,株式会社トーセ
S100SDSF,2023-11-30,2023-11-30 10:42,60250,2022-09-01,2023-08-31,日本ＰＣサービス株式会社
S100SDVV,2023-11-30,2023-11-30 12:22,24040,2022-09-01,2023-08-31,株式会社鉄人化計画
S100SDW7,2023-11-30,2023-11-30 12:57,51270,2022-09-01,2023-08-31,株式会社グッピーズ
S100SD9V,2023-11-30,2023-11-30 13:01,99830,2022-09-01,2023-08-31,株式会社ファーストリテイリング
S100SDKR,2023-11-30,2023-11-30 14:29,43700,2022-09-01,2023-08-31,モビルス株式会社
S100SDXW,2023-11-30,2023-11-30 14:33,82540,2022-09-01,2023-08-31,株式会社さいか屋
S100SDXX,2023-11-30,2023-11-30 15:00,41760,2022-09-01,2023-08-31,株式会社ココナラ
S100SD3A,2023-11-30,2023-11-30 15:00,73510,2022-09-01,2023-08-31,株式会社グッドパッチ
S100SDWS,2023-11-30,2023-11-30 15:04,35410,2022-09-01,2023-08-31,株式会社農業総合研究所
S100SDPT,2023-11-30,2023-11-30 15:06,73730,2022-09-01,2023-08-31,株式会社アイドマ・ホールディングス
S100SDMN,2023-11-30,2023-11-30 15:09,94180,2022-09-01,2023-08-31,株式会社ＵＳＥＮ－ＮＥＸＴ　ＨＯＬＤＩＮＧＳ
S100SDYE,2023-11-30,2023-11-30 15:34,89040,2022-09-01,2023-08-31,株式会社ＡＶＡＮＴＩＡ
S100SF3Z,2023-12-07,2023-12-07 11:34,55320,2022-10-01,2023-09-30,株式会社リアルゲイト
S100SFMW,2023-12-08,2023-12-08 15:01,44790,2022-10-01,2023-09-30,株式会社マクアケ
S100SFQ1,2023-12-08,2023-12-08 15:14,47510,2022-10-01,2023-09-30,株式会社サイバーエージェント
S100SEXP,2023-12-08,2023-12-08 17:00,49280,2022-10-01,2023-09-30,株式会社ノエビアホールディングス
S100SGON,2023-12-14,2023-12-14 10:01,61940,2022-10-01,2023-09-30,株式会社アトラエ
S100SG7A,2023-12-14,2023-12-14 13:24,25510,2022-09-21,2023-09-20,マルサンアイ株式会社
S100SGHA,2023-12-14,2023-12-14 15:10,92330,2022-10-01,2023-09-30,アジア航測株式会社
S100SGQG,2023-12-14,2023-12-14 16:01,70690,2022-10-01,2023-09-30,株式会社サイバー・バズ
S100SEX5,2023-12-15,2023-12-15 09:08,73300,2022-10-01,2023-10-02,レオス・キャピタルワークス株式会社
S100SFI6,2023-12-15,2023-12-15 09:18,73300,2022-10-01,2023-10-02,レオス・キャピタルワークス株式会社
S100SFIW,2023-12-15,2023-12-15 09:23,73300,2022-10-01,2023-10-02,レオス・キャピタルワークス株式会社
S100SGUC,2023-12-15,2023-12-15 11:27,62770,2022-10-01,2023-09-30,ホソカワミクロン株式会社
S100SH38,2023-12-15,2023-12-15 13:55,23090,2022-10-01,2023-09-30,シミックホールディングス株式会社
S100SH6M,2023-12-15,2023-12-15 14:54,94760,2022-10-01,2023-09-30,株式会社中央経済社ホールディングス
S100SGWA,2023-12-15,2023-12-15 15:07,66770,2022-10-01,2023-09-30,株式会社エスケーエレクトロニクス
S100SH70,2023-12-15,2023-12-15 16:50,33280,2022-10-01,2023-09-30,ＢＥＥＮＯＳ株式会社
S100SH8S,2023-12-18,2023-12-18 09:33,75390,2022-10-01,2023-09-30,株式会社アイナボホールディングス
S100SHB9,2023-12-18,2023-12-18 10:18,47690,2022-10-01,2023-09-30,株式会社ＩＣ
S100SH88,2023-12-18,2023-12-18 10:41,97950,2022-10-01,2023-09-30,株式会社ステップ
S100SHDR,2023-12-18,2023-12-18 11:33,62000,2022-10-01,2023-09-30,株式会社インソース
S100SGQH,2023-12-18,2023-12-18 11:47,37230,2022-10-01,2023-09-30,日本ファルコム株式会社
S100SH8G,2023-12-18,2023-12-18 13:10,97460,2022-10-01,2023-09-30,株式会社　ＴＫＣ
S100SHE5,2023-12-18,2023-12-18 14:07,87980,2022-10-01,2023-09-30,株式会社アドバンスクリエイト
S100SGYP,2023-12-18,2023-12-18 15:00,73610,2022-10-01,2023-09-30,株式会社ヒューマンクリエイションホールディングス
S100SHAF,2023-12-18,2023-12-18 15:00,24100,2022-10-01,2023-09-30,株式会社キャリアデザインセンター
S100SH7J,2023-12-18,2023-12-18 15:14,40510,2022-10-01,2023-09-30,ＧＭＯフィナンシャルゲート株式会社
S100SH7A,2023-12-18,2023-12-18 15:31,32540,2022-10-01,2023-09-30,株式会社プレサンスコーポレーション
S100SHAA,2023-12-18,2023-12-18 16:17,37690,2022-10-01,2023-09-30,ＧＭＯペイメントゲートウェイ株式会社
S100SHIP,2023-12-18,2023-12-18 16:45,23040,2022-10-01,2023-09-30,株式会社ＣＳＳホールディングス
S100SHKW,2023-12-19,2023-12-19 11:40,61760,2022-10-01,2023-09-30,株式会社ブランジスタ
S100SHF0,2023-12-19,2023-12-19 12:48,76460,2022-09-21,2023-09-20,株式会社ＰＬＡＮＴ
S100SHP0,2023-12-19,2023-12-19 13:58,36360,2022-10-01,2023-09-30,株式会社三菱総合研究所
S100SHIK,2023-12-19,2023-12-19 14:48,75050,2022-10-01,2023-09-30,扶桑電通株式会社
S100SHL2,2023-12-19,2023-12-19 15:00,60950,2022-10-01,2023-09-30,メドピア株式会社
S100SHBX,2023-12-20,2023-12-20 09:21,68770,2022-10-01,2023-09-30,ＯＢＡＲＡ　ＧＲＯＵＰ株式会社
S100SI0P,2023-12-20,2023-12-20 12:43,43460,2022-10-01,2023-09-30,株式会社ネクシィーズグループ
S100SI1E,2023-12-20,2023-12-20 13:18,36870,2022-10-01,2023-09-30,株式会社フィックスターズ
S100SHSD,2023-12-20,2023-12-20 14:16,75270,2022-10-01,2023-09-30,株式会社システムソフト
S100SHFC,2023-12-20,2023-12-20 15:00,49310,2022-10-01,2023-09-30,新日本製薬株式会社
S100SHQ6,2023-12-20,2023-12-20 15:01,39200,2022-10-01,2023-09-30,アイビーシー株式会社
S100SHNJ,2023-12-20,2023-12-20 15:01,43200,2022-10-01,2023-09-30,株式会社ＣＥホールディングス
S100SHLE,2023-12-20,2023-12-20 15:06,34610,2022-10-01,2023-09-30,株式会社パルマ
S100SHU8,2023-12-20,2023-12-20 15:07,61890,2022-10-01,2023-09-30,株式会社グローバルキッズＣＯＭＰＡＮＹ
S100SHVX,2023-12-20,2023-12-20 15:12,48090,2022-10-01,2023-09-30,パラカ株式会社
S100SI5P,2023-12-20,2023-12-20 15:40,95530,2022-10-01,2023-09-30,株式会社マイクロアド
S100SI6D,2023-12-20,2023-12-20 16:06,73560,2022-10-01,2023-09-30,Ｒｅｔｔｙ株式会社
S100SI12,2023-12-20,2023-12-20 16:27,73860,2022-10-01,2023-09-30,ジャパンワランティサポート株式会社
S100SHR2,2023-12-20,2023-12-20 16:31,62840,2022-10-01,2023-09-30,日精エー・エス・ビー機械株式会社
S100SHP9,2023-12-21,2023-12-21 09:06,96990,2022-10-01,2023-09-30,ニシオホールディングス株式会社
S100SI3F,2023-12-21,2023-12-21 09:14,29260,2022-10-01,2023-09-30,株式会社　篠崎屋
S100SHTA,2023-12-21,2023-12-21 09:15,74460,2022-10-01,2023-09-30,東北化学薬品株式会社
S100SI0U,2023-12-21,2023-12-21 09:55,29170,2022-10-01,2023-09-30,株式会社大森屋
S100SI9A,2023-12-21,2023-12-21 10:00,70720,2022-10-01,2023-09-30,株式会社インティメート・マージャー
S100SI81,2023-12-21,2023-12-21 13:40,63160,2022-10-01,2023-09-30,株式会社丸山製作所
S100SIGA,2023-12-21,2023-12-21 13:58,61920,2022-10-01,2023-09-30,ハイアス・アンド・カンパニー株式会社
S100SI30,2023-12-21,2023-12-21 14:28,17710,2022-10-01,2023-09-30,日本乾溜工業株式会社
S100SG8B,2023-12-21,2023-12-21 14:33,89440,2022-10-01,2023-09-30,株式会社ランドビジネス
S100SHZH,2023-12-21,2023-12-21 15:00,55860,2022-10-01,2023-09-30,株式会社Ｌａｂｏｒｏ．ＡＩ
S100SII7,2023-12-21,2023-12-21 15:00,44990,2022-10-01,2023-09-30,株式会社Ｓｐｅｅｅ
S100SI7J,2023-12-21,2023-12-21 15:01,23700,2022-10-01,2023-09-30,株式会社メディネット
S100SIHY,2023-12-21,2023-12-21 15:03,32450,2022-10-01,2023-09-30,株式会社ディア・ライフ
S100SHP1,2023-12-21,2023-12-21 15:05,76810,2022-10-01,2023-09-30,株式会社レオクラン
S100SIBE,2023-12-21,2023-12-21 15:12,44210,2022-10-01,2023-09-30,株式会社ディ・アイ・システム
S100SHYQ,2023-12-21,2023-12-21 15:13,31760,2022-10-01,2023-09-30,三洋貿易株式会社
S100SI94,2023-12-21,2023-12-21 15:23,45540,2022-10-01,2023-09-30,富士製薬工業株式会社
S100SI90,2023-12-21,2023-12-21 15:30,32880,2022-10-01,2023-09-30,株式会社オープンハウスグループ
S100SIJE,2023-12-21,2023-12-21 15:46,17430,2022-10-01,2023-09-30,コーアツ工業株式会社
S100SIBJ,2023-12-21,2023-12-21 15:54,49370,2022-10-01,2023-09-30,株式会社Ｗａｑｏｏ
S100SI7K,2023-12-21,2023-12-21 16:00,36740,2022-10-01,2023-09-30,株式会社オークファン
S100SI8Q,2023-12-21,2023-12-21 16:00,61980,2022-10-01,2023-09-30,株式会社キャリア
S100SI7L,2023-12-21,2023-12-21 16:30,39180,2022-10-01,2023-09-30,ＰＣＩホールディングス株式会社
S100SIJM,2023-12-22,2023-12-22 10:27,36720,2022-10-01,2023-09-30,株式会社オルトプラス
S100SIRV,2023-12-22,2023-12-22 10:40,49580,2022-10-01,2023-09-30,長谷川香料株式会社
S100SIS4,2023-12-22,2023-12-22 11:14,94460,2022-10-01,2023-09-30,株式会社サカイホールディングス
S100SHU7,2023-12-22,2023-12-22 11:50,74940,2022-10-01,2023-09-30,株式会社コナカ
S100SIL4,2023-12-22,2023-12-22 11:53,77110,2022-10-01,2023-09-30,助川電気工業株式会社
S100SIHW,2023-12-22,2023-12-22 11:59,77600,2022-10-01,2023-09-30,ＩＭＶ株式会社
S100SIEI,2023-12-22,2023-12-22 12:00,92440,2022-10-01,2023-09-30,株式会社デジタリフト
S100SIRA,2023-12-22,2023-12-22 12:13,41240,2022-10-01,2023-09-30,大阪油化工業株式会社
S100SIUN,2023-12-22,2023-12-22 12:15,29870,2022-10-01,2023-09-30,株式会社タスキ
S100SILV,2023-12-22,2023-12-22 12:36,98230,2022-10-01,2023-09-30,株式会社マミーマート
S100SIFB,2023-12-22,2023-12-22 13:04,77920,2022-10-01,2023-09-30,株式会社コラントッテ
S100SI8R,2023-12-22,2023-12-22 13:12,36900,2022-10-01,2023-09-30,株式会社イルグルム
S100SIRX,2023-12-22,2023-12-22 13:29,60500,2022-10-01,2023-09-30,イー・ガーディアン株式会社
S100SIVV,2023-12-22,2023-12-22 13:31,69650,2022-10-01,2023-09-30,浜松ホトニクス株式会社
S100SISA,2023-12-22,2023-12-22 13:48,37120,2022-10-01,2023-09-30,株式会社情報企画
S100SI22,2023-12-22,2023-12-22 14:08,34940,2022-10-01,2023-09-30,株式会社マリオン
S100SIWL,2023-12-22,2023-12-22 14:13,50360,2022-10-01,2023-09-30,日本ビジネスシステムズ株式会社
S100SIWK,2023-12-22,2023-12-22 14:13,94700,2022-10-01,2023-09-30,株式会社学研ホールディングス
S100SIJN,2023-12-22,2023-12-22 14:18,36980,2022-10-01,2023-09-30,株式会社ＣＲＩ・ミドルウェア
S100SINB,2023-12-22,2023-12-22 14:23,65630,2022-10-01,2023-09-30,株式会社みらいワークス
S100SIKG,2023-12-22,2023-12-22 14:25,81510,2022-10-01,2023-09-30,株式会社東陽テクニカ
S100SIXY,2023-12-22,2023-12-22 14:35,24850,2022-10-01,2023-09-30,株式会社ティア
S100SILW,2023-12-22,2023-12-22 14:36,41650,2022-10-01,2023-09-30,株式会社プレイド
S100SIAR,2023-12-22,2023-12-22 14:40,70300,2022-10-01,2023-09-30,株式会社スプリックス
S100SISY,2023-12-22,2023-12-22 14:41,65540,2022-10-01,2023-09-30,株式会社エスユーエス
S100SIIV,2023-12-22,2023-12-22 14:44,64660,2022-10-01,2023-09-30,株式会社ＴＶＥ
S100SITW,2023-12-22,2023-12-22 14:46,59210,2022-10-01,2023-09-30,川岸工業株式会社
S100SIOY,2023-12-22,2023-12-22 15:00,92580,2022-10-01,2023-09-30,株式会社ＣＳ－Ｃ
S100SGUV,2023-12-22,2023-12-22 15:00,21850,2022-10-01,2023-09-30,株式会社シイエム・シイ
S100SIR5,2023-12-22,2023-12-22 15:00,35630,2022-10-01,2023-09-30,株式会社ＦＯＯＤ　＆　ＬＩＦＥ　ＣＯＭＰＡＮＩＥＳ
S100SHQS,2023-12-22,2023-12-22 15:00,73760,2022-10-01,2023-09-30,ＢＣＣ株式会社
S100SIF3,2023-12-22,2023-12-22 15:00,40590,2022-10-01,2023-09-30,株式会社まぐまぐ
S100SIWR,2023-12-22,2023-12-22 15:00,43760,2022-10-01,2023-09-30,株式会社くふうカンパニー
S100SHMB,2023-12-22,2023-12-22 15:01,60870,2022-10-01,2023-09-30,株式会社アビスト
S100SIM1,2023-12-22,2023-12-22 15:01,40710,2022-10-01,2023-09-30,株式会社プラスアルファ・コンサルティング
S100SIN9,2023-12-22,2023-12-22 15:01,14460,2022-10-01,2023-09-30,株式会社キャンディル
S100SIAG,2023-12-22,2023-12-22 15:02,32640,2022-10-01,2023-09-30,株式会社アスコット
S100SIYK,2023-12-22,2023-12-22 15:02,55700,2022-10-01,2023-09-30,株式会社ジェノバ
S100SIWP,2023-12-22,2023-12-22 15:03,36240,2022-10-01,2023-09-30,アクセルマーク株式会社
S100SHY0,2023-12-22,2023-12-22 15:05,78190,2022-10-01,2023-09-30,粧美堂株式会社
S100SIU4,2023-12-22,2023-12-22 15:06,92250,2022-10-01,2023-09-30,ブリッジコンサルティンググループ株式会社
S100SIY4,2023-12-22,2023-12-22 15:10,34960,2022-10-01,2023-09-30,株式会社アズーム
S100SIL0,2023-12-22,2023-12-22 15:16,24980,2022-10-01,2023-09-30,株式会社オリエンタルコンサルタンツホールディングス
S100SIYS,2023-12-22,2023-12-22 15:26,78060,2022-10-01,2023-09-30,株式会社ＭＴＧ
S100SIZ9,2023-12-22,2023-12-22 15:31,39920,2022-10-01,2023-09-30,株式会社ニーズウェル
S100SIH4,2023-12-22,2023-12-22 15:36,39000,2022-10-01,2023-09-30,株式会社クラウドワークス
S100SIZ1,2023-12-22,2023-12-22 15:36,39890,2022-10-01,2023-09-30,シェアリングテクノロジー株式会社
S100SHVB,2023-12-22,2023-12-22 15:39,44750,2022-10-01,2023-09-30,ＨＥＮＮＧＥ株式会社
S100SILE,2023-12-22,2023-12-22 15:46,37470,2022-10-01,2023-09-30,株式会社インタートレード
S100SIA1,2023-12-22,2023-12-22 15:54,96790,2022-10-01,2023-09-30,ホウライ株式会社
S100SIPE,2023-12-22,2023-12-22 16:00,39850,2022-10-01,2023-09-30,テモナ株式会社
S100SIJR,2023-12-22,2023-12-22 16:00,62330,2022-10-01,2023-09-30,ＫＬＡＳＳ株式会社
S100SIIL,2023-12-22,2023-12-22 16:00,92120,2022-10-01,2023-09-30,Ｇｒｅｅｎ　Ｅａｒｔｈ　Ｉｎｓｔｉｔｕｔｅ株式会社
S100SIZQ,2023-12-22,2023-12-22 16:20,60460,2022-10-01,2023-09-30,株式会社リンクバル
S100SHZG,2023-12-22,2023-12-22 16:26,73720,2022-10-01,2023-09-30,株式会社デコルテ・ホールディングス
S100SIUK,2023-12-22,2023-12-22 16:33,36770,2022-10-01,2023-09-30,株式会社システム情報
S100SIP9,2023-12-22,2023-12-22 16:34,39650,2022-10-01,2023-09-30,株式会社キャピタル・アセット・プランニング
S100SJ0Q,2023-12-22,2023-12-22 16:42,95520,2022-10-01,2023-09-30,株式会社Ｍ＆Ａ総研ホールディングス
S100SIPM,2023-12-22,2023-12-22 16:53,55870,2022-10-01,2023-09-30,株式会社インバウンドプラットフォーム
S100SJ17,2023-12-22,2023-12-22 16:56,21200,2022-10-01,2023-09-30,株式会社ＬＩＦＵＬＬ
S100SJ1G,2023-12-22,2023-12-22 17:10,57240,2022-10-01,2023-09-30,株式会社アサカ理研
S100SJ10,2023-12-25,2023-12-25 09:14,39390,2022-10-01,2023-09-30,株式会社カナミックネットワーク
S100SJ5C,2023-12-25,2023-12-25 09:37,42430,2022-10-01,2023-09-30,株式会社ニックス
S100SJ5W,2023-12-25,2023-12-25 10:11,70760,2022-10-01,2023-09-30,名南Ｍ＆Ａ株式会社
S100SJ2N,2023-12-25,2023-12-25 10:23,39930,2022-10-01,2023-09-30,株式会社ＰＫＳＨＡ　Ｔｅｃｈｎｏｌｏｇｙ
S100SGNB,2023-12-25,2023-12-25 10:29,17730,2022-07-01,2023-06-30,ワイ・ティー・エル・コーポレーション・バーハッド
S100SH13,2023-12-25,2023-12-25 10:36,98690,2022-10-01,2023-09-30,加藤産業株式会社
S100SJ61,2023-12-25,2023-12-25 10:54,91700,2022-10-01,2023-09-30,成友興業株式会社
S100SJ6A,2023-12-25,2023-12-25 10:59,78390,2022-10-01,2023-09-30,株式会社ＳＨＯＥＩ
S100SIYI,2023-12-25,2023-12-25 11:00,29610,2022-10-01,2023-09-30,日本調理機株式会社
S100SJ37,2023-12-25,2023-12-25 11:30,44470,2022-10-01,2023-09-30,株式会社ピー・ビーシステムズ
S100SJ2T,2023-12-25,2023-12-25 11:41,21220,2022-10-01,2023-09-30,株式会社インタースペース
S100SJ0S,2023-12-25,2023-12-25 12:00,58430,2022-10-01,2023-09-30,ニッポンインシュア株式会社
S100SJ0J,2023-12-25,2023-12-25 13:00,70410,2022-10-01,2023-09-30,ＣＲＧホールディングス株式会社
S100SJ93,2023-12-25,2023-12-25 13:07,36680,2022-10-01,2023-09-30,株式会社コロプラ
S100SHD6,2023-12-25,2023-12-25 13:07,33590,2022-10-01,2023-09-30,株式会社ｃｏｔｔａ
S100SJ96,2023-12-25,2023-12-25 13:31,76430,2022-10-01,2023-09-30,株式会社ダイイチ
S100SJAL,2023-12-25,2023-12-25 14:05,93300,2022-10-01,2023-09-30,株式会社揚羽
S100SJ9M,2023-12-25,2023-12-25 14:14,28740,2022-10-01,2023-09-30,横浜冷凍株式会社
S100SJB0,2023-12-25,2023-12-25 14:30,43930,2022-10-01,2023-09-30,株式会社バンク・オブ・イノベーション
S100SJ2D,2023-12-25,2023-12-25 15:00,41960,2022-10-01,2023-09-30,株式会社ネオマーケティング
S100SI7R,2023-12-25,2023-12-25 15:00,60800,2022-10-01,2023-09-30,Ｍ＆Ａキャピタルパートナーズ株式会社
S100SJ85,2023-12-25,2023-12-25 15:00,94380,2022-10-01,2023-09-30,株式会社エムティーアイ
S100SJ8E,2023-12-25,2023-12-25 15:02,60940,2022-10-01,2023-09-30,株式会社フリークアウト・ホールディングス
S100SJ97,2023-12-25,2023-12-25 15:03,38140,2022-10-01,2023-09-30,株式会社アルファクス・フード・システム
S100SJBU,2023-12-25,2023-12-25 15:03,70660,2022-10-01,2023-09-30,株式会社ピアズ
S100SJB1,2023-12-25,2023-12-25 15:29,26520,2022-10-01,2023-09-30,株式会社まんだらけ
S100SJ2W,2023-12-25,2023-12-25 15:30,51370,2022-10-01,2023-09-30,株式会社スマートドライブ
S100SJ9U,2023-12-25,2023-12-25 15:37,92480,2022-10-01,2023-09-30,人・夢・技術グループ株式会社
S100SJC1,2023-12-25,2023-12-25 15:37,87890,2022-10-01,2023-09-30,フィンテック　グローバル株式会社
S100SJ1U,2023-12-25,2023-12-25 15:37,71480,2022-10-01,2023-09-30,株式会社ＦＰＧ
S100SJ3I,2023-12-25,2023-12-25 15:38,63380,2022-10-01,2023-09-30,株式会社タカトリ
S100SJ9O,2023-12-25,2023-12-25 15:41,88890,2022-10-01,2023-09-30,ＡＰＡＭＡＮ株式会社
S100SJC6,2023-12-25,2023-12-25 16:09,44270,2022-10-01,2023-09-30,株式会社ＥｄｕＬａｂ
S100SJ71,2023-12-25,2023-12-25 16:17,65510,2022-10-01,2023-09-30,株式会社ツナググループ・ホールディングス
S100SJA8,2023-12-25,2023-12-25 16:20,48840,2022-10-01,2023-09-30,クリングルファーマ株式会社
S100SJHQ,2023-12-26,2023-12-26 09:59,93760,2022-10-01,2023-09-30,株式会社ユーラシア旅行社
S100SJF2,2023-12-26,2023-12-26 10:00,93420,2022-10-01,2023-09-30,株式会社スマサポ
S100SJKK,2023-12-26,2023-12-26 12:00,44450,2022-10-01,2023-09-30,リビン・テクノロジーズ株式会社
S100SJJS,2023-12-26,2023-12-26 12:27,23880,2022-10-01,2023-09-30,株式会社ウェッジホールディングス
S100SJ55,2023-12-26,2023-12-26 13:11,61960,2022-10-01,2023-09-30,株式会社ストライク
S100SJGH,2023-12-26,2023-12-26 14:00,41720,2022-10-01,2023-09-30,東和ハイシステム株式会社
S100SJMP,2023-12-26,2023-12-26 14:52,33230,2022-10-01,2023-09-30,レカム株式会社
S100SJFB,2023-12-26,2023-12-26 14:58,31870,2022-10-01,2023-09-30,株式会社サンワカンパニー
S100SJK6,2023-12-26,2023-12-26 15:00,95620,2022-10-01,2023-09-30,ビジネスコーチ株式会社
S100SHU3,2023-12-26,2023-12-26 15:07,17890,2022-10-01,2023-09-30,株式会社ＥＴＳホールディングス
S100SJNY,2023-12-26,2023-12-26 15:36,42600,2022-10-01,2023-09-30,株式会社ハイブリッドテクノロジーズ
S100SJDS,2023-12-26,2023-12-26 15:52,37260,2022-10-01,2023-09-30,株式会社フォーシーズＨＤ
S100SJCS,2023-12-26,2023-12-26 15:59,17950,2022-10-01,2023-09-30,株式会社マサル
S100SJ6C,2023-12-26,2023-12-26 16:05,78000,2022-10-01,2023-09-30,株式会社アミファ
S100SJL8,2023-12-27,2023-12-27 09:13,47540,2022-10-01,2023-09-30,株式会社トスネット
S100SJL9,2023-12-27,2023-12-27 09:28,34950,2022-10-01,2023-09-30,香陵住販株式会社
S100SJQ6,2023-12-27,2023-12-27 09:52,55330,2022-10-01,2023-09-30,株式会社エリッツホールディングス
S100SJT6,2023-12-27,2023-12-27 10:40,95540,2022-10-01,2023-09-30,株式会社ＡＶｉＣ
S100SJU3,2023-12-27,2023-12-27 11:24,29740,2022-10-01,2023-09-30,大英産業株式会社
S100SJP4,2023-12-27,2023-12-27 12:20,24530,2022-10-01,2023-09-30,ジャパンベストレスキューシステム株式会社
S100SJUT,2023-12-27,2023-12-27 14:55,30670,2022-10-01,2023-09-30,株式会社東京一番フーズ
S100SJVQ,2023-12-27,2023-12-27 15:02,52590,2022-10-01,2023-09-30,ＢＢＤイニシアティブ株式会社
S100SJP7,2023-12-27,2023-12-27 15:13,44240,2022-10-01,2023-09-30,株式会社Ａｍａｚｉａ
S100SJDC,2023-12-27,2023-12-27 15:21,92590,2022-10-01,2023-09-30,株式会社タカヨシ
S100SJXO,2023-12-27,2023-12-27 15:51,99410,2022-10-01,2023-09-30,太洋物産株式会社
S100SJWK,2023-12-27,2023-12-27 16:00,14380,2022-10-01,2023-09-30,株式会社岐阜造園
S100SJXZ,2023-12-27,2023-12-27 16:05,95640,2022-10-01,2023-09-30,株式会社ＦＣＥ　Ｈｏｌｄｉｎｇｓ
S100SJVK,2023-12-27,2023-12-27 16:26,17830,2022-10-01,2023-09-30,株式会社アジアゲートホールディングス
S100SJY3,2023-12-27,2023-12-27 16:41,61910,2022-10-01,2023-09-30,株式会社エアトリ
S100SJZ4,2023-12-27,2023-12-27 17:00,92490,2022-10-01,2023-09-30,日本エコシステム株式会社
S100SJRX,2023-12-28,2023-12-28 12:49,67310,2022-10-01,2023-09-30,株式会社ピクセラ
S100SJUZ,2023-12-28,2023-12-28 16:00,70710,2022-10-01,2023-09-30,株式会社アンビスホールディングス
S100SJZ8,2023-12-28,2023-12-28 16:42,37100,2022-10-01,2023-09-30,ジョルダン株式会社
