id,date,submit,sec,period_start,period_end,filer
S100V11Q,2025-01-06,2025-01-06 11:55,60870,2023-10-01,2024-09-30,株式会社アビスト
S100V1E9,2025-01-06,2025-01-06 14:29,28740,2023-10-01,2024-09-30,横浜冷凍株式会社
S100V3JP,2025-01-20,2025-01-20 09:45,47070,2023-10-21,2024-10-20,株式会社キタック
S100V4KH,2025-01-23,2025-01-23 10:19,78560,2023-11-01,2024-10-31,萩原工業株式会社
S100V4EV,2025-01-23,2025-01-23 10:28,96780,2023-11-01,2024-10-31,株式会社カナモト
S100V4SM,2025-01-24,2025-01-24 15:00,32480,2023-11-01,2024-10-31,株式会社アールエイジ
S100V4WC,2025-01-27,2025-01-27 10:00,219A0,2023-11-01,2024-10-31,Ｈｅａｒｔｓｅｅｄ株式会社
S100V3Z2,2025-01-27,2025-01-27 14:11,72790,2023-11-01,2024-10-31,株式会社ハイレックスコーポレーション
S100V4PO,2025-01-27,2025-01-27 14:28,37330,2023-11-01,2024-10-31,株式会社ソフトウェア・サービス
S100V4ZT,2025-01-27,2025-01-27 15:00,51320,2023-11-01,2024-10-31,株式会社ｐｌｕｓｚｅｒｏ
S100V4W1,2025-01-28,2025-01-28 11:51,72650,2023-11-01,2024-10-31,エイケン工業株式会社
S100V551,2025-01-28,2025-01-28 12:35,18400,2023-11-01,2024-10-31,株式会社土屋ホールディングス
S100V4WZ,2025-01-28,2025-01-28 15:00,21980,2023-11-01,2024-10-31,アイ・ケイ・ケイホールディングス株式会社
S100V4RD,2025-01-28,2025-01-28 15:52,92360,2023-11-01,2024-10-31,ジャパンＭ＆Ａソリューション株式会社
S100V584,2025-01-28,2025-01-28 16:22,73780,2023-11-01,2024-10-31,株式会社アシロ
S100V59F,2025-01-28,2025-01-28 16:58,89170,2023-11-01,2024-10-31,ファースト住建株式会社
S100V55P,2025-01-29,2025-01-29 09:02,46270,2023-11-01,2024-10-31,ナトコ株式会社
S100V58Y,2025-01-29,2025-01-29 09:38,78040,2023-11-01,2024-10-31,株式会社ビーアンドピー
S100V4X0,2025-01-29,2025-01-29 10:21,79830,2023-11-01,2024-10-31,株式会社ミロク
S100V5DS,2025-01-29,2025-01-29 13:36,95650,2023-11-01,2024-10-31,ＧＬＯＥ株式会社
S100V52U,2025-01-29,2025-01-29 14:03,52180,2023-11-01,2024-10-31,株式会社オハラ
S100V59M,2025-01-29,2025-01-29 15:30,215A0,2023-11-01,2024-10-31,株式会社タイミー
S100V5ID,2025-01-29,2025-01-29 15:45,55850,2023-11-01,2024-10-31,エコナビスタ株式会社
S100V5BJ,2025-01-29,2025-01-29 16:00,44410,2023-11-01,2024-10-31,トビラシステムズ株式会社
S100V5A6,2025-01-29,2025-01-29 16:00,43780,2023-11-01,2024-10-31,株式会社ＣＩＮＣ
S100V5FL,2025-01-29,2025-01-29 16:20,34800,2023-11-01,2024-10-31,株式会社ジェイ・エス・ビー
S100V5A9,2025-01-29,2025-01-29 16:21,34190,2023-11-01,2024-10-31,アートグリーン株式会社
S100V5KQ,2025-01-30,2025-01-30 09:06,23010,2023-11-01,2024-10-31,株式会社学情
S100V5M4,2025-01-30,2025-01-30 11:06,78310,2023-11-01,2024-10-31,株式会社ウイルコホールディングス
S100V5FN,2025-01-30,2025-01-30 11:29,80770,2023-11-01,2024-10-31,トルク株式会社
S100V5AB,2025-01-30,2025-01-30 12:16,76050,2023-11-01,2024-10-31,株式会社　フジ・コーポレーション
S100V5GU,2025-01-30,2025-01-30 12:32,34910,2023-11-01,2024-10-31,株式会社ＧＡ　ｔｅｃｈｎｏｌｏｇｉｅｓ
S100V59D,2025-01-30,2025-01-30 13:07,92540,2023-11-01,2024-10-31,株式会社ラバブルマーケティンググループ
S100V5PI,2025-01-30,2025-01-30 13:29,71310,2023-11-01,2024-10-31,のむら産業株式会社
S100V5QR,2025-01-30,2025-01-30 14:34,92370,2023-11-01,2024-10-31,株式会社笑美面
S100V5MU,2025-01-30,2025-01-30 14:38,30380,2023-11-01,2024-10-31,株式会社神戸物産
S100V5BU,2025-01-30,2025-01-30 14:56,49960,2023-11-01,2024-10-31,クミアイ化学工業株式会社
S100V5OO,2025-01-30,2025-01-30 15:01,92790,2023-11-01,2024-10-31,株式会社ギフトホールディングス
S100V5J6,2025-01-30,2025-01-30 15:06,70340,2023-11-01,2024-10-31,株式会社プロレド・パートナーズ
S100V5PP,2025-01-30,2025-01-30 15:09,23750,2023-11-01,2024-10-31,ギグワークス株式会社
S100V5ER,2025-01-30,2025-01-30 15:12,31950,2023-11-01,2024-10-31,株式会社ジェネレーションパス
S100V5ON,2025-01-30,2025-01-30 15:30,92510,2023-11-01,2024-10-31,株式会社ＡＢ＆Ｃｏｍｐａｎｙ
S100V5L7,2025-01-30,2025-01-30 15:30,51340,2023-11-01,2024-10-31,株式会社ＰＯＰＥＲ
S100V4E1,2025-01-30,2025-01-30 15:30,91630,2023-11-01,2024-10-31,株式会社ナレルグループ
S100V5HB,2025-01-30,2025-01-30 15:30,76400,2023-11-01,2024-10-31,株式会社トップカルチャー
S100V5LG,2025-01-30,2025-01-30 15:32,34750,2023-11-01,2024-10-31,株式会社グッドコムアセット
S100V5EN,2025-01-30,2025-01-30 15:32,23730,2023-11-01,2024-10-31,株式会社ケア２１
S100V4V9,2025-01-30,2025-01-30 15:33,46660,2023-11-01,2024-10-31,パーク二四株式会社（定款上の商号　パーク２４株式会社）
S100V58M,2025-01-30,2025-01-30 15:33,38040,2023-11-01,2024-10-31,株式会社システム　ディ
S100V5C6,2025-01-30,2025-01-30 15:41,51360,2023-11-01,2024-10-31,ｔｒｉｐｌａ株式会社
S100V5E9,2025-01-30,2025-01-30 16:00,68380,2024-04-01,2024-10-31,株式会社多摩川ホールディングス
S100V5SX,2025-01-30,2025-01-30 16:17,26950,2023-11-01,2024-10-31,くら寿司株式会社
S100V57Y,2025-01-30,2025-01-30 16:50,23150,2023-11-01,2024-10-31,株式会社ＣＡＩＣＡ　ＤＩＧＩＴＡＬ
S100V5U9,2025-01-30,2025-01-30 16:50,63090,2023-11-01,2024-10-31,巴工業株式会社
S100V5UM,2025-01-30,2025-01-30 16:57,80790,2023-11-01,2024-10-31,正栄食品工業株式会社
S100V5K0,2025-01-31,2025-01-31 09:40,78270,2023-11-01,2024-10-31,株式会社オービス
S100V5TT,2025-01-31,2025-01-31 10:28,31210,2023-11-01,2024-10-31,マーチャント・バンカーズ株式会社
S100V5QN,2025-01-31,2025-01-31 10:42,60490,2023-11-01,2024-10-31,株式会社イトクロ
S100V5YM,2025-01-31,2025-01-31 11:05,98240,2023-11-01,2024-10-31,泉州電業株式会社
S100V5TN,2025-01-31,2025-01-31 11:54,13830,2023-11-01,2024-10-31,ベルグアース株式会社
S100V5YS,2025-01-31,2025-01-31 11:55,36530,2023-11-01,2024-10-31,株式会社モルフォ
S100V5QY,2025-01-31,2025-01-31 15:31,212A0,2023-11-01,2024-10-31,フィットイージー株式会社
S100V62S,2025-01-31,2025-01-31 15:35,39760,2023-11-01,2024-10-31,株式会社シャノン
S100V5YX,2025-01-31,2025-01-31 15:35,48800,2023-11-01,2024-10-31,セルソース株式会社
S100V52Y,2025-01-31,2025-01-31 15:41,39740,2023-11-01,2024-10-31,ＳＣＡＴ株式会社
S100V5WM,2025-01-31,2025-01-31 15:51,26670,2023-10-01,2024-09-30,株式会社イメージワン
S100V5ZB,2025-01-31,2025-01-31 16:02,94250,2023-11-01,2024-10-31,ＲｅＹｕｕ　Ｊａｐａｎ株式会社
S100V5VC,2025-01-31,2025-01-31 16:36,88940,2023-11-01,2024-10-31,株式会社ＲＥＶＯＬＵＴＩＯＮ
S100V94H,2025-02-17,2025-02-17 10:37,27340,2023-12-01,2024-11-30,株式会社サーラコーポレーション
S100V9R1,2025-02-19,2025-02-19 12:00,32670,2023-12-01,2024-11-30,株式会社フィル・カンパニー
S100V8SL,2025-02-20,2025-02-20 09:09,79650,2023-11-21,2024-11-20,象印マホービン株式会社
S100V9JT,2025-02-20,2025-02-20 10:13,98720,2023-11-21,2024-11-20,北恵株式会社
S100V9D5,2025-02-20,2025-02-20 12:58,43610,2023-12-01,2024-11-30,川口化学工業株式会社
S100VA6X,2025-02-21,2025-02-21 09:08,28300,2023-12-01,2024-11-30,アヲハタ株式会社
S100V93S,2025-02-21,2025-02-21 13:08,32010,2023-12-01,2024-11-30,日本毛織株式会社
S100VAB2,2025-02-21,2025-02-21 13:39,66640,2023-12-01,2024-11-30,株式会社オプトエレクトロニクス
S100VA1D,2025-02-21,2025-02-21 15:00,61360,2023-12-01,2024-11-30,オーエスジー株式会社
S100V9S3,2025-02-21,2025-02-21 15:43,31860,2023-12-01,2024-11-30,株式会社ネクステージ
S100VAEO,2025-02-21,2025-02-21 16:47,46160,2023-12-01,2024-11-30,川上塗料株式会社
S100VAF8,2025-02-25,2025-02-25 11:39,29750,2023-12-01,2024-11-30,スター・マイカ・ホールディングス株式会社
S100VA5N,2025-02-25,2025-02-25 15:30,39940,2023-12-01,2024-11-30,株式会社マネーフォワード
S100VAPS,2025-02-25,2025-02-25 16:26,52430,2023-12-01,2024-11-30,ｎｏｔｅ株式会社
S100VAQ1,2025-02-25,2025-02-25 17:05,95580,2023-12-01,2024-11-30,ジャパニアス株式会社
S100VAH5,2025-02-26,2025-02-26 14:00,59420,2023-12-01,2024-11-30,日本フイルコン株式会社
S100VAFK,2025-02-26,2025-02-26 14:56,33770,2023-12-01,2024-11-30,株式会社バイク王＆カンパニー
S100VAKZ,2025-02-26,2025-02-26 15:31,49920,2023-12-01,2024-11-30,北興化学工業株式会社
S100VAHA,2025-02-26,2025-02-26 15:38,60760,2023-12-01,2024-11-30,株式会社アメイズ
S100VB04,2025-02-27,2025-02-27 09:00,93690,2023-12-01,2024-11-30,株式会社キユーソー流通システム
S100VAS7,2025-02-27,2025-02-27 09:00,24930,2023-12-01,2024-11-30,イーサポートリンク株式会社
S100VB1V,2025-02-27,2025-02-27 09:15,49950,2023-12-01,2024-11-30,サンケイ化学株式会社
S100VAUY,2025-02-27,2025-02-27 09:27,62170,2023-12-01,2024-11-30,津田駒工業株式会社
S100VAYV,2025-02-27,2025-02-27 09:48,72270,2023-12-01,2024-11-30,アスカ株式会社
S100VAZM,2025-02-27,2025-02-27 11:14,75010,2023-12-01,2024-11-30,株式会社ティムコ
S100VB7H,2025-02-27,2025-02-27 11:30,41970,2023-12-01,2024-11-30,株式会社アスマーク
S100VB51,2025-02-27,2025-02-27 11:33,79970,2023-12-01,2024-11-30,株式会社くろがね工作所
S100V9VB,2025-02-27,2025-02-27 12:10,34540,2023-12-01,2024-11-30,ファーストブラザーズ株式会社
S100VAPA,2025-02-27,2025-02-27 13:14,31390,2023-12-01,2024-11-30,株式会社ラクト・ジャパン
S100V9VD,2025-02-27,2025-02-27 13:22,93130,2023-12-01,2024-11-30,丸八倉庫株式会社
S100VAN4,2025-02-27,2025-02-27 13:37,97200,2023-12-01,2024-11-30,株式会社ホテル、ニューグランド
S100VB0V,2025-02-27,2025-02-27 13:41,99720,2023-12-01,2024-11-30,アルテック株式会社
S100VAPG,2025-02-27,2025-02-27 14:24,78790,2023-12-01,2024-11-30,株式会社ノダ
S100VAGJ,2025-02-27,2025-02-27 14:30,89230,2023-12-01,2024-11-30,トーセイ株式会社
S100VB2F,2025-02-27,2025-02-27 15:00,39070,2023-12-01,2024-11-30,シリコンスタジオ株式会社
S100VBCN,2025-02-27,2025-02-27 15:22,30890,2023-12-01,2024-11-30,テクノアルファ株式会社
S100VBCD,2025-02-27,2025-02-27 15:30,138A0,2023-12-01,2024-11-30,光フードサービス株式会社
S100VB73,2025-02-27,2025-02-27 15:33,73600,2023-12-01,2024-11-30,株式会社オンデック
S100VAQU,2025-02-27,2025-02-27 15:34,96470,2023-12-01,2024-11-30,株式会社協和コンサルタンツ
S100VB0C,2025-02-27,2025-02-27 15:50,64740,2023-12-01,2024-11-30,株式会社不二越
S100VAVY,2025-02-27,2025-02-27 16:00,70740,2023-12-01,2024-11-30,株式会社トゥエンティーフォーセブン
S100VBEQ,2025-02-27,2025-02-27 16:01,65580,2023-12-01,2024-11-30,クックビズ株式会社
S100VBEN,2025-02-27,2025-02-27 16:02,32660,2023-12-01,2024-11-30,株式会社ファンドクリエーショングループ
S100VBBH,2025-02-27,2025-02-27 16:02,80950,2023-12-01,2024-11-30,アステナホールディングス株式会社
S100VB1D,2025-02-27,2025-02-27 16:15,52460,2023-12-01,2024-11-30,株式会社ＥＬＥＭＥＮＴＳ
S100VB26,2025-02-27,2025-02-27 16:23,66340,2023-12-01,2024-11-30,株式会社ネクスグループ
S100VBFG,2025-02-27,2025-02-27 16:42,35470,2023-12-01,2024-11-30,株式会社串カツ田中ホールディングス
S100VBCU,2025-02-27,2025-02-27 16:50,55270,2023-12-01,2024-11-30,株式会社ｐｒｏｐｅｒｔｙ　ｔｅｃｈｎｏｌｏｇｉｅｓ
S100VAU4,2025-02-28,2025-02-28 09:05,41870,2023-12-01,2024-11-30,大阪有機化学工業株式会社
S100VBJ8,2025-02-28,2025-02-28 09:32,40160,2023-12-01,2024-11-30,ＭＩＴホールディングス株式会社
S100VBKN,2025-02-28,2025-02-28 10:21,228A0,2023-12-01,2024-11-30,株式会社オプロ
S100VAQ7,2025-02-28,2025-02-28 10:22,28090,2023-12-01,2024-11-30,キユーピー株式会社
S100VBH5,2025-02-28,2025-02-28 10:31,70830,2023-12-01,2024-11-30,ＡＨＣグループ株式会社
S100VBJB,2025-02-28,2025-02-28 11:04,53410,2023-12-01,2024-11-30,ＡＳＡＨＩ　ＥＩＴＯホールディングス株式会社
S100VBDS,2025-02-28,2025-02-28 11:31,98370,2023-12-01,2024-11-30,モリト株式会社
S100VBLR,2025-02-28,2025-02-28 12:03,46730,2023-12-01,2024-11-30,川崎地質株式会社
S100VBMS,2025-02-28,2025-02-28 12:30,43940,2023-12-01,2024-11-30,株式会社エクスモーション
S100VBFT,2025-02-28,2025-02-28 12:58,68660,2024-01-01,2024-12-31,日置電機株式会社
S100VBNI,2025-02-28,2025-02-28 13:22,64920,2023-12-01,2024-11-30,岡野バルブ製造株式会社
S100VB6E,2025-02-28,2025-02-28 14:00,280A0,2023-12-01,2024-11-30,株式会社ＴＭＨ
S100VBPF,2025-02-28,2025-02-28 14:38,92150,2023-12-01,2024-11-30,株式会社ＣａＳｙ
S100VBJT,2025-02-28,2025-02-28 15:13,24710,2023-12-01,2024-11-30,株式会社エスプール
S100V7R5,2025-02-28,2025-02-28 15:30,73880,2023-12-01,2024-11-30,株式会社ＦＰパートナー
S100VBMP,2025-02-28,2025-02-28 15:30,42500,2023-12-01,2024-11-30,株式会社フロンティア
S100VBQ5,2025-02-28,2025-02-28 15:47,87980,2023-10-01,2024-09-30,株式会社アドバンスクリエイト
S100VBR6,2025-02-28,2025-02-28 15:48,52500,2023-12-01,2024-11-30,プライム・ストラテジー株式会社
S100VBQL,2025-02-28,2025-02-28 16:00,92500,2023-12-01,2024-11-30,株式会社ＧＲＣＳ
S100VC6D,2025-03-05,2025-03-05 10:53,79440,2024-01-01,2024-12-31,ローランド株式会社
S100VCBC,2025-03-05,2025-03-05 15:31,66970,2024-01-01,2024-12-31,テックポイント・インク（Ｔｅｃｈｐｏｉｎｔ，Ｉｎｃ．）
S100VCWG,2025-03-07,2025-03-07 13:57,28110,2024-01-01,2024-12-31,カゴメ株式会社
S100VD7B,2025-03-07,2025-03-07 16:15,78060,2023-10-01,2024-09-30,株式会社ＭＴＧ
S100VDMK,2025-03-11,2025-03-11 15:31,41510,2024-01-01,2024-12-31,協和キリン株式会社
S100VDDB,2025-03-14,2025-03-14 09:39,24080,2023-12-21,2024-12-20,株式会社ＫＧ情報
S100VEQH,2025-03-17,2025-03-17 09:58,74220,2023-12-21,2024-12-20,東邦レマック株式会社
S100VEQZ,2025-03-17,2025-03-17 11:02,64810,2024-01-01,2024-12-31,ＴＨＫ株式会社
S100VCF7,2025-03-17,2025-03-17 15:00,97490,2024-01-01,2024-12-31,富士ソフト株式会社
S100VERR,2025-03-18,2025-03-18 13:38,89960,2024-01-01,2024-12-31,株式会社ハウスフリーダム
S100VEQB,2025-03-18,2025-03-18 14:08,30030,2024-01-01,2024-12-31,ヒューリック株式会社
S100VEV5,2025-03-18,2025-03-18 14:44,22680,2024-01-01,2024-12-31,Ｂ－Ｒ　サーティワン　アイスクリーム株式会社
S100VET6,2025-03-18,2025-03-18 15:00,66630,2023-12-21,2024-12-20,太洋テクノレックス株式会社
S100VEMQ,2025-03-19,2025-03-19 09:00,68170,2024-01-01,2024-12-31,スミダコーポレーション株式会社
S100VEZL,2025-03-19,2025-03-19 11:09,36950,2024-01-01,2024-12-31,ＧＭＯリサーチ＆ＡＩ株式会社
S100VFEL,2025-03-19,2025-03-19 14:30,61800,2024-01-01,2024-12-31,ＧＭＯメディア株式会社
S100VFD7,2025-03-19,2025-03-19 14:33,60260,2024-01-01,2024-12-31,ＧＭＯ　ＴＥＣＨ株式会社
S100V1MY,2025-03-19,2025-03-19 15:07,37760,2024-01-01,2024-12-31,株式会社ブロードバンドタワー
S100VF43,2025-03-19,2025-03-19 15:57,70370,2024-01-01,2024-12-31,株式会社テノ．ホールディングス
S100VFIF,2025-03-21,2025-03-21 09:00,81130,2024-01-01,2024-12-31,ユニ・チャーム株式会社
S100VF3U,2025-03-21,2025-03-21 09:33,58190,2024-01-01,2024-12-31,カナレ電気株式会社
S100VFIG,2025-03-21,2025-03-21 09:43,70360,2024-01-01,2024-12-31,株式会社イーエムネットジャパン
S100VFOR,2025-03-21,2025-03-21 11:51,36330,2024-01-01,2024-12-31,ＧＭＯペパボ株式会社
S100VF4M,2025-03-21,2025-03-21 12:30,37880,2024-01-01,2024-12-31,ＧＭＯグローバルサイン・ホールディングス株式会社
S100VFP2,2025-03-21,2025-03-21 13:15,68580,2024-01-01,2024-12-31,株式会社小野測器
S100VFAX,2025-03-21,2025-03-21 13:34,79150,2024-01-01,2024-12-31,ＮＩＳＳＨＡ株式会社
S100VFQ2,2025-03-21,2025-03-21 13:51,30470,2024-01-01,2024-12-31,株式会社ＴＲＵＣＫ－ＯＮＥ
S100VFQM,2025-03-21,2025-03-21 14:08,62650,2024-01-01,2024-12-31,コンバム株式会社
S100VFMC,2025-03-21,2025-03-21 14:52,40130,2024-01-01,2024-12-31,勤次郎株式会社
S100VFQY,2025-03-21,2025-03-21 15:00,61710,2024-01-01,2024-12-31,株式会社土木管理総合試験所
S100VF2E,2025-03-21,2025-03-21 15:35,63260,2024-01-01,2024-12-31,株式会社　クボタ
S100VFTX,2025-03-21,2025-03-21 16:19,47840,2024-01-01,2024-12-31,ＧＭＯインターネット株式会社
S100VFNW,2025-03-21,2025-03-21 16:29,44520,2024-01-01,2024-12-31,花王株式会社
S100VFKM,2025-03-24,2025-03-24 09:01,77160,2024-01-01,2024-12-31,株式会社ナカニシ
S100VFHU,2025-03-24,2025-03-24 11:35,60990,2024-01-01,2024-12-31,株式会社エラン
S100VFYB,2025-03-24,2025-03-24 14:30,36730,2024-01-01,2024-12-31,株式会社ブロードリーフ
S100VG34,2025-03-24,2025-03-24 14:39,76250,2024-01-01,2024-12-31,株式会社グローバルダイニング
S100VFWN,2025-03-24,2025-03-24 14:55,71770,2024-01-01,2024-12-31,ＧＭＯフィナンシャルホールディングス株式会社
S100VG4C,2025-03-24,2025-03-24 15:00,25330,2024-01-01,2024-12-31,オエノンホールディングス株式会社
S100VG7T,2025-03-24,2025-03-24 15:51,35400,2024-01-01,2024-12-31,株式会社歯愛メディカル
S100VFHI,2025-03-24,2025-03-24 16:13,48120,2024-01-01,2024-12-31,株式会社電通総研
S100VG8G,2025-03-24,2025-03-24 16:20,33500,2024-01-01,2024-12-31,株式会社メタプラネット
S100VG8D,2025-03-24,2025-03-24 16:36,94490,2024-01-01,2024-12-31,ＧＭＯインターネットグループ株式会社
S100VG4N,2025-03-24,2025-03-24 17:06,39090,2024-01-01,2024-12-31,株式会社ショーケース
S100VG04,2025-03-25,2025-03-25 09:41,24910,2024-01-01,2024-12-31,バリューコマース株式会社
S100VGEO,2025-03-25,2025-03-25 10:12,58670,2024-01-01,2024-12-31,株式会社エスネットワークス
S100VGEB,2025-03-25,2025-03-25 11:04,21690,2024-01-01,2024-12-31,ＣＤＳ株式会社
S100VG83,2025-03-25,2025-03-25 11:34,50150,2024-01-01,2024-12-31,ビーピー・カストロール株式会社
S100VFVJ,2025-03-25,2025-03-25 12:06,47720,2024-01-01,2024-12-31,株式会社ストリームメディアコーポレーション
S100VDWG,2025-03-25,2025-03-25 12:21,73470,2024-01-01,2024-12-31,株式会社マーキュリアホールディングス
S100VG0J,2025-03-25,2025-03-25 12:39,22110,2024-01-01,2024-12-31,株式会社不二家
S100VGIR,2025-03-25,2025-03-25 13:04,51260,2024-01-01,2024-12-31,ポーターズ株式会社
S100VGJJ,2025-03-25,2025-03-25 13:47,62350,2024-01-01,2024-12-31,株式会社オプトラン
S100VG5E,2025-03-25,2025-03-25 13:49,39010,2024-01-01,2024-12-31,マークラインズ株式会社
S100VGCF,2025-03-25,2025-03-25 14:03,94190,2024-01-01,2024-12-31,株式会社ワイヤレスゲート
S100VG9P,2025-03-25,2025-03-25 14:12,49790,2024-01-01,2024-12-31,ＯＡＴアグリオ株式会社
S100VGL7,2025-03-25,2025-03-25 14:43,40120,2024-01-01,2024-12-31,株式会社アクシス
S100VGI5,2025-03-25,2025-03-25 15:09,23840,2024-01-01,2024-12-31,ＳＢＳホールディングス株式会社
S100VG6U,2025-03-25,2025-03-25 15:12,58420,2024-01-01,2024-12-31,インテグラル株式会社
S100VG6T,2025-03-25,2025-03-25 15:25,23110,2024-01-01,2024-12-31,株式会社エプコ
S100VCYP,2025-03-25,2025-03-25 15:30,49710,2024-01-01,2024-12-31,メック株式会社
S100VFPA,2025-03-25,2025-03-25 15:30,40580,2024-01-01,2024-12-31,トヨクモ株式会社
S100VFSO,2025-03-25,2025-03-25 15:30,45760,2024-01-01,2024-12-31,株式会社デ・ウエスタン・セラピテクス研究所
S100VGDJ,2025-03-25,2025-03-25 15:30,45820,2024-01-01,2024-12-31,シンバイオ製薬株式会社
S100VGFI,2025-03-25,2025-03-25 15:42,41890,2024-01-01,2024-12-31,ＫＨネオケム株式会社
S100VGBM,2025-03-25,2025-03-25 15:54,51080,2024-01-01,2024-12-31,株式会社ブリヂストン
S100VGNR,2025-03-25,2025-03-25 15:54,42480,2024-01-01,2024-12-31,竹本容器株式会社
S100VGIO,2025-03-25,2025-03-25 16:09,30910,2024-01-01,2024-12-31,株式会社ブロンコビリー
S100VGBF,2025-03-25,2025-03-25 16:31,36230,2024-01-01,2024-12-31,ビリングシステム株式会社
S100VFN4,2025-03-25,2025-03-25 16:33,39830,2024-01-01,2024-12-31,株式会社オロ
S100VG3G,2025-03-25,2025-03-25 16:49,39020,2024-01-01,2024-12-31,メディカル・データ・ビジョン株式会社
S100VGHP,2025-03-25,2025-03-25 17:00,44800,2024-01-01,2024-12-31,株式会社メドレー
S100VGM1,2025-03-26,2025-03-26 09:01,47220,2024-01-01,2024-12-31,フューチャー株式会社
S100VFGQ,2025-03-26,2025-03-26 09:02,40720,2024-01-01,2024-12-31,株式会社電算システムホールディングス
S100VFYV,2025-03-26,2025-03-26 09:16,22060,2024-01-01,2024-12-31,江崎グリコ株式会社
S100VGPW,2025-03-26,2025-03-26 09:31,40600,2024-01-01,2024-12-31,ｒａｋｕｍｏ株式会社
S100NS9Y,2025-03-26,2022-03-30 13:43,71280,2021-10-01,2021-12-31,フルサト・マルカホールディングス株式会社
S100VGRT,2025-03-26,2025-03-26 10:05,57040,2024-01-01,2024-12-31,株式会社ＪＭＣ
S100VEU5,2025-03-26,2025-03-26 10:08,45720,2024-01-01,2024-12-31,カルナバイオサイエンス株式会社
S100VGUY,2025-03-26,2025-03-26 10:12,17180,2024-01-01,2024-12-31,美樹工業株式会社
S100VGLT,2025-03-26,2025-03-26 10:38,39470,2024-01-01,2024-12-31,ダイナパック株式会社
S100VGO7,2025-03-26,2025-03-26 11:01,48920,2024-01-01,2024-12-31,株式会社サイフューズ
S100VGX2,2025-03-26,2025-03-26 11:02,77400,2024-01-01,2024-12-31,株式会社タムロン
S100VGQR,2025-03-26,2025-03-26 11:12,47120,2024-01-01,2024-12-31,株式会社ＫｅｙＨｏｌｄｅｒ
S100VFRS,2025-03-26,2025-03-26 11:32,64400,2024-01-01,2024-12-31,ＪＵＫＩ株式会社
S100VGUJ,2025-03-26,2025-03-26 12:24,39120,2024-01-01,2024-12-31,株式会社モバイルファクトリー
S100VGQD,2025-03-26,2025-03-26 12:30,42210,2024-01-01,2024-12-31,大倉工業株式会社
S100VH0G,2025-03-26,2025-03-26 12:56,88040,2024-01-01,2024-12-31,東京建物株式会社
S100VGUL,2025-03-26,2025-03-26 13:00,93840,2024-01-01,2024-12-31,内外トランスライン株式会社
S100VGNP,2025-03-26,2025-03-26 13:03,94410,2024-01-01,2024-12-31,株式会社ベルパーク
S100VGQE,2025-03-26,2025-03-26 13:06,46340,2024-01-01,2024-12-31,ａｒｔｉｅｎｃｅ株式会社
S100VG7Z,2025-03-26,2025-03-26 13:20,43560,2024-01-01,2024-12-31,応用技術株式会社
S100VG4Q,2025-03-26,2025-03-26 13:25,85940,2024-01-01,2024-12-31,中道リース株式会社
S100VFCM,2025-03-26,2025-03-26 13:25,26930,2024-01-01,2024-12-31,ＹＫＴ株式会社
S100VFL0,2025-03-26,2025-03-26 13:31,24610,2024-01-01,2024-12-31,株式会社ファンコミュニケーションズ
S100VG9C,2025-03-26,2025-03-26 13:37,39400,2024-01-01,2024-12-31,株式会社ノムラシステムコーポレーション
S100VGZR,2025-03-26,2025-03-26 13:38,32990,2024-01-01,2024-12-31,株式会社ムゲンエステート
S100VGUM,2025-03-26,2025-03-26 13:48,33860,2024-01-01,2024-12-31,コスモ・バイオ株式会社
S100VGMV,2025-03-26,2025-03-26 13:54,51050,2024-01-01,2024-12-31,ＴＯＹＯ　ＴＩＲＥ株式会社
S100VFYU,2025-03-26,2025-03-26 14:06,72720,2024-01-01,2024-12-31,ヤマハ発動機株式会社
S100VGKQ,2025-03-26,2025-03-26 14:08,58510,2024-01-01,2024-12-31,リョービ株式会社
S100VH33,2025-03-26,2025-03-26 14:10,36960,2024-01-01,2024-12-31,株式会社セレス
S100VH4I,2025-03-26,2025-03-26 14:24,27020,2024-01-01,2024-12-31,日本マクドナルドホールディングス株式会社
S100VGB0,2025-03-26,2025-03-26 14:25,85080,2024-01-01,2024-12-31,Ｊトラスト株式会社
S100VFR6,2025-03-26,2025-03-26 14:35,67230,2024-01-01,2024-12-31,ルネサスエレクトロニクス株式会社
S100VH5F,2025-03-26,2025-03-26 14:39,46420,2024-01-01,2024-12-31,オリジナル設計株式会社
S100VH4M,2025-03-26,2025-03-26 14:45,96210,2024-01-01,2024-12-31,株式会社建設技術研究所
S100VFZP,2025-03-26,2025-03-26 15:00,64640,2024-01-01,2024-12-31,株式会社ツバキ・ナカシマ
S100VGT3,2025-03-26,2025-03-26 15:00,29820,2024-01-01,2024-12-31,株式会社ＡＤワークスグループ
S100VH6K,2025-03-26,2025-03-26 15:10,97550,2024-01-01,2024-12-31,応用地質株式会社
S100VFVQ,2025-03-26,2025-03-26 15:11,49110,2024-01-01,2024-12-31,株式会社資生堂
S100VGXU,2025-03-26,2025-03-26 15:12,62760,2024-01-01,2024-12-31,シリウスビジョン株式会社
S100VH78,2025-03-26,2025-03-26 15:19,45970,2024-01-01,2024-12-31,ソレイジア・ファーマ株式会社
S100VH7O,2025-03-26,2025-03-26 15:28,25970,2024-01-01,2024-12-31,株式会社ユニカフェ
S100VGED,2025-03-26,2025-03-26 15:30,42510,2024-01-01,2024-12-31,恵和株式会社
S100VG0G,2025-03-26,2025-03-26 15:30,21950,2024-01-01,2024-12-31,アミタホールディングス株式会社
S100VGK5,2025-03-26,2025-03-26 15:30,39640,2024-01-01,2024-12-31,株式会社オークネット
S100VGBV,2025-03-26,2025-03-26 15:30,145A0,2024-01-01,2024-12-31,株式会社Ｌ　ｉｓ　Ｂ
S100VGV9,2025-03-26,2025-03-26 15:30,29700,2024-01-01,2024-12-31,株式会社グッドライフカンパニー
S100VEZQ,2025-03-26,2025-03-26 15:30,96220,2024-01-01,2024-12-31,株式会社スペース
S100VGOT,2025-03-26,2025-03-26 15:30,44760,2024-01-01,2024-12-31,ＡＩ　ＣＲＯＳＳ株式会社
S100VGCK,2025-03-26,2025-03-26 15:30,290A0,2024-01-01,2024-12-31,株式会社Ｓｙｎｓｐｅｃｔｉｖｅ
S100VG23,2025-03-26,2025-03-26 15:30,97220,2024-01-01,2024-12-31,藤田観光株式会社
S100VGFT,2025-03-26,2025-03-26 15:31,79720,2024-01-01,2024-12-31,株式会社イトーキ
S100VGJB,2025-03-26,2025-03-26 15:31,42930,2024-01-01,2024-12-31,株式会社セプテーニ・ホールディングス
S100VGZ6,2025-03-26,2025-03-26 15:31,39130,2024-01-01,2024-12-31,ＧｒｅｅｎＢｅｅ株式会社
S100VH5M,2025-03-26,2025-03-26 15:32,44040,2024-01-01,2024-12-31,ミヨシ油脂株式会社
S100VGMG,2025-03-26,2025-03-26 15:33,73530,2024-01-01,2024-12-31,ＫＩＹＯラーニング株式会社
S100VGXH,2025-03-26,2025-03-26 15:35,64650,2024-01-01,2024-12-31,ホシザキ株式会社
S100VGC1,2025-03-26,2025-03-26 15:39,64110,2024-01-01,2024-12-31,中野冷機株式会社
S100VH52,2025-03-26,2025-03-26 15:49,45790,2024-01-01,2024-12-31,ラクオリア創薬株式会社
S100VGNK,2025-03-26,2025-03-26 15:53,65400,2024-01-01,2024-12-31,株式会社船場
S100VGND,2025-03-26,2025-03-26 15:56,76850,2024-01-01,2024-12-31,株式会社ＢｕｙＳｅｌｌ　Ｔｅｃｈｎｏｌｏｇｉｅｓ
S100VGEQ,2025-03-26,2025-03-26 15:56,58710,2024-01-01,2024-12-31,ＳＯＬＩＺＥ株式会社
S100VGWL,2025-03-26,2025-03-26 15:59,77760,2024-01-01,2024-12-31,株式会社セルシード
S100VFRH,2025-03-26,2025-03-26 16:00,66330,2024-01-01,2024-12-31,株式会社Ｃ＆Ｇシステムズ
S100VGXD,2025-03-26,2025-03-26 16:00,41780,2024-01-01,2024-12-31,株式会社Ｓｈａｒｉｎｇ　Ｉｎｎｏｖａｔｉｏｎｓ
S100VH9G,2025-03-26,2025-03-26 16:00,41920,2024-01-01,2024-12-31,スパイダープラス株式会社
S100VH9B,2025-03-26,2025-03-26 16:01,29140,2024-01-01,2024-12-31,日本たばこ産業株式会社
S100VGF3,2025-03-26,2025-03-26 16:03,95630,2024-01-01,2024-12-31,Ａｔｌａｓ　Ｔｅｃｈｎｏｌｏｇｉｅｓ株式会社
S100VGZL,2025-03-26,2025-03-26 16:05,44150,2024-01-01,2024-12-31,株式会社ブロードエンタープライズ
S100VH6F,2025-03-26,2025-03-26 16:07,78490,2024-01-01,2024-12-31,スターツ出版株式会社
S100VGME,2025-03-26,2025-03-26 16:08,32760,2024-01-01,2024-12-31,株式会社ＪＰＭＣ
S100VH95,2025-03-26,2025-03-26 16:10,44930,2024-01-01,2024-12-31,株式会社サイバーセキュリティクラウド
S100VHA9,2025-03-26,2025-03-26 16:17,40040,2024-01-01,2024-12-31,株式会社レゾナック・ホールディングス
S100VGRC,2025-03-26,2025-03-26 16:21,33190,2024-01-01,2024-12-31,株式会社ゴルフダイジェスト・オンライン
S100VHAT,2025-03-26,2025-03-26 16:29,96720,2024-01-01,2024-12-31,東京都競馬株式会社
S100VHAJ,2025-03-26,2025-03-26 16:35,45650,2024-01-01,2024-12-31,ネクセラファーマ株式会社
S100VH00,2025-03-26,2025-03-26 16:38,21500,2024-01-01,2024-12-31,株式会社ケアネット
S100VGLZ,2025-03-26,2025-03-26 17:08,21700,2024-01-01,2024-12-31,株式会社リンクアンドモチベーション
S100VHAR,2025-03-27,2025-03-27 09:07,47460,2024-01-01,2024-12-31,株式会社東計電算
S100VGTC,2025-03-27,2025-03-27 09:17,39500,2024-01-01,2024-12-31,ザ・パック株式会社
S100VH56,2025-03-27,2025-03-27 09:19,81790,2024-01-01,2024-12-31,ロイヤルホールディングス株式会社
S100VH28,2025-03-27,2025-03-27 09:22,59460,2024-01-01,2024-12-31,株式会社長府製作所
S100VGKI,2025-03-27,2025-03-27 09:25,18970,2024-01-01,2024-12-31,金下建設株式会社
S100VHCA,2025-03-27,2025-03-27 09:37,260A0,2024-01-01,2024-12-31,株式会社オルツ
S100VHAL,2025-03-27,2025-03-27 10:00,46410,2024-01-01,2024-12-31,株式会社アルプス技研
S100VH0L,2025-03-27,2025-03-27 10:00,35660,2024-01-01,2024-12-31,ユニフォームネクスト株式会社
S100VH0D,2025-03-27,2025-03-27 10:00,98300,2024-01-01,2024-12-31,トラスコ中山株式会社
S100VGRK,2025-03-27,2025-03-27 10:07,60540,2024-01-01,2024-12-31,株式会社リブセンス
S100VHKK,2025-03-27,2025-03-27 10:24,43740,2024-01-01,2024-12-31,株式会社ＲＯＢＯＴ　ＰＡＹＭＥＮＴ
S100VGWX,2025-03-27,2025-03-27 10:33,91730,2024-01-01,2024-12-31,東海汽船株式会社
S100VH77,2025-03-27,2025-03-27 10:42,89140,2024-01-01,2024-12-31,エリアリンク株式会社
S100VFZI,2025-03-27,2025-03-27 10:43,70610,2024-01-01,2024-12-31,日本ホスピスホールディングス株式会社
S100VGJL,2025-03-27,2025-03-27 10:54,16630,2024-01-01,2024-12-31,Ｋ＆Ｏエナジーグループ株式会社
S100VGZ1,2025-03-27,2025-03-27 11:10,70380,2024-01-01,2024-12-31,フロンティア・マネジメント株式会社
S100VHG0,2025-03-27,2025-03-27 11:19,71150,2024-01-01,2024-12-31,株式会社アルファパーチェス
S100VHMV,2025-03-27,2025-03-27 11:28,36590,2024-01-01,2024-12-31,株式会社ネクソン
S100VFWK,2025-03-27,2025-03-27 11:30,81650,2024-01-01,2024-12-31,株式会社千趣会
S100VGHH,2025-03-27,2025-03-27 11:35,53370,2024-01-01,2024-12-31,ダントーホールディングス株式会社
S100VHN4,2025-03-27,2025-03-27 11:35,62280,2024-01-01,2024-12-31,株式会社ジェイ・イー・ティ
S100VH5Q,2025-03-27,2025-03-27 11:44,95430,2024-01-01,2024-12-31,静岡ガス株式会社
S100VGZV,2025-03-27,2025-03-27 11:48,31380,2024-01-01,2024-12-31,株式会社富士山マガジンサービス
S100VG4H,2025-03-27,2025-03-27 12:01,51840,2024-01-01,2024-12-31,株式会社ニチリン
S100VH5E,2025-03-27,2025-03-27 12:18,298A0,2024-01-01,2024-12-31,ＧＶＡ　ＴＥＣＨ株式会社
S100VG7L,2025-03-27,2025-03-27 12:39,80600,2024-01-01,2024-12-31,キヤノンマーケティングジャパン株式会社
S100VGJH,2025-03-27,2025-03-27 13:00,49190,2024-01-01,2024-12-31,株式会社ミルボン
S100VHPK,2025-03-27,2025-03-27 13:06,30540,2024-01-01,2024-12-31,株式会社ハイパー
S100VFG5,2025-03-27,2025-03-27 13:07,30400,2024-01-01,2024-12-31,株式会社ソリトンシステムズ
S100VH7T,2025-03-27,2025-03-27 13:09,46330,2024-01-01,2024-12-31,サカタインクス株式会社
S100VHPE,2025-03-27,2025-03-27 13:17,97310,2024-01-01,2024-12-31,株式会社白洋舍
S100VGZ5,2025-03-27,2025-03-27 13:17,18990,2024-01-01,2024-12-31,株式会社福田組
S100VH8V,2025-03-27,2025-03-27 13:20,79760,2024-01-01,2024-12-31,三菱鉛筆株式会社
S100VGPB,2025-03-27,2025-03-27 13:25,95390,2024-01-01,2024-12-31,京葉瓦斯株式会社
S100VHPS,2025-03-27,2025-03-27 13:27,24920,2024-01-01,2024-12-31,株式会社インフォマート
S100VH1X,2025-03-27,2025-03-27 13:27,47680,2024-01-01,2024-12-31,株式会社　大塚商会
S100VGO2,2025-03-27,2025-03-27 13:31,62690,2024-01-01,2024-12-31,三井海洋開発株式会社
S100VHC4,2025-03-27,2025-03-27 13:34,65370,2024-01-01,2024-12-31,ＷＡＳＨハウス株式会社
S100VHQR,2025-03-27,2025-03-27 13:37,27520,2024-01-01,2024-12-31,株式会社フジオフードグループ本社
S100VGYD,2025-03-27,2025-03-27 13:57,62230,2024-01-01,2024-12-31,株式会社　西部技研
S100VHRP,2025-03-27,2025-03-27 14:00,70930,2024-01-01,2024-12-31,アディッシュ株式会社
S100VHDJ,2025-03-27,2025-03-27 14:01,36640,2024-01-01,2024-12-31,株式会社モブキャストホールディングス
S100VHHH,2025-03-27,2025-03-27 14:01,42350,2024-01-01,2024-12-31,ウルトラファブリックス・ホールディングス株式会社
S100VH8S,2025-03-27,2025-03-27 14:04,46310,2024-01-01,2024-12-31,ＤＩＣ株式会社
S100VHPQ,2025-03-27,2025-03-27 14:05,70800,2024-01-01,2024-12-31,株式会社スポーツフィールド
S100VHRC,2025-03-27,2025-03-27 14:13,51390,2024-01-01,2024-12-31,オープンワーク株式会社
S100VHSE,2025-03-27,2025-03-27 14:15,47040,2024-01-01,2024-12-31,トレンドマイクロ株式会社
S100VHA4,2025-03-27,2025-03-27 14:21,78410,2024-01-01,2024-12-31,株式会社遠藤製作所
S100VGXF,2025-03-27,2025-03-27 14:26,59430,2024-01-01,2024-12-31,株式会社ノーリツ
S100VGYI,2025-03-27,2025-03-27 14:31,24890,2024-01-01,2024-12-31,株式会社アドウェイズ
S100VH3E,2025-03-27,2025-03-27 14:38,65330,2024-01-01,2024-12-31,株式会社Ｏｒｃｈｅｓｔｒａ　Ｈｏｌｄｉｎｇｓ
S100VGGO,2025-03-27,2025-03-27 14:39,65460,2024-01-01,2024-12-31,フルテック株式会社
S100VGKP,2025-03-27,2025-03-27 14:40,44860,2024-01-01,2024-12-31,ユナイトアンドグロウ株式会社
S100VGZG,2025-03-27,2025-03-27 14:47,22660,2024-01-01,2024-12-31,六甲バター株式会社
S100VGOJ,2025-03-27,2025-03-27 14:50,40250,2024-01-01,2024-12-31,多木化学株式会社
S100VHFI,2025-03-27,2025-03-27 14:59,66940,2024-01-01,2024-12-31,株式会社ズーム
S100VHKZ,2025-03-27,2025-03-27 15:00,248A0,2024-01-01,2024-12-31,株式会社キッズスター
S100VGL9,2025-03-27,2025-03-27 15:00,40990,2024-01-01,2024-12-31,四国化成ホールディングス株式会社
S100VHDH,2025-03-27,2025-03-27 15:00,268A0,2024-01-01,2024-12-31,リガク・ホールディングス株式会社
S100VGZU,2025-03-27,2025-03-27 15:00,73140,2024-01-01,2024-12-31,株式会社小田原機器
S100VHEL,2025-03-27,2025-03-27 15:00,69290,2024-01-01,2024-12-31,日本セラミック株式会社
S100VHUK,2025-03-27,2025-03-27 15:00,55890,2024-01-01,2024-12-31,株式会社オートサーバー
S100VHVD,2025-03-27,2025-03-27 15:01,99730,2024-01-01,2024-12-31,ＫＯＺＯホールディングス株式会社
S100VHVB,2025-03-27,2025-03-27 15:08,76130,2024-01-01,2024-12-31,シークス株式会社
S100VGHU,2025-03-27,2025-03-27 15:09,77180,2024-01-01,2024-12-31,スター精密株式会社
S100VHVQ,2025-03-27,2025-03-27 15:15,25870,2024-01-01,2024-12-31,サントリー食品インターナショナル株式会社
S100VGXG,2025-03-27,2025-03-27 15:18,27000,2024-01-01,2024-12-31,木徳神糧株式会社
S100VH2F,2025-03-27,2025-03-27 15:18,45510,2024-01-01,2024-12-31,鳥居薬品株式会社
S100VHWB,2025-03-27,2025-03-27 15:19,45930,2024-01-01,2024-12-31,株式会社ヘリオス
S100VGTV,2025-03-27,2025-03-27 15:21,34160,2024-01-01,2024-12-31,ピクスタ株式会社
S100VG9G,2025-03-27,2025-03-27 15:24,49270,2024-01-01,2024-12-31,株式会社ポーラ・オルビスホールディングス
S100VHVE,2025-03-27,2025-03-27 15:25,55630,2024-01-01,2024-12-31,新日本電工株式会社
S100VFZX,2025-03-27,2025-03-27 15:30,76750,2024-01-01,2024-12-31,セントラルフォレストグループ株式会社
S100VGNS,2025-03-27,2025-03-27 15:30,262A0,2024-01-01,2024-12-31,株式会社インターメスティック
S100VHGA,2025-03-27,2025-03-27 15:30,39110,2024-01-01,2024-12-31,株式会社Ａｉｍｉｎｇ
S100VHB0,2025-03-27,2025-03-27 15:30,41710,2024-01-01,2024-12-31,株式会社グローバルインフォメーション
S100VHAH,2025-03-27,2025-03-27 15:30,93450,2024-01-01,2024-12-31,ビズメイツ株式会社
S100VHC1,2025-03-27,2025-03-27 15:30,25020,2024-01-01,2024-12-31,アサヒグループホールディングス株式会社
S100VHGR,2025-03-27,2025-03-27 15:30,68530,2024-01-01,2024-12-31,株式会社共和電業
S100VHPW,2025-03-27,2025-03-27 15:30,60710,2024-01-01,2024-12-31,株式会社ＩＢＪ
S100VGXQ,2025-03-27,2025-03-27 15:30,29320,2024-01-01,2024-12-31,株式会社ＳＴＩフードホールディングス
S100VGZ4,2025-03-27,2025-03-27 15:30,93860,2024-01-01,2024-12-31,日本コンセプト株式会社
S100VGYC,2025-03-27,2025-03-27 15:31,66270,2024-01-01,2024-12-31,株式会社テラプローブ
S100VHPC,2025-03-27,2025-03-27 15:31,71720,2024-01-01,2024-12-31,株式会社ジャパンインベストメントアドバイザー
S100VHVX,2025-03-27,2025-03-27 15:31,44480,2024-01-01,2024-12-31,株式会社ｋｕｂｅｌｌ
S100VHDC,2025-03-27,2025-03-27 15:33,66530,2024-01-01,2024-12-31,株式会社正興電機製作所
S100VFYA,2025-03-27,2025-03-27 15:33,34360,2024-01-01,2024-12-31,株式会社ＳＵＭＣＯ
S100VGMJ,2025-03-27,2025-03-27 15:33,42640,2024-01-01,2024-12-31,株式会社セキュア
S100VHQF,2025-03-27,2025-03-27 15:34,44280,2024-01-01,2024-12-31,株式会社シノプス
S100VHXF,2025-03-27,2025-03-27 15:34,62660,2024-01-01,2024-12-31,タツモ株式会社
S100VGC8,2025-03-27,2025-03-27 15:35,43770,2024-01-01,2024-12-31,株式会社ワンキャリア
S100VHUL,2025-03-27,2025-03-27 15:35,39980,2024-01-01,2024-12-31,株式会社すららネット
S100VGVW,2025-03-27,2025-03-27 15:35,34050,2024-01-01,2024-12-31,株式会社クラレ
S100VHF9,2025-03-27,2025-03-27 15:36,42550,2024-01-01,2024-12-31,ＴＨＥＣＯＯ株式会社
S100VHNJ,2025-03-27,2025-03-27 15:41,52160,2024-01-01,2024-12-31,株式会社倉元製作所
S100VGSH,2025-03-27,2025-03-27 15:41,79570,2024-01-01,2024-12-31,フジコピアン株式会社
S100VHWD,2025-03-27,2025-03-27 15:43,261A0,2024-01-01,2024-12-31,株式会社日水コン
S100VHWY,2025-03-27,2025-03-27 15:45,62910,2024-01-01,2024-12-31,日本エアーテック株式会社
S100VHP0,2025-03-27,2025-03-27 15:46,30530,2024-01-01,2024-12-31,株式会社ペッパーフードサービス
S100VHBT,2025-03-27,2025-03-27 15:48,45190,2024-01-01,2024-12-31,中外製薬株式会社
S100VHJ6,2025-03-27,2025-03-27 15:48,21240,2024-01-01,2024-12-31,株式会社ジェイエイシーリクルートメント
S100VHWT,2025-03-27,2025-03-27 15:50,89290,2024-01-01,2024-12-31,株式会社青山財産ネットワークス
S100VGGD,2025-03-27,2025-03-27 15:53,70440,2024-01-01,2024-12-31,株式会社ピアラ
S100VEFY,2025-03-27,2025-03-27 15:55,62780,2024-01-01,2024-12-31,ユニオンツール株式会社
S100VHYM,2025-03-27,2025-03-27 15:57,58360,2024-01-01,2024-12-31,株式会社エージェント・インシュアランス・グループ
S100VH2Z,2025-03-27,2025-03-27 15:58,97680,2024-01-01,2024-12-31,いであ株式会社
S100VHGX,2025-03-27,2025-03-27 15:59,33550,2024-01-01,2024-12-31,クリヤマホールディングス株式会社
S100VF1S,2025-03-27,2025-03-27 15:59,47660,2024-01-01,2024-12-31,株式会社ピーエイ
S100VHZD,2025-03-27,2025-03-27 15:59,91600,2024-01-01,2024-12-31,株式会社ノバレーゼ
S100VGQU,2025-03-27,2025-03-27 16:00,62680,2024-01-01,2024-12-31,ナブテスコ株式会社
S100VHWI,2025-03-27,2025-03-27 16:00,32770,2024-01-01,2024-12-31,株式会社サンセイランディック
S100VHX5,2025-03-27,2025-03-27 16:00,70430,2024-01-01,2024-12-31,アルー株式会社
S100VHAM,2025-03-27,2025-03-27 16:00,63610,2024-01-01,2024-12-31,株式会社荏原製作所
S100VHY8,2025-03-27,2025-03-27 16:03,49350,2024-01-01,2024-12-31,株式会社リベルタ
S100VHNU,2025-03-27,2025-03-27 16:05,43710,2024-01-01,2024-12-31,株式会社コアコンセプト・テクノロジー
S100VI1J,2025-03-27,2025-03-27 16:22,24360,2024-01-01,2024-12-31,共同ピーアール株式会社
S100VHXI,2025-03-27,2025-03-27 16:25,41660,2024-01-01,2024-12-31,かっこ株式会社
S100VHS2,2025-03-27,2025-03-27 16:26,63280,2024-01-01,2024-12-31,荏原実業株式会社
S100VHQD,2025-03-27,2025-03-27 16:29,48830,2024-01-01,2024-12-31,株式会社モダリス
S100VI1K,2025-03-27,2025-03-27 16:30,34860,2024-01-01,2024-12-31,株式会社グローバル・リンク・マネジメント
S100VGZ2,2025-03-27,2025-03-27 16:30,39680,2024-01-01,2024-12-31,セグエグループ株式会社
S100VH6M,2025-03-27,2025-03-27 16:36,60780,2024-01-01,2024-12-31,株式会社バリューＨＲ
S100VHYD,2025-03-27,2025-03-27 16:36,64980,2024-01-01,2024-12-31,株式会社キッツ
S100VHTU,2025-03-27,2025-03-27 16:37,30640,2024-01-01,2024-12-31,株式会社ＭｏｎｏｔａＲＯ
S100VHTA,2025-03-27,2025-03-27 16:39,70820,2024-01-01,2024-12-31,株式会社ジモティー
S100VHEK,2025-03-27,2025-03-27 16:45,44490,2024-01-01,2024-12-31,株式会社ギフティ
S100VHZY,2025-03-27,2025-03-27 16:47,70480,2024-01-01,2024-12-31,ベルトラ株式会社
S100VI24,2025-03-27,2025-03-27 16:55,61410,2024-01-01,2024-12-31,ＤＭＧ森精機株式会社
S100VHHO,2025-03-27,2025-03-27 17:00,53010,2024-01-01,2024-12-31,東海カーボン株式会社
S100VGYK,2025-03-27,2025-03-27 17:00,25790,2024-01-01,2024-12-31,コカ・コーラボトラーズジャパンホールディングス株式会社
S100VHOO,2025-03-27,2025-03-27 17:01,50270,2024-01-01,2024-12-31,ＡｎｙＭｉｎｄ　Ｇｒｏｕｐ株式会社
S100VHON,2025-03-27,2025-03-27 17:03,32520,2024-01-01,2024-12-31,地主株式会社
S100VG92,2025-03-27,2025-03-27 17:06,44500,2024-01-01,2024-12-31,株式会社パワーソリューションズ
S100VGMR,2025-03-28,2025-03-28 09:03,63950,2024-01-01,2024-12-31,株式会社タダノ
S100VGFP,2025-03-28,2025-03-28 09:15,73090,2024-01-01,2024-12-31,株式会社シマノ
S100VHVG,2025-03-28,2025-03-28 09:22,62500,2024-01-01,2024-12-31,株式会社やまびこ
S100VI01,2025-03-28,2025-03-28 09:25,68710,2024-01-01,2024-12-31,株式会社日本マイクロニクス
S100VFKD,2025-03-28,2025-03-28 09:35,77390,2024-01-01,2024-12-31,キヤノン電子株式会社
S100VIAV,2025-03-28,2025-03-28 09:37,44630,2024-01-01,2024-12-31,日華化学株式会社
S100VHAD,2025-03-28,2025-03-28 09:40,79560,2024-01-01,2024-12-31,ピジョン株式会社
S100VHVC,2025-03-28,2025-03-28 09:58,32610,2024-01-01,2024-12-31,株式会社グランディーズ
S100VIBC,2025-03-28,2025-03-28 10:00,48960,2024-01-01,2024-12-31,株式会社ケイファーマ
S100VHCQ,2025-03-28,2025-03-28 10:00,64000,2024-01-01,2024-12-31,不二精機株式会社
S100VIC2,2025-03-28,2025-03-28 10:13,64250,2024-01-01,2024-12-31,株式会社ユニバーサルエンターテインメント
S100VIBY,2025-03-28,2025-03-28 10:15,45880,2024-01-01,2024-12-31,オンコリスバイオファーマ株式会社
S100VIBX,2025-03-28,2025-03-28 10:27,40530,2024-01-01,2024-12-31,株式会社Ｓｕｎ　Ａｓｔｅｒｉｓｋ
S100VGFM,2025-03-28,2025-03-28 10:28,42840,2024-01-01,2024-12-31,株式会社　ソルクシーズ
S100VICO,2025-03-28,2025-03-28 10:41,24990,2024-01-01,2024-12-31,日本和装ホールディングス株式会社
S100VHYN,2025-03-28,2025-03-28 10:46,130A0,2024-01-01,2024-12-31,株式会社Ｖｅｒｉｔａｓ　Ｉｎ　Ｓｉｌｉｃｏ
S100VHZP,2025-03-28,2025-03-28 10:47,36490,2024-01-01,2024-12-31,株式会社ファインデックス
S100VGWF,2025-03-28,2025-03-28 10:52,39480,2024-01-01,2024-12-31,光ビジネスフォーム株式会社
S100VGKB,2025-03-28,2025-03-28 10:56,41070,2024-01-01,2024-12-31,伊勢化学工業株式会社
S100VIDZ,2025-03-28,2025-03-28 10:57,79920,2024-01-01,2024-12-31,セーラー万年筆株式会社
S100VICQ,2025-03-28,2025-03-28 11:00,58680,2024-01-01,2024-12-31,株式会社ロココ
S100VGMX,2025-03-28,2025-03-28 11:01,74250,2024-01-01,2024-12-31,初穂商事株式会社
S100VI3W,2025-03-28,2025-03-28 11:07,52420,2024-01-01,2024-12-31,株式会社アイズ
S100VH45,2025-03-28,2025-03-28 11:09,14290,2024-01-01,2024-12-31,株式会社日本アクア
S100VIFL,2025-03-28,2025-03-28 11:17,334A0,2024-01-01,2024-12-31,株式会社ビジュアル・プロセッシング・ジャパン
S100VIG0,2025-03-28,2025-03-28 11:26,59570,2024-01-01,2024-12-31,日東精工株式会社
S100VHWW,2025-03-28,2025-03-28 11:29,43790,2024-01-01,2024-12-31,株式会社Ｐｈｏｔｏｓｙｎｔｈ
S100VIFE,2025-03-28,2025-03-28 11:34,71120,2024-01-01,2024-12-31,株式会社キューブ
S100VIFV,2025-03-28,2025-03-28 11:41,77440,2024-01-01,2024-12-31,ノーリツ鋼機株式会社
S100VIGX,2025-03-28,2025-03-28 11:52,41680,2024-01-01,2024-12-31,株式会社ヤプリ
S100VI61,2025-03-28,2025-03-28 11:54,52410,2024-01-01,2024-12-31,株式会社日本オーエー研究所
S100VIGL,2025-03-28,2025-03-28 12:00,34820,2024-01-01,2024-12-31,ロードスターキャピタル株式会社
S100VIF1,2025-03-28,2025-03-28 12:01,70390,2024-01-01,2024-12-31,ブリッジインターナショナル株式会社
S100VG3X,2025-03-28,2025-03-28 12:02,73590,2024-01-01,2024-12-31,株式会社東京通信グループ
S100VHA8,2025-03-28,2025-03-28 12:02,14350,2024-01-01,2024-12-31,株式会社ｒｏｂｏｔ　ｈｏｍｅ
S100VHCR,2025-03-28,2025-03-28 12:04,20090,2024-01-01,2024-12-31,鳥越製粉株式会社
S100VHIG,2025-03-28,2025-03-28 12:04,44820,2024-01-01,2024-12-31,株式会社ウィルズ
S100VII7,2025-03-28,2025-03-28 12:18,149A0,2024-01-01,2024-12-31,株式会社シンカ
S100VI36,2025-03-28,2025-03-28 12:24,56190,2024-01-01,2024-12-31,マーソ株式会社
S100VHY0,2025-03-28,2025-03-28 12:25,50380,2024-01-01,2024-12-31,株式会社ｅＷｅＬＬ
S100VI6E,2025-03-28,2025-03-28 12:36,97020,2024-01-01,2024-12-31,株式会社アイ・エス・ビー
S100VIIX,2025-03-28,2025-03-28 12:36,51870,2024-01-01,2024-12-31,クリエートメディック株式会社
S100VIJE,2025-03-28,2025-03-28 12:44,29860,2024-01-01,2024-12-31,株式会社ＬＡホールディングス
S100VHL4,2025-03-28,2025-03-28 12:48,61490,2024-01-01,2024-12-31,株式会社小田原エンジニアリング
S100VGDU,2025-03-28,2025-03-28 13:00,43720,2024-01-01,2024-12-31,ユミルリンク株式会社
S100VHTS,2025-03-28,2025-03-28 13:00,52570,2024-01-01,2024-12-31,ノバシステム株式会社
S100VH74,2025-03-28,2025-03-28 13:02,33020,2024-01-01,2024-12-31,帝国繊維株式会社
S100VI7X,2025-03-28,2025-03-28 13:04,37190,2024-01-01,2024-12-31,株式会社ジェクシード
S100VI8D,2025-03-28,2025-03-28 13:04,61430,2024-01-01,2024-12-31,株式会社ソディック
S100VH1I,2025-03-28,2025-03-28 13:05,53020,2024-01-01,2024-12-31,日本カーボン株式会社
S100VHUQ,2025-03-28,2025-03-28 13:07,23250,2024-01-01,2024-12-31,株式会社ＮＪＳ
S100VHZ6,2025-03-28,2025-03-28 13:14,58160,2024-01-01,2024-12-31,オーナンバ株式会社
S100VHF8,2025-03-28,2025-03-28 13:16,30010,2024-01-01,2024-12-31,片倉工業株式会社
S100VHTG,2025-03-28,2025-03-28 13:17,24180,2024-01-01,2024-12-31,株式会社ツカダ・グローバルホールディング
S100VHDK,2025-03-28,2025-03-28 13:17,79860,2024-01-01,2024-12-31,日本アイ・エス・ケイ株式会社
S100VHSJ,2025-03-28,2025-03-28 13:17,70810,2024-01-01,2024-12-31,コーユーレンティア株式会社
S100VIJQ,2025-03-28,2025-03-28 13:23,55880,2024-01-01,2024-12-31,ファーストアカウンティング株式会社
S100VF8I,2025-03-28,2025-03-28 13:34,48480,2024-01-01,2024-12-31,株式会社フルキャストホールディングス
S100VIKL,2025-03-28,2025-03-28 13:36,50100,2024-01-01,2024-12-31,日本精蝋株式会社
S100VHM6,2025-03-28,2025-03-28 13:38,78460,2024-01-01,2024-12-31,株式会社パイロットコーポレーション
S100VIKJ,2025-03-28,2025-03-28 13:42,48930,2024-01-01,2024-12-31,ノイルイミューン・バイオテック株式会社
S100VI2I,2025-03-28,2025-03-28 13:45,59970,2024-01-01,2024-12-31,協立エアテック株式会社
S100VIL4,2025-03-28,2025-03-28 13:46,37440,2024-01-01,2024-12-31,サイオス株式会社
S100VI7Q,2025-03-28,2025-03-28 13:49,68350,2024-01-01,2024-12-31,アライドテレシスホールディングス株式会社
S100VH88,2025-03-28,2025-03-28 13:52,69140,2024-01-01,2024-12-31,オプテックスグループ株式会社
S100VHU9,2025-03-28,2025-03-28 14:00,43950,2024-01-01,2024-12-31,株式会社アクリート
S100VI0L,2025-03-28,2025-03-28 14:03,52010,2024-01-01,2024-12-31,ＡＧＣ株式会社
S100VHR2,2025-03-28,2025-03-28 14:09,63020,2024-01-01,2024-12-31,住友重機械工業株式会社
S100VHEC,2025-03-28,2025-03-28 14:10,43240,2024-01-01,2024-12-31,株式会社電通グループ
S100VFHK,2025-03-28,2025-03-28 14:13,41700,2024-01-01,2024-12-31,株式会社Ｋａｉｚｅｎ　Ｐｌａｔｆｏｒｍ
S100VIJR,2025-03-28,2025-03-28 14:13,22150,2024-01-01,2024-12-31,第一屋製パン株式会社
S100VINB,2025-03-28,2025-03-28 14:15,175A0,2024-04-01,2024-12-31,株式会社Ｗｉｌｌ　Ｓｍａｒｔ
S100VI7U,2025-03-28,2025-03-28 14:15,71280,2024-01-01,2024-12-31,フルサト・マルカホールディングス株式会社
S100VINI,2025-03-28,2025-03-28 14:23,51100,2024-01-01,2024-12-31,住友ゴム工業株式会社
S100VGD6,2025-03-28,2025-03-28 14:26,22120,2024-01-01,2024-12-31,山崎製パン株式会社
S100VHLO,2025-03-28,2025-03-28 14:30,39440,2024-01-01,2024-12-31,古林紙工株式会社
S100VHCM,2025-03-28,2025-03-28 14:32,96560,2024-01-01,2024-12-31,グリーンランドリゾート株式会社
S100VI9G,2025-03-28,2025-03-28 14:33,44770,2024-01-01,2024-12-31,ＢＡＳＥ株式会社
S100VIN1,2025-03-28,2025-03-28 14:34,67690,2024-01-01,2024-12-31,ザインエレクトロニクス株式会社
S100VGY6,2025-03-28,2025-03-28 14:35,286A0,2024-01-01,2024-12-31,株式会社ユカリア
S100VIG1,2025-03-28,2025-03-28 14:36,93990,2024-01-01,2024-12-31,ビート・ホールディングス・リミテッド　（貝德控股有限公司、Ｂｅａｔ　Ｈｏｌｄｉｎｇｓ　Ｌｉｍｉｔｅｄ）
S100VIOQ,2025-03-28,2025-03-28 14:42,60630,2024-01-01,2024-12-31,日本エマージェンシーアシスタンス株式会社
S100VIHL,2025-03-28,2025-03-28 14:42,47250,2024-01-01,2024-12-31,株式会社ＣＡＣ　Ｈｏｌｄｉｎｇｓ
S100VI28,2025-03-28,2025-03-28 14:48,21930,2024-01-01,2024-12-31,クックパッド株式会社
S100VH1V,2025-03-28,2025-03-28 14:53,17240,2024-01-01,2024-12-31,シンクレイヤ株式会社
S100VIFR,2025-03-28,2025-03-28 14:53,78140,2024-01-01,2024-12-31,株式会社日本創発グループ
S100VIOY,2025-03-28,2025-03-28 14:56,40560,2024-01-01,2024-12-31,ニューラルグループ株式会社
S100VHCL,2025-03-28,2025-03-28 14:58,40450,2024-01-01,2024-12-31,東亞合成株式会社
S100VIFG,2025-03-28,2025-03-28 15:00,50350,2024-01-01,2024-12-31,ＨＯＵＳＥＩ株式会社
S100VGWK,2025-03-28,2025-03-28 15:00,79630,2024-01-01,2024-12-31,興研株式会社
S100VI5B,2025-03-28,2025-03-28 15:00,64440,2024-01-01,2024-12-31,サンデン株式会社
S100V822,2025-03-28,2025-03-28 15:01,39280,2024-01-01,2024-12-31,株式会社マイネット
S100VHD7,2025-03-28,2025-03-28 15:02,66120,2024-01-01,2024-12-31,バルミューダ株式会社
S100VI5M,2025-03-28,2025-03-28 15:04,80290,2024-01-01,2024-12-31,株式会社ルックホールディングス
S100VICP,2025-03-28,2025-03-28 15:04,56990,2024-01-01,2024-12-31,株式会社イボキン
S100VI7G,2025-03-28,2025-03-28 15:05,49330,2024-01-01,2024-12-31,株式会社Ｉ－ｎｅ
S100VGDD,2025-03-28,2025-03-28 15:05,40110,2024-01-01,2024-12-31,株式会社ヘッドウォータース
S100VH7L,2025-03-28,2025-03-28 15:07,25030,2024-01-01,2024-12-31,キリンホールディングス株式会社
S100VI6T,2025-03-28,2025-03-28 15:12,14490,2024-01-01,2024-12-31,株式会社ＦＵＪＩジャパン
S100VHJX,2025-03-28,2025-03-28 15:15,43510,2024-01-01,2024-12-31,株式会社山田債権回収管理総合事務所
S100VI8H,2025-03-28,2025-03-28 15:16,49850,2024-01-01,2024-12-31,アース製薬株式会社
S100VGVI,2025-03-28,2025-03-28 15:18,46120,2024-01-01,2024-12-31,日本ペイントホールディングス株式会社
S100VIQH,2025-03-28,2025-03-28 15:21,96120,2024-01-01,2024-12-31,株式会社ラックランド
S100VIQ5,2025-03-28,2025-03-28 15:23,155A0,2024-01-01,2024-12-31,株式会社情報戦略テクノロジー
S100VIQU,2025-03-28,2025-03-28 15:29,36670,2024-01-01,2024-12-31,株式会社ｅｎｉｓｈ
S100VI1H,2025-03-28,2025-03-28 15:30,43750,2024-01-01,2024-12-31,セーフィー株式会社
S100VIN7,2025-03-28,2025-03-28 15:30,92180,2024-01-01,2024-12-31,株式会社メンタルヘルステクノロジーズ
S100VHXM,2025-03-28,2025-03-28 15:30,95610,2024-01-01,2024-12-31,株式会社グラッドキューブ
S100VHQB,2025-03-28,2025-03-28 15:30,48110,2024-01-01,2024-12-31,株式会社ドリーム・アーツ
S100VI9J,2025-03-28,2025-03-28 15:30,27880,2024-01-01,2024-12-31,アップルインターナショナル株式会社
S100VHZZ,2025-03-28,2025-03-28 15:30,77510,2024-01-01,2024-12-31,キヤノン株式会社
S100VI0R,2025-03-28,2025-03-28 15:30,60290,2024-01-01,2024-12-31,アトラグループ株式会社
S100VI9Y,2025-03-28,2025-03-28 15:30,59590,2024-01-01,2024-12-31,岡部株式会社
S100VGH7,2025-03-28,2025-03-28 15:30,93430,2024-01-01,2024-12-31,株式会社アイビス
S100VI82,2025-03-28,2025-03-28 15:30,73580,2024-01-01,2024-12-31,株式会社ポピンズ
S100VG4Y,2025-03-28,2025-03-28 15:30,319A0,2024-01-01,2024-12-31,株式会社技術承継機構
S100VHOF,2025-03-28,2025-03-28 15:30,47760,2024-01-01,2024-12-31,サイボウズ株式会社
S100VHQQ,2025-03-28,2025-03-28 15:30,55900,2024-01-01,2024-12-31,株式会社ネットスターズ
S100VI5I,2025-03-28,2025-03-28 15:30,36560,2024-01-01,2024-12-31,ＫＬａｂ株式会社
S100VI4M,2025-03-28,2025-03-28 15:30,65730,2024-01-01,2024-12-31,アジャイルメディア・ネットワーク株式会社
S100VIOV,2025-03-28,2025-03-28 15:30,50390,2024-01-01,2024-12-31,株式会社キットアライブ
S100VG8F,2025-03-28,2025-03-28 15:30,50280,2024-01-01,2024-12-31,セカンドサイトアナリティカ株式会社
S100VIJ4,2025-03-28,2025-03-28 15:31,36800,2024-01-01,2024-12-31,株式会社ホットリンク
S100VI7P,2025-03-28,2025-03-28 15:31,50700,2024-01-01,2024-12-31,株式会社ドラフト
S100VIKQ,2025-03-28,2025-03-28 15:32,49670,2024-01-01,2024-12-31,小林製薬株式会社
S100VHKD,2025-03-28,2025-03-28 15:32,45740,2024-01-01,2024-12-31,大幸薬品株式会社
S100VI3L,2025-03-28,2025-03-28 15:33,49220,2024-01-01,2024-12-31,株式会社コーセー
S100VHZ5,2025-03-28,2025-03-28 15:33,47550,2024-01-01,2024-12-31,楽天グループ株式会社
S100VHPA,2025-03-28,2025-03-28 15:34,281A0,2024-01-01,2024-12-31,インフォメティス株式会社
S100VI6W,2025-03-28,2025-03-28 15:36,91470,2024-01-01,2024-12-31,ＮＩＰＰＯＮ　ＥＸＰＲＥＳＳホールディングス株式会社
S100VIIR,2025-03-28,2025-03-28 15:36,34740,2024-01-01,2024-12-31,Ｇ－ＦＡＣＴＯＲＹ株式会社
S100VHRR,2025-03-28,2025-03-28 15:36,69150,2024-01-01,2024-12-31,千代田インテグレ株式会社
S100VI09,2025-03-28,2025-03-28 15:36,38070,2024-01-01,2024-12-31,株式会社フィスコ
S100VHZW,2025-03-28,2025-03-28 15:36,91640,2024-01-01,2024-12-31,株式会社トライト
S100VI8J,2025-03-28,2025-03-28 15:38,63100,2024-01-01,2024-12-31,井関農機株式会社
S100VIQC,2025-03-28,2025-03-28 15:38,66350,2024-01-01,2024-12-31,株式会社大日光・エンジニアリング
S100VHVP,2025-03-28,2025-03-28 15:39,39810,2024-01-01,2024-12-31,株式会社ビーグリー
S100VGWO,2025-03-28,2025-03-28 15:39,51010,2024-01-01,2024-12-31,横浜ゴム株式会社
S100VIC4,2025-03-28,2025-03-28 15:39,77900,2024-01-01,2024-12-31,株式会社バルコス
S100VIPH,2025-03-28,2025-03-28 15:41,44870,2024-01-01,2024-12-31,株式会社スペースマーケット
S100VI2R,2025-03-28,2025-03-28 15:44,61770,2024-01-01,2024-12-31,ＡｐｐＢａｎｋ株式会社
S100VIRY,2025-03-28,2025-03-28 15:51,265A0,2024-01-01,2024-12-31,Ｈｍｃｏｍｍ株式会社
S100VICM,2025-03-28,2025-03-28 15:55,40190,2024-01-01,2024-12-31,株式会社スタメン
S100VIK2,2025-03-28,2025-03-28 15:55,72440,2024-01-01,2024-12-31,市光工業株式会社
S100VISF,2025-03-28,2025-03-28 16:00,48200,2024-01-01,2024-12-31,株式会社イーエムシステムズ（商号　株式会社ＥＭシステムズ）
S100VHJK,2025-03-28,2025-03-28 16:00,82020,2024-01-01,2024-12-31,ラオックスホールディングス株式会社
S100VIS2,2025-03-28,2025-03-28 16:00,60340,2024-01-01,2024-12-31,ＭＲＴ株式会社
S100VG7K,2025-03-28,2025-03-28 16:00,39610,2024-01-01,2024-12-31,シルバーエッグ・テクノロジー株式会社
S100VHMW,2025-03-28,2025-03-28 16:00,39140,2024-01-01,2024-12-31,ＪＩＧ－ＳＡＷ株式会社
S100VIMD,2025-03-28,2025-03-28 16:00,41860,2024-01-01,2024-12-31,東京応化工業株式会社
S100VI3R,2025-03-28,2025-03-28 16:00,93390,2024-01-01,2024-12-31,株式会社コーチ・エィ
S100VGXL,2025-03-28,2025-03-28 16:01,31050,2024-01-01,2024-12-31,日清紡ホールディングス株式会社
S100VGW5,2025-03-28,2025-03-28 16:01,27210,2024-01-01,2024-12-31,株式会社ジェイホールディングス
S100VHYV,2025-03-28,2025-03-28 16:01,39040,2024-01-01,2024-12-31,株式会社カヤック
S100VINW,2025-03-28,2025-03-28 16:01,44380,2024-01-01,2024-12-31,株式会社Ｗｅｌｂｙ
S100VIIM,2025-03-28,2025-03-28 16:01,37770,2024-01-01,2024-12-31,株式会社環境フレンドリーホールディングス
S100VI4G,2025-03-28,2025-03-28 16:02,65610,2024-01-01,2024-12-31,株式会社ＨＡＮＡＴＯＵＲ　ＪＡＰＡＮ
S100VISK,2025-03-28,2025-03-28 16:02,79890,2024-01-01,2024-12-31,立川ブラインド工業株式会社
S100VI6N,2025-03-28,2025-03-28 16:05,45830,2024-01-01,2024-12-31,株式会社カイオム・バイオサイエンス
S100VGU1,2025-03-28,2025-03-28 16:05,55420,2024-01-01,2024-12-31,新報国マテリアル株式会社
S100VISG,2025-03-28,2025-03-28 16:09,45960,2024-01-01,2024-12-31,窪田製薬ホールディングス株式会社
S100VI3O,2025-03-28,2025-03-28 16:10,29310,2024-01-01,2024-12-31,株式会社ユーグレナ
S100VISQ,2025-03-28,2025-03-28 16:15,48810,2024-01-01,2024-12-31,株式会社ファンペップ
S100VIT7,2025-03-28,2025-03-28 16:18,55910,2024-01-01,2024-12-31,株式会社ＡＶＩＬＥＮ
S100VGW3,2025-03-28,2025-03-28 16:19,148A0,2024-01-01,2024-12-31,株式会社ハッチ・ワーク
S100VHW9,2025-03-28,2025-03-28 16:20,32410,2024-01-01,2024-12-31,株式会社ウィル
S100VI93,2025-03-28,2025-03-28 16:27,23300,2024-01-01,2024-12-31,株式会社フォーサイド
S100VI6U,2025-03-28,2025-03-28 16:40,42450,2024-01-01,2024-12-31,株式会社ダイキアクシス
S100VITV,2025-03-28,2025-03-28 16:47,45870,2024-01-01,2024-12-31,ペプチドリーム株式会社
S100VIRA,2025-03-28,2025-03-28 16:52,40740,2024-01-01,2024-12-31,株式会社ラキール
S100VIM3,2025-03-28,2025-03-28 16:56,36710,2024-01-01,2024-12-31,ソフトマックス株式会社
S100VHTV,2025-03-28,2025-03-28 16:58,37650,2024-01-01,2024-12-31,ガンホー・オンライン・エンターテイメント株式会社
S100VGPL,2025-03-28,2025-03-28 16:59,42580,2024-01-01,2024-12-31,株式会社網屋
S100VITW,2025-03-28,2025-03-28 17:01,62320,2024-01-01,2024-12-31,株式会社ＡＣＳＬ
S100VIRG,2025-03-28,2025-03-28 17:02,19110,2024-01-01,2024-12-31,住友林業株式会社
S100VHQA,2025-03-31,2025-03-31 09:00,36630,2024-01-01,2024-12-31,株式会社セルシス
S100VHS0,2025-03-31,2025-03-31 09:08,76090,2024-01-01,2024-12-31,ダイトロン株式会社
S100VINC,2025-03-31,2025-03-31 09:09,34450,2024-01-01,2024-12-31,株式会社ＲＳ　Ｔｅｃｈｎｏｌｏｇｉｅｓ
S100VIXM,2025-03-31,2025-03-31 09:10,79360,2024-01-01,2024-12-31,株式会社アシックス
S100VHMY,2025-03-31,2025-03-31 09:17,78330,2024-01-01,2024-12-31,株式会社アイフィスジャパン
S100VGUQ,2025-03-31,2025-03-31 09:20,97040,2024-01-01,2024-12-31,株式会社アゴーラホスピタリティーグループ
S100VIA2,2025-03-31,2025-03-31 09:22,68700,2024-01-01,2024-12-31,日本フェンオール株式会社
S100VIZI,2025-03-31,2025-03-31 09:23,68560,2024-01-01,2024-12-31,株式会社堀場製作所
S100VIVS,2025-03-31,2025-03-31 09:27,65600,2024-01-01,2024-12-31,株式会社エル・ティー・エス
S100VIV1,2025-03-31,2025-03-31 09:29,52140,2024-01-01,2024-12-31,日本電気硝子株式会社
S100VJ02,2025-03-31,2025-03-31 09:32,56160,2024-01-01,2024-12-31,株式会社雨風太陽
S100VGVJ,2025-03-31,2025-03-31 09:46,22160,2024-01-01,2024-12-31,カンロ株式会社
S100VJ0F,2025-03-31,2025-03-31 09:46,43920,2024-01-01,2024-12-31,ＦＩＧ株式会社
S100VIWX,2025-03-31,2025-03-31 09:51,63760,2024-01-01,2024-12-31,日機装株式会社
S100VJ0H,2025-03-31,2025-03-31 09:54,34490,2024-01-01,2024-12-31,株式会社テクノフレックス
S100VIWJ,2025-03-31,2025-03-31 10:11,73620,2024-01-01,2024-12-31,株式会社Ｔ．Ｓ．Ｉ
S100VJ10,2025-03-31,2025-03-31 10:13,73630,2024-01-01,2024-12-31,株式会社ベビーカレンダー
S100VI9U,2025-03-31,2025-03-31 10:17,49120,2024-01-01,2024-12-31,ライオン株式会社
S100VJ1A,2025-03-31,2025-03-31 10:17,45630,2024-01-01,2024-12-31,アンジェス株式会社
S100VI0P,2025-03-31,2025-03-31 10:29,94160,2024-01-01,2024-12-31,株式会社ビジョン
S100VIX6,2025-03-31,2025-03-31 10:30,72280,2024-01-01,2024-12-31,株式会社デイトナ
S100VHNH,2025-03-31,2025-03-31 10:30,93370,2024-01-01,2024-12-31,株式会社トリドリ
S100VHY9,2025-03-31,2025-03-31 10:30,25730,2024-01-01,2024-12-31,北海道コカ・コーラボトリング株式会社
S100VIFY,2025-03-31,2025-03-31 10:32,89460,2024-01-01,2024-12-31,株式会社ＡＳＩＡＮ　ＳＴＡＲ
S100VIRL,2025-03-31,2025-03-31 10:33,59500,2024-01-01,2024-12-31,日本パワーファスニング株式会社
S100VIWE,2025-03-31,2025-03-31 10:35,80400,2024-01-01,2024-12-31,株式会社東京ソワール
S100VI2E,2025-03-31,2025-03-31 10:37,45950,2024-01-01,2024-12-31,株式会社ミズホメディー
S100VJ1L,2025-03-31,2025-03-31 10:37,67480,2024-01-01,2024-12-31,星和電機株式会社
S100VH3I,2025-03-31,2025-03-31 10:52,19940,2024-01-01,2024-12-31,高橋カーテンウォール工業株式会社
S100VIWD,2025-03-31,2025-03-31 10:54,70330,2023-11-01,2024-12-31,株式会社マネジメントソリューションズ
S100VD81,2025-03-31,2025-03-31 10:58,64970,2024-01-01,2024-12-31,株式会社ハマイ
S100VIQG,2025-03-31,2025-03-31 11:04,77930,2024-01-01,2024-12-31,株式会社イメージ・マジック
S100VJ30,2025-03-31,2025-03-31 11:04,45780,2024-01-01,2024-12-31,大塚ホールディングス株式会社
S100VIT8,2025-03-31,2025-03-31 11:06,92600,2024-01-01,2024-12-31,西本Ｗｉｓｍｅｔｔａｃホールディングス株式会社
S100VJ1Y,2025-03-31,2025-03-31 11:06,53100,2024-01-01,2024-12-31,東洋炭素株式会社
S100VJ2T,2025-03-31,2025-03-31 11:09,98270,2024-01-01,2024-12-31,リリカラ株式会社
S100VJ20,2025-03-31,2025-03-31 11:17,146A0,2024-01-01,2024-12-31,コロンビア・ワークス株式会社
S100VIVX,2025-03-31,2025-03-31 11:18,32040,2024-01-01,2024-12-31,株式会社トーア紡コーポレーション
S100VJ3L,2025-03-31,2025-03-31 11:23,55970,2024-01-01,2024-12-31,ブルーイノベーション株式会社
S100VJ4A,2025-03-31,2025-03-31 11:43,338A0,2024-01-01,2024-12-31,株式会社ＺｅｎｍｕＴｅｃｈ
S100VJ22,2025-03-31,2025-03-31 11:45,52400,2024-01-01,2024-12-31,ｍｏｎｏＡＩ　ｔｅｃｈｎｏｌｏｇｙ株式会社
S100VHT4,2025-03-31,2025-03-31 12:00,75310,2024-01-01,2024-12-31,清和中央ホールディングス株式会社
S100VJ5A,2025-03-31,2025-03-31 12:00,52550,2024-01-01,2024-12-31,株式会社モンスターラボホールディングス
S100VIL9,2025-03-31,2025-03-31 12:06,92450,2024-01-01,2024-12-31,株式会社リベロ
S100VJ4U,2025-03-31,2025-03-31 12:07,37750,2024-01-01,2024-12-31,株式会社ガイアックス
S100VHUA,2025-03-31,2025-03-31 12:27,37270,2024-01-01,2024-12-31,株式会社アプリックス
S100VIX2,2025-03-31,2025-03-31 12:41,24290,2024-01-01,2024-12-31,株式会社ワールドホールディングス
S100VJ3I,2025-03-31,2025-03-31 12:59,64590,2024-01-01,2024-12-31,大和冷機工業株式会社
S100VIM9,2025-03-31,2025-03-31 13:06,91450,2024-01-01,2024-12-31,株式会社ビーイングホールディングス
S100VITK,2025-03-31,2025-03-31 13:13,25010,2024-01-01,2024-12-31,サッポロホールディングス株式会社
S100VJ6U,2025-03-31,2025-03-31 13:14,36810,2024-01-01,2024-12-31,株式会社ブイキューブ
S100VINT,2025-03-31,2025-03-31 13:39,77820,2024-01-01,2024-12-31,株式会社シンシア
S100VJ7T,2025-03-31,2025-03-31 13:43,44810,2024-01-01,2024-12-31,ベース株式会社
S100VHI7,2025-03-31,2025-03-31 13:45,97570,2024-01-01,2024-12-31,株式会社船井総研ホールディングス
S100VIRD,2025-03-31,2025-03-31 14:18,16050,2024-01-01,2024-12-31,株式会社ＩＮＰＥＸ
S100VIUO,2025-03-31,2025-03-31 14:20,27430,2024-01-01,2024-12-31,ピクセルカンパニーズ株式会社
S100VIU6,2025-03-31,2025-03-31 14:30,42610,2024-01-01,2024-12-31,アジアクエスト株式会社
S100VJ9J,2025-03-31,2025-03-31 14:33,39970,2024-01-01,2024-12-31,株式会社トレードワークス
S100VJ9K,2025-03-31,2025-03-31 14:39,59650,2024-01-01,2024-12-31,株式会社フジマック
S100VJAB,2025-03-31,2025-03-31 14:57,31960,2024-01-01,2024-12-31,株式会社ホットランド
S100VJ3S,2025-03-31,2025-03-31 15:00,40200,2024-01-01,2024-12-31,ビートレンド株式会社
S100VINF,2025-03-31,2025-03-31 15:00,63830,2024-04-01,2024-12-31,株式会社ダイフク
S100VILU,2025-03-31,2025-03-31 15:01,79840,2024-01-01,2024-12-31,コクヨ株式会社
S100VHZT,2025-03-31,2025-03-31 15:01,34520,2024-01-01,2024-12-31,株式会社ビーロット
S100VJBG,2025-03-31,2025-03-31 15:21,93380,2024-01-01,2024-12-31,株式会社ＩＮＦＯＲＩＣＨ
S100VJ1C,2025-03-31,2025-03-31 15:27,36830,2024-01-01,2024-12-31,株式会社サイバーリンクス
S100VIHU,2025-03-31,2025-03-31 15:30,44200,2024-01-01,2024-12-31,イーソル株式会社
S100VJAQ,2025-03-31,2025-03-31 15:30,73540,2024-01-01,2024-12-31,株式会社ダイレクトマーケティングミックス
S100VHUZ,2025-03-31,2025-03-31 15:30,36880,2024-01-01,2024-12-31,株式会社ＣＡＲＴＡ　ＨＯＬＤＩＮＧＳ
S100VJ8N,2025-03-31,2025-03-31 15:30,47770,2024-01-01,2024-12-31,株式会社ガーラ
S100VIWL,2025-03-31,2025-03-31 15:30,92130,2024-01-01,2024-12-31,株式会社セイファート
S100VJ6C,2025-03-31,2025-03-31 15:31,45860,2024-01-01,2024-12-31,株式会社メドレックス
S100VIW3,2025-03-31,2025-03-31 15:31,41800,2024-01-01,2024-12-31,Ａｐｐｉｅｒ　Ｇｒｏｕｐ株式会社
S100VIXG,2025-03-31,2025-03-31 15:32,23890,2024-01-01,2024-12-31,株式会社デジタルホールディングス
S100VJ81,2025-03-31,2025-03-31 15:33,60310,2024-07-01,2024-12-31,ＺＥＴＡ株式会社
S100VJ9V,2025-03-31,2025-03-31 15:33,48400,2024-01-01,2024-12-31,株式会社トライアイズ
S100VJCY,2025-03-31,2025-03-31 15:46,58910,2024-01-01,2024-12-31,株式会社魁力屋
S100VJD1,2025-03-31,2025-03-31 15:46,56180,2024-01-01,2024-12-31,ナイル株式会社
S100VJA4,2025-03-31,2025-03-31 15:46,31970,2024-01-01,2024-12-31,株式会社すかいらーくホールディングス
S100VJCN,2025-03-31,2025-03-31 15:47,65240,2024-01-01,2024-12-31,湖北工業株式会社
S100VIQ7,2025-03-31,2025-03-31 15:47,92140,2024-01-01,2024-12-31,Ｒｅｃｏｖｅｒｙ　Ｉｎｔｅｒｎａｔｉｏｎａｌ株式会社
S100VJDA,2025-03-31,2025-03-31 15:53,92710,2024-01-01,2024-12-31,株式会社和心
S100VIYR,2025-03-31,2025-03-31 16:00,92460,2024-01-01,2024-12-31,株式会社プロジェクトホールディングス
S100VJ7H,2025-03-31,2025-03-31 16:00,21600,2024-01-01,2024-12-31,株式会社ジーエヌアイグループ
S100VJ78,2025-03-31,2025-03-31 16:06,65920,2024-01-01,2024-12-31,マブチモーター株式会社
S100VJCX,2025-03-31,2025-03-31 16:20,153A0,2024-01-01,2024-12-31,株式会社カウリス
S100VIYW,2025-03-31,2025-03-31 16:35,42860,2024-01-01,2024-12-31,株式会社ＣＬホールディングス
S100VJ2F,2025-03-31,2025-03-31 16:36,37580,2024-01-01,2024-12-31,株式会社アエリア
S100VJEK,2025-03-31,2025-03-31 16:36,67210,2024-01-01,2024-12-31,ウインテスト株式会社
S100VJ68,2025-03-31,2025-03-31 16:39,92110,2024-01-01,2024-12-31,株式会社エフ・コード
S100VJ0L,2025-03-31,2025-03-31 16:43,21730,2024-01-01,2024-12-31,株式会社博展
S100VJFD,2025-03-31,2025-03-31 16:55,96030,2023-11-01,2024-10-31,株式会社エイチ・アイ・エス
S100VLI7,2025-04-14,2025-04-14 10:51,75900,2024-01-21,2025-01-20,株式会社タカショー
S100VMJ0,2025-04-16,2025-04-16 09:07,25900,2024-01-21,2025-01-20,ダイドーグループホールディングス株式会社
S100VM8S,2025-04-16,2025-04-16 09:49,78650,2024-01-21,2025-01-20,ピープル株式会社
S100VN2Y,2025-04-21,2025-04-21 10:34,69660,2024-02-01,2025-01-31,株式会社三井ハイテック
S100VN8J,2025-04-21,2025-04-21 15:31,61840,2024-02-01,2025-01-31,株式会社鎌倉新書
S100VN43,2025-04-22,2025-04-22 10:47,19280,2024-02-01,2025-01-31,積水ハウス株式会社
S100VNBN,2025-04-22,2025-04-22 15:24,96920,2024-02-01,2025-01-31,株式会社シーイーシー
S100VMUV,2025-04-23,2025-04-23 09:04,96360,2024-02-01,2025-01-31,株式会社きんえい
S100VNM9,2025-04-23,2025-04-23 10:01,78780,2024-02-01,2025-01-31,株式会社光・彩
S100VNR0,2025-04-23,2025-04-23 14:00,66190,2024-02-01,2025-01-31,ダブル・スコープ株式会社
S100VNSW,2025-04-23,2025-04-23 15:30,45920,2024-02-01,2025-01-31,サンバイオ株式会社
S100VNT8,2025-04-23,2025-04-23 15:36,34150,2024-02-01,2025-01-31,株式会社ＴＯＫＹＯ　ＢＡＳＥ
S100VNGV,2025-04-24,2025-04-24 10:01,81420,2024-02-01,2025-01-31,株式会社トーホー
S100VNMG,2025-04-24,2025-04-24 13:28,17580,2024-02-01,2025-01-31,太洋基礎工業株式会社
S100VNG9,2025-04-24,2025-04-24 13:47,97430,2024-02-01,2025-01-31,株式会社丹青社
S100VNVU,2025-04-24,2025-04-24 14:50,21630,2024-02-01,2025-01-31,株式会社アルトナー
S100VO2X,2025-04-24,2025-04-24 15:43,30700,2024-02-01,2025-01-31,株式会社ジェリービーンズグループ
S100VNQO,2025-04-24,2025-04-24 16:00,52480,2024-02-01,2025-01-31,株式会社テクノロジーズ
S100VNO4,2025-04-25,2025-04-25 09:04,32460,2024-02-01,2025-01-31,株式会社コーセーアールイー
S100VN2R,2025-04-25,2025-04-25 09:09,43690,2024-02-01,2025-01-31,株式会社　トリケミカル研究所
S100VN96,2025-04-25,2025-04-25 10:19,39550,2024-02-01,2025-01-31,株式会社イムラ
S100VNY1,2025-04-25,2025-04-25 11:00,43340,2024-02-01,2025-01-31,株式会社ユークス
S100VO8B,2025-04-25,2025-04-25 11:13,50310,2024-02-01,2025-01-31,モイ株式会社
S100VO8C,2025-04-25,2025-04-25 11:16,36570,2024-02-01,2025-01-31,ポールトゥウィンホールディングス株式会社
S100VL2N,2025-04-25,2025-04-25 11:55,27760,2024-02-01,2025-01-31,新都ホールディングス株式会社
S100VO75,2025-04-25,2025-04-25 13:16,33990,2024-02-01,2025-01-31,株式会社丸千代山岡家
S100VOA1,2025-04-25,2025-04-25 13:31,70730,2024-02-01,2025-01-31,株式会社ジェイック
S100VOAE,2025-04-25,2025-04-25 13:45,14330,2024-02-01,2025-01-31,ベステラ株式会社
S100VOAO,2025-04-25,2025-04-25 13:58,96320,2024-02-01,2025-01-31,スバル興業株式会社
S100VNVJ,2025-04-25,2025-04-25 14:44,80130,2024-02-01,2025-01-31,株式会社ナイガイ
S100VO4M,2025-04-25,2025-04-25 14:53,43800,2024-02-01,2025-01-31,株式会社Ｍマート
S100VO0S,2025-04-25,2025-04-25 14:53,68980,2024-02-01,2025-01-31,トミタ電機株式会社
S100VO9T,2025-04-25,2025-04-25 15:00,36650,2024-02-01,2025-01-31,株式会社エニグモ
S100VOBN,2025-04-25,2025-04-25 15:22,31690,2024-02-01,2025-01-31,株式会社ミサワ
S100VOBW,2025-04-25,2025-04-25 15:29,91660,2024-02-01,2025-01-31,株式会社ＧＥＮＤＡ
S100VNZ9,2025-04-25,2025-04-25 15:30,50750,2024-02-01,2025-01-31,アップコン株式会社
S100VO2D,2025-04-25,2025-04-25 15:30,58880,2024-02-01,2025-01-31,ＤＡＩＷＡ　ＣＹＣＬＥ株式会社
S100VOBL,2025-04-25,2025-04-25 15:30,66960,2024-02-01,2025-01-31,株式会社トラース・オン・プロダクト
S100VO3K,2025-04-25,2025-04-25 15:34,41740,2024-02-01,2025-01-31,株式会社アピリッツ
S100VOCE,2025-04-25,2025-04-25 15:39,39210,2024-02-01,2025-01-31,株式会社ネオジャパン
S100VOCT,2025-04-25,2025-04-25 16:15,29830,2024-02-01,2025-01-31,株式会社アールプランナー
S100VODK,2025-04-25,2025-04-25 16:31,42380,2024-02-01,2025-01-31,ミライアル株式会社
S100VOFE,2025-04-28,2025-04-28 09:13,22170,2024-02-01,2025-01-31,モロゾフ株式会社
S100VNEU,2025-04-28,2025-04-28 09:27,66540,2024-02-01,2025-01-31,不二電機工業株式会社
S100VOGY,2025-04-28,2025-04-28 10:17,67570,2024-02-01,2025-01-31,株式会社ＯＳＧコーポレーション
S100VNYA,2025-04-28,2025-04-28 10:27,76740,2024-02-01,2025-01-31,株式会社ＮＡＴＴＹ　ＳＷＡＮＫＹホールディングス
S100VOIB,2025-04-28,2025-04-28 11:00,42670,2024-02-01,2025-01-31,株式会社ライトワークス
S100VOJA,2025-04-28,2025-04-28 11:26,70640,2024-02-01,2025-01-31,株式会社ハウテレビジョン
S100VOH8,2025-04-28,2025-04-28 11:35,76780,2024-02-01,2025-01-31,株式会社あさくま
S100VOEO,2025-04-28,2025-04-28 13:17,33200,2024-02-01,2025-01-31,クロスプラス株式会社
S100VOMS,2025-04-28,2025-04-28 15:30,58890,2024-02-01,2025-01-31,Ｊａｐａｎ　Ｅｙｅｗｅａｒ　Ｈｏｌｄｉｎｇｓ株式会社
S100VOF5,2025-04-28,2025-04-28 15:37,71960,2024-02-01,2025-01-31,株式会社Ｃａｓａ
S100VO02,2025-04-28,2025-04-28 15:40,168A0,2024-02-01,2025-01-31,株式会社イタミアート
S100VOII,2025-04-28,2025-04-28 15:40,31590,2024-02-01,2025-01-31,丸善ＣＨＩホールディングス株式会社
S100VOCB,2025-04-28,2025-04-28 16:00,42870,2024-02-01,2025-01-31,株式会社ジャストプランニング
S100VONV,2025-04-28,2025-04-28 16:08,35650,2024-02-01,2025-01-31,アセンテック株式会社
S100VOO8,2025-04-28,2025-04-28 16:14,76830,2024-02-01,2025-01-31,株式会社ダブルエー
S100VOFV,2025-04-28,2025-04-28 16:28,41750,2024-02-01,2025-01-31,株式会社ｃｏｌｙ
S100VOKW,2025-04-28,2025-04-28 16:53,23450,2023-11-01,2024-10-31,株式会社クシム
S100VODX,2025-04-30,2025-04-30 09:40,63360,2024-02-01,2025-01-31,株式会社石井表記
S100VOTD,2025-04-30,2025-04-30 11:37,30710,2024-02-01,2025-01-31,株式会社ストリーム
S100VOQD,2025-04-30,2025-04-30 11:53,278A0,2024-02-01,2025-01-31,Ｔｅｒｒａ　Ｄｒｏｎｅ株式会社
S100VOSR,2025-04-30,2025-04-30 12:06,39310,2024-02-01,2025-01-31,株式会社バリューゴルフ
S100VOTU,2025-04-30,2025-04-30 12:08,29970,2024-02-01,2025-01-31,株式会社ストレージ王
S100VOUD,2025-04-30,2025-04-30 13:42,76140,2024-02-01,2025-01-31,株式会社オーエムツーネットワーク
S100VOWS,2025-04-30,2025-04-30 15:30,325A0,2024-02-01,2025-01-31,株式会社ＴＥＮＴＩＡＬ
S100VORS,2025-04-30,2025-04-30 16:03,69770,2024-01-01,2024-12-31,株式会社日本抵抗器製作所
S100VQ6R,2025-05-13,2025-05-13 14:37,82170,2024-02-21,2025-02-20,株式会社オークワ
S100VQTH,2025-05-14,2025-05-14 10:08,75450,2024-02-21,2025-02-20,株式会社西松屋チェーン
S100VQT2,2025-05-15,2025-05-15 09:11,99760,2024-02-21,2025-02-20,株式会社　セキチュー
S100VRLV,2025-05-16,2025-05-16 09:01,27780,2024-02-21,2025-02-20,パレモ・ホールディングス株式会社
S100VRO8,2025-05-16,2025-05-16 09:27,82760,2024-02-21,2025-02-20,株式会社　平和堂
S100VRJK,2025-05-16,2025-05-16 15:02,62790,2024-02-21,2025-02-20,株式会社瑞光
S100VRU8,2025-05-16,2025-05-16 16:20,74500,2024-03-01,2025-02-28,株式会社サンデー
S100VQSO,2025-05-19,2025-05-19 09:11,33330,2024-02-21,2025-02-20,株式会社あさひ
S100VRWR,2025-05-19,2025-05-19 09:32,82270,2024-02-21,2025-02-20,株式会社しまむら
S100VRS0,2025-05-19,2025-05-19 16:02,97870,2024-03-01,2025-02-28,イオンディライト株式会社
S100VS4H,2025-05-20,2025-05-20 10:18,82780,2024-03-01,2025-02-28,株式会社フジ
S100VS5D,2025-05-20,2025-05-20 11:15,17120,2024-03-01,2025-02-28,株式会社ダイセキ環境ソリューション
S100VS1P,2025-05-20,2025-05-20 11:22,81940,2024-03-01,2025-02-28,株式会社ライフコーポレーション
S100VRYR,2025-05-20,2025-05-20 13:09,76240,2024-03-01,2025-02-28,株式会社ＮａＩＴＯ
S100VQYT,2025-05-21,2025-05-21 09:22,97930,2024-03-01,2025-02-28,株式会社ダイセキ
S100VS6W,2025-05-21,2025-05-21 09:23,75120,2024-03-01,2025-02-28,イオン北海道株式会社
S100VSIO,2025-05-21,2025-05-21 13:38,85700,2024-03-01,2025-02-28,イオンフィナンシャルサービス株式会社
S100VRXL,2025-05-22,2025-05-22 10:05,93810,2024-03-01,2025-02-28,株式会社エーアイテイー
S100VSPD,2025-05-22,2025-05-22 10:20,26530,2024-03-01,2025-02-28,イオン九州株式会社
S100VSQY,2025-05-22,2025-05-22 10:30,43430,2024-03-01,2025-02-28,株式会社イオンファンタジー
S100VSQB,2025-05-22,2025-05-22 11:01,81660,2024-03-01,2025-02-28,株式会社タカキュー
S100VSA5,2025-05-22,2025-05-22 13:06,82330,2024-03-01,2025-02-28,株式会社髙島屋
S100VRYS,2025-05-22,2025-05-22 13:44,26680,2024-03-01,2025-02-28,タビオ株式会社
S100VSL5,2025-05-22,2025-05-22 13:53,82030,2024-03-01,2025-02-28,株式会社ミスターマックス・ホールディングス
S100VSO4,2025-05-22,2025-05-22 13:57,97160,2024-03-01,2025-02-28,株式会社乃村工藝社
S100VSN7,2025-05-22,2025-05-22 14:24,99740,2024-03-01,2025-02-28,株式会社ベルク
S100VSWU,2025-05-22,2025-05-22 14:26,30830,2024-03-01,2025-02-28,スターシーズ株式会社
S100VS62,2025-05-22,2025-05-22 15:30,68140,2024-03-01,2025-02-28,古野電気株式会社
S100VSQ0,2025-05-22,2025-05-22 16:40,76030,2024-03-01,2025-02-28,株式会社マックハウス
S100VSNL,2025-05-22,2025-05-22 16:59,98760,2024-03-01,2025-02-28,株式会社コックス
S100VSDV,2025-05-23,2025-05-23 09:00,32800,2024-03-01,2025-02-28,株式会社エストラスト
S100VS97,2025-05-23,2025-05-23 09:02,30650,2024-03-01,2025-02-28,株式会社ライフフーズ
S100VSKV,2025-05-23,2025-05-23 09:10,79750,2024-03-01,2025-02-28,株式会社リヒトラブ
S100VSOQ,2025-05-23,2025-05-23 09:47,27890,2024-03-01,2025-02-28,株式会社カルラ
S100VSE6,2025-05-23,2025-05-23 09:55,82440,2024-03-01,2025-02-28,株式会社近鉄百貨店
S100VT1A,2025-05-23,2025-05-23 10:00,98610,2024-03-01,2025-02-28,株式会社吉野家ホールディングス
S100VT6A,2025-05-23,2025-05-23 10:13,89050,2024-03-01,2025-02-28,イオンモール株式会社
S100VRXF,2025-05-23,2025-05-23 10:16,75200,2024-03-01,2025-02-28,株式会社エコス
S100VT33,2025-05-23,2025-05-23 10:59,89180,2024-03-01,2025-02-28,株式会社ランド
S100VT19,2025-05-23,2025-05-23 11:10,29180,2024-03-01,2025-02-28,わらべや日洋ホールディングス株式会社
S100VT5U,2025-05-23,2025-05-23 11:53,81810,2024-03-01,2025-02-28,株式会社東天紅
S100VSHZ,2025-05-23,2025-05-23 12:26,82600,2024-03-01,2025-02-28,株式会社井筒屋
S100VT25,2025-05-23,2025-05-23 13:07,26830,2024-03-01,2025-02-28,株式会社魚喜
S100VT7P,2025-05-23,2025-05-23 13:16,33820,2024-03-01,2025-02-28,株式会社セブン＆アイ・ホールディングス
S100VS5P,2025-05-23,2025-05-23 13:41,64690,2024-03-01,2025-02-28,株式会社　放電精密加工研究所
S100VT8O,2025-05-23,2025-05-23 14:06,81980,2024-03-01,2025-02-28,マックスバリュ東海株式会社
S100VT69,2025-05-23,2025-05-23 14:55,45300,2024-03-01,2025-02-28,久光製薬株式会社
S100VSZG,2025-05-23,2025-05-23 15:00,23790,2024-03-01,2025-02-28,ディップ株式会社
S100VS36,2025-05-23,2025-05-23 15:07,31980,2024-03-01,2025-02-28,ＳＦＰホールディングス株式会社
S100VSSL,2025-05-23,2025-05-23 15:26,80160,2024-03-01,2025-02-28,株式会社オンワードホールディングス
S100VTA8,2025-05-23,2025-05-23 15:27,64320,2024-03-01,2025-02-28,株式会社竹内製作所
S100VSWZ,2025-05-23,2025-05-23 15:31,36080,2024-03-01,2025-02-28,株式会社ＴＳＩホールディングス
S100VRXT,2025-05-23,2025-05-23 15:31,40170,2024-03-01,2025-02-28,株式会社クリーマ
S100VSZJ,2025-05-23,2025-05-23 15:41,60860,2024-03-01,2025-02-28,シンメンテホールディングス株式会社
S100VT1N,2025-05-23,2025-05-23 16:00,81850,2024-03-01,2025-02-28,株式会社チヨダ
S100VT82,2025-05-23,2025-05-23 16:10,33530,2024-03-01,2025-02-28,株式会社メディカル一光グループ
S100VTBF,2025-05-23,2025-05-23 16:26,39350,2024-03-01,2025-02-28,株式会社エディア
S100VSPM,2025-05-23,2025-05-23 16:29,50780,2024-03-01,2025-02-28,株式会社セレコーポレーション
S100VTC5,2025-05-23,2025-05-23 17:01,44130,2024-03-01,2025-02-28,株式会社ボードルア
S100VTBD,2025-05-26,2025-05-26 09:07,78940,2024-03-01,2025-02-28,丸東産業株式会社
S100VSOZ,2025-05-26,2025-05-26 09:34,36120,2024-03-01,2025-02-28,株式会社ワールド
S100VTC3,2025-05-26,2025-05-26 09:59,92750,2024-03-01,2025-02-28,株式会社ナルミヤ・インターナショナル
S100VT9P,2025-05-26,2025-05-26 10:02,39770,2024-03-01,2025-02-28,フュージョン株式会社
S100VTBQ,2025-05-26,2025-05-26 10:03,26690,2024-03-01,2025-02-28,カネ美食品株式会社
S100VT8H,2025-05-26,2025-05-26 10:09,81250,2024-03-01,2025-02-28,株式会社ワキタ
S100VTAH,2025-05-26,2025-05-26 10:33,23540,2024-03-01,2025-02-28,株式会社ＹＥ　ＤＩＧＩＴＡＬ
S100VTFA,2025-05-26,2025-05-26 10:40,22920,2024-03-01,2025-02-28,エスフーズ株式会社
S100VTBK,2025-05-26,2025-05-26 11:00,47140,2024-03-01,2025-02-28,株式会社　リソー教育
S100VTG2,2025-05-26,2025-05-26 11:05,26860,2024-03-01,2025-02-28,株式会社ジーフット
S100VT8U,2025-05-26,2025-05-26 11:22,98350,2024-03-01,2025-02-28,株式会社ジュンテンドー
S100VT2Q,2025-05-26,2025-05-26 11:29,98460,2024-03-01,2025-02-28,株式会社天満屋ストア
S100VTFM,2025-05-26,2025-05-26 11:45,32220,2024-03-01,2025-02-28,ユナイテッド・スーパーマーケット・ホールディングス株式会社
S100VTHA,2025-05-26,2025-05-26 13:24,33910,2024-05-16,2025-02-28,株式会社ツルハホールディングス
S100VT8B,2025-05-26,2025-05-26 15:30,29300,2024-03-01,2025-02-28,株式会社北の達人コーポレーション
S100VTEG,2025-05-26,2025-05-26 15:33,99480,2024-03-01,2025-02-28,株式会社アークス
S100VTII,2025-05-26,2025-05-26 15:49,23370,2024-03-01,2025-02-28,いちご株式会社
S100VTKL,2025-05-26,2025-05-26 16:08,26980,2024-03-01,2025-02-28,株式会社キャンドゥ
S100VTRV,2025-05-27,2025-05-27 12:22,58170,2024-03-01,2025-02-28,ＪＭＡＣＳ株式会社
S100VTHV,2025-05-27,2025-05-27 13:11,27470,2024-03-01,2025-02-28,北雄ラッキー株式会社
S100VTEU,2025-05-27,2025-05-27 13:35,52710,2024-03-01,2025-02-28,株式会社トーヨーアサノ
S100VTT4,2025-05-27,2025-05-27 13:56,76790,2024-03-01,2025-02-28,株式会社薬王堂ホールディングス
S100VSRD,2025-05-27,2025-05-27 14:21,62240,2024-03-01,2025-02-28,株式会社ＪＲＣ
S100VTKR,2025-05-27,2025-05-27 14:37,76110,2024-03-01,2025-02-28,株式会社ハイデイ日高
S100VTOK,2025-05-27,2025-05-27 15:31,39220,2024-03-01,2025-02-28,株式会社ＰＲ　ＴＩＭＥＳ
S100VTFH,2025-05-27,2025-05-27 15:32,44940,2024-03-01,2025-02-28,バリオセキュア株式会社
S100VTUH,2025-05-27,2025-05-27 16:22,27980,2024-03-01,2025-02-28,株式会社ワイズテーブルコーポレーション
S100VTBZ,2025-05-27,2025-05-27 16:35,35500,2024-03-01,2025-02-28,株式会社スタジオアタオ
S100VTTR,2025-05-28,2025-05-28 09:03,97780,2024-03-01,2025-02-28,株式会社昴
S100VTRG,2025-05-28,2025-05-28 09:13,23050,2024-03-01,2025-02-28,株式会社スタジオアリス
S100VTU0,2025-05-28,2025-05-28 09:47,23410,2024-03-01,2025-02-28,株式会社アルバイトタイムス
S100VT9W,2025-05-28,2025-05-28 09:57,30940,2024-03-01,2025-02-28,株式会社スーパーバリュー
S100VTZ7,2025-05-28,2025-05-28 10:11,75990,2024-03-01,2025-02-28,株式会社ＩＤＯＭ
S100VTVY,2025-05-28,2025-05-28 10:34,14180,2024-03-01,2025-02-28,インターライフホールディングス株式会社
S100VTVA,2025-05-28,2025-05-28 11:39,26590,2024-03-01,2025-02-28,株式会社サンエー
S100VTS9,2025-05-28,2025-05-28 11:40,82000,2024-03-01,2025-02-28,株式会社リンガーハット
S100VU44,2025-05-28,2025-05-28 13:30,78110,2024-03-01,2025-02-28,中本パックス株式会社
S100VU20,2025-05-28,2025-05-28 14:01,63120,2024-03-01,2025-02-28,フロイント産業株式会社
S100VTWC,2025-05-28,2025-05-28 14:04,67340,2024-03-01,2025-02-28,株式会社ニューテック
S100VU25,2025-05-28,2025-05-28 14:24,76490,2024-03-01,2025-02-28,スギホールディングス株式会社
S100VU3P,2025-05-28,2025-05-28 14:58,23000,2024-03-01,2025-02-28,株式会社きょくとう
S100VTPA,2025-05-28,2025-05-28 15:00,65320,2024-03-01,2025-02-28,株式会社ベイカレント
S100VT9M,2025-05-28,2025-05-28 15:02,44340,2024-03-01,2025-02-28,株式会社サーバーワークス
S100VTVD,2025-05-28,2025-05-28 15:17,26870,2024-03-01,2025-02-28,株式会社シー・ヴイ・エス・ベイエリア
S100VU4O,2025-05-28,2025-05-28 15:30,34900,2024-03-01,2025-02-28,株式会社アズ企画設計
S100VTZI,2025-05-28,2025-05-28 15:30,21860,2024-03-01,2025-02-28,ソーバル株式会社
S100VTSG,2025-05-28,2025-05-28 15:30,30930,2024-03-01,2025-02-28,株式会社トレジャー・ファクトリー
S100VTU9,2025-05-28,2025-05-28 15:32,35480,2024-03-01,2025-02-28,株式会社バロックジャパンリミテッド
S100VU67,2025-05-28,2025-05-28 15:33,35430,2024-03-01,2025-02-28,株式会社コメダホールディングス
S100VTEP,2025-05-28,2025-05-28 15:33,29350,2024-03-01,2025-02-28,株式会社ピックルスホールディングス
S100VU5K,2025-05-28,2025-05-28 15:33,96010,2024-03-01,2025-02-28,松竹株式会社
S100VTST,2025-05-28,2025-05-28 15:36,99030,2024-03-01,2025-02-28,株式会社カンセキ
S100VU8B,2025-05-28,2025-05-28 16:00,28720,2024-03-01,2025-02-28,株式会社セイヒョー
S100VU31,2025-05-28,2025-05-28 16:01,61420,2024-03-01,2025-02-28,富士精工株式会社
S100VTY6,2025-05-28,2025-05-28 16:02,31810,2024-03-01,2025-02-28,株式会社買取王国
S100VTBM,2025-05-28,2025-05-28 16:03,31410,2024-03-01,2025-02-28,ウエルシアホールディングス株式会社
S100VU8T,2025-05-28,2025-05-28 16:12,30870,2024-03-01,2025-02-28,株式会社ドトール・日レスホールディングス
S100VU9N,2025-05-28,2025-05-28 16:41,65720,2024-03-01,2025-02-28,オープングループ株式会社
S100VUAN,2025-05-29,2025-05-29 09:09,89310,2024-03-01,2025-02-28,和田興産株式会社
S100VTNS,2025-05-29,2025-05-29 09:24,74270,2024-03-01,2025-02-28,エコートレーディング株式会社
S100VUA9,2025-05-29,2025-05-29 10:00,30800,2024-03-01,2025-02-28,株式会社ジェーソン
S100VU9R,2025-05-29,2025-05-29 10:01,77190,2024-03-01,2025-02-28,株式会社東京衡機
S100VTWZ,2025-05-29,2025-05-29 10:07,26700,2024-03-01,2025-02-28,株式会社エービーシー・マート
S100VUAF,2025-05-29,2025-05-29 10:41,30300,2024-03-01,2025-02-28,株式会社ハブ
S100VUF5,2025-05-29,2025-05-29 11:15,38260,2024-03-01,2025-02-28,株式会社システムインテグレータ
S100VUFN,2025-05-29,2025-05-29 11:18,92380,2024-03-01,2025-02-28,バリュークリエーション株式会社
S100VUGE,2025-05-29,2025-05-29 11:38,76890,2024-03-01,2025-02-28,株式会社コパ・コーポレーション
S100VU5M,2025-05-29,2025-05-29 11:45,79080,2024-04-01,2025-03-31,株式会社きもと
S100VUHE,2025-05-29,2025-05-29 12:34,82470,2024-03-01,2025-02-28,株式会社大和
S100VUAH,2025-05-29,2025-05-29 13:15,46450,2024-03-01,2025-02-28,株式会社市進ホールディングス
S100VUHZ,2025-05-29,2025-05-29 13:20,65060,2024-03-01,2025-02-28,株式会社安川電機
S100VTLU,2025-05-29,2025-05-29 13:24,74850,2024-03-01,2025-02-28,岡谷鋼機株式会社
S100VU2I,2025-05-29,2025-05-29 13:26,59820,2024-03-01,2025-02-28,株式会社マルゼン
S100VU8P,2025-05-29,2025-05-29 13:27,65210,2024-03-01,2025-02-28,株式会社オキサイド
S100VTPB,2025-05-29,2025-05-29 13:51,39960,2024-03-01,2025-02-28,サインポスト株式会社
S100VUIE,2025-05-29,2025-05-29 13:53,80110,2024-03-01,2025-02-28,株式会社三陽商会
S100VU6M,2025-05-29,2025-05-29 14:12,27260,2024-03-01,2025-02-28,株式会社パルグループホールディングス
S100VTZK,2025-05-29,2025-05-29 14:15,50180,2024-03-01,2025-02-28,株式会社ＭＯＲＥＳＣＯ
S100VU9O,2025-05-29,2025-05-29 14:24,68970,2024-03-01,2025-02-28,株式会社ツインバード
S100VUFP,2025-05-29,2025-05-29 14:30,32600,2024-03-01,2025-02-28,株式会社エスポア
S100VUIS,2025-05-29,2025-05-29 14:33,98420,2024-03-01,2025-02-28,アークランズ株式会社
S100VUG5,2025-05-29,2025-05-29 14:37,29360,2024-03-01,2025-02-28,ベースフード株式会社
S100VUA6,2025-05-29,2025-05-29 14:38,82730,2024-03-01,2025-02-28,株式会社イズミ
S100VSRO,2025-05-29,2025-05-29 14:44,23380,2024-03-01,2025-02-28,クオンタムソリューションズ株式会社
S100VUJT,2025-05-29,2025-05-29 15:12,99930,2024-03-01,2025-02-28,株式会社ヤマザワ
S100VUL4,2025-05-29,2025-05-29 15:29,47450,2024-03-01,2025-02-28,株式会社東京個別指導学院
S100VU6F,2025-05-29,2025-05-29 15:30,70490,2024-03-01,2025-02-28,株式会社識学
S100VUCM,2025-05-29,2025-05-29 15:30,61830,2024-03-01,2025-02-28,株式会社ベルシステム２４ホールディングス
S100VUDE,2025-05-29,2025-05-29 15:30,91680,2024-03-01,2025-02-28,株式会社ライズ・コンサルティング・グループ
S100VUJU,2025-05-29,2025-05-29 15:31,36270,2024-03-01,2025-02-28,テクミラホールディングス株式会社
S100VUDI,2025-05-29,2025-05-29 15:31,50250,2024-03-01,2025-02-28,株式会社マーキュリー
S100VUG3,2025-05-29,2025-05-29 15:32,32230,2024-03-01,2025-02-28,株式会社エスエルディー
S100VUIQ,2025-05-29,2025-05-29 15:33,35620,2024-03-01,2025-02-28,株式会社Ｎｏ．１
S100VTF8,2025-05-29,2025-05-29 15:33,82670,2024-03-01,2025-02-28,イオン株式会社
S100VULK,2025-05-29,2025-05-29 15:45,33960,2024-03-01,2025-02-28,株式会社フェリシモ
S100VTM1,2025-05-29,2025-05-29 15:51,323A0,2024-03-01,2025-02-28,株式会社フライヤー
S100VULF,2025-05-29,2025-05-29 15:57,61820,2024-03-01,2025-02-28,株式会社メタリアル
S100VUCO,2025-05-29,2025-05-29 15:57,61730,2024-03-01,2025-02-28,株式会社アクアライン
S100VUB8,2025-05-29,2025-05-29 16:00,44290,2024-03-01,2025-02-28,リックソフト株式会社
S100VTOG,2025-05-29,2025-05-29 16:00,96020,2024-03-01,2025-02-28,東宝株式会社
S100VS6D,2025-05-29,2025-05-29 16:12,135A0,2024-03-01,2025-02-28,株式会社ＶＲＡＩＮ　Ｓｏｌｕｔｉｏｎ
S100VUML,2025-05-29,2025-05-29 16:14,78070,2024-03-01,2025-02-28,株式会社幸和製作所
S100VUMI,2025-05-29,2025-05-29 16:20,339A0,2024-03-01,2025-02-28,プログレス・テクノロジーズ　グループ株式会社
S100VUJH,2025-05-29,2025-05-29 16:24,65430,2024-03-01,2025-02-28,株式会社日宣
S100VUKF,2025-05-29,2025-05-29 16:25,82890,2024-03-01,2025-02-28,株式会社Ｏｌｙｍｐｉｃグループ
S100VU9B,2025-05-29,2025-05-29 16:27,304A0,2024-03-01,2025-02-28,フォルシア株式会社
S100VTVB,2025-05-29,2025-05-29 16:30,65550,2024-03-01,2025-02-28,株式会社ＭＳ＆Ｃｏｎｓｕｌｔｉｎｇ
S100VUNR,2025-05-29,2025-05-29 16:52,33870,2024-03-01,2025-02-28,株式会社クリエイト・レストランツ・ホールディングス
S100VUJ1,2025-05-30,2025-05-30 09:07,30500,2024-03-01,2025-02-28,ＤＣＭホールディングス株式会社
S100VUDZ,2025-05-30,2025-05-30 09:14,63230,2024-03-01,2025-02-28,ローツェ株式会社
S100VUQJ,2025-05-30,2025-05-30 09:22,44320,2024-03-01,2025-02-28,ウイングアーク１ｓｔ株式会社
S100VTRO,2025-05-30,2025-05-30 09:32,78470,2024-03-01,2025-02-28,株式会社グラファイトデザイン
S100VUP6,2025-05-30,2025-05-30 09:40,28820,2024-03-01,2025-02-28,株式会社イートアンドホールディングス
S100VUNB,2025-05-30,2025-05-30 09:47,81670,2024-03-01,2025-02-28,株式会社リテールパートナーズ
S100VUO3,2025-05-30,2025-05-30 09:54,27420,2024-03-01,2025-02-28,株式会社ハローズ
S100VUQ2,2025-05-30,2025-05-30 09:56,30630,2024-03-01,2025-02-28,株式会社ジェイグループホールディングス
S100VUEE,2025-05-30,2025-05-30 10:02,92530,2024-03-01,2025-02-28,スローガン株式会社
S100VTCT,2025-05-30,2025-05-30 10:03,33840,2024-03-01,2025-02-28,株式会社アークコア
S100VURA,2025-05-30,2025-05-30 10:03,43170,2024-03-01,2025-02-28,株式会社レイ
S100VURP,2025-05-30,2025-05-30 10:13,49200,2024-03-01,2025-02-28,株式会社日本色材工業研究所
S100VURO,2025-05-30,2025-05-30 10:15,48910,2024-03-01,2025-02-28,㈱ティムス
S100VURK,2025-05-30,2025-05-30 10:15,70770,2024-03-01,2025-02-28,株式会社ＡＬｉＮＫインターネット
S100VURL,2025-05-30,2025-05-30 10:26,97400,2024-03-01,2025-02-28,セントラル警備保障株式会社
S100VUS1,2025-05-30,2025-05-30 10:37,73570,2024-03-01,2025-02-28,株式会社ジオコード
S100VUAR,2025-05-30,2025-05-30 10:43,26850,2024-03-01,2025-02-28,株式会社アダストリア
S100VUSF,2025-05-30,2025-05-30 10:49,76080,2024-03-01,2025-02-28,株式会社エスケイジャパン
S100VUTU,2025-05-30,2025-05-30 11:24,31770,2024-03-01,2025-02-28,株式会社ありがとうサービス
S100VUN4,2025-05-30,2025-05-30 11:54,60930,2024-03-01,2025-02-28,株式会社エスクロー・エージェント・ジャパン
S100VUO4,2025-05-30,2025-05-30 11:55,35460,2024-03-01,2025-02-28,アレンザホールディングス株式会社
S100VU7F,2025-05-30,2025-05-30 13:18,82370,2024-03-01,2025-02-28,株式会社松屋
S100VTQB,2025-05-30,2025-05-30 13:30,76010,2024-03-01,2025-02-28,株式会社ポプラ
S100VTY7,2025-05-30,2025-05-30 13:53,59000,2024-03-01,2025-02-28,株式会社ダイケン
S100VULR,2025-05-30,2025-05-30 14:01,80050,2024-04-01,2025-03-31,株式会社スクロール
S100VUWD,2025-05-30,2025-05-30 14:09,75160,2024-03-01,2025-02-28,コーナン商事株式会社
S100VUVT,2025-05-30,2025-05-30 14:12,99820,2024-03-01,2025-02-28,タキヒヨー株式会社
S100VUWT,2025-05-30,2025-05-30 14:23,28840,2024-03-01,2025-02-28,株式会社ヨシムラ・フード・ホールディングス
S100VTUR,2025-05-30,2025-05-30 14:44,75440,2024-03-01,2025-02-28,株式会社スリーエフ
S100VUPG,2025-05-30,2025-05-30 14:48,93260,2024-03-01,2025-02-28,株式会社関通
S100VUX1,2025-05-30,2025-05-30 14:51,76100,2024-03-01,2025-02-28,株式会社テイツー
S100VUXC,2025-05-30,2025-05-30 15:00,39150,2024-03-01,2025-02-28,株式会社テラスカイ
S100VURI,2025-05-30,2025-05-30 15:00,36780,2024-03-01,2025-02-28,株式会社メディアドゥ
S100VUL9,2025-05-30,2025-05-30 15:01,76300,2024-03-01,2025-02-28,株式会社壱番屋
S100VRE4,2025-05-30,2025-05-30 15:16,96610,2024-03-01,2025-02-28,株式会社歌舞伎座
S100VUSG,2025-05-30,2025-05-30 15:19,47630,2024-03-01,2025-02-28,株式会社クリーク・アンド・リバー社
S100VUVI,2025-05-30,2025-05-30 15:22,39670,2024-03-01,2025-02-28,株式会社エルテス
S100VUYO,2025-05-30,2025-05-30 15:25,44900,2024-03-01,2025-02-28,株式会社ビザスク
S100VUW7,2025-05-30,2025-05-30 15:30,60580,2024-03-01,2025-02-28,株式会社ベクトル
S100VUP3,2025-05-30,2025-05-30 15:30,35580,2024-03-01,2025-02-28,ジェイドグループ株式会社
S100VUQW,2025-05-30,2025-05-30 15:30,35570,2024-03-01,2025-02-28,ユナイテッド＆コレクティブ株式会社
S100VUV0,2025-05-30,2025-05-30 15:30,30860,2024-03-01,2025-02-28,Ｊ．フロント　リテイリング株式会社
S100VTSI,2025-05-30,2025-05-30 15:31,42700,2024-03-01,2025-02-28,株式会社ＢｅｅＸ
S100VUWH,2025-05-30,2025-05-30 15:32,80080,2024-03-01,2025-02-28,株式会社ヨンドシーホールディングス
S100VUHN,2025-05-30,2025-05-30 15:32,99460,2024-03-01,2025-02-28,ミニストップ株式会社
S100VUBZ,2025-05-30,2025-05-30 15:32,31920,2024-03-01,2025-02-28,株式会社白鳩
S100VUUB,2025-05-30,2025-05-30 15:34,93880,2024-03-01,2025-02-28,株式会社パパネッツ
S100VUZ0,2025-05-30,2025-05-30 15:35,30750,2024-05-16,2025-02-28,株式会社銚子丸
S100VUZ8,2025-05-30,2025-05-30 15:41,34790,2024-03-01,2025-02-28,株式会社ティーケーピー
S100VTCQ,2025-05-30,2025-05-30 15:50,75150,2024-03-01,2025-02-28,株式会社マルヨシセンター
S100VUEW,2025-05-30,2025-05-30 16:00,30730,2024-03-01,2025-02-28,株式会社ＤＤグループ
S100VUXR,2025-05-30,2025-05-30 16:00,41730,2024-03-01,2025-02-28,株式会社ＷＡＣＵＬ
S100VUXZ,2025-05-30,2025-05-30 16:07,81430,2024-03-01,2025-02-28,株式会社ラピーヌ
S100VUY0,2025-05-30,2025-05-30 16:30,274A0,2024-03-01,2025-02-28,株式会社ガーデン
S100VW2P,2025-06-05,2025-06-05 16:24,77410,2024-04-01,2025-03-31,ＨＯＹＡ株式会社
S100VVSN,2025-06-06,2025-06-06 14:06,59900,2024-03-16,2025-03-15,株式会社スーパーツール
S100VWD2,2025-06-09,2025-06-09 10:30,62010,2024-04-01,2025-03-31,株式会社豊田自動織機
S100VWD9,2025-06-10,2025-06-10 09:49,81900,2024-03-21,2025-03-20,株式会社ヤマナカ
S100VWO0,2025-06-10,2025-06-10 10:22,69950,2024-04-01,2025-03-31,株式会社東海理化電機製作所
S100VWKM,2025-06-10,2025-06-10 10:40,31160,2024-04-01,2025-03-31,トヨタ紡織株式会社
S100VWD9,2025-06-10,2025-06-10 09:49,81900,2024-03-21,2025-03-20,株式会社ヤマナカ
S100VWKP,2025-06-10,2025-06-10 13:50,48750,2024-01-01,2024-12-31,メディシノバ・インク
S100VWV1,2025-06-10,2025-06-10 16:08,94360,2024-04-01,2025-03-31,沖縄セルラー電話株式会社
S100VWVL,2025-06-11,2025-06-11 09:35,49290,2024-03-21,2025-03-20,株式会社アジュバンホールディングス
S100VX27,2025-06-11,2025-06-11 14:43,90400,2024-03-21,2025-03-20,大宝運輸株式会社
S100VX2U,2025-06-11,2025-06-11 14:52,72830,2024-04-01,2025-03-31,愛三工業株式会社
S100VWHL,2025-06-11,2025-06-11 15:37,69020,2024-04-01,2025-03-31,株式会社デンソー
S100VWWW,2025-06-12,2025-06-12 09:23,71860,2024-04-01,2025-03-31,株式会社コンコルディア・フィナンシャルグループ
S100VWTF,2025-06-12,2025-06-12 09:27,73800,2024-04-01,2025-03-31,株式会社十六フィナンシャルグループ
S100VWWV,2025-06-12,2025-06-12 09:30,78570,2024-04-01,2025-03-31,セキ株式会社
S100VX69,2025-06-12,2025-06-12 10:00,26640,2024-03-16,2025-03-15,株式会社カワチ薬品
S100VX2K,2025-06-12,2025-06-12 12:27,90460,2024-04-01,2025-03-31,神戸電鉄株式会社
S100VX5L,2025-06-12,2025-06-12 13:13,73810,2024-04-01,2025-03-31,株式会社北國フィナンシャルホールディングス
S100VX2E,2025-06-12,2025-06-12 13:50,59060,2024-03-21,2025-03-20,エムケー精工株式会社
S100VXEA,2025-06-12,2025-06-12 14:29,99500,2024-03-21,2025-03-20,株式会社ハチバン
S100VX3M,2025-06-12,2025-06-12 15:15,63450,2024-04-01,2025-03-31,株式会社アイチコーポレーション
S100VWZH,2025-06-12,2025-06-12 15:30,90290,2024-04-01,2025-03-31,株式会社ヒガシホールディングス
S100VXGU,2025-06-12,2025-06-12 16:14,87950,2024-04-01,2025-03-31,株式会社Ｔ＆Ｄホールディングス
S100VXJ4,2025-06-13,2025-06-13 09:05,90640,2024-04-01,2025-03-31,ヤマトホールディングス株式会社
S100VXKD,2025-06-13,2025-06-13 10:30,81310,2024-04-01,2025-03-31,株式会社ミツウロコグループホールディングス
S100VXIO,2025-06-13,2025-06-13 11:28,45230,2024-04-01,2025-03-31,エーザイ株式会社
S100VX9J,2025-06-13,2025-06-13 13:08,96400,2024-04-01,2025-03-31,株式会社セゾンテクノロジー
S100VXIB,2025-06-13,2025-06-13 13:33,83340,2024-04-01,2025-03-31,株式会社　群馬銀行
S100VWT5,2025-06-13,2025-06-13 13:40,80140,2024-04-01,2025-03-31,蝶理株式会社
S100VX9B,2025-06-13,2025-06-13 14:13,49020,2024-04-01,2025-03-31,コニカミノルタ株式会社
S100VXF5,2025-06-13,2025-06-13 15:30,71810,2024-04-01,2025-03-31,株式会社かんぽ生命保険
S100VXGZ,2025-06-13,2025-06-13 15:30,94330,2024-04-01,2025-03-31,ＫＤＤＩ株式会社
S100VXJF,2025-06-13,2025-06-13 15:35,30920,2024-04-01,2025-03-31,株式会社ＺＯＺＯ
S100VXI4,2025-06-13,2025-06-13 16:18,47430,2024-04-01,2025-03-31,株式会社アイティフォー
S100VXCQ,2025-06-13,2025-06-13 16:41,86970,2024-04-01,2025-03-31,株式会社日本取引所グループ
S100VXX9,2025-06-13,2025-06-13 16:47,42620,2024-04-01,2025-03-31,ニフティライフスタイル株式会社
S100VXWG,2025-06-13,2025-06-13 16:55,53440,2024-04-01,2025-03-31,株式会社ＭＡＲＵＷＡ
S100VXX0,2025-06-13,2025-06-13 17:05,60810,2024-01-01,2024-12-31,アライドアーキテクツ株式会社
S100VW98,2025-06-16,2025-06-16 09:02,37780,2024-04-01,2025-03-31,さくらインターネット株式会社
S100VXQL,2025-06-16,2025-06-16 09:03,79310,2024-03-21,2025-03-20,未来工業株式会社
S100VXXD,2025-06-16,2025-06-16 10:00,59300,2024-04-01,2025-03-31,文化シヤッター株式会社
S100VXNG,2025-06-16,2025-06-16 10:07,82850,2024-04-01,2025-03-31,三谷産業株式会社
S100VXO3,2025-06-16,2025-06-16 10:14,90420,2024-04-01,2025-03-31,阪急阪神ホールディングス株式会社
S100VX9R,2025-06-16,2025-06-16 10:16,80350,2024-04-01,2025-03-31,東京エレクトロン株式会社
S100VY3A,2025-06-16,2025-06-16 10:30,49510,2024-04-01,2025-03-31,エステー株式会社
S100VXMQ,2025-06-16,2025-06-16 10:36,80980,2024-04-01,2025-03-31,稲畑産業株式会社
S100VXAI,2025-06-16,2025-06-16 11:08,63010,2024-04-01,2025-03-31,株式会社小松製作所
S100VY57,2025-06-16,2025-06-16 12:00,43730,2024-04-01,2025-03-31,シンプレクス・ホールディングス株式会社
S100VY54,2025-06-16,2025-06-16 12:39,72500,2024-04-01,2025-03-31,太平洋工業株式会社
S100VY4K,2025-06-16,2025-06-16 12:53,87040,2024-04-01,2025-03-31,トレイダーズホールディングス株式会社
S100VXZV,2025-06-16,2025-06-16 13:03,32320,2024-04-01,2025-03-31,三重交通グループホールディングス株式会社
S100VXDZ,2025-06-16,2025-06-16 13:06,40910,2024-04-01,2025-03-31,日本酸素ホールディングス株式会社
S100VXR3,2025-06-16,2025-06-16 13:09,45030,2024-04-01,2025-03-31,アステラス製薬株式会社
S100VY66,2025-06-16,2025-06-16 13:22,42160,2024-04-01,2025-03-31,旭有機材株式会社
S100VY4H,2025-06-16,2025-06-16 13:39,72990,2024-04-01,2025-03-31,フジオーゼックス株式会社
S100VXRC,2025-06-16,2025-06-16 13:48,79710,2024-04-01,2025-03-31,東リ株式会社
S100VX0N,2025-06-16,2025-06-16 13:54,97260,2024-04-01,2025-03-31,ＫＮＴ－ＣＴホールディングス株式会社
S100VY2R,2025-06-16,2025-06-16 14:22,98890,2024-04-01,2025-03-31,ＪＢＣＣホールディングス株式会社
S100VX5P,2025-06-16,2025-06-16 14:48,67410,2024-04-01,2025-03-31,日本信号株式会社
S100VX95,2025-06-16,2025-06-16 15:00,19670,2024-03-21,2025-03-20,株式会社ヤマト
S100VY7S,2025-06-16,2025-06-16 15:03,27680,2024-04-01,2025-03-31,双日株式会社
S100VXYE,2025-06-16,2025-06-16 15:16,42040,2024-04-01,2025-03-31,積水化学工業株式会社
S100VWNU,2025-06-16,2025-06-16 15:30,68610,2024-03-21,2025-03-20,株式会社キーエンス
S100VY2W,2025-06-16,2025-06-16 15:30,38410,2024-04-01,2025-03-31,株式会社ジーダット
S100VXAH,2025-06-16,2025-06-16 15:36,45440,2024-04-01,2025-03-31,Ｈ．Ｕ．グループホールディングス株式会社
S100VXUY,2025-06-16,2025-06-16 16:00,96630,2024-04-01,2025-03-31,株式会社ナガワ
S100VXOG,2025-06-16,2025-06-16 16:01,60350,2024-04-01,2025-03-31,株式会社アイ・アールジャパンホールディングス
S100VXZU,2025-06-16,2025-06-16 16:03,72590,2024-04-01,2025-03-31,株式会社アイシン
S100VXGN,2025-06-16,2025-06-16 16:04,31780,2024-04-01,2025-03-31,チムニー株式会社
S100VXAU,2025-06-16,2025-06-16 16:09,71640,2024-04-01,2025-03-31,全国保証株式会社
S100VY3Q,2025-06-16,2025-06-16 16:31,19640,2024-04-01,2025-03-31,中外炉工業株式会社
S100VU1R,2025-06-16,2025-06-16 16:35,92570,2024-01-01,2024-12-31,ＹＣＰホールディングス（グローバル）リミテッド
S100VYFN,2025-06-16,2025-06-16 16:48,90210,2024-04-01,2025-03-31,西日本旅客鉄道株式会社
S100VYDI,2025-06-17,2025-06-17 09:00,69570,2024-04-01,2025-03-31,株式会社芝浦電子
S100VY2A,2025-06-17,2025-06-17 09:07,41200,2024-04-01,2025-03-31,スガイ化学工業株式会社
S100VXML,2025-06-17,2025-06-17 09:09,83590,2024-04-01,2025-03-31,株式会社八十二銀行
S100VY8W,2025-06-17,2025-06-17 09:14,80510,2024-04-01,2025-03-31,株式会社山善
S100VXM8,2025-06-17,2025-06-17 09:33,94670,2024-04-01,2025-03-31,株式会社アルファポリス
S100VYA7,2025-06-17,2025-06-17 09:41,62940,2024-04-01,2025-03-31,オカダアイヨン株式会社
S100VXSS,2025-06-17,2025-06-17 09:50,88600,2024-04-01,2025-03-31,フジ住宅株式会社
S100VYCB,2025-06-17,2025-06-17 10:00,49560,2024-04-01,2025-03-31,コニシ株式会社
S100VYAX,2025-06-17,2025-06-17 10:00,90520,2024-04-01,2025-03-31,山陽電気鉄道株式会社
S100VY7C,2025-06-17,2025-06-17 10:18,64020,2024-04-01,2025-03-31,兼松エンジニアリング株式会社
S100VW4E,2025-06-17,2025-06-17 10:20,58310,2024-04-01,2025-03-31,株式会社しずおかフィナンシャルグループ
S100VYLW,2025-06-17,2025-06-17 10:22,59330,2024-03-21,2025-03-20,アルインコ株式会社
S100VY9N,2025-06-17,2025-06-17 10:35,38910,2024-04-01,2025-03-31,ニッポン高度紙工業株式会社
S100VXBB,2025-06-17,2025-06-17 10:50,96190,2024-04-01,2025-03-31,株式会社イチネンホールディングス
S100VY80,2025-06-17,2025-06-17 11:00,91010,2024-04-01,2025-03-31,日本郵船株式会社
S100VY00,2025-06-17,2025-06-17 11:04,18010,2024-04-01,2025-03-31,大成建設株式会社
S100VYHN,2025-06-17,2025-06-17 11:30,90450,2024-04-01,2025-03-31,京阪ホールディングス株式会社
S100VYA1,2025-06-17,2025-06-17 12:00,46260,2024-04-01,2025-03-31,太陽ホールディングス株式会社
S100VXEV,2025-06-17,2025-06-17 12:00,98850,2024-04-01,2025-03-31,株式会社　シャルレ
S100VY7B,2025-06-17,2025-06-17 12:57,81300,2024-04-01,2025-03-31,株式会社サンゲツ
S100VXZF,2025-06-17,2025-06-17 12:57,52040,2024-03-21,2025-03-20,石塚硝子株式会社
S100VYJS,2025-06-17,2025-06-17 12:57,19690,2024-04-01,2025-03-31,高砂熱学工業株式会社
S100VY3E,2025-06-17,2025-06-17 13:00,61010,2024-04-01,2025-03-31,株式会社ツガミ
S100VYJK,2025-06-17,2025-06-17 13:01,68590,2024-04-01,2025-03-31,エスペック株式会社
S100VYN1,2025-06-17,2025-06-17 13:06,72360,2024-04-01,2025-03-31,株式会社ティラド
S100VXNT,2025-06-17,2025-06-17 13:16,17620,2024-04-01,2025-03-31,株式会社髙松コンストラクショングループ
S100VY95,2025-06-17,2025-06-17 13:17,94120,2024-04-01,2025-03-31,株式会社スカパーＪＳＡＴホールディングス
S100VYJ3,2025-06-17,2025-06-17 13:31,20600,2024-04-01,2025-03-31,フィード・ワン株式会社
S100VYOV,2025-06-17,2025-06-17 13:34,80120,2024-04-01,2025-03-31,長瀬産業株式会社
S100VXI9,2025-06-17,2025-06-17 13:36,18500,2024-04-01,2025-03-31,南海辰村建設株式会社
S100VYNR,2025-06-17,2025-06-17 13:37,80310,2024-04-01,2025-03-31,三井物産株式会社
S100VYQX,2025-06-17,2025-06-17 13:40,84110,2024-04-01,2025-03-31,株式会社みずほフィナンシャルグループ
S100VYA0,2025-06-17,2025-06-17 13:59,28710,2024-04-01,2025-03-31,株式会社ニチレイ
S100VVT1,2025-06-17,2025-06-17 14:00,42460,2024-04-01,2025-03-31,ダイキョーニシカワ株式会社
S100VXYH,2025-06-17,2025-06-17 14:08,47650,2024-04-01,2025-03-31,ＳＢＩグローバルアセットマネジメント株式会社
S100VY49,2025-06-17,2025-06-17 14:10,90440,2024-04-01,2025-03-31,南海電気鉄道株式会社
S100VYSS,2025-06-17,2025-06-17 14:12,80610,2024-04-01,2025-03-31,西華産業株式会社
S100VXZA,2025-06-17,2025-06-17 14:13,65900,2024-04-01,2025-03-31,芝浦メカトロニクス株式会社
S100VYST,2025-06-17,2025-06-17 14:17,296A0,2024-04-01,2025-03-31,令和アカウンティング・ホールディングス株式会社
S100VYIY,2025-06-17,2025-06-17 14:44,90100,2024-04-01,2025-03-31,富士急行株式会社
S100VXGQ,2025-06-17,2025-06-17 15:03,71630,2024-04-01,2025-03-31,住信ＳＢＩネット銀行株式会社
S100VY52,2025-06-17,2025-06-17 15:07,23270,2024-04-01,2025-03-31,日鉄ソリューションズ株式会社
S100VY9C,2025-06-17,2025-06-17 15:15,83770,2024-04-01,2025-03-31,株式会社ほくほくフィナンシャルグループ
S100VYV3,2025-06-17,2025-06-17 15:20,41140,2024-04-01,2025-03-31,株式会社日本触媒
S100VYH5,2025-06-17,2025-06-17 15:29,30360,2024-04-01,2025-03-31,アルコニックス株式会社
S100VYA9,2025-06-17,2025-06-17 15:30,27670,2024-04-01,2025-03-31,円谷フィールズホールディングス株式会社
S100VYGC,2025-06-17,2025-06-17 15:30,80020,2024-04-01,2025-03-31,丸紅株式会社
S100VYKV,2025-06-17,2025-06-17 15:31,94450,2024-04-01,2025-03-31,株式会社フォーバルテレコム
S100VYI4,2025-06-17,2025-06-17 15:38,38470,2024-04-01,2025-03-31,パシフィックシステム株式会社
S100VY24,2025-06-17,2025-06-17 16:00,80880,2024-04-01,2025-03-31,岩谷産業株式会社
S100VYFR,2025-06-17,2025-06-17 16:00,22200,2024-04-01,2025-03-31,亀田製菓株式会社
S100VYXF,2025-06-17,2025-06-17 16:07,99320,2024-04-01,2025-03-31,杉本商事株式会社
S100VYGF,2025-06-17,2025-06-17 16:36,81330,2024-04-01,2025-03-31,伊藤忠エネクス株式会社
S100VYT1,2025-06-17,2025-06-17 16:44,74190,2024-04-01,2025-03-31,株式会社ノジマ
S100VYH0,2025-06-17,2025-06-17 16:56,71570,2024-04-01,2025-03-31,ライフネット生命保険株式会社
S100VY59,2025-06-18,2025-06-18 09:00,83660,2024-04-01,2025-03-31,株式会社滋賀銀行
S100VXIY,2025-06-18,2025-06-18 09:00,72820,2024-04-01,2025-03-31,豊田合成株式会社
S100VYO5,2025-06-18,2025-06-18 09:00,90570,2024-04-01,2025-03-31,遠州トラック株式会社
S100VYTT,2025-06-18,2025-06-18 09:09,86130,2024-04-01,2025-03-31,丸三証券株式会社
S100VTDY,2025-06-18,2025-06-18 09:11,82550,2024-04-01,2025-03-31,アクシアル　リテイリング株式会社
S100VYKL,2025-06-18,2025-06-18 09:15,43880,2024-04-01,2025-03-31,株式会社エーアイ
S100VZ4F,2025-06-18,2025-06-18 09:19,23170,2024-04-01,2025-03-31,株式会社システナ
S100VZ0S,2025-06-18,2025-06-18 09:31,46790,2024-04-01,2025-03-31,株式会社　田　谷
S100VWYM,2025-06-18,2025-06-18 09:35,53670,2024-04-01,2025-03-31,株式会社ニッカトー
S100VXJA,2025-06-18,2025-06-18 09:39,28020,2024-04-01,2025-03-31,味の素株式会社
S100VYTW,2025-06-18,2025-06-18 09:42,81580,2024-04-01,2025-03-31,ソーダニッカ株式会社
S100VYWM,2025-06-18,2025-06-18 09:48,58570,2024-04-01,2025-03-31,ＡＲＥホールディングス株式会社
S100VXKF,2025-06-18,2025-06-18 10:11,83090,2024-04-01,2025-03-31,三井住友トラストグループ株式会社
S100VYPZ,2025-06-18,2025-06-18 10:19,85630,2024-04-01,2025-03-31,株式会社大東銀行
S100VZ8K,2025-06-18,2025-06-18 10:21,28830,2024-04-01,2025-03-31,株式会社大冷
S100VZ8O,2025-06-18,2025-06-18 10:22,54060,2024-04-01,2025-03-31,株式会社　神戸製鋼所
S100VYQ9,2025-06-18,2025-06-18 10:29,42020,2024-04-01,2025-03-31,株式会社ダイセル
S100VZ7H,2025-06-18,2025-06-18 10:29,18480,2024-04-01,2025-03-31,株式会社富士ピー・エス
S100VYUN,2025-06-18,2025-06-18 10:30,97440,2024-04-01,2025-03-31,株式会社メイテックグループホールディングス
S100VXY5,2025-06-18,2025-06-18 10:44,87140,2024-04-01,2025-03-31,株式会社池田泉州ホールディングス
S100VYVQ,2025-06-18,2025-06-18 10:45,99020,2024-04-01,2025-03-31,株式会社日伝
S100VY58,2025-06-18,2025-06-18 10:56,59920,2024-04-01,2025-03-31,中央発條株式会社
S100VZ2K,2025-06-18,2025-06-18 11:02,73370,2024-04-01,2025-03-31,株式会社ひろぎんホールディングス
S100VYP9,2025-06-18,2025-06-18 11:13,67300,2024-04-01,2025-03-31,株式会社アクセル
S100VYZ7,2025-06-18,2025-06-18 11:13,35530,2024-04-01,2025-03-31,共和レザー株式会社
S100VYMF,2025-06-18,2025-06-18 11:34,83920,2024-04-01,2025-03-31,株式会社大分銀行
S100VZAG,2025-06-18,2025-06-18 11:48,21300,2024-04-01,2025-03-31,株式会社メンバーズ
S100VYYW,2025-06-18,2025-06-18 11:59,97630,2024-04-01,2025-03-31,丸紅建材リース株式会社
S100VYZC,2025-06-18,2025-06-18 12:09,85950,2024-04-01,2025-03-31,ジャフコ　グループ株式会社
S100VYQN,2025-06-18,2025-06-18 12:23,86010,2024-04-01,2025-03-31,株式会社大和証券グループ本社
S100VZ0Z,2025-06-18,2025-06-18 12:47,66380,2024-04-01,2025-03-31,株式会社ミマキエンジニアリング
S100VY5C,2025-06-18,2025-06-18 13:00,84100,2024-04-01,2025-03-31,株式会社セブン銀行
S100VZ8A,2025-06-18,2025-06-18 13:00,57270,2024-04-01,2025-03-31,東邦チタニウム株式会社
S100VYRU,2025-06-18,2025-06-18 13:05,38950,2024-04-01,2025-03-31,ハビックス株式会社
S100VZ09,2025-06-18,2025-06-18 13:15,75540,2024-04-01,2025-03-31,株式会社幸楽苑
S100VYUH,2025-06-18,2025-06-18 13:42,38480,2024-04-01,2025-03-31,株式会社データ・アプリケーション
S100VYTC,2025-06-18,2025-06-18 13:50,49970,2024-04-01,2025-03-31,日本農薬株式会社
S100VZ92,2025-06-18,2025-06-18 14:00,42200,2024-04-01,2025-03-31,リケンテクノス株式会社
S100VXU6,2025-06-18,2025-06-18 14:00,99620,2024-04-01,2025-03-31,株式会社　ミスミグループ本社
S100VZ9X,2025-06-18,2025-06-18 14:00,93470,2024-04-01,2025-03-31,日本管財ホールディングス株式会社
S100VZ5A,2025-06-18,2025-06-18 14:00,64700,2024-04-01,2025-03-31,大豊工業株式会社
S100VYV6,2025-06-18,2025-06-18 14:02,80530,2024-04-01,2025-03-31,住友商事株式会社
S100VYM1,2025-06-18,2025-06-18 14:06,80580,2024-04-01,2025-03-31,三菱商事株式会社
S100VYM0,2025-06-18,2025-06-18 14:25,44010,2024-04-01,2025-03-31,株式会社ＡＤＥＫＡ
S100VZ0N,2025-06-18,2025-06-18 15:25,77690,2024-04-01,2025-03-31,リズム株式会社
S100VZKL,2025-06-18,2025-06-18 15:30,43070,2024-04-01,2025-03-31,株式会社野村総合研究所
S100VWVY,2025-06-18,2025-06-18 15:30,72030,2024-04-01,2025-03-31,トヨタ自動車株式会社
S100VUGL,2025-06-18,2025-06-18 15:30,91420,2024-04-01,2025-03-31,九州旅客鉄道株式会社
S100VYYX,2025-06-18,2025-06-18 15:30,24970,2024-04-01,2025-03-31,ユナイテッド株式会社
S100VZEI,2025-06-18,2025-06-18 15:31,33930,2024-04-01,2025-03-31,スターティアホールディングス株式会社
S100VZJX,2025-06-18,2025-06-18 15:33,90370,2024-04-01,2025-03-31,株式会社ハマキョウレックス
S100VXL0,2025-06-18,2025-06-18 15:34,68070,2024-04-01,2025-03-31,日本航空電子工業株式会社
S100VYGU,2025-06-18,2025-06-18 15:34,46890,2024-04-01,2025-03-31,ＬＩＮＥヤフー株式会社
S100VYOD,2025-06-18,2025-06-18 15:36,72670,2024-04-01,2025-03-31,本田技研工業株式会社
S100VZ4X,2025-06-18,2025-06-18 15:37,63240,2024-04-01,2025-03-31,株式会社ハーモニック・ドライブ・システムズ
S100VYX9,2025-06-18,2025-06-18 15:38,71610,2024-04-01,2025-03-31,株式会社じもとホールディングス
S100VZ4Y,2025-06-18,2025-06-18 15:40,87130,2024-04-01,2025-03-31,フィデアホールディングス株式会社
S100VZ1X,2025-06-18,2025-06-18 15:52,99940,2024-04-01,2025-03-31,株式会社やまや
S100VZ8G,2025-06-18,2025-06-18 15:55,79400,2024-04-01,2025-03-31,ウェーブロックホールディングス株式会社
S100VZ9A,2025-06-18,2025-06-18 15:57,96250,2024-04-01,2025-03-31,株式会社セレスポ
S100VYOI,2025-06-18,2025-06-18 16:00,48330,2024-04-01,2025-03-31,株式会社Ｄｅｆ　ｃｏｎｓｕｌｔｉｎｇ
S100VWQZ,2025-06-18,2025-06-18 16:00,79170,2024-04-01,2025-03-31,ＺＡＣＲＯＳ株式会社
S100VYMK,2025-06-18,2025-06-18 16:00,59380,2024-04-01,2025-03-31,株式会社ＬＩＸＩＬ
S100VZ0M,2025-06-18,2025-06-18 16:00,58920,2024-04-01,2025-03-31,株式会社ｙｕｔｏｒｉ
S100VYH3,2025-06-18,2025-06-18 16:00,69880,2024-04-01,2025-03-31,日東電工株式会社
S100VZBO,2025-06-18,2025-06-18 16:01,68990,2024-04-01,2025-03-31,ＡＳＴＩ株式会社
S100VZ2E,2025-06-18,2025-06-18 16:02,94130,2024-04-01,2025-03-31,株式会社テレビ東京ホールディングス
S100VYOS,2025-06-18,2025-06-18 16:03,90200,2024-04-01,2025-03-31,東日本旅客鉄道株式会社
S100VYN4,2025-06-18,2025-06-18 16:04,80010,2024-04-01,2025-03-31,伊藤忠商事株式会社
S100VZMJ,2025-06-18,2025-06-18 16:05,72110,2024-04-01,2025-03-31,三菱自動車工業株式会社
S100VZMQ,2025-06-18,2025-06-18 16:10,34840,2024-04-01,2025-03-31,株式会社イノベーションホールディングス
S100VZ5K,2025-06-18,2025-06-18 16:13,73130,2024-04-01,2025-03-31,テイ・エス　テック株式会社
S100VYZK,2025-06-18,2025-06-18 16:29,69270,2024-04-01,2025-03-31,ヘリオス　テクノ　ホールディング株式会社
S100VZ3B,2025-06-18,2025-06-18 16:31,98280,2024-04-01,2025-03-31,株式会社Ｇｅｎｋｉ　Ｇｌｏｂａｌ　Ｄｉｎｉｎｇ　Ｃｏｎｃｅｐｔｓ
S100VZO8,2025-06-18,2025-06-18 16:37,28150,2024-04-01,2025-03-31,アリアケジャパン株式会社
S100VYUC,2025-06-19,2025-06-19 09:00,71750,2024-04-01,2025-03-31,今村証券株式会社
S100VYO4,2025-06-19,2025-06-19 09:01,81500,2024-04-01,2025-03-31,三信電気株式会社
S100VYU1,2025-06-19,2025-06-19 09:04,83620,2024-04-01,2025-03-31,株式会社福井銀行
S100VZQT,2025-06-19,2025-06-19 09:18,40820,2024-04-01,2025-03-31,第一稀元素化学工業株式会社
S100VZEU,2025-06-19,2025-06-19 09:26,27950,2024-04-01,2025-03-31,日本プリメックス株式会社
S100VZXB,2025-06-19,2025-06-19 09:50,62310,2024-04-01,2025-03-31,木村工機株式会社
S100VZ79,2025-06-19,2025-06-19 09:54,73260,2024-04-01,2025-03-31,ＳＢＩインシュアランスグループ株式会社
S100VZPR,2025-06-19,2025-06-19 09:59,58320,2024-04-01,2025-03-31,株式会社ちゅうぎんフィナンシャルグループ
S100VZH3,2025-06-19,2025-06-19 09:59,95340,2024-04-01,2025-03-31,北海道瓦斯株式会社
S100VXHK,2025-06-19,2025-06-19 10:00,40620,2024-04-01,2025-03-31,イビデン株式会社
S100VXV6,2025-06-19,2025-06-19 10:00,49250,2024-04-01,2025-03-31,株式会社ハーバー研究所
S100VYMJ,2025-06-19,2025-06-19 10:04,91070,2024-04-01,2025-03-31,川崎汽船株式会社
S100VZXW,2025-06-19,2025-06-19 10:08,74210,2024-04-01,2025-03-31,カッパ・クリエイト株式会社
S100VZGG,2025-06-19,2025-06-19 10:11,30240,2024-04-01,2025-03-31,クリエイト株式会社
S100VZ84,2025-06-19,2025-06-19 10:13,73220,2024-04-01,2025-03-31,株式会社三十三フィナンシャルグループ
S100VZSO,2025-06-19,2025-06-19 10:16,71670,2024-04-01,2025-03-31,株式会社めぶきフィナンシャルグループ
S100VZBH,2025-06-19,2025-06-19 10:20,47090,2024-04-01,2025-03-31,株式会社ＩＤホールディングス
S100VZRN,2025-06-19,2025-06-19 10:25,85240,2024-04-01,2025-03-31,株式会社北洋銀行
S100VYR7,2025-06-19,2025-06-19 10:30,64070,2024-04-01,2025-03-31,ＣＫＤ株式会社
S100VZRD,2025-06-19,2025-06-19 10:33,47330,2024-04-01,2025-03-31,株式会社オービックビジネスコンサルタント
S100W007,2025-06-19,2025-06-19 10:38,36480,2024-04-01,2025-03-31,ＡＧＳ株式会社
S100VZEV,2025-06-19,2025-06-19 10:56,85720,2024-04-01,2025-03-31,アコム株式会社
S100VZS3,2025-06-19,2025-06-19 11:00,43680,2024-04-01,2025-03-31,扶桑化学工業株式会社
S100VZTK,2025-06-19,2025-06-19 11:00,90410,2024-04-01,2025-03-31,近鉄グループホールディングス株式会社
S100VZX7,2025-06-19,2025-06-19 11:00,40610,2024-04-01,2025-03-31,デンカ株式会社
S100VZDT,2025-06-19,2025-06-19 11:01,67370,2024-04-01,2025-03-31,ＥＩＺＯ株式会社
S100VZFD,2025-06-19,2025-06-19 11:06,67620,2024-04-01,2025-03-31,ＴＤＫ株式会社
S100VZAX,2025-06-19,2025-06-19 11:06,65160,2024-04-01,2025-03-31,山洋電気株式会社
S100VZKQ,2025-06-19,2025-06-19 11:10,86240,2024-04-01,2025-03-31,いちよし証券株式会社
S100VZQK,2025-06-19,2025-06-19 11:13,64900,2024-04-01,2025-03-31,株式会社ＰＩＬＬＡＲ
S100VZZ3,2025-06-19,2025-06-19 11:18,49730,2024-04-01,2025-03-31,日本高純度化学株式会社
S100W02P,2025-06-19,2025-06-19 11:28,64130,2024-04-01,2025-03-31,理想科学工業株式会社
S100VZMR,2025-06-19,2025-06-19 11:33,46440,2024-04-01,2025-03-31,イマジニア株式会社
S100VZ76,2025-06-19,2025-06-19 11:41,75750,2024-04-01,2025-03-31,日本ライフライン株式会社
S100VZ1M,2025-06-19,2025-06-19 11:49,85150,2024-04-01,2025-03-31,アイフル株式会社
S100VZGY,2025-06-19,2025-06-19 11:49,36820,2024-04-01,2025-03-31,エンカレッジ・テクノロジ株式会社
S100VYWI,2025-06-19,2025-06-19 11:54,93080,2024-04-01,2025-03-31,乾汽船株式会社
S100VYQS,2025-06-19,2025-06-19 12:05,83870,2024-04-01,2025-03-31,株式会社四国銀行
S100W04V,2025-06-19,2025-06-19 12:17,31730,2024-04-01,2025-03-31,株式会社Ｃｏｍｉｎｉｘ
S100VZUV,2025-06-19,2025-06-19 12:21,33520,2024-04-01,2025-03-31,株式会社バッファロー
S100VZY2,2025-06-19,2025-06-19 12:31,71200,2024-04-01,2025-03-31,株式会社ＳＨＩＮＫＯ
S100VZZZ,2025-06-19,2025-06-19 12:36,43440,2024-04-01,2025-03-31,ソースネクスト株式会社
S100VZF1,2025-06-19,2025-06-19 12:55,71830,2024-04-01,2025-03-31,あんしん保証株式会社
S100VZP4,2025-06-19,2025-06-19 13:00,59010,2024-04-01,2025-03-31,東洋製罐グループホールディングス株式会社
S100VZHX,2025-06-19,2025-06-19 13:04,62080,2024-04-01,2025-03-31,株式会社石川製作所
S100VYRR,2025-06-19,2025-06-19 13:04,97900,2024-04-01,2025-03-31,福井コンピュータホールディングス株式会社
S100VZYG,2025-06-19,2025-06-19 13:05,45310,2024-04-01,2025-03-31,有機合成薬品工業株式会社
S100VYJ6,2025-06-19,2025-06-19 13:07,23710,2024-04-01,2025-03-31,株式会社カカクコム
S100VZSL,2025-06-19,2025-06-19 13:08,46190,2024-04-01,2025-03-31,日本特殊塗料株式会社
S100VZNK,2025-06-19,2025-06-19 13:11,59360,2024-04-01,2025-03-31,東洋シヤッター株式会社
S100VZQB,2025-06-19,2025-06-19 13:15,31100,2024-04-01,2025-03-31,日東紡績株式会社
S100VZU0,2025-06-19,2025-06-19 13:16,43370,2024-04-01,2025-03-31,ぴあ株式会社
S100W02T,2025-06-19,2025-06-19 13:20,56950,2024-04-01,2025-03-31,パウダーテック株式会社
S100VZM9,2025-06-19,2025-06-19 13:20,80150,2024-04-01,2025-03-31,豊田通商株式会社
S100W072,2025-06-19,2025-06-19 13:21,33710,2024-04-01,2025-03-31,株式会社ソフトクリエイトホールディングス
S100VZ8I,2025-06-19,2025-06-19 13:29,48280,2024-04-01,2025-03-31,ビジネスエンジニアリング株式会社
S100VYLC,2025-06-19,2025-06-19 13:48,63170,2024-04-01,2025-03-31,株式会社北川鉄工所
S100W091,2025-06-19,2025-06-19 14:05,64570,2024-04-01,2025-03-31,グローリー株式会社
S100VZSY,2025-06-19,2025-06-19 14:16,77740,2024-04-01,2025-03-31,株式会社ジャパン・ティッシュエンジニアリング
S100VZFR,2025-06-19,2025-06-19 14:16,87660,2024-04-01,2025-03-31,東京海上ホールディングス株式会社
S100VZMM,2025-06-19,2025-06-19 14:21,93680,2024-04-01,2025-03-31,キムラユニティー株式会社
S100W0AO,2025-06-19,2025-06-19 14:36,80650,2024-04-01,2025-03-31,佐藤商事株式会社
S100W0AY,2025-06-19,2025-06-19 14:41,52730,2024-04-01,2025-03-31,三谷セキサン株式会社
S100VYKA,2025-06-19,2025-06-19 14:41,38500,2024-04-01,2025-03-31,株式会社エヌ・ティ・ティ・データ・イントラマート
S100W06K,2025-06-19,2025-06-19 14:51,35800,2024-04-01,2025-03-31,小松マテーレ株式会社
S100VZCX,2025-06-19,2025-06-19 14:55,41790,2024-04-01,2025-03-31,株式会社ジーネクスト
S100VZHU,2025-06-19,2025-06-19 15:00,83360,2024-04-01,2025-03-31,株式会社武蔵野銀行
S100VZX9,2025-06-19,2025-06-19 15:00,67770,2024-04-01,2025-03-31,ｓａｎｔｅｃ　Ｈｏｌｄｉｎｇｓ株式会社
S100VZKD,2025-06-19,2025-06-19 15:00,77750,2024-04-01,2025-03-31,大研医器株式会社
S100VZ8U,2025-06-19,2025-06-19 15:00,74720,2024-04-01,2025-03-31,株式会社鳥羽洋行
S100VZEO,2025-06-19,2025-06-19 15:02,29190,2024-04-01,2025-03-31,株式会社　マルタイ
S100VZW3,2025-06-19,2025-06-19 15:09,77350,2024-04-01,2025-03-31,株式会社ＳＣＲＥＥＮホールディングス
S100VZKX,2025-06-19,2025-06-19 15:15,61610,2024-03-21,2025-03-20,株式会社エスティック
S100W032,2025-06-19,2025-06-19 15:16,56320,2024-04-01,2025-03-31,三菱製鋼株式会社
S100VZQ0,2025-06-19,2025-06-19 15:21,81740,2024-04-01,2025-03-31,日本瓦斯株式会社
S100W073,2025-06-19,2025-06-19 15:22,43180,2024-04-01,2025-03-31,株式会社クイック
S100VZBU,2025-06-19,2025-06-19 15:25,45940,2024-04-01,2025-03-31,ブライトパス・バイオ株式会社
S100VZPK,2025-06-19,2025-06-19 15:30,95190,2024-04-01,2025-03-31,株式会社レノバ
S100W03W,2025-06-19,2025-06-19 15:30,61780,2024-04-01,2025-03-31,日本郵政株式会社
S100VZI7,2025-06-19,2025-06-19 15:30,46740,2024-04-01,2025-03-31,株式会社クレスコ
S100VWHB,2025-06-19,2025-06-19 15:30,71820,2024-04-01,2025-03-31,株式会社ゆうちょ銀行
S100VY8X,2025-06-19,2025-06-19 15:30,68410,2024-04-01,2025-03-31,横河電機株式会社
S100VZYY,2025-06-19,2025-06-19 15:30,71800,2024-04-01,2025-03-31,株式会社九州フィナンシャルグループ
S100VZ7Y,2025-06-19,2025-06-19 15:31,96290,2024-04-01,2025-03-31,ピー・シー・エー株式会社
S100VZNE,2025-06-19,2025-06-19 15:32,66520,2024-04-01,2025-03-31,ＩＤＥＣ株式会社
S100VZZY,2025-06-19,2025-06-19 15:32,93250,2024-04-01,2025-03-31,ファイズホールディングス株式会社
S100VZEN,2025-06-19,2025-06-19 15:33,50190,2024-04-01,2025-03-31,出光興産株式会社
S100W009,2025-06-19,2025-06-19 15:35,77330,2024-04-01,2025-03-31,オリンパス株式会社
S100VZEP,2025-06-19,2025-06-19 15:36,69010,2024-04-01,2025-03-31,澤藤電機株式会社
S100VZSZ,2025-06-19,2025-06-19 15:37,87050,2024-04-01,2025-03-31,日産証券グループ株式会社
S100VZOI,2025-06-19,2025-06-19 15:37,99080,2024-04-01,2025-03-31,日本電計株式会社
S100VZPV,2025-06-19,2025-06-19 15:38,80220,2024-04-01,2025-03-31,美津濃株式会社
S100W0FR,2025-06-19,2025-06-19 15:42,39230,2024-04-01,2025-03-31,株式会社ラクス
S100VZPP,2025-06-19,2025-06-19 15:50,99890,2024-04-01,2025-03-31,株式会社サンドラッグ
S100VZHW,2025-06-19,2025-06-19 15:50,77710,2024-04-01,2025-03-31,日本精密株式会社
S100W05E,2025-06-19,2025-06-19 15:50,45690,2024-04-01,2025-03-31,杏林製薬株式会社
S100VZ85,2025-06-19,2025-06-19 15:51,67010,2024-04-01,2025-03-31,日本電気株式会社
S100VZ7J,2025-06-19,2025-06-19 15:53,72410,2024-04-01,2025-03-31,フタバ産業株式会社
S100W017,2025-06-19,2025-06-19 16:00,35260,2024-04-01,2025-03-31,芦森工業株式会社
S100VY8R,2025-06-19,2025-06-19 16:00,45280,2024-04-01,2025-03-31,小野薬品工業株式会社
S100VYGV,2025-06-19,2025-06-19 16:00,250A0,2024-04-01,2025-03-31,シマダヤ株式会社
S100VZON,2025-06-19,2025-06-19 16:00,70590,2024-04-01,2025-03-31,株式会社コプロ・ホールディングス
S100W0HC,2025-06-19,2025-06-19 16:08,303A0,2024-04-01,2025-03-31,株式会社ｖｉｓｕｍｏ
S100VZCM,2025-06-19,2025-06-19 16:10,45070,2024-04-01,2025-03-31,塩野義製薬株式会社
S100VZLE,2025-06-19,2025-06-19 16:11,99910,2024-04-01,2025-03-31,ジェコス株式会社
S100VZYJ,2025-06-19,2025-06-19 16:12,64630,2024-04-01,2025-03-31,ＴＰＲ株式会社
S100VZTC,2025-06-19,2025-06-19 16:14,72120,2024-04-01,2025-03-31,株式会社エフテック
S100VYZ4,2025-06-19,2025-06-19 16:14,57410,2024-04-01,2025-03-31,株式会社ＵＡＣＪ
S100VYJU,2025-06-19,2025-06-19 16:17,63490,2024-04-01,2025-03-31,株式会社小森コーポレーション
S100W0FJ,2025-06-19,2025-06-19 16:20,18020,2024-04-01,2025-03-31,株式会社大林組
S100VZOE,2025-06-19,2025-06-19 16:23,35930,2024-04-01,2025-03-31,株式会社ホギメディカル
S100VZNX,2025-06-19,2025-06-19 16:31,90490,2024-04-01,2025-03-31,京福電気鉄道株式会社
S100VZKV,2025-06-19,2025-06-19 17:00,70470,2024-04-01,2025-03-31,ポート株式会社
S100VZZW,2025-06-19,2025-06-19 17:12,87500,2024-04-01,2025-03-31,第一生命ホールディングス株式会社
S100VW42,2025-06-20,2025-06-20 09:03,27530,2024-04-01,2025-03-31,株式会社　あみやき亭
S100W071,2025-06-20,2025-06-20 09:08,49570,2024-04-01,2025-03-31,ヤスハラケミカル株式会社
S100VZQZ,2025-06-20,2025-06-20 09:10,47830,2024-04-01,2025-03-31,ＮＣＤ株式会社
S100VZXH,2025-06-20,2025-06-20 09:11,85370,2024-04-01,2025-03-31,株式会社大光銀行
S100W0MB,2025-06-20,2025-06-20 09:12,87060,2024-04-01,2025-03-31,極東証券株式会社
S100W0IO,2025-06-20,2025-06-20 09:15,22260,2024-04-01,2025-03-31,株式会社湖池屋
S100VZR8,2025-06-20,2025-06-20 09:21,99140,2024-03-21,2025-03-20,株式会社　植松商会
S100VZS4,2025-06-20,2025-06-20 09:29,20040,2024-04-01,2025-03-31,昭和産業株式会社
S100W06A,2025-06-20,2025-06-20 09:30,83810,2024-04-01,2025-03-31,株式会社山陰合同銀行
S100W080,2025-06-20,2025-06-20 09:31,39460,2024-04-01,2025-03-31,株式会社トーモク
S100VYD2,2025-06-20,2025-06-20 09:32,83680,2024-04-01,2025-03-31,株式会社　百五銀行
S100W0HV,2025-06-20,2025-06-20 09:34,40080,2024-04-01,2025-03-31,住友精化株式会社
S100W0NH,2025-06-20,2025-06-20 09:37,29010,2024-04-01,2025-03-31,株式会社ウェルディッシュ
S100W08P,2025-06-20,2025-06-20 09:39,53520,2024-04-01,2025-03-31,黒崎播磨株式会社
S100W01E,2025-06-20,2025-06-20 09:46,78370,2024-04-01,2025-03-31,株式会社アールシーコア
S100W0VO,2025-06-20,2025-06-20 09:51,96580,2024-04-01,2025-03-31,株式会社ビジネスブレイン太田昭和
S100W0KB,2025-06-20,2025-06-20 09:53,43810,2024-04-01,2025-03-31,ビープラッツ株式会社
S100W0HK,2025-06-20,2025-06-20 09:53,83450,2024-04-01,2025-03-31,株式会社岩手銀行
S100VZ7R,2025-06-20,2025-06-20 09:57,59550,2024-04-01,2025-03-31,株式会社ワイズホールディングス
S100W0US,2025-06-20,2025-06-20 09:58,50110,2024-04-01,2025-03-31,ニチレキグループ株式会社
S100W0MS,2025-06-20,2025-06-20 09:59,45560,2024-04-01,2025-03-31,株式会社カイノス
S100VZ9V,2025-06-20,2025-06-20 10:00,69990,2024-04-01,2025-03-31,ＫＯＡ株式会社
S100W04R,2025-06-20,2025-06-20 10:00,95510,2024-04-01,2025-03-31,メタウォーター株式会社
S100VY61,2025-06-20,2025-06-20 10:00,83080,2024-04-01,2025-03-31,株式会社　りそなホールディングス
S100VZE9,2025-06-20,2025-06-20 10:00,54610,2024-04-01,2025-03-31,中部鋼鈑株式会社
S100W0JL,2025-06-20,2025-06-20 10:04,83040,2024-04-01,2025-03-31,株式会社あおぞら銀行
S100W0WR,2025-06-20,2025-06-20 10:08,75950,2024-04-01,2025-03-31,株式会社アルゴグラフィックス
S100VXAD,2025-06-20,2025-06-20 10:08,30040,2024-04-01,2025-03-31,神栄株式会社
S100W048,2025-06-20,2025-06-20 10:09,42080,2024-04-01,2025-03-31,ＵＢＥ株式会社
S100W0EA,2025-06-20,2025-06-20 10:13,85850,2024-04-01,2025-03-31,株式会社オリエントコーポレーション
S100VYP3,2025-06-20,2025-06-20 10:14,75520,2024-04-01,2025-03-31,株式会社ハピネット
S100VZZF,2025-06-20,2025-06-20 10:17,23310,2024-04-01,2025-03-31,綜合警備保障株式会社
S100W0RG,2025-06-20,2025-06-20 10:18,40630,2024-04-01,2025-03-31,信越化学工業株式会社
S100W0CW,2025-06-20,2025-06-20 10:20,83640,2024-04-01,2025-03-31,株式会社清水銀行
S100W0W9,2025-06-20,2025-06-20 10:20,88440,2024-04-01,2025-03-31,株式会社コスモスイニシア
S100W0WH,2025-06-20,2025-06-20 10:20,96860,2024-04-01,2025-03-31,東洋テック株式会社
S100W08J,2025-06-20,2025-06-20 10:23,32370,2024-04-01,2025-03-31,株式会社イントランス
S100VYK9,2025-06-20,2025-06-20 10:24,74170,2024-04-01,2025-03-31,株式会社南陽
S100W0Q9,2025-06-20,2025-06-20 10:25,47610,2024-04-01,2025-03-31,株式会社さくらケーシーエス
S100W0OV,2025-06-20,2025-06-20 10:31,60330,2024-04-01,2025-03-31,株式会社エクストリーム
S100W0YJ,2025-06-20,2025-06-20 10:43,45910,2024-04-01,2025-03-31,株式会社リボミック
S100W0QI,2025-06-20,2025-06-20 10:43,31510,2024-04-01,2025-03-31,株式会社バイタルケーエスケー・ホールディングス
S100W0EF,2025-06-20,2025-06-20 10:49,17200,2024-04-01,2025-03-31,東急建設株式会社
S100W0WW,2025-06-20,2025-06-20 10:55,26920,2024-04-01,2025-03-31,伊藤忠食品株式会社
S100VWWK,2025-06-20,2025-06-20 10:56,45390,2024-04-01,2025-03-31,日本ケミファ株式会社
S100W0YP,2025-06-20,2025-06-20 11:07,48390,2024-04-01,2025-03-31,株式会社ＷＯＷＯＷ
S100W10D,2025-06-20,2025-06-20 11:23,44140,2024-04-01,2025-03-31,株式会社フレクト
S100W0LU,2025-06-20,2025-06-20 11:25,91270,2024-04-01,2025-03-31,玉井商船株式会社
S100W0F3,2025-06-20,2025-06-20 11:31,67520,2024-04-01,2025-03-31,パナソニックホールディングス株式会社
S100VYAM,2025-06-20,2025-06-20 11:37,42030,2024-04-01,2025-03-31,住友ベークライト株式会社
S100VZE0,2025-06-20,2025-06-20 11:37,24320,2024-04-01,2025-03-31,株式会社ディー・エヌ・エー
S100VZIO,2025-06-20,2025-06-20 11:39,97010,2024-04-01,2025-03-31,株式会社東京會舘
S100W0WG,2025-06-20,2025-06-20 11:43,21520,2024-04-01,2025-03-31,幼児活動研究会株式会社
S100W0ET,2025-06-20,2025-06-20 11:45,15180,2024-04-01,2025-03-31,三井松島ホールディングス株式会社
S100W02J,2025-06-20,2025-06-20 11:46,70220,2024-04-01,2025-03-31,サノヤスホールディングス株式会社
S100W144,2025-06-20,2025-06-20 11:50,36350,2024-04-01,2025-03-31,株式会社コーエーテクモホールディングス
S100VZWE,2025-06-20,2025-06-20 11:53,48160,2024-04-01,2025-03-31,東映アニメーション株式会社
S100VZRZ,2025-06-20,2025-06-20 12:00,77520,2024-04-01,2025-03-31,株式会社リコー
S100W0PD,2025-06-20,2025-06-20 12:05,67400,2024-04-01,2025-03-31,株式会社ジャパンディスプレイ
S100VY08,2025-06-20,2025-06-20 12:10,68750,2024-04-01,2025-03-31,株式会社メガチップス
S100W153,2025-06-20,2025-06-20 12:17,38000,2024-04-01,2025-03-31,株式会社ユニリタ
S100W14Y,2025-06-20,2025-06-20 12:34,70880,2024-04-01,2025-03-31,株式会社フォーラムエンジニアリング
S100W0EM,2025-06-20,2025-06-20 12:44,65030,2024-04-01,2025-03-31,三菱電機株式会社
S100W15T,2025-06-20,2025-06-20 12:58,26660,2024-04-01,2025-03-31,株式会社　オートウェーブ
S100VZFF,2025-06-20,2025-06-20 13:00,74860,2024-04-01,2025-03-31,サンリン株式会社
S100W06G,2025-06-20,2025-06-20 13:00,83410,2024-04-01,2025-03-31,株式会社七十七銀行
S100VZYK,2025-06-20,2025-06-20 13:00,39430,2024-04-01,2025-03-31,大石産業株式会社
S100W0KQ,2025-06-20,2025-06-20 13:02,21140,2024-04-01,2025-03-31,フジ日本株式会社
S100W0LS,2025-06-20,2025-06-20 13:03,71300,2024-04-01,2025-03-31,ヤマエグループホールディングス株式会社
S100VZ8C,2025-06-20,2025-06-20 13:04,17870,2024-04-01,2025-03-31,株式会社ナカボーテック
S100VYPO,2025-06-20,2025-06-20 13:05,42290,2024-04-01,2025-03-31,群栄化学工業株式会社
S100W06L,2025-06-20,2025-06-20 13:05,95350,2024-04-01,2025-03-31,広島ガス株式会社
S100W166,2025-06-20,2025-06-20 13:06,42490,2024-04-01,2025-03-31,森六株式会社
S100W0SM,2025-06-20,2025-06-20 13:09,27330,2024-04-01,2025-03-31,株式会社あらた
S100VZHJ,2025-06-20,2025-06-20 13:10,26120,2024-04-01,2025-03-31,かどや製油株式会社
S100W16M,2025-06-20,2025-06-20 13:11,66550,2024-04-01,2025-03-31,東洋電機株式会社
S100W14V,2025-06-20,2025-06-20 13:12,341A0,2024-04-01,2025-03-31,株式会社トヨコー
S100W0M5,2025-06-20,2025-06-20 13:12,18930,2024-04-01,2025-03-31,五洋建設株式会社
S100W0CP,2025-06-20,2025-06-20 13:13,79700,2024-04-01,2025-03-31,信越ポリマー株式会社
S100VZZM,2025-06-20,2025-06-20 13:18,64550,2024-04-01,2025-03-31,株式会社モリタホールディングス
S100VZ3Z,2025-06-20,2025-06-20 13:28,19250,2024-04-01,2025-03-31,大和ハウス工業株式会社
S100W0HA,2025-06-20,2025-06-20 13:28,97090,2024-04-01,2025-03-31,ＮＣＳ＆Ａ株式会社
S100W0NR,2025-06-20,2025-06-20 13:28,79470,2024-04-01,2025-03-31,株式会社エフピコ
S100W043,2025-06-20,2025-06-20 13:32,61030,2024-04-01,2025-03-31,オークマ株式会社
S100W16Q,2025-06-20,2025-06-20 13:32,62490,2024-04-01,2025-03-31,株式会社ゲームカード・ジョイコホールディングス
S100VZJS,2025-06-20,2025-06-20 13:33,80460,2024-04-01,2025-03-31,丸藤シートパイル株式会社
S100W06V,2025-06-20,2025-06-20 13:38,54460,2024-04-01,2025-03-31,北越メタル株式会社
S100W17F,2025-06-20,2025-06-20 13:39,98780,2024-03-21,2025-03-20,株式会社　セキド
S100VZXN,2025-06-20,2025-06-20 13:41,29020,2024-04-01,2025-03-31,太陽化学株式会社
S100W01T,2025-06-20,2025-06-20 13:44,83880,2024-04-01,2025-03-31,株式会社阿波銀行
S100VXWE,2025-06-20,2025-06-20 13:45,83600,2024-04-01,2025-03-31,株式会社　山梨中央銀行
S100W0CS,2025-06-20,2025-06-20 13:46,57020,2024-04-01,2025-03-31,株式会社大紀アルミニウム工業所
S100W19A,2025-06-20,2025-06-20 13:49,39690,2024-04-01,2025-03-31,株式会社エイトレッド
S100VZA7,2025-06-20,2025-06-20 13:53,83380,2024-04-01,2025-03-31,株式会社筑波銀行
S100VZJC,2025-06-20,2025-06-20 13:53,51910,2024-04-01,2025-03-31,住友理工株式会社
S100W0T0,2025-06-20,2025-06-20 13:53,38530,2024-04-01,2025-03-31,アステリア株式会社
S100VZXM,2025-06-20,2025-06-20 13:55,43450,2024-04-01,2025-03-31,株式会社シーティーエス
S100VYQL,2025-06-20,2025-06-20 13:57,21090,2024-04-01,2025-03-31,ＤＭ三井製糖株式会社
S100VZVW,2025-06-20,2025-06-20 14:01,18710,2024-04-01,2025-03-31,ピーエス・コンストラクション株式会社
S100W0EO,2025-06-20,2025-06-20 14:02,39360,2024-04-01,2025-03-31,株式会社グローバルウェイ
S100VZPY,2025-06-20,2025-06-20 14:07,98880,2024-04-01,2025-03-31,株式会社ＵＥＸ
S100W0EI,2025-06-20,2025-06-20 14:07,99130,2024-04-01,2025-03-31,日邦産業株式会社
S100W07I,2025-06-20,2025-06-20 14:09,69470,2024-04-01,2025-03-31,株式会社図研
S100W0JN,2025-06-20,2025-06-20 14:14,61350,2024-04-01,2025-03-31,株式会社　牧野フライス製作所
S100W1BA,2025-06-20,2025-06-20 14:14,64930,2024-04-01,2025-03-31,株式会社ＮＩＴＴＡＮ
S100W17I,2025-06-20,2025-06-20 14:19,45680,2024-04-01,2025-03-31,第一三共株式会社
S100VZ46,2025-06-20,2025-06-20 14:20,79660,2024-04-01,2025-03-31,リンテック株式会社
S100VZKO,2025-06-20,2025-06-20 14:23,79140,2024-04-01,2025-03-31,共同印刷株式会社
S100VYS0,2025-06-20,2025-06-20 14:23,68340,2024-04-01,2025-03-31,株式会社　精工技研
S100VZNP,2025-06-20,2025-06-20 14:24,49740,2024-04-01,2025-03-31,タカラバイオ株式会社
S100W0KC,2025-06-20,2025-06-20 14:25,87150,2024-04-01,2025-03-31,アニコム　ホールディングス株式会社
S100W06C,2025-06-20,2025-06-20 14:28,28010,2024-04-01,2025-03-31,キッコーマン株式会社
S100W1BY,2025-06-20,2025-06-20 14:30,43100,2024-04-01,2025-03-31,株式会社ドリームインキュベータ
S100W0PW,2025-06-20,2025-06-20 14:30,97080,2024-04-01,2025-03-31,株式会社帝国ホテル
S100VYR3,2025-06-20,2025-06-20 14:31,29080,2024-04-01,2025-03-31,フジッコ株式会社
S100W1DG,2025-06-20,2025-06-20 14:39,72150,2024-04-01,2025-03-31,株式会社ファルテック
S100VZIL,2025-06-20,2025-06-20 14:41,54630,2024-04-01,2025-03-31,丸一鋼管株式会社
S100VZTW,2025-06-20,2025-06-20 14:41,65880,2024-04-01,2025-03-31,東芝テック株式会社
S100W18O,2025-06-20,2025-06-20 14:43,36340,2024-04-01,2025-03-31,株式会社ソケッツ
S100VYZR,2025-06-20,2025-06-20 14:44,41130,2024-04-01,2025-03-31,田岡化学工業株式会社
S100W05Z,2025-06-20,2025-06-20 14:52,82830,2024-04-01,2025-03-31,株式会社ＰＡＬＴＡＣ
S100W0KN,2025-06-20,2025-06-20 14:55,73660,2024-04-01,2025-03-31,株式会社ＬＩＴＡＬＩＣＯ
S100W18T,2025-06-20,2025-06-20 14:58,74120,2024-04-01,2025-03-31,株式会社アトム
S100W1EA,2025-06-20,2025-06-20 15:07,90390,2024-04-01,2025-03-31,株式会社サカイ引越センター
S100VYY8,2025-06-20,2025-06-20 15:08,19500,2024-04-01,2025-03-31,日本電設工業株式会社
S100W0KY,2025-06-20,2025-06-20 15:08,29370,2024-04-01,2025-03-31,株式会社サンクゼール
S100VZL4,2025-06-20,2025-06-20 15:08,48860,2024-04-01,2025-03-31,あすか製薬ホールディングス株式会社
S100VYYN,2025-06-20,2025-06-20 15:09,30660,2024-04-01,2025-03-31,株式会社ＪＢイレブン
S100W0ZY,2025-06-20,2025-06-20 15:10,13790,2024-04-01,2025-03-31,ホクト株式会社
S100W1FW,2025-06-20,2025-06-20 15:12,91100,2024-04-01,2025-03-31,ＮＳユナイテッド海運株式会社
S100VZIE,2025-06-20,2025-06-20 15:15,88180,2024-04-01,2025-03-31,京阪神ビルディング株式会社
S100VXZW,2025-06-20,2025-06-20 15:20,40050,2024-04-01,2025-03-31,住友化学株式会社
S100W0FU,2025-06-20,2025-06-20 15:22,87000,2024-04-01,2025-03-31,丸八証券株式会社
S100W1H5,2025-06-20,2025-06-20 15:22,92470,2024-04-01,2025-03-31,ＴＲＥホールディングス株式会社
S100W0IW,2025-06-20,2025-06-20 15:23,34330,2024-04-01,2025-03-31,トーカロ株式会社
S100W11D,2025-06-20,2025-06-20 15:25,85660,2024-04-01,2025-03-31,リコーリース株式会社
S100W1FL,2025-06-20,2025-06-20 15:30,94320,2024-04-01,2025-03-31,日本電信電話株式会社
S100W18L,2025-06-20,2025-06-20 15:30,27050,2024-04-01,2025-03-31,株式会社大戸屋ホールディングス
S100W1DS,2025-06-20,2025-06-20 15:30,67020,2024-04-01,2025-03-31,富士通株式会社
S100VZPZ,2025-06-20,2025-06-20 15:30,29930,2024-04-01,2025-03-31,株式会社長栄
S100W0UU,2025-06-20,2025-06-20 15:30,56310,2024-04-01,2025-03-31,株式会社日本製鋼所
S100W0C9,2025-06-20,2025-06-20 15:30,26020,2024-04-01,2025-03-31,日清オイリオグループ株式会社
S100W0X9,2025-06-20,2025-06-20 15:30,53320,2024-04-01,2025-03-31,ＴＯＴＯ株式会社
S100W0KU,2025-06-20,2025-06-20 15:30,44160,2024-04-01,2025-03-31,株式会社Ｔｒｕｅ　Ｄａｔａ
S100W15P,2025-06-20,2025-06-20 15:30,21750,2024-04-01,2025-03-31,株式会社エス・エム・エス
S100VXWY,2025-06-20,2025-06-20 15:31,98820,2024-04-01,2025-03-31,株式会社イエローハット
S100W0IL,2025-06-20,2025-06-20 15:31,71910,2024-04-01,2025-03-31,株式会社イントラスト
S100VZZ5,2025-06-20,2025-06-20 15:32,32210,2024-04-01,2025-03-31,株式会社ヨシックスホールディングス
S100W17P,2025-06-20,2025-06-20 15:32,98160,2024-04-01,2025-03-31,株式会社　ストライダーズ
S100W13C,2025-06-20,2025-06-20 15:32,66580,2024-04-01,2025-03-31,シライ電子工業株式会社
S100VY3B,2025-06-20,2025-06-20 15:33,46670,2024-04-01,2025-03-31,アイサンテクノロジー株式会社
S100VYXR,2025-06-20,2025-06-20 15:33,22290,2024-04-01,2025-03-31,カルビー株式会社
S100W0YM,2025-06-20,2025-06-20 15:33,82750,2024-04-01,2025-03-31,株式会社フォーバル
S100W1F0,2025-06-20,2025-06-20 15:34,61850,2024-04-01,2025-03-31,ＳＭＮ株式会社
S100W0BR,2025-06-20,2025-06-20 15:35,45240,2024-04-01,2025-03-31,森下仁丹株式会社
S100W09C,2025-06-20,2025-06-20 15:36,22080,2024-04-01,2025-03-31,株式会社ブルボン
S100W1HQ,2025-06-20,2025-06-20 15:37,48940,2024-04-01,2025-03-31,クオリプス株式会社
S100W0S7,2025-06-20,2025-06-20 15:37,83160,2024-04-01,2025-03-31,株式会社三井住友フィナンシャルグループ
S100W0PV,2025-06-20,2025-06-20 15:37,38350,2024-04-01,2025-03-31,ｅＢＡＳＥ株式会社
S100W0EY,2025-06-20,2025-06-20 15:38,85590,2024-04-01,2025-03-31,株式会社豊和銀行
S100W17L,2025-06-20,2025-06-20 15:39,84250,2024-04-01,2025-03-31,みずほリース株式会社
S100VZZE,2025-06-20,2025-06-20 15:40,22090,2024-04-01,2025-03-31,井村屋グループ株式会社
S100W0VP,2025-06-20,2025-06-20 15:41,69710,2024-04-01,2025-03-31,京セラ株式会社
S100VZ6K,2025-06-20,2025-06-20 15:43,73740,2024-04-01,2025-03-31,株式会社コンフィデンス・インターワークス
S100W0DW,2025-06-20,2025-06-20 15:44,78200,2024-04-01,2025-03-31,ニホンフラッシュ株式会社
S100VXHU,2025-06-20,2025-06-20 15:47,31840,2024-04-01,2025-03-31,ＩＣＤＡホールディングス株式会社
S100W0QM,2025-06-20,2025-06-20 15:48,45120,2024-04-01,2025-03-31,わかもと製薬株式会社
S100W0ZZ,2025-06-20,2025-06-20 15:50,84180,2024-04-01,2025-03-31,株式会社山口フィナンシャルグループ
S100W0X0,2025-06-20,2025-06-20 15:50,93190,2024-04-01,2025-03-31,株式会社中央倉庫
S100W04H,2025-06-20,2025-06-20 15:55,23260,2024-04-01,2025-03-31,デジタルアーツ株式会社
S100W14I,2025-06-20,2025-06-20 15:57,14500,2024-04-01,2025-03-31,ＴＡＮＡＫＥＮ株式会社
S100W0ZR,2025-06-20,2025-06-20 15:59,87250,2024-04-01,2025-03-31,ＭＳ＆ＡＤインシュアランスグループホールディングス株式会社
S100W0OO,2025-06-20,2025-06-20 16:00,41250,2024-04-01,2025-03-31,三和油化工業株式会社
S100W0CL,2025-06-20,2025-06-20 16:00,30880,2024-04-01,2025-03-31,株式会社マツキヨココカラ＆カンパニー
S100VZJI,2025-06-20,2025-06-20 16:00,44610,2024-04-01,2025-03-31,第一工業製薬株式会社
S100W0AD,2025-06-20,2025-06-20 16:00,39180,2024-10-01,2025-03-31,ＰＣＩホールディングス株式会社
S100W19Q,2025-06-20,2025-06-20 16:00,67580,2024-04-01,2025-03-31,ソニーグループ株式会社
S100W0L7,2025-06-20,2025-06-20 16:00,34220,2024-04-01,2025-03-31,株式会社　Ｊ－ＭＡＸ
S100W0GD,2025-06-20,2025-06-20 16:01,80590,2024-04-01,2025-03-31,第一実業株式会社
S100W0R8,2025-06-20,2025-06-20 16:02,34650,2024-04-01,2025-03-31,ケイアイスター不動産株式会社
S100W0WN,2025-06-20,2025-06-20 16:02,83610,2024-04-01,2025-03-31,株式会社　大垣共立銀行
S100VZZV,2025-06-20,2025-06-20 16:03,82280,2024-04-01,2025-03-31,株式会社マルイチ産商
S100W07D,2025-06-20,2025-06-20 16:06,74420,2024-04-01,2025-03-31,中山福株式会社
S100VWR9,2025-06-20,2025-06-20 16:08,96130,2024-04-01,2025-03-31,株式会社ＮＴＴデータグループ
S100W00Q,2025-06-20,2025-06-20 16:11,61040,2024-04-01,2025-03-31,芝浦機械株式会社
S100W1JP,2025-06-20,2025-06-20 16:14,43900,2024-04-01,2025-03-31,株式会社アイ・ピー・エス
S100W1KJ,2025-06-20,2025-06-20 16:17,19290,2024-04-01,2025-03-31,日特建設株式会社
S100W16O,2025-06-20,2025-06-20 16:20,30990,2024-04-01,2025-03-31,株式会社三越伊勢丹ホールディングス
S100W1JZ,2025-06-20,2025-06-20 16:24,87390,2024-04-01,2025-03-31,スパークス・グループ株式会社
S100W0Q4,2025-06-20,2025-06-20 16:27,66130,2024-04-01,2025-03-31,株式会社ＱＤレーザ
S100W1GR,2025-06-20,2025-06-20 16:30,55760,2024-04-01,2025-03-31,株式会社オービーシステム
S100W0UJ,2025-06-20,2025-06-20 16:33,72200,2024-04-01,2025-03-31,武蔵精密工業株式会社
S100W0K6,2025-06-20,2025-06-20 16:37,77290,2024-04-01,2025-03-31,株式会社東京精密
S100W1MB,2025-06-20,2025-06-20 16:39,37630,2024-04-01,2025-03-31,株式会社プロシップ
S100W18E,2025-06-20,2025-06-20 16:40,93050,2024-04-01,2025-03-31,株式会社ヤマタネ
S100W0SV,2025-06-20,2025-06-20 16:41,68630,2024-04-01,2025-03-31,株式会社ニレコ
S100VZGW,2025-06-20,2025-06-20 16:51,84390,2024-04-01,2025-03-31,東京センチュリー株式会社
S100W1KY,2025-06-20,2025-06-20 16:52,47920,2024-04-01,2025-03-31,山田コンサルティンググループ株式会社
S100W0MP,2025-06-20,2025-06-20 16:53,83990,2024-04-01,2025-03-31,株式会社琉球銀行
S100W1TP,2025-06-23,2025-06-23 09:00,75550,2024-04-01,2025-03-31,株式会社大田花き
S100W00V,2025-06-23,2025-06-23 09:01,54640,2024-04-01,2025-03-31,モリ工業株式会社
S100W1NC,2025-06-23,2025-06-23 09:02,91040,2024-04-01,2025-03-31,株式会社　商船三井
S100W0ZD,2025-06-23,2025-06-23 09:02,83490,2024-04-01,2025-03-31,株式会社　東北銀行
S100W01G,2025-06-23,2025-06-23 09:03,82300,2024-04-01,2025-03-31,株式会社はせがわ
S100W03X,2025-06-23,2025-06-23 09:05,44710,2024-04-01,2025-03-31,三洋化成工業株式会社
S100W0VR,2025-06-23,2025-06-23 09:06,64670,2024-04-01,2025-03-31,株式会社ニチダイ
S100VZLG,2025-06-23,2025-06-23 09:06,17680,2024-04-01,2025-03-31,株式会社ソネック
S100W18D,2025-06-23,2025-06-23 09:13,47520,2024-04-01,2025-03-31,株式会社　昭和システムエンジニアリング
S100W0W6,2025-06-23,2025-06-23 09:18,85620,2024-04-01,2025-03-31,株式会社　福島銀行
S100W1KI,2025-06-23,2025-06-23 09:23,74770,2024-04-01,2025-03-31,ムラキ株式会社
S100W1YU,2025-06-23,2025-06-23 09:26,58200,2024-04-01,2025-03-31,株式会社三ッ星
S100W1Q5,2025-06-23,2025-06-23 09:27,42900,2024-04-01,2025-03-31,株式会社プレステージ・インターナショナル
S100W17S,2025-06-23,2025-06-23 09:29,31310,2024-04-01,2025-03-31,シンデン・ハイテックス株式会社
S100W0XR,2025-06-23,2025-06-23 09:30,95320,2024-04-01,2025-03-31,大阪瓦斯株式会社
S100W179,2025-06-23,2025-06-23 09:30,51950,2024-04-01,2025-03-31,バンドー化学株式会社
S100VZWU,2025-06-23,2025-06-23 09:33,65180,2024-04-01,2025-03-31,三相電機株式会社
S100W16I,2025-06-23,2025-06-23 09:39,43670,2024-04-01,2025-03-31,広栄化学株式会社
S100W16T,2025-06-23,2025-06-23 09:39,40800,2024-04-01,2025-03-31,株式会社田中化学研究所
S100W1EY,2025-06-23,2025-06-23 09:51,27600,2024-04-01,2025-03-31,東京エレクトロンデバイス株式会社
S100W1LQ,2025-06-23,2025-06-23 09:52,67980,2024-04-01,2025-03-31,ＳＭＫ株式会社
S100W1XY,2025-06-23,2025-06-23 09:55,52790,2024-04-01,2025-03-31,日本興業株式会社
S100W1ND,2025-06-23,2025-06-23 09:56,97590,2024-04-01,2025-03-31,株式会社ＮＳＤ
S100W18V,2025-06-23,2025-06-23 09:56,48320,2024-04-01,2025-03-31,ＪＦＥシステムズ株式会社
S100W20A,2025-06-23,2025-06-23 09:56,43500,2024-04-01,2025-03-31,株式会社　メディカルシステムネットワーク
S100VZZ7,2025-06-23,2025-06-23 09:58,42990,2024-04-01,2025-03-31,株式会社ハイマックス
S100W1PP,2025-06-23,2025-06-23 10:00,22700,2024-04-01,2025-03-31,雪印メグミルク株式会社
S100W181,2025-06-23,2025-06-23 10:00,50760,2024-04-01,2025-03-31,インフロニア・ホールディングス株式会社
S100W1CH,2025-06-23,2025-06-23 10:00,75090,2024-04-01,2025-03-31,アイエーグループ株式会社
S100W113,2025-06-23,2025-06-23 10:00,78230,2024-04-01,2025-03-31,株式会社アートネイチャー
S100W1DY,2025-06-23,2025-06-23 10:00,76700,2024-04-01,2025-03-31,オーウエル株式会社
S100W1BG,2025-06-23,2025-06-23 10:01,79390,2024-04-01,2025-03-31,株式会社研創
S100W1YQ,2025-06-23,2025-06-23 10:01,63820,2024-04-01,2025-03-31,トリニティ工業株式会社
S100W0AF,2025-06-23,2025-06-23 10:02,56590,2024-04-01,2025-03-31,日本精線株式会社
S100W1I0,2025-06-23,2025-06-23 10:02,45260,2024-04-01,2025-03-31,理研ビタミン株式会社
S100W13L,2025-06-23,2025-06-23 10:02,61650,2024-04-01,2025-03-31,パンチ工業株式会社
S100W19D,2025-06-23,2025-06-23 10:03,17980,2024-04-01,2025-03-31,株式会社守谷商会
S100W15N,2025-06-23,2025-06-23 10:05,93020,2024-04-01,2025-03-31,三井倉庫ホールディングス株式会社
S100VWHX,2025-06-23,2025-06-23 10:06,45430,2024-04-01,2025-03-31,テルモ株式会社
S100W1V6,2025-06-23,2025-06-23 10:10,40970,2024-04-01,2025-03-31,高圧ガス工業株式会社
S100VZ8E,2025-06-23,2025-06-23 10:10,49230,2024-04-01,2025-03-31,コタ株式会社
S100W21B,2025-06-23,2025-06-23 10:15,150A0,2024-04-01,2025-03-31,株式会社ＪＳＨ
S100W1WO,2025-06-23,2025-06-23 10:18,17380,2024-04-01,2025-03-31,株式会社ニットー
S100W01N,2025-06-23,2025-06-23 10:21,80180,2024-04-01,2025-03-31,三共生興株式会社
S100W1IO,2025-06-23,2025-06-23 10:22,78980,2024-04-01,2025-03-31,株式会社ウッドワン
S100W0UT,2025-06-23,2025-06-23 10:24,54510,2024-04-01,2025-03-31,株式会社淀川製鋼所
S100W1R5,2025-06-23,2025-06-23 10:30,302A0,2024-04-01,2025-03-31,株式会社ビースタイルホールディングス
S100W0HL,2025-06-23,2025-06-23 10:30,94780,2024-04-01,2025-03-31,ＳＥホールディングス・アンド・インキュベーションズ株式会社
S100W22N,2025-06-23,2025-06-23 10:32,99550,2024-04-01,2025-03-31,株式会社ヨンキュウ
S100W21Z,2025-06-23,2025-06-23 10:32,47320,2024-04-01,2025-03-31,株式会社ユー・エス・エス
S100W1PG,2025-06-23,2025-06-23 10:34,78640,2024-04-01,2025-03-31,株式会社フジシールインターナショナル
S100W1NR,2025-06-23,2025-06-23 10:34,72400,2024-04-01,2025-03-31,ＮＯＫ株式会社
S100W227,2025-06-23,2025-06-23 10:37,81170,2024-04-01,2025-03-31,中央自動車工業株式会社
S100W1AE,2025-06-23,2025-06-23 10:37,72700,2024-04-01,2025-03-31,株式会社ＳＵＢＡＲＵ
S100W1AT,2025-06-23,2025-06-23 10:40,84240,2024-04-01,2025-03-31,芙蓉総合リース株式会社
S100W20H,2025-06-23,2025-06-23 10:41,66450,2024-04-01,2025-03-31,オムロン株式会社
S100W1MM,2025-06-23,2025-06-23 10:44,68450,2024-04-01,2025-03-31,アズビル株式会社
S100VYQY,2025-06-23,2025-06-23 10:51,63220,2024-04-01,2025-03-31,株式会社タクミナ
S100W222,2025-06-23,2025-06-23 10:52,98320,2024-04-01,2025-03-31,株式会社オートバックスセブン
S100W21O,2025-06-23,2025-06-23 10:54,49940,2024-04-01,2025-03-31,大成ラミックグループ株式会社
S100W1GF,2025-06-23,2025-06-23 10:55,78930,2024-04-01,2025-03-31,株式会社プロネクサス
S100W0RO,2025-06-23,2025-06-23 10:56,19420,2024-04-01,2025-03-31,株式会社関電工
S100W1NA,2025-06-23,2025-06-23 10:59,74750,2024-04-01,2025-03-31,アルビス株式会社
S100W0N0,2025-06-23,2025-06-23 11:00,78400,2024-04-01,2025-03-31,フランスベッドホールディングス株式会社
S100VZYN,2025-06-23,2025-06-23 11:00,97290,2024-04-01,2025-03-31,株式会社トーカイ
S100VZJW,2025-06-23,2025-06-23 11:02,20530,2024-04-01,2025-03-31,中部飼料株式会社
S100W23A,2025-06-23,2025-06-23 11:04,165A0,2024-04-01,2025-03-31,ＳＢＩレオスひふみ株式会社
S100W1T3,2025-06-23,2025-06-23 11:06,89340,2024-04-01,2025-03-31,サンフロンティア不動産株式会社
S100W02O,2025-06-23,2025-06-23 11:06,71840,2024-04-01,2025-03-31,株式会社　富山第一銀行
S100W25Z,2025-06-23,2025-06-23 11:07,99900,2024-04-01,2025-03-31,株式会社サックスバーホールディングス
S100W265,2025-06-23,2025-06-23 11:11,70890,2024-04-01,2025-03-31,フォースタートアップス株式会社
S100W1TS,2025-06-23,2025-06-23 11:16,90750,2024-04-01,2025-03-31,福山通運株式会社
S100W273,2025-06-23,2025-06-23 11:19,79880,2024-04-01,2025-03-31,株式会社ニフコ
S100W14E,2025-06-23,2025-06-23 11:19,17260,2024-04-01,2025-03-31,株式会社ビーアールホールディングス
S100W18K,2025-06-23,2025-06-23 11:24,93510,2024-04-01,2025-03-31,東洋埠頭株式会社
S100W0L6,2025-06-23,2025-06-23 11:25,94740,2024-04-01,2025-03-31,株式会社ゼンリン
S100W16P,2025-06-23,2025-06-23 11:29,79380,2024-04-01,2025-03-31,株式会社リーガルコーポレーション
S100W19M,2025-06-23,2025-06-23 11:30,57030,2024-04-01,2025-03-31,日本軽金属ホールディングス株式会社
S100W26M,2025-06-23,2025-06-23 11:31,22220,2024-04-01,2025-03-31,寿スピリッツ株式会社
S100VZIV,2025-06-23,2025-06-23 11:34,58010,2024-04-01,2025-03-31,古河電気工業株式会社
S100W25F,2025-06-23,2025-06-23 11:37,64050,2024-04-01,2025-03-31,鈴茂器工株式会社
S100W1FF,2025-06-23,2025-06-23 11:37,96970,2024-04-01,2025-03-31,株式会社カプコン
S100VZOK,2025-06-23,2025-06-23 11:42,83460,2024-04-01,2025-03-31,株式会社東邦銀行
S100W1OD,2025-06-23,2025-06-23 11:46,90240,2024-04-01,2025-03-31,株式会社西武ホールディングス
S100W05O,2025-06-23,2025-06-23 11:46,81530,2024-04-01,2025-03-31,株式会社モスフードサービス
S100W299,2025-06-23,2025-06-23 11:47,37930,2024-04-01,2025-03-31,株式会社ドリコム
S100W28E,2025-06-23,2025-06-23 11:47,54710,2024-04-01,2025-03-31,大同特殊鋼株式会社
S100W279,2025-06-23,2025-06-23 11:50,88030,2024-04-01,2025-03-31,平和不動産株式会社
S100W0XU,2025-06-23,2025-06-23 11:53,97390,2024-04-01,2025-03-31,ＮＳＷ株式会社
S100VZQA,2025-06-23,2025-06-23 12:00,14170,2024-04-01,2025-03-31,株式会社ミライト・ワン
S100W0QK,2025-06-23,2025-06-23 12:02,255A0,2024-04-01,2025-03-31,ジーエルテクノホールディングス株式会社
S100VZPT,2025-06-23,2025-06-23 12:14,94050,2024-04-01,2025-03-31,朝日放送グループホールディングス株式会社
S100W2BK,2025-06-23,2025-06-23 12:24,37390,2024-04-01,2025-03-31,コムシード株式会社
S100W1K4,2025-06-23,2025-06-23 12:50,17770,2024-04-01,2025-03-31,川崎設備工業株式会社
S100W1AI,2025-06-23,2025-06-23 12:53,27500,2024-04-01,2025-03-31,石光商事株式会社
S100W1OZ,2025-06-23,2025-06-23 13:00,57530,2024-04-01,2025-03-31,日本伸銅株式会社
S100W07M,2025-06-23,2025-06-23 13:01,18530,2024-04-01,2025-03-31,株式会社　森組
S100VV73,2025-06-23,2025-06-23 13:01,65680,2024-04-01,2025-03-31,神戸天然物化学株式会社
S100W29I,2025-06-23,2025-06-23 13:03,72420,2024-04-01,2025-03-31,カヤバ株式会社
S100W088,2025-06-23,2025-06-23 13:04,79810,2024-04-01,2025-03-31,タカラスタンダード株式会社
S100W1YE,2025-06-23,2025-06-23 13:08,18520,2024-04-01,2025-03-31,株式会社淺沼組
S100W2DP,2025-06-23,2025-06-23 13:17,99800,2024-04-01,2025-03-31,ＭＲＫホールディングス株式会社
S100W0W0,2025-06-23,2025-06-23 13:18,69080,2024-04-01,2025-03-31,イリソ電子工業株式会社
S100W1IE,2025-06-23,2025-06-23 13:22,95360,2024-04-01,2025-03-31,西部ガスホールディングス株式会社
S100W20P,2025-06-23,2025-06-23 13:22,66320,2024-04-01,2025-03-31,株式会社ＪＶＣケンウッド
S100W18S,2025-06-23,2025-06-23 13:30,80070,2024-04-01,2025-03-31,高島株式会社
S100W0YQ,2025-06-23,2025-06-23 13:31,69550,2024-04-01,2025-03-31,ＦＤＫ株式会社
S100W12A,2025-06-23,2025-06-23 13:34,67790,2024-04-01,2025-03-31,日本電波工業株式会社
S100W1PX,2025-06-23,2025-06-23 13:44,78320,2024-04-01,2025-03-31,株式会社バンダイナムコホールディングス
S100W1SX,2025-06-23,2025-06-23 13:54,85500,2024-04-01,2025-03-31,株式会社　栃木銀行
S100W2GP,2025-06-23,2025-06-23 13:56,45480,2024-04-01,2025-03-31,生化学工業株式会社
S100W18N,2025-06-23,2025-06-23 13:58,68220,2024-04-01,2025-03-31,大井電気株式会社
S100W1Z6,2025-06-23,2025-06-23 14:00,34200,2024-04-01,2025-03-31,株式会社ケー・エフ・シー
S100W02L,2025-06-23,2025-06-23 14:00,63320,2024-04-01,2025-03-31,月島ホールディングス株式会社
S100W1LW,2025-06-23,2025-06-23 14:01,61180,2024-04-01,2025-03-31,アイダエンジニアリング株式会社
S100W22P,2025-06-23,2025-06-23 14:07,42060,2024-04-01,2025-03-31,アイカ工業株式会社
S100W1GE,2025-06-23,2025-06-23 14:09,59290,2024-04-01,2025-03-31,三和ホールディングス株式会社
S100W23S,2025-06-23,2025-06-23 14:11,94280,2024-04-01,2025-03-31,株式会社クロップス
S100W1DQ,2025-06-23,2025-06-23 14:13,97130,2024-04-01,2025-03-31,株式会社ロイヤルホテル
S100W0R4,2025-06-23,2025-06-23 14:16,67030,2024-04-01,2025-03-31,沖電気工業株式会社
S100W1B1,2025-06-23,2025-06-23 14:17,27370,2024-04-01,2025-03-31,株式会社トーメンデバイス
S100W2GB,2025-06-23,2025-06-23 14:20,70040,2024-04-01,2025-03-31,カナデビア株式会社
S100W0L2,2025-06-23,2025-06-23 14:22,59280,2024-04-01,2025-03-31,アルメタックス株式会社
S100VYTR,2025-06-23,2025-06-23 14:25,34770,2024-04-01,2025-03-31,フォーライフ株式会社
S100W2C1,2025-06-23,2025-06-23 14:28,64330,2024-04-01,2025-03-31,ヒーハイスト株式会社
S100W2G1,2025-06-23,2025-06-23 14:28,59790,2024-04-01,2025-03-31,カネソウ株式会社
S100W0CH,2025-06-23,2025-06-23 14:28,83700,2024-04-01,2025-03-31,株式会社紀陽銀行
S100W0I5,2025-06-23,2025-06-23 14:30,49170,2024-04-01,2025-03-31,株式会社マンダム
S100W1VJ,2025-06-23,2025-06-23 14:30,54840,2024-04-01,2025-03-31,東北特殊鋼株式会社
S100W2JH,2025-06-23,2025-06-23 14:34,173A0,2024-04-01,2025-03-31,株式会社ハンモック
S100W2HO,2025-06-23,2025-06-23 14:45,51850,2024-04-01,2025-03-31,株式会社フコク
S100W1NW,2025-06-23,2025-06-23 14:46,74800,2024-04-01,2025-03-31,スズデン株式会社
S100W1KU,2025-06-23,2025-06-23 14:49,31670,2024-04-01,2025-03-31,株式会社ＴＯＫＡＩホールディングス
S100VZWH,2025-06-23,2025-06-23 14:52,17860,2024-04-01,2025-03-31,オリエンタル白石株式会社
S100W2K9,2025-06-23,2025-06-23 14:53,19820,2024-04-01,2025-03-31,日比谷総合設備株式会社
S100W172,2025-06-23,2025-06-23 15:00,13330,2024-04-01,2025-03-31,マルハニチロ株式会社
S100W2DL,2025-06-23,2025-06-23 15:00,73170,2024-04-01,2025-03-31,株式会社松屋アールアンドディ
S100W1S2,2025-06-23,2025-06-23 15:00,39510,2024-04-01,2025-03-31,朝日印刷株式会社
S100W1QJ,2025-06-23,2025-06-23 15:00,46590,2024-04-01,2025-03-31,株式会社エイジス
S100W0C2,2025-06-23,2025-06-23 15:00,20020,2024-04-01,2025-03-31,株式会社日清製粉グループ本社
S100W0TF,2025-06-23,2025-06-23 15:00,49770,2024-04-01,2025-03-31,新田ゼラチン株式会社
S100W1Z7,2025-06-23,2025-06-23 15:01,62090,2024-04-01,2025-03-31,リケンＮＰＲ株式会社
S100VZN3,2025-06-23,2025-06-23 15:02,97230,2024-04-01,2025-03-31,株式会社京都ホテル
S100W27P,2025-06-23,2025-06-23 15:05,41880,2024-04-01,2025-03-31,三菱ケミカルグループ株式会社
S100W105,2025-06-23,2025-06-23 15:06,73840,2024-04-01,2025-03-31,株式会社プロクレアホールディングス
S100W1LS,2025-06-23,2025-06-23 15:06,39080,2024-04-01,2025-03-31,株式会社コラボス
S100W2M6,2025-06-23,2025-06-23 15:10,26740,2024-04-01,2025-03-31,株式会社ハードオフコーポレーション
S100W0WK,2025-06-23,2025-06-23 15:10,79250,2024-04-01,2025-03-31,前澤化成工業株式会社
S100W178,2025-06-23,2025-06-23 15:10,65040,2024-04-01,2025-03-31,富士電機株式会社
S100W1Z5,2025-06-23,2025-06-23 15:11,24880,2024-04-01,2025-03-31,ＪＴＰ株式会社
S100W1DA,2025-06-23,2025-06-23 15:12,94710,2024-04-01,2025-03-31,株式会社文溪堂
S100W1YX,2025-06-23,2025-06-23 15:14,72660,2024-04-01,2025-03-31,株式会社今仙電機製作所
S100W1MW,2025-06-23,2025-06-23 15:15,46650,2024-04-01,2025-03-31,株式会社ダスキン
S100W2O4,2025-06-23,2025-06-23 15:19,41830,2024-04-01,2025-03-31,三井化学株式会社
S100W0D2,2025-06-23,2025-06-23 15:20,22670,2024-04-01,2025-03-31,株式会社ヤクルト本社
S100W200,2025-06-23,2025-06-23 15:20,73270,2024-04-01,2025-03-31,株式会社第四北越フィナンシャルグループ
S100W2NQ,2025-06-23,2025-06-23 15:20,72310,2024-04-01,2025-03-31,トピー工業株式会社
S100W2OI,2025-06-23,2025-06-23 15:21,62100,2024-04-01,2025-03-31,ＴＯＹＯイノベックス株式会社
S100W2OZ,2025-06-23,2025-06-23 15:21,41770,2024-04-01,2025-03-31,株式会社ｉ－ｐｌｕｇ
S100W2OC,2025-06-23,2025-06-23 15:22,50130,2024-04-01,2025-03-31,株式会社ユシロ
S100W1YW,2025-06-23,2025-06-23 15:25,67550,2024-04-01,2025-03-31,株式会社富士通ゼネラル
S100W1JL,2025-06-23,2025-06-23 15:27,45360,2024-04-01,2025-03-31,参天製薬株式会社
S100W1K1,2025-06-23,2025-06-23 15:28,70130,2024-04-01,2025-03-31,株式会社ＩＨＩ
S100W11A,2025-06-23,2025-06-23 15:29,53330,2024-04-01,2025-03-31,日本碍子株式会社
S100W2PE,2025-06-23,2025-06-23 15:30,70920,2024-04-01,2025-03-31,株式会社Ｆａｓｔ　Ｆｉｔｎｅｓｓ　Ｊａｐａｎ
S100W12R,2025-06-23,2025-06-23 15:30,67880,2024-04-01,2025-03-31,株式会社日本トリム
S100W0FQ,2025-06-23,2025-06-23 15:30,64480,2024-04-01,2025-03-31,ブラザー工業株式会社
S100W1KL,2025-06-23,2025-06-23 15:30,92010,2024-04-01,2025-03-31,日本航空株式会社
S100VZG5,2025-06-23,2025-06-23 15:30,60980,2024-04-01,2025-03-31,株式会社リクルートホールディングス
S100W12Z,2025-06-23,2025-06-23 15:30,64710,2024-04-01,2025-03-31,日本精工株式会社
S100W1CR,2025-06-23,2025-06-23 15:30,37960,2024-04-01,2025-03-31,株式会社いい生活
S100W14P,2025-06-23,2025-06-23 15:31,60890,2024-04-01,2025-03-31,株式会社ウィルグループ
S100W2KM,2025-06-23,2025-06-23 15:31,48490,2024-04-01,2025-03-31,エン・ジャパン株式会社
S100W1NE,2025-06-23,2025-06-23 15:31,53680,2024-04-01,2025-03-31,日本インシュレーション株式会社
S100W1QP,2025-06-23,2025-06-23 15:31,65660,2024-04-01,2025-03-31,株式会社要興業
S100W1A4,2025-06-23,2025-06-23 15:31,21560,2024-04-01,2025-03-31,セーラー広告株式会社
S100W1SD,2025-06-23,2025-06-23 15:32,60270,2024-04-01,2025-03-31,弁護士ドットコム株式会社
S100W1SJ,2025-06-23,2025-06-23 15:33,97150,2024-04-01,2025-03-31,トランス・コスモス株式会社
S100W2KH,2025-06-23,2025-06-23 15:34,49700,2024-04-01,2025-03-31,東洋合成工業株式会社
S100W25W,2025-06-23,2025-06-23 15:35,51380,2024-04-01,2025-03-31,株式会社Ｒｅｂａｓｅ
S100W1OY,2025-06-23,2025-06-23 15:35,64840,2024-04-01,2025-03-31,株式会社ＫＶＫ
S100W0I3,2025-06-23,2025-06-23 15:36,79510,2024-04-01,2025-03-31,ヤマハ株式会社
S100W2QE,2025-06-23,2025-06-23 15:36,16620,2024-04-01,2025-03-31,石油資源開発株式会社
S100W1PN,2025-06-23,2025-06-23 15:38,80840,2024-04-01,2025-03-31,株式会社ＲＹＯＤＥＮ
S100W1NP,2025-06-23,2025-06-23 15:40,38390,2024-04-01,2025-03-31,株式会社ＯＤＫソリューションズ
S100W2QR,2025-06-23,2025-06-23 15:41,77430,2024-04-01,2025-03-31,株式会社シード
S100W2GN,2025-06-23,2025-06-23 15:41,71340,2024-04-01,2025-03-31,株式会社アップガレージグループ
S100W1QS,2025-06-23,2025-06-23 15:42,31790,2024-04-01,2025-03-31,シュッピン株式会社
S100W2D9,2025-06-23,2025-06-23 15:43,69460,2024-04-01,2025-03-31,日本アビオニクス株式会社
S100W2S3,2025-06-23,2025-06-23 15:45,86220,2024-04-01,2025-03-31,水戸証券株式会社
S100W2C3,2025-06-23,2025-06-23 15:45,86280,2024-04-01,2025-03-31,松井証券株式会社
S100W0FY,2025-06-23,2025-06-23 15:46,94080,2024-04-01,2025-03-31,株式会社ＢＳＮメディアホールディングス
S100W2ND,2025-06-23,2025-06-23 15:48,68940,2024-04-01,2025-03-31,パルステック工業株式会社
S100W17N,2025-06-23,2025-06-23 15:49,44060,2024-04-01,2025-03-31,新日本理化株式会社
S100W2PL,2025-06-23,2025-06-23 15:50,88710,2024-04-01,2025-03-31,株式会社ゴールドクレスト
S100W1YP,2025-06-23,2025-06-23 15:50,65440,2024-04-01,2025-03-31,ジャパンエレベーターサービスホールディングス株式会社
S100W1IG,2025-06-23,2025-06-23 15:51,31660,2024-04-01,2025-03-31,ＯＣＨＩホールディングス株式会社
S100W2QP,2025-06-23,2025-06-23 15:52,75240,2024-04-01,2025-03-31,マルシェ株式会社
S100W2S5,2025-06-23,2025-06-23 15:52,93410,2024-04-01,2025-03-31,株式会社ＧＥＮＯＶＡ
S100W18M,2025-06-23,2025-06-23 15:53,28140,2024-04-01,2025-03-31,佐藤食品工業株式会社
S100VZ7T,2025-06-23,2025-06-23 16:00,60730,2024-04-01,2025-03-31,株式会社アサンテ
S100W1OL,2025-06-23,2025-06-23 16:00,343A0,2024-04-01,2025-03-31,株式会社ＩＡＣＥトラベル
S100W2TP,2025-06-23,2025-06-23 16:00,44360,2024-04-01,2025-03-31,株式会社ミンカブ・ジ・インフォノイド
S100W2GY,2025-06-23,2025-06-23 16:00,64450,2024-04-01,2025-03-31,株式会社ジャノメ
S100W12M,2025-06-23,2025-06-23 16:00,83980,2024-04-01,2025-03-31,株式会社筑邦銀行
S100VXTD,2025-06-23,2025-06-23 16:00,86040,2024-04-01,2025-03-31,野村ホールディングス株式会社
S100W27M,2025-06-23,2025-06-23 16:00,33470,2024-04-01,2025-03-31,株式会社トラスト
S100W0KR,2025-06-23,2025-06-23 16:00,60600,2024-04-01,2025-03-31,こころネット株式会社
S100W258,2025-06-23,2025-06-23 16:01,63660,2024-04-01,2025-03-31,千代田化工建設株式会社
S100W1C3,2025-06-23,2025-06-23 16:02,64730,2024-04-01,2025-03-31,株式会社ジェイテクト
S100W2T8,2025-06-23,2025-06-23 16:03,36520,2024-04-01,2025-03-31,株式会社ディジタルメディアプロフェッショナル
S100W1YL,2025-06-23,2025-06-23 16:03,76160,2024-04-01,2025-03-31,株式会社　コロワイド
S100W1XA,2025-06-23,2025-06-23 16:05,71730,2024-04-01,2025-03-31,株式会社東京きらぼしフィナンシャルグループ
S100VD6B,2025-06-23,2025-06-23 16:05,53310,2024-04-01,2025-03-31,ノリタケ株式会社
S100W2OY,2025-06-23,2025-06-23 16:07,65840,2024-04-01,2025-03-31,三櫻工業株式会社
S100W0R5,2025-06-23,2025-06-23 16:08,72130,2024-04-01,2025-03-31,レシップホールディングス株式会社
S100W1QH,2025-06-23,2025-06-23 16:09,78440,2024-04-01,2025-03-31,株式会社マーベラス
S100W2SD,2025-06-23,2025-06-23 16:11,49800,2024-04-01,2025-03-31,デクセリアルズ株式会社
S100W2UQ,2025-06-23,2025-06-23 16:13,72010,2024-04-01,2025-03-31,日産自動車株式会社
S100W28S,2025-06-23,2025-06-23 16:14,64600,2024-04-01,2025-03-31,セガサミーホールディングス株式会社
S100W1HA,2025-06-23,2025-06-23 16:20,82520,2024-04-01,2025-03-31,株式会社　丸井グループ
S100W0FE,2025-06-23,2025-06-23 16:23,21390,2024-04-01,2025-03-31,株式会社中広
S100W2W8,2025-06-23,2025-06-23 16:23,52440,2024-04-01,2025-03-31,株式会社ｊｉｇ．ｊｐ
S100W2HC,2025-06-23,2025-06-23 16:26,17170,2024-04-01,2025-03-31,明豊ファシリティワークス株式会社
S100W2VW,2025-06-23,2025-06-23 16:27,71980,2024-04-01,2025-03-31,ＳＢＩアルヒ株式会社
S100W0WV,2025-06-23,2025-06-23 16:30,21960,2024-04-01,2025-03-31,株式会社エスクリ
S100W2TC,2025-06-23,2025-06-23 16:30,58380,2024-04-01,2025-03-31,楽天銀行株式会社
S100W2HK,2025-06-23,2025-06-23 16:31,37680,2024-04-01,2025-03-31,リスクモンスター株式会社
S100W29V,2025-06-23,2025-06-23 16:32,69370,2024-04-01,2025-03-31,古河電池株式会社
S100W25S,2025-06-23,2025-06-23 16:37,60880,2024-04-01,2025-03-31,株式会社シグマクシス・ホールディングス
S100W11V,2025-06-23,2025-06-23 16:39,63630,2024-04-01,2025-03-31,株式会社酉島製作所
S100W24K,2025-06-23,2025-06-23 16:39,36260,2024-04-01,2025-03-31,ＴＩＳ株式会社
S100W1R0,2025-06-23,2025-06-23 16:42,43310,2024-04-01,2025-03-31,株式会社テイクアンドギヴ・ニーズ
S100W2OD,2025-06-23,2025-06-23 16:45,97530,2024-04-01,2025-03-31,アイエックス・ナレッジ株式会社
S100W2SI,2025-06-23,2025-06-23 16:45,89350,2024-04-01,2025-03-31,株式会社ＦＪネクストホールディングス
S100W2CN,2025-06-23,2025-06-23 16:46,60390,2024-04-01,2025-03-31,株式会社日本動物高度医療センター
S100W1IV,2025-06-23,2025-06-23 16:53,46710,2024-04-01,2025-03-31,株式会社ファルコホールディングス
S100W1ZU,2025-06-23,2025-06-23 16:56,71870,2024-04-01,2025-03-31,ジェイリース株式会社
S100W21M,2025-06-23,2025-06-23 17:01,90250,2024-04-01,2025-03-31,鴻池運輸株式会社
S100W2XM,2025-06-23,2025-06-23 17:07,36790,2024-04-01,2025-03-31,株式会社じげん
S100W11B,2025-06-24,2025-06-24 09:01,43660,2024-04-01,2025-03-31,ダイトーケミックス株式会社
S100W2CD,2025-06-24,2025-06-24 09:02,86090,2024-04-01,2025-03-31,株式会社岡三証券グループ
S100W1FE,2025-06-24,2025-06-24 09:06,90670,2024-04-01,2025-03-31,株式会社丸運
S100VZ6N,2025-06-24,2025-06-24 09:07,46900,2024-04-01,2025-03-31,日本パレットプール株式会社
S100W23W,2025-06-24,2025-06-24 09:09,59740,2024-04-01,2025-03-31,中国工業株式会社
S100W2Y3,2025-06-24,2025-06-24 09:10,38780,2024-04-01,2025-03-31,株式会社巴川コーポレーション
S100W269,2025-06-24,2025-06-24 09:10,33170,2024-04-01,2025-03-31,株式会社フライングガーデン
S100W2W0,2025-06-24,2025-06-24 09:17,74820,2024-04-01,2025-03-31,株式会社シモジマ
S100W3CZ,2025-06-24,2025-06-24 09:18,97820,2024-04-01,2025-03-31,株式会社ディーエムエス
S100W1LV,2025-06-24,2025-06-24 09:21,91930,2024-04-01,2025-03-31,東京汽船株式会社
S100W24I,2025-06-24,2025-06-24 09:22,38770,2024-04-01,2025-03-31,中越パルプ工業株式会社
S100W38K,2025-06-24,2025-06-24 09:25,24750,2024-04-01,2025-03-31,ＷＤＢホールディングス株式会社
S100W2WD,2025-06-24,2025-06-24 09:27,62870,2024-04-01,2025-03-31,株式会社サトー
S100W3DR,2025-06-24,2025-06-24 09:29,65260,2024-04-01,2025-03-31,株式会社ソシオネクスト
S100W158,2025-06-24,2025-06-24 09:30,43190,2024-04-01,2025-03-31,ＴＡＣ株式会社
S100W1I2,2025-06-24,2025-06-24 09:30,83370,2024-04-01,2025-03-31,株式会社千葉興業銀行
S100VVE5,2025-06-24,2025-06-24 09:31,85510,2024-04-01,2025-03-31,株式会社　北日本銀行
S100W10L,2025-06-24,2025-06-24 09:31,95310,2024-04-01,2025-03-31,東京瓦斯株式会社
S100W2DE,2025-06-24,2025-06-24 09:31,34890,2024-04-01,2025-03-31,株式会社フェイスネットワーク
S100W1DZ,2025-06-24,2025-06-24 09:35,19410,2024-04-01,2025-03-31,株式会社中電工
S100W2AK,2025-06-24,2025-06-24 09:35,43650,2024-04-01,2025-03-31,松本油脂製薬株式会社
S100W2WJ,2025-06-24,2025-06-24 09:39,90660,2024-04-01,2025-03-31,株式会社日新
S100W2GM,2025-06-24,2025-06-24 09:39,64860,2024-04-01,2025-03-31,イーグル工業株式会社
S100W2BF,2025-06-24,2025-06-24 09:44,24690,2024-04-01,2025-03-31,ヒビノ株式会社
S100W36Q,2025-06-24,2025-06-24 09:52,79430,2024-04-01,2025-03-31,ニチハ株式会社
S100W1PR,2025-06-24,2025-06-24 09:55,24110,2024-04-01,2025-03-31,ゲンダイエージェンシー株式会社
S100W2PG,2025-06-24,2025-06-24 09:58,18260,2024-04-01,2025-03-31,佐田建設株式会社
S100W2F9,2025-06-24,2025-06-24 09:59,57140,2024-04-01,2025-03-31,ＤＯＷＡホールディングス株式会社
S100W1Y7,2025-06-24,2025-06-24 10:00,46840,2024-04-01,2025-03-31,株式会社オービック
S100W1YK,2025-06-24,2025-06-24 10:00,63930,2024-04-01,2025-03-31,油研工業株式会社
S100W2XL,2025-06-24,2025-06-24 10:00,74510,2024-04-01,2025-03-31,三菱食品株式会社
S100W2PW,2025-06-24,2025-06-24 10:00,28040,2024-04-01,2025-03-31,ブルドックソース株式会社
S100W1YA,2025-06-24,2025-06-24 10:02,77230,2024-04-01,2025-03-31,愛知時計電機株式会社
S100W2EX,2025-06-24,2025-06-24 10:02,74560,2024-04-01,2025-03-31,松田産業株式会社
S100W2YX,2025-06-24,2025-06-24 10:03,84160,2024-04-01,2025-03-31,株式会社高知銀行
S100W3EW,2025-06-24,2025-06-24 10:04,63810,2024-04-01,2025-03-31,アネスト岩田株式会社
S100W22B,2025-06-24,2025-06-24 10:05,30230,2024-04-01,2025-03-31,ラサ商事株式会社
S100W1TM,2025-06-24,2025-06-24 10:06,95040,2024-04-01,2025-03-31,中国電力株式会社
S100W3A8,2025-06-24,2025-06-24 10:07,79950,2024-04-01,2025-03-31,株式会社バルカー
S100W34Q,2025-06-24,2025-06-24 10:08,57110,2024-04-01,2025-03-31,三菱マテリアル株式会社
S100W3GQ,2025-06-24,2025-06-24 10:10,85910,2024-04-01,2025-03-31,オリックス株式会社
S100W3GR,2025-06-24,2025-06-24 10:10,76060,2024-04-01,2025-03-31,株式会社ユナイテッドアローズ
S100W1XX,2025-06-24,2025-06-24 10:12,49680,2024-04-01,2025-03-31,荒川化学工業株式会社
S100W2R5,2025-06-24,2025-06-24 10:13,29070,2024-04-01,2025-03-31,株式会社あじかん
S100W38V,2025-06-24,2025-06-24 10:16,54230,2024-04-01,2025-03-31,東京製鐵株式会社
S100W213,2025-06-24,2025-06-24 10:16,83830,2024-04-01,2025-03-31,株式会社　鳥取銀行
S100W272,2025-06-24,2025-06-24 10:17,79190,2024-04-01,2025-03-31,野崎印刷紙業株式会社
S100W2LU,2025-06-24,2025-06-24 10:20,87080,2024-04-01,2025-03-31,アイザワ証券グループ株式会社
S100W3G4,2025-06-24,2025-06-24 10:20,86990,2024-04-01,2025-03-31,ＨＳホールディングス株式会社
S100VYMP,2025-06-24,2025-06-24 10:21,22820,2024-04-01,2025-03-31,日本ハム株式会社
S100W34W,2025-06-24,2025-06-24 10:22,86140,2024-04-01,2025-03-31,東洋証券株式会社
S100W2R8,2025-06-24,2025-06-24 10:22,74580,2024-04-01,2025-03-31,株式会社第一興商
S100W1YJ,2025-06-24,2025-06-24 10:28,79790,2024-04-01,2025-03-31,株式会社松風
S100W2X1,2025-06-24,2025-06-24 10:30,58340,2024-04-01,2025-03-31,ＳＢＩリーシングサービス株式会社
S100W3IP,2025-06-24,2025-06-24 10:33,69760,2024-04-01,2025-03-31,太陽誘電株式会社
S100W1EU,2025-06-24,2025-06-24 10:34,74410,2024-04-01,2025-03-31,株式会社Ｍｉｓｕｍｉ
S100W2NV,2025-06-24,2025-06-24 10:34,62970,2024-04-01,2025-03-31,鉱研工業株式会社
S100W2BR,2025-06-24,2025-06-24 10:36,88920,2024-04-01,2025-03-31,株式会社日本エスコン
S100W27G,2025-06-24,2025-06-24 10:37,34170,2024-04-01,2025-03-31,大木ヘルスケアホールディングス株式会社
S100W3CI,2025-06-24,2025-06-24 10:43,64950,2024-04-01,2025-03-31,株式会社宮入バルブ製作所
S100VZWT,2025-06-24,2025-06-24 10:45,83440,2024-04-01,2025-03-31,株式会社山形銀行
S100W2KS,2025-06-24,2025-06-24 10:47,80810,2024-04-01,2025-03-31,株式会社カナデン
S100VYWX,2025-06-24,2025-06-24 10:53,64880,2024-04-01,2025-03-31,株式会社ヨシタケ
S100W39Q,2025-06-24,2025-06-24 10:53,18700,2024-04-01,2025-03-31,矢作建設工業株式会社
S100W3K1,2025-06-24,2025-06-24 10:55,22910,2024-04-01,2025-03-31,福留ハム株式会社
S100W205,2025-06-24,2025-06-24 11:00,82790,2024-04-01,2025-03-31,株式会社ヤオコー
S100W2HG,2025-06-24,2025-06-24 11:00,51990,2024-04-01,2025-03-31,不二ラテックス株式会社
S100W244,2025-06-24,2025-06-24 11:00,81150,2024-04-01,2025-03-31,ムーンバット株式会社
S100W3CS,2025-06-24,2025-06-24 11:00,68820,2024-04-01,2025-03-31,株式会社三社電機製作所
S100VZ0R,2025-06-24,2025-06-24 11:00,34230,2024-04-01,2025-03-31,株式会社エスイー
S100W116,2025-06-24,2025-06-24 11:01,83860,2024-04-01,2025-03-31,株式会社百十四銀行
S100W3HE,2025-06-24,2025-06-24 11:01,35610,2024-04-01,2025-03-31,株式会社力の源ホールディングス
S100W2AC,2025-06-24,2025-06-24 11:05,63790,2024-04-01,2025-03-31,レイズネクスト株式会社
S100W13H,2025-06-24,2025-06-24 11:08,41820,2024-04-01,2025-03-31,三菱瓦斯化学株式会社
S100VWK8,2025-06-24,2025-06-24 11:08,75610,2024-04-01,2025-03-31,株式会社ハークスレイ
S100W2VL,2025-06-24,2025-06-24 11:08,80560,2024-04-01,2025-03-31,ＢＩＰＲＯＧＹ株式会社
S100W2KY,2025-06-24,2025-06-24 11:11,67450,2024-04-01,2025-03-31,ホーチキ株式会社
S100W305,2025-06-24,2025-06-24 11:12,64540,2024-04-01,2025-03-31,マックス株式会社
S100W1AS,2025-06-24,2025-06-24 11:13,30020,2024-04-01,2025-03-31,グンゼ株式会社
S100W1N1,2025-06-24,2025-06-24 11:16,72380,2024-04-01,2025-03-31,曙ブレーキ工業株式会社
S100W30O,2025-06-24,2025-06-24 11:20,66780,2024-04-01,2025-03-31,株式会社テクノメディカ
S100W33T,2025-06-24,2025-06-24 11:24,33950,2024-04-01,2025-03-31,株式会社サンマルクホールディングス
S100W355,2025-06-24,2025-06-24 11:26,53550,2024-04-01,2025-03-31,日本坩堝株式会社
S100W3LV,2025-06-24,2025-06-24 11:26,90230,2024-04-01,2025-03-31,東京地下鉄株式会社
S100W3MP,2025-06-24,2025-06-24 11:27,73500,2024-04-01,2025-03-31,株式会社おきなわフィナンシャルグループ
S100W2MF,2025-06-24,2025-06-24 11:35,61970,2024-04-01,2025-03-31,株式会社ソラスト
S100W3KW,2025-06-24,2025-06-24 11:44,65390,2024-04-01,2025-03-31,株式会社ＭＳ－Ｊａｐａｎ
S100W1IJ,2025-06-24,2025-06-24 11:51,95330,2024-04-01,2025-03-31,東邦瓦斯株式会社
S100VYL7,2025-06-24,2025-06-24 11:58,69420,2024-04-01,2025-03-31,株式会社ソフィアホールディングス
S100W3HK,2025-06-24,2025-06-24 11:59,75100,2024-04-01,2025-03-31,株式会社たけびし
S100W349,2025-06-24,2025-06-24 12:00,45530,2024-04-01,2025-03-31,東和薬品株式会社
S100W2GG,2025-06-24,2025-06-24 12:01,28970,2024-04-01,2025-03-31,日清食品ホールディングス株式会社
S100W297,2025-06-24,2025-06-24 12:08,76280,2024-04-01,2025-03-31,株式会社オーハシテクニカ
S100W2LQ,2025-06-24,2025-06-24 12:12,85840,2024-04-01,2025-03-31,株式会社ジャックス
S100W2JZ,2025-06-24,2025-06-24 12:26,99960,2024-04-01,2025-03-31,株式会社サトー商会
S100W289,2025-06-24,2025-06-24 12:37,62380,2024-04-01,2025-03-31,フリュー株式会社
S100VZF7,2025-06-24,2025-06-24 12:44,80760,2024-04-01,2025-03-31,株式会社カノークス
S100W3ST,2025-06-24,2025-06-24 12:45,68550,2024-04-01,2025-03-31,日本電子材料株式会社
S100W35G,2025-06-24,2025-06-24 12:51,83310,2024-04-01,2025-03-31,株式会社千葉銀行
S100W2Z6,2025-06-24,2025-06-24 12:54,90220,2024-04-01,2025-03-31,東海旅客鉄道株式会社
S100W174,2025-06-24,2025-06-24 12:58,56970,2024-04-01,2025-03-31,株式会社サンユウ
S100VY6F,2025-06-24,2025-06-24 13:00,54100,2024-04-01,2025-03-31,合同製鐵株式会社
S100W0KK,2025-06-24,2025-06-24 13:00,22810,2024-04-01,2025-03-31,プリマハム株式会社
S100W2RH,2025-06-24,2025-06-24 13:00,68060,2024-04-01,2025-03-31,ヒロセ電機株式会社
S100W31F,2025-06-24,2025-06-24 13:00,45470,2024-04-01,2025-03-31,キッセイ薬品工業株式会社
S100W38F,2025-06-24,2025-06-24 13:00,76190,2024-04-01,2025-03-31,田中商事株式会社
S100W36W,2025-06-24,2025-06-24 13:00,43330,2024-04-01,2025-03-31,株式会社東邦システムサイエンス
S100W0AA,2025-06-24,2025-06-24 13:00,80930,2024-04-01,2025-03-31,極東貿易株式会社
S100W18P,2025-06-24,2025-06-24 13:01,59470,2024-04-01,2025-03-31,リンナイ株式会社
S100W33S,2025-06-24,2025-06-24 13:01,34340,2024-04-01,2025-03-31,株式会社アルファ
S100W3NJ,2025-06-24,2025-06-24 13:02,31060,2024-04-01,2025-03-31,倉敷紡績株式会社
S100W2KW,2025-06-24,2025-06-24 13:02,63560,2024-04-01,2025-03-31,日本ギア工業株式会社
S100W3DT,2025-06-24,2025-06-24 13:03,54490,2024-04-01,2025-03-31,大阪製鐵株式会社
S100W229,2025-06-24,2025-06-24 13:05,36700,2024-04-01,2025-03-31,協立情報通信株式会社
S100W2CU,2025-06-24,2025-06-24 13:06,93850,2024-04-01,2025-03-31,株式会社ショーエイコーポレーション
S100W3JI,2025-06-24,2025-06-24 13:06,79940,2024-04-01,2025-03-31,株式会社オカムラ
S100W2I4,2025-06-24,2025-06-24 13:07,57420,2024-04-01,2025-03-31,エヌアイシ・オートテック株式会社
S100W2KD,2025-06-24,2025-06-24 13:08,99340,2024-04-01,2025-03-31,因幡電機産業株式会社
S100W2HQ,2025-06-24,2025-06-24 13:09,34020,2024-04-01,2025-03-31,東レ株式会社
S100W2DI,2025-06-24,2025-06-24 13:10,54400,2024-04-01,2025-03-31,共英製鋼株式会社
S100W0LQ,2025-06-24,2025-06-24 13:10,69230,2024-04-01,2025-03-31,スタンレー電気株式会社
S100W1YD,2025-06-24,2025-06-24 13:10,75380,2024-04-01,2025-03-31,株式会社大水
S100W0BE,2025-06-24,2025-06-24 13:15,95090,2024-04-01,2025-03-31,北海道電力株式会社
S100W36P,2025-06-24,2025-06-24 13:16,22960,2024-04-01,2025-03-31,伊藤ハム米久ホールディングス株式会社
S100W3UZ,2025-06-24,2025-06-24 13:16,34470,2024-04-01,2025-03-31,信和株式会社
S100W33D,2025-06-24,2025-06-24 13:18,45160,2024-04-01,2025-03-31,日本新薬株式会社
S100W2Z1,2025-06-24,2025-06-24 13:18,65860,2024-04-01,2025-03-31,株式会社マキタ
S100W2K0,2025-06-24,2025-06-24 13:19,75060,2024-04-01,2025-03-31,株式会社　ハウス　オブ　ローゼ
S100VZNA,2025-06-24,2025-06-24 13:21,45400,2024-04-01,2025-03-31,株式会社ツムラ
S100W32Y,2025-06-24,2025-06-24 13:22,18280,2024-04-01,2025-03-31,田辺工業株式会社
S100W29W,2025-06-24,2025-06-24 13:22,63390,2024-04-01,2025-03-31,新東工業株式会社
S100W2F0,2025-06-24,2025-06-24 13:24,19040,2024-04-01,2025-03-31,大成温調株式会社
S100W339,2025-06-24,2025-06-24 13:26,66700,2024-04-01,2025-03-31,株式会社ＭＣＪ
S100W3DX,2025-06-24,2025-06-24 13:28,67760,2024-04-01,2025-03-31,天昇電気工業株式会社
S100VWDC,2025-06-24,2025-06-24 13:31,70120,2024-04-01,2025-03-31,川崎重工業株式会社
S100W2V4,2025-06-24,2025-06-24 13:33,42370,2024-04-01,2025-03-31,フジプレアム株式会社
S100W3UG,2025-06-24,2025-06-24 13:34,24400,2024-04-01,2025-03-31,株式会社ぐるなび
S100W1E2,2025-06-24,2025-06-24 13:35,50200,2024-04-01,2025-03-31,ＥＮＥＯＳホールディングス株式会社
S100W3JW,2025-06-24,2025-06-24 13:38,46110,2024-04-01,2025-03-31,大日本塗料株式会社
S100W2G3,2025-06-24,2025-06-24 13:38,85440,2024-04-01,2025-03-31,株式会社　京葉銀行
S100W3KA,2025-06-24,2025-06-24 13:45,93670,2024-04-01,2025-03-31,大東港運株式会社
S100W2YW,2025-06-24,2025-06-24 13:45,60550,2024-04-01,2025-03-31,ジャパンマテリアル株式会社
S100W2TM,2025-06-24,2025-06-24 13:46,67500,2024-04-01,2025-03-31,エレコム株式会社
S100W3QG,2025-06-24,2025-06-24 13:48,35710,2024-04-01,2025-03-31,株式会社ソトー
S100W2QQ,2025-06-24,2025-06-24 13:48,22930,2024-04-01,2025-03-31,滝沢ハム株式会社
S100W3XK,2025-06-24,2025-06-24 13:54,96850,2024-04-01,2025-03-31,ＫＹＣＯＭホールディングス株式会社
S100W29P,2025-06-24,2025-06-24 13:55,75250,2024-04-01,2025-03-31,リックス株式会社
S100W1ER,2025-06-24,2025-06-24 13:57,95060,2024-04-01,2025-03-31,東北電力株式会社
S100W347,2025-06-24,2025-06-24 14:00,42180,2024-04-01,2025-03-31,ニチバン株式会社
S100W2NC,2025-06-24,2025-06-24 14:00,83580,2024-04-01,2025-03-31,スルガ銀行株式会社
S100W3T2,2025-06-24,2025-06-24 14:00,75230,2024-04-01,2025-03-31,アールビバン株式会社
S100VO1N,2025-06-24,2025-06-24 14:00,64580,2024-04-01,2025-03-31,新晃工業株式会社
S100W3MC,2025-06-24,2025-06-24 14:02,29150,2024-04-01,2025-03-31,ケンコーマヨネーズ株式会社
S100W2C8,2025-06-24,2025-06-24 14:04,56070,2024-04-01,2025-03-31,中央可鍛工業株式会社
S100W3KK,2025-06-24,2025-06-24 14:05,27840,2024-04-01,2025-03-31,アルフレッサホールディングス株式会社
S100VXA3,2025-06-24,2025-06-24 14:07,90010,2024-04-01,2025-03-31,東武鉄道株式会社
S100W24D,2025-06-24,2025-06-24 14:10,28920,2024-04-01,2025-03-31,日本食品化工株式会社
S100W0Z2,2025-06-24,2025-06-24 14:14,67970,2024-04-01,2025-03-31,名古屋電機工業株式会社
S100W2D0,2025-06-24,2025-06-24 14:15,88770,2024-04-01,2025-03-31,エスリード株式会社
S100W3DA,2025-06-24,2025-06-24 14:28,74330,2024-04-01,2025-03-31,伯東株式会社
S100W2GU,2025-06-24,2025-06-24 14:34,79270,2024-04-01,2025-03-31,ムトー精工株式会社
S100W2MS,2025-06-24,2025-06-24 14:35,54760,2024-04-01,2025-03-31,日本高周波鋼業株式会社
S100W346,2025-06-24,2025-06-24 14:36,67420,2024-04-01,2025-03-31,株式会社京三製作所
S100W428,2025-06-24,2025-06-24 14:36,39700,2024-04-01,2025-03-31,株式会社イノベーション
S100W2JQ,2025-06-24,2025-06-24 14:36,72960,2024-04-01,2025-03-31,株式会社エフ・シー・シー
S100W41R,2025-06-24,2025-06-24 14:41,99590,2024-04-01,2025-03-31,アシードホールディングス株式会社
S100W1KQ,2025-06-24,2025-06-24 14:44,21270,2024-04-01,2025-03-31,株式会社日本Ｍ＆Ａセンターホールディングス
S100W3W3,2025-06-24,2025-06-24 14:47,42650,2024-04-01,2025-03-31,Ｉｎｓｔｉｔｕｔｉｏｎ　ｆｏｒ　ａ　Ｇｌｏｂａｌ　Ｓｏｃｉｅｔｙ株式会社
S100W3JZ,2025-06-24,2025-06-24 14:48,69260,2024-04-01,2025-03-31,岡谷電機産業株式会社
S100W1GI,2025-06-24,2025-06-24 14:48,28100,2024-04-01,2025-03-31,ハウス食品グループ本社株式会社
S100W2YL,2025-06-24,2025-06-24 14:49,62180,2024-04-01,2025-03-31,エンシュウ株式会社
S100W2BH,2025-06-24,2025-06-24 14:49,26130,2024-04-01,2025-03-31,株式会社Ｊ－オイルミルズ
S100W1T2,2025-06-24,2025-06-24 14:51,83430,2024-04-01,2025-03-31,株式会社秋田銀行
S100W3D7,2025-06-24,2025-06-24 14:54,69320,2024-04-01,2025-03-31,株式会社遠藤照明
S100W2FD,2025-06-24,2025-06-24 14:55,60590,2024-04-01,2025-03-31,株式会社ウチヤマホールディングス
S100W41M,2025-06-24,2025-06-24 14:55,76370,2024-04-01,2025-03-31,白銅株式会社
S100W451,2025-06-24,2025-06-24 14:58,55920,2024-04-01,2025-03-31,株式会社くすりの窓口
S100W2EP,2025-06-24,2025-06-24 15:00,40310,2024-04-01,2025-03-31,片倉コープアグリ株式会社
S100W2EZ,2025-06-24,2025-06-24 15:00,59400,2024-04-01,2025-03-31,不二サッシ株式会社
S100W2MV,2025-06-24,2025-06-24 15:00,93240,2024-04-01,2025-03-31,安田倉庫株式会社
S100W3Q0,2025-06-24,2025-06-24 15:00,45380,2024-04-01,2025-03-31,扶桑薬品工業株式会社
S100W3AT,2025-06-24,2025-06-24 15:01,54010,2024-04-01,2025-03-31,日本製鉄株式会社
S100W290,2025-06-24,2025-06-24 15:03,72640,2024-04-01,2025-03-31,株式会社ムロコーポレーション
S100W3VU,2025-06-24,2025-06-24 15:03,37660,2024-04-01,2025-03-31,システムズ・デザイン株式会社
S100W3VZ,2025-06-24,2025-06-24 15:04,34670,2024-04-01,2025-03-31,アグレ都市デザイン株式会社
S100W3OV,2025-06-24,2025-06-24 15:04,90900,2024-04-01,2025-03-31,ＡＺ－ＣＯＭ丸和ホールディングス株式会社
S100W39V,2025-06-24,2025-06-24 15:04,72540,2024-04-01,2025-03-31,株式会社ユニバンス
S100W39J,2025-06-24,2025-06-24 15:05,48870,2024-04-01,2025-03-31,サワイグループホールディングス株式会社
S100W33B,2025-06-24,2025-06-24 15:06,38340,2024-04-01,2025-03-31,株式会社朝日ネット
S100W46G,2025-06-24,2025-06-24 15:07,39270,2024-04-01,2025-03-31,株式会社フーバーブレイン
S100W0LO,2025-06-24,2025-06-24 15:07,53840,2024-04-01,2025-03-31,株式会社フジミインコーポレーテッド
S100W2A6,2025-06-24,2025-06-24 15:08,71990,2024-04-01,2025-03-31,プレミアグループ株式会社
S100W2EW,2025-06-24,2025-06-24 15:12,19440,2024-04-01,2025-03-31,株式会社きんでん
S100W2TG,2025-06-24,2025-06-24 15:13,68000,2024-04-01,2025-03-31,株式会社ヨコオ
S100W2ZJ,2025-06-24,2025-06-24 15:17,70620,2024-04-01,2025-03-31,株式会社フレアス
S100W34Y,2025-06-24,2025-06-24 15:17,65080,2024-04-01,2025-03-31,株式会社明電舎
S100W2RN,2025-06-24,2025-06-24 15:19,61510,2024-04-01,2025-03-31,日東工器株式会社
S100W3HD,2025-06-24,2025-06-24 15:24,90080,2024-04-01,2025-03-31,京王電鉄株式会社
S100W2PC,2025-06-24,2025-06-24 15:29,85540,2024-04-01,2025-03-31,株式会社南日本銀行
S100W2AH,2025-06-24,2025-06-24 15:30,147A0,2024-04-01,2025-03-31,株式会社ソラコム
S100W06X,2025-06-24,2025-06-24 15:30,46580,2024-04-01,2025-03-31,日本空調サービス株式会社
S100W42U,2025-06-24,2025-06-24 15:30,60450,2024-04-01,2025-03-31,株式会社レントラックス
S100W3ZY,2025-06-24,2025-06-24 15:30,71270,2024-04-01,2025-03-31,株式会社一家ホールディングス
S100W240,2025-06-24,2025-06-24 15:30,67700,2024-04-01,2025-03-31,アルプスアルパイン株式会社
S100W46Y,2025-06-24,2025-06-24 15:30,92210,2024-04-01,2025-03-31,フルハシＥＰＯ株式会社
S100VV7X,2025-06-24,2025-06-24 15:30,37080,2024-04-01,2025-03-31,特種東海製紙株式会社
S100W2II,2025-06-24,2025-06-24 15:30,40400,2024-04-01,2025-03-31,南海化学株式会社
S100W43D,2025-06-24,2025-06-24 15:30,83540,2024-04-01,2025-03-31,株式会社ふくおかフィナンシャルグループ
S100W06B,2025-06-24,2025-06-24 15:30,82420,2024-04-01,2025-03-31,エイチ・ツー・オー　リテイリング株式会社
S100W2P6,2025-06-24,2025-06-24 15:31,68090,2024-04-01,2025-03-31,ＴＯＡ株式会社
S100W1IZ,2025-06-24,2025-06-24 15:31,81410,2024-04-01,2025-03-31,新光商事株式会社
S100W328,2025-06-24,2025-06-24 15:31,44190,2024-04-01,2025-03-31,株式会社Ｆｉｎａｔｅｘｔホールディングス
S100W3BI,2025-06-24,2025-06-24 15:31,97190,2024-04-01,2025-03-31,ＳＣＳＫ株式会社
S100W3CM,2025-06-24,2025-06-24 15:31,18220,2024-04-01,2025-03-31,大豊建設株式会社
S100W3O8,2025-06-24,2025-06-24 15:32,29840,2024-04-01,2025-03-31,ヤマイチ・ユニハイムエステート株式会社
S100W3SR,2025-06-24,2025-06-24 15:32,77790,2024-04-01,2025-03-31,ＣＹＢＥＲＤＹＮＥ株式会社
S100W34E,2025-06-24,2025-06-24 15:33,48890,2024-04-01,2025-03-31,株式会社レナサイエンス
S100W38M,2025-06-24,2025-06-24 15:33,202A0,2024-04-01,2025-03-31,株式会社豆蔵デジタルホールディングス
S100W2WB,2025-06-24,2025-06-24 15:33,60820,2024-04-01,2025-03-31,株式会社ライドオンエクスプレスホールディングス
S100W1KG,2025-06-24,2025-06-24 15:33,63060,2024-04-01,2025-03-31,日工株式会社
S100W2VG,2025-06-24,2025-06-24 15:33,70960,2024-04-01,2025-03-31,株式会社ステムセル研究所
S100W2OA,2025-06-24,2025-06-24 15:35,34430,2024-04-01,2025-03-31,川田テクノロジーズ株式会社
S100W33O,2025-06-24,2025-06-24 15:36,61670,2024-04-01,2025-03-31,冨士ダイス株式会社
S100W1PE,2025-06-24,2025-06-24 15:36,86160,2024-04-01,2025-03-31,東海東京フィナンシャル・ホールディングス株式会社
S100W35N,2025-06-24,2025-06-24 15:37,17700,2024-04-01,2025-03-31,藤田エンジニアリング株式会社
S100W2S0,2025-06-24,2025-06-24 15:40,60160,2024-04-01,2025-03-31,株式会社ジャパンエンジンコーポレーション
S100W43H,2025-06-24,2025-06-24 15:44,41690,2024-01-01,2025-03-31,ＥＮＥＣＨＡＮＧＥ株式会社
S100W1AL,2025-06-24,2025-06-24 15:45,53340,2024-04-01,2025-03-31,日本特殊陶業株式会社
S100W3FN,2025-06-24,2025-06-24 15:45,33740,2024-04-01,2025-03-31,内外テック株式会社
S100W2YD,2025-06-24,2025-06-24 15:46,63430,2024-04-01,2025-03-31,フリージア・マクロス株式会社
S100W356,2025-06-24,2025-06-24 15:46,73180,2024-04-01,2025-03-31,セレンディップ・ホールディングス株式会社
S100W49Q,2025-06-24,2025-06-24 15:47,89190,2024-04-01,2025-03-31,株式会社カチタス
S100W2ZR,2025-06-24,2025-06-24 15:48,69810,2024-04-01,2025-03-31,株式会社村田製作所
S100W4CK,2025-06-24,2025-06-24 15:48,63340,2024-04-01,2025-03-31,明治機械株式会社
S100W4CJ,2025-06-24,2025-06-24 15:49,71500,2024-04-01,2025-03-31,株式会社島根銀行
S100W1I6,2025-06-24,2025-06-24 15:50,143A0,2024-04-01,2025-03-31,イシン株式会社
S100VZBQ,2025-06-24,2025-06-24 15:50,75040,2024-04-01,2025-03-31,株式会社高速
S100W2O5,2025-06-24,2025-06-24 15:53,72050,2024-04-01,2025-03-31,日野自動車株式会社
S100W0RF,2025-06-24,2025-06-24 15:55,79120,2024-04-01,2025-03-31,大日本印刷株式会社
S100W3YX,2025-06-24,2025-06-24 15:56,24540,2024-04-01,2025-03-31,株式会社オールアバウト
S100W4C3,2025-06-24,2025-06-24 15:59,58050,2024-04-01,2025-03-31,ＳＷＣＣ株式会社
S100W0NZ,2025-06-24,2025-06-24 16:00,19510,2024-04-01,2025-03-31,エクシオグループ株式会社
S100W3VJ,2025-06-24,2025-06-24 16:00,33260,2024-04-01,2025-03-31,株式会社ランシステム
S100W25O,2025-06-24,2025-06-24 16:00,88910,2024-04-01,2025-03-31,ＡＭＧホールディングス株式会社
S100W20B,2025-06-24,2025-06-24 16:00,81110,2024-04-01,2025-03-31,株式会社ゴールドウイン
S100W410,2025-06-24,2025-06-24 16:00,42590,2024-04-01,2025-03-31,株式会社エクサウィザーズ
S100W3VR,2025-06-24,2025-06-24 16:00,21580,2024-04-01,2025-03-31,株式会社ＦＲＯＮＴＥＯ
S100W3SF,2025-06-24,2025-06-24 16:00,25850,2024-04-01,2025-03-31,株式会社ライフドリンク　カンパニー
S100W2UR,2025-06-24,2025-06-24 16:01,46940,2024-04-01,2025-03-31,株式会社ビー・エム・エル
S100W0XQ,2025-06-24,2025-06-24 16:02,72240,2024-04-01,2025-03-31,新明和工業株式会社
S100W35I,2025-06-24,2025-06-24 16:02,43080,2024-04-01,2025-03-31,株式会社Ｊストリーム
S100W3AF,2025-06-24,2025-06-24 16:02,60960,2024-04-01,2025-03-31,株式会社レアジョブ
S100W3ZJ,2025-06-24,2025-06-24 16:03,18130,2024-04-01,2025-03-31,株式会社不動テトラ
S100W3QI,2025-06-24,2025-06-24 16:03,63050,2024-04-01,2025-03-31,日立建機株式会社
S100W43N,2025-06-24,2025-06-24 16:03,61580,2024-04-01,2025-03-31,株式会社和井田製作所
S100W30V,2025-06-24,2025-06-24 16:03,39170,2024-04-01,2025-03-31,株式会社アイリッジ
S100W2PO,2025-06-24,2025-06-24 16:05,96910,2024-04-01,2025-03-31,株式会社両毛システムズ
S100W2X9,2025-06-24,2025-06-24 16:05,64200,2024-04-01,2025-03-31,ガリレイ株式会社
S100W2HI,2025-06-24,2025-06-24 16:06,177A0,2024-04-01,2025-03-31,コージンバイオ株式会社
S100W3LE,2025-06-24,2025-06-24 16:07,87720,2024-04-01,2025-03-31,株式会社アサックス
S100W32C,2025-06-24,2025-06-24 16:07,90730,2024-04-01,2025-03-31,京極運輸商事株式会社
S100W3VF,2025-06-24,2025-06-24 16:07,98450,2024-04-01,2025-03-31,株式会社パーカーコーポレーション
S100W468,2025-06-24,2025-06-24 16:08,31850,2024-04-01,2025-03-31,夢展望株式会社
S100W2RT,2025-06-24,2025-06-24 16:09,29810,2024-04-01,2025-03-31,株式会社ランディックス
S100W49K,2025-06-24,2025-06-24 16:09,64820,2024-04-01,2025-03-31,ＹＵＳＨＩＮ株式会社
S100W4BQ,2025-06-24,2025-06-24 16:09,45640,2024-04-01,2025-03-31,オンコセラピー・サイエンス株式会社
S100W33L,2025-06-24,2025-06-24 16:09,64180,2024-04-01,2025-03-31,日本金銭機械株式会社
S100W2RX,2025-06-24,2025-06-24 16:10,70420,2024-04-01,2025-03-31,株式会社アクセスグループ・ホールディングス
S100W29E,2025-06-24,2025-06-24 16:24,75510,2024-04-01,2025-03-31,株式会社ウェッズ
S100W4FZ,2025-06-24,2025-06-24 16:25,21830,2024-04-01,2025-03-31,株式会社リニカル
S100W3E3,2025-06-24,2025-06-24 16:26,24800,2024-04-01,2025-03-31,システム・ロケーション株式会社
S100W3AM,2025-06-24,2025-06-24 16:26,28940,2024-04-01,2025-03-31,石井食品株式会社
S100W3YU,2025-06-24,2025-06-24 16:28,39340,2024-04-01,2025-03-31,株式会社ベネフィットジャパン
S100W2WF,2025-06-24,2025-06-24 16:30,26940,2024-04-01,2025-03-31,株式会社焼肉坂井ホールディングス
S100W3B1,2025-06-24,2025-06-24 16:30,61370,2024-04-01,2025-03-31,小池酸素工業株式会社
S100VZ6C,2025-06-24,2025-06-24 16:31,72610,2024-04-01,2025-03-31,マツダ株式会社
S100W4EZ,2025-06-24,2025-06-24 16:32,88810,2024-04-01,2025-03-31,株式会社日神グループホールディングス
S100W0JY,2025-06-24,2025-06-24 16:33,61460,2024-04-01,2025-03-31,株式会社ディスコ
S100W46V,2025-06-24,2025-06-24 16:35,72180,2024-04-01,2025-03-31,田中精密工業株式会社
S100W4I2,2025-06-24,2025-06-24 16:35,32020,2024-04-01,2025-03-31,ダイトウボウ株式会社
S100W3LG,2025-06-24,2025-06-24 16:36,27800,2024-04-01,2025-03-31,株式会社コメ兵ホールディングス
S100W4F5,2025-06-24,2025-06-24 16:37,98950,2024-04-01,2025-03-31,株式会社コンセック
S100W39X,2025-06-24,2025-06-24 16:41,46850,2024-04-01,2025-03-31,株式会社菱友システムズ
S100W2QN,2025-06-24,2025-06-24 16:41,37990,2024-04-01,2025-03-31,キーウェアソリューションズ株式会社
S100W4HW,2025-06-24,2025-06-24 16:51,72770,2024-04-01,2025-03-31,株式会社ＴＢＫ
S100W4BF,2025-06-24,2025-06-24 16:51,96820,2024-04-01,2025-03-31,株式会社ＤＴＳ
S100W3RZ,2025-06-24,2025-06-24 16:52,20580,2024-04-01,2025-03-31,株式会社ヒガシマル
S100W2UA,2025-06-24,2025-06-24 16:57,93220,2024-04-01,2025-03-31,川西倉庫株式会社
S100W4LT,2025-06-24,2025-06-24 16:58,86000,2024-04-01,2025-03-31,トモニホールディングス株式会社
S100W28Y,2025-06-24,2025-06-24 17:00,31010,2024-04-01,2025-03-31,東洋紡株式会社
S100W4A7,2025-06-24,2025-06-24 17:00,82530,2024-04-01,2025-03-31,株式会社クレディセゾン
S100W3UN,2025-06-25,2025-06-25 09:00,31130,2024-04-01,2025-03-31,株式会社ＵＮＩＶＡ・Ｏａｋホールディングス
S100W3IZ,2025-06-25,2025-06-25 09:00,167A0,2024-04-01,2025-03-31,リョーサン菱洋ホールディングス株式会社
S100W256,2025-06-25,2025-06-25 09:01,42310,2024-04-01,2025-03-31,タイガースポリマー株式会社
S100W3N9,2025-06-25,2025-06-25 09:01,61550,2024-04-01,2025-03-31,高松機械工業株式会社
S100W4FP,2025-06-25,2025-06-25 09:02,83670,2024-04-01,2025-03-31,株式会社南都銀行
S100W38I,2025-06-25,2025-06-25 09:02,95030,2024-04-01,2025-03-31,関西電力株式会社
S100W0U5,2025-06-25,2025-06-25 09:03,52850,2024-04-01,2025-03-31,株式会社ヤマックス
S100W4UI,2025-06-25,2025-06-25 09:05,85960,2024-04-01,2025-03-31,株式会社九州リースサービス
S100W25N,2025-06-25,2025-06-25 09:05,42740,2024-04-01,2025-03-31,細谷火工株式会社
S100W3ZN,2025-06-25,2025-06-25 09:07,45270,2024-04-01,2025-03-31,ロート製薬株式会社
S100W3FX,2025-06-25,2025-06-25 09:09,40940,2024-04-01,2025-03-31,日本化学産業株式会社
S100W3H7,2025-06-25,2025-06-25 09:12,46870,2024-04-01,2025-03-31,ＴＤＣソフト株式会社
S100W4ZK,2025-06-25,2025-06-25 09:12,22180,2024-04-01,2025-03-31,日糧製パン株式会社
S100W2DO,2025-06-25,2025-06-25 09:14,19390,2024-04-01,2025-03-31,株式会社四電工
S100W3K6,2025-06-25,2025-06-25 09:15,79550,2024-04-01,2025-03-31,クリナップ株式会社
S100W3SW,2025-06-25,2025-06-25 09:15,47050,2024-04-01,2025-03-31,株式会社クリップコーポレーション
S100W4OK,2025-06-25,2025-06-25 09:19,87070,2024-04-01,2025-03-31,岩井コスモホールディングス株式会社
S100W207,2025-06-25,2025-06-25 09:22,93010,2024-04-01,2025-03-31,三菱倉庫株式会社
S100W34X,2025-06-25,2025-06-25 09:27,59690,2024-04-01,2025-03-31,株式会社ロブテックス
S100VZKI,2025-06-25,2025-06-25 09:27,81630,2024-04-01,2025-03-31,ＳＲＳホールディングス株式会社
S100W3XO,2025-06-25,2025-06-25 09:30,63670,2024-04-01,2025-03-31,ダイキン工業株式会社
S100W3LW,2025-06-25,2025-06-25 09:30,56030,2024-04-01,2025-03-31,虹技株式会社
S100W30K,2025-06-25,2025-06-25 09:30,22880,2024-04-01,2025-03-31,丸大食品株式会社
S100W3IE,2025-06-25,2025-06-25 09:31,69190,2024-04-01,2025-03-31,ケル株式会社
S100W44F,2025-06-25,2025-06-25 09:32,19600,2024-04-01,2025-03-31,株式会社サンテック
S100W3FK,2025-06-25,2025-06-25 09:34,44620,2024-04-01,2025-03-31,石原ケミカル株式会社
S100W4ZL,2025-06-25,2025-06-25 09:35,77020,2024-04-01,2025-03-31,株式会社ジェイ・エム・エス（称号　株式会社　ＪＭＳ）
S100VZ2C,2025-06-25,2025-06-25 09:38,54800,2024-04-01,2025-03-31,日本冶金工業株式会社
S100W2GA,2025-06-25,2025-06-25 09:38,96430,2024-04-01,2025-03-31,中日本興業株式会社
S100W4GN,2025-06-25,2025-06-25 09:39,92720,2024-04-01,2025-03-31,ブティックス株式会社
S100W4TT,2025-06-25,2025-06-25 09:40,71890,2024-04-01,2025-03-31,株式会社西日本フィナンシャルホールディングス
S100W51Q,2025-06-25,2025-06-25 09:46,61570,2024-04-01,2025-03-31,日進工具株式会社
S100VW6T,2025-06-25,2025-06-25 09:46,81520,2024-04-01,2025-03-31,ソマール株式会社
S100W41Y,2025-06-25,2025-06-25 09:47,42720,2024-04-01,2025-03-31,日本化薬株式会社
S100VYLQ,2025-06-25,2025-06-25 09:50,43600,2024-04-01,2025-03-31,株式会社マナック・ケミカル・パートナーズ
S100W3U0,2025-06-25,2025-06-25 09:50,59510,2024-04-01,2025-03-31,ダイニチ工業株式会社
S100W3IC,2025-06-25,2025-06-25 09:56,85580,2024-04-01,2025-03-31,株式会社東和銀行
S100W50W,2025-06-25,2025-06-25 09:58,88640,2024-04-01,2025-03-31,空港施設株式会社
S100VUAT,2025-06-25,2025-06-25 09:58,46350,2024-04-01,2025-03-31,東京インキ株式会社
S100W3G6,2025-06-25,2025-06-25 10:00,63330,2024-04-01,2025-03-31,株式会社帝国電機製作所
S100W0Y7,2025-06-25,2025-06-25 10:00,56020,2024-04-01,2025-03-31,株式会社栗本鐵工所
S100W4HZ,2025-06-25,2025-06-25 10:00,45490,2024-04-01,2025-03-31,栄研化学株式会社
S100W295,2025-06-25,2025-06-25 10:00,44960,2024-04-01,2025-03-31,株式会社コマースＯｎｅホールディングス
S100W29G,2025-06-25,2025-06-25 10:00,96160,2024-04-01,2025-03-31,株式会社共立メンテナンス
S100W3O4,2025-06-25,2025-06-25 10:00,65570,2024-04-01,2025-03-31,ＡＩＡＩグループ株式会社
S100W4QF,2025-06-25,2025-06-25 10:00,97990,2024-04-01,2025-03-31,旭情報サービス株式会社
S100W0HT,2025-06-25,2025-06-25 10:01,91190,2024-04-01,2025-03-31,飯野海運株式会社
S100W3CH,2025-06-25,2025-06-25 10:01,44090,2024-04-01,2025-03-31,東邦化学工業株式会社
S100W3N0,2025-06-25,2025-06-25 10:01,99000,2024-04-01,2025-03-31,株式会社サガミホールディングス
S100W3YM,2025-06-25,2025-06-25 10:02,62540,2024-04-01,2025-03-31,野村マイクロ・サイエンス株式会社
S100W4JA,2025-06-25,2025-06-25 10:04,23740,2024-04-01,2025-03-31,セントケア・ホールディング株式会社
S100W0LY,2025-06-25,2025-06-25 10:06,24250,2024-04-01,2025-03-31,株式会社ケアサービス
S100W4ZO,2025-06-25,2025-06-25 10:08,51220,2024-04-01,2025-03-31,オカモト株式会社
S100VZ3E,2025-06-25,2025-06-25 10:12,95020,2024-04-01,2025-03-31,中部電力株式会社
S100W4KR,2025-06-25,2025-06-25 10:16,31430,2024-04-01,2025-03-31,オーウイル株式会社
S100W3H3,2025-06-25,2025-06-25 10:16,61400,2024-04-01,2025-03-31,旭ダイヤモンド工業株式会社
S100W14C,2025-06-25,2025-06-25 10:17,18120,2024-04-01,2025-03-31,鹿島建設株式会社
S100W3Z7,2025-06-25,2025-06-25 10:17,67270,2024-04-01,2025-03-31,株式会社ワコム
S100W49F,2025-06-25,2025-06-25 10:24,23070,2024-04-01,2025-03-31,株式会社クロスキャット
S100W3IO,2025-06-25,2025-06-25 10:25,40780,2024-04-01,2025-03-31,堺化学工業株式会社
S100W423,2025-06-25,2025-06-25 10:25,40920,2024-04-01,2025-03-31,日本化学工業株式会社
S100W4NN,2025-06-25,2025-06-25 10:26,18150,2024-04-01,2025-03-31,鉄建建設株式会社
S100W3VQ,2025-06-25,2025-06-25 10:27,66220,2024-04-01,2025-03-31,株式会社ダイヘン
S100W555,2025-06-25,2025-06-25 10:27,74760,2024-04-01,2025-03-31,アズワン株式会社
S100W55M,2025-06-25,2025-06-25 10:27,27490,2024-04-01,2025-03-31,株式会社ＪＰホールディングス
S100W1AR,2025-06-25,2025-06-25 10:28,68490,2024-04-01,2025-03-31,日本光電工業株式会社
S100W3MZ,2025-06-25,2025-06-25 10:29,79320,2024-04-01,2025-03-31,株式会社ニッピ
S100W4ZN,2025-06-25,2025-06-25 10:32,53860,2024-04-01,2025-03-31,株式会社鶴弥
S100W4DF,2025-06-25,2025-06-25 10:37,43620,2024-04-01,2025-03-31,日本精化株式会社
S100W52Z,2025-06-25,2025-06-25 10:40,96390,2024-04-01,2025-03-31,三協フロンテア株式会社
S100W4RS,2025-06-25,2025-06-25 10:40,52080,2024-04-01,2025-03-31,株式会社有沢製作所
S100W4DX,2025-06-25,2025-06-25 10:41,93040,2024-04-01,2025-03-31,澁澤倉庫株式会社
S100W57Q,2025-06-25,2025-06-25 10:42,99860,2024-04-01,2025-03-31,蔵王産業株式会社
S100W4GO,2025-06-25,2025-06-25 10:43,19340,2024-04-01,2025-03-31,株式会社ユアテック
S100W447,2025-06-25,2025-06-25 10:50,72350,2024-04-01,2025-03-31,東京ラヂエーター製造株式会社
S100W2TN,2025-06-25,2025-06-25 10:53,82190,2024-04-01,2025-03-31,青山商事株式会社
S100W3QZ,2025-06-25,2025-06-25 10:53,36220,2024-04-01,2025-03-31,ネットイヤーグループ株式会社
S100W40P,2025-06-25,2025-06-25 10:54,86170,2024-04-01,2025-03-31,光世証券株式会社
S100W3WK,2025-06-25,2025-06-25 10:55,80750,2024-04-01,2025-03-31,神鋼商事株式会社
S100W0YZ,2025-06-25,2025-06-25 10:57,93070,2024-04-01,2025-03-31,株式会社杉村倉庫
S100W4LI,2025-06-25,2025-06-25 11:00,63420,2024-04-01,2025-03-31,株式会社太平製作所
S100W57J,2025-06-25,2025-06-25 11:00,81360,2024-04-01,2025-03-31,株式会社サンリオ
S100W51P,2025-06-25,2025-06-25 11:01,22210,2024-04-01,2025-03-31,岩塚製菓株式会社
S100W2JG,2025-06-25,2025-06-25 11:02,17230,2024-04-01,2025-03-31,日本電技株式会社
S100W45D,2025-06-25,2025-06-25 11:02,61900,2024-04-01,2025-03-31,株式会社フェニックスバイオ
S100W3DG,2025-06-25,2025-06-25 11:02,62580,2024-04-01,2025-03-31,平田機工株式会社
S100W575,2025-06-25,2025-06-25 11:07,24450,2024-04-01,2025-03-31,株式会社タカミヤ
S100W2DC,2025-06-25,2025-06-25 11:11,37730,2024-04-01,2025-03-31,株式会社アドバンスト・メディア
S100W3GT,2025-06-25,2025-06-25 11:12,19610,2024-04-01,2025-03-31,三機工業株式会社
S100W59R,2025-06-25,2025-06-25 11:14,98490,2024-04-01,2025-03-31,株式会社共同紙販ホールディングス
S100W37G,2025-06-25,2025-06-25 11:19,38170,2024-04-01,2025-03-31,株式会社ＳＲＡホールディングス
S100W0XK,2025-06-25,2025-06-25 11:24,90030,2024-04-01,2025-03-31,相鉄ホールディングス株式会社
S100W40G,2025-06-25,2025-06-25 11:28,88360,2024-04-01,2025-03-31,株式会社ＲＩＳＥ
S100W4JN,2025-06-25,2025-06-25 11:29,84210,2024-04-01,2025-03-31,信金中央金庫
S100W4F4,2025-06-25,2025-06-25 11:29,90480,2024-04-01,2025-03-31,名古屋鉄道株式会社
S100W4G9,2025-06-25,2025-06-25 11:29,17930,2024-04-01,2025-03-31,株式会社大本組
S100W1ZC,2025-06-25,2025-06-25 11:30,31360,2024-04-01,2025-03-31,株式会社エコノス
S100W55U,2025-06-25,2025-06-25 11:31,67240,2024-04-01,2025-03-31,セイコーエプソン株式会社
S100W3XD,2025-06-25,2025-06-25 11:31,32310,2024-04-01,2025-03-31,野村不動産ホールディングス株式会社
S100W40Z,2025-06-25,2025-06-25 11:31,35910,2024-04-01,2025-03-31,株式会社ワコールホールディングス
S100W3F4,2025-06-25,2025-06-25 11:32,97670,2024-04-01,2025-03-31,日建工学株式会社
S100W3WW,2025-06-25,2025-06-25 11:33,62290,2024-04-01,2025-03-31,株式会社オーケーエム
S100W3RQ,2025-06-25,2025-06-25 11:35,58690,2024-04-01,2025-03-31,株式会社早稲田学習研究会
S100W50A,2025-06-25,2025-06-25 11:39,81380,2024-04-01,2025-03-31,三京化成株式会社
S100W5BI,2025-06-25,2025-06-25 11:45,31040,2024-04-01,2025-03-31,富士紡ホールディングス株式会社
S100W3HU,2025-06-25,2025-06-25 11:48,72220,2024-04-01,2025-03-31,日産車体株式会社
S100W4WI,2025-06-25,2025-06-25 11:51,41930,2024-04-01,2025-03-31,株式会社ファブリカホールディングス
S100W5D9,2025-06-25,2025-06-25 11:55,98500,2024-04-01,2025-03-31,株式会社グルメ杵屋
S100W1RT,2025-06-25,2025-06-25 11:57,38030,2024-04-01,2025-03-31,イメージ情報開発株式会社
S100W3QK,2025-06-25,2025-06-25 11:58,80710,2024-04-01,2025-03-31,東海エレクトロニクス株式会社
S100W361,2025-06-25,2025-06-25 11:58,95080,2024-04-01,2025-03-31,九州電力株式会社
S100W3PV,2025-06-25,2025-06-25 12:00,94680,2024-04-01,2025-03-31,株式会社ＫＡＤＯＫＡＷＡ
S100W53A,2025-06-25,2025-06-25 12:02,76000,2024-04-01,2025-03-31,株式会社　日本エム・ディ・エム
S100W52S,2025-06-25,2025-06-25 12:05,90120,2024-04-01,2025-03-31,秩父鉄道株式会社
S100W4AU,2025-06-25,2025-06-25 12:10,58440,2024-04-01,2025-03-31,株式会社京都フィナンシャルグループ
S100VZCY,2025-06-25,2025-06-25 12:16,61860,2024-04-01,2025-03-31,株式会社一蔵
S100W4YX,2025-06-25,2025-06-25 12:16,62450,2024-04-01,2025-03-31,株式会社ヒラノテクシード
S100W2GJ,2025-06-25,2025-06-25 12:20,35830,2024-04-01,2025-03-31,オーベクス株式会社
S100W3EU,2025-06-25,2025-06-25 12:34,41120,2024-04-01,2025-03-31,保土谷化学工業株式会社
S100W3M3,2025-06-25,2025-06-25 12:34,19490,2024-04-01,2025-03-31,住友電設株式会社
S100W4O7,2025-06-25,2025-06-25 12:37,30580,2024-04-01,2025-03-31,株式会社三洋堂ホールディングス
S100W3C3,2025-06-25,2025-06-25 12:43,28770,2024-04-01,2025-03-31,日東ベスト株式会社
S100W3LA,2025-06-25,2025-06-25 12:46,19760,2024-04-01,2025-03-31,明星工業株式会社
S100VX5Q,2025-06-25,2025-06-25 12:49,69180,2024-04-01,2025-03-31,株式会社アバールデータ
S100W5ET,2025-06-25,2025-06-25 12:50,74590,2024-04-01,2025-03-31,株式会社メディパルホールディングス
S100W5FC,2025-06-25,2025-06-25 12:51,37710,2024-04-01,2025-03-31,株式会社システムリサーチ
S100W4K6,2025-06-25,2025-06-25 12:51,76940,2024-04-01,2025-03-31,株式会社いつも
S100W1Z4,2025-06-25,2025-06-25 12:54,29330,2024-04-01,2025-03-31,株式会社紀文食品
S100W0XG,2025-06-25,2025-06-25 12:56,63730,2024-04-01,2025-03-31,大同工業株式会社
S100W4D8,2025-06-25,2025-06-25 12:56,88970,2024-04-01,2025-03-31,ＭＩＲＡＲＴＨホールディングス株式会社
S100W2G0,2025-06-25,2025-06-25 12:58,68200,2024-04-01,2025-03-31,アイコム株式会社
S100W3P9,2025-06-25,2025-06-25 13:00,50210,2024-04-01,2025-03-31,コスモエネルギーホールディングス株式会社
S100W5CN,2025-06-25,2025-06-25 13:00,38450,2024-04-01,2025-03-31,株式会社アイフリークモバイル
S100W3EQ,2025-06-25,2025-06-25 13:00,73450,2024-04-01,2025-03-31,株式会社アイ・パートナーズフィナンシャル
S100W5A7,2025-06-25,2025-06-25 13:00,21170,2024-04-01,2025-03-31,ウェルネオシュガー株式会社
S100W4MK,2025-06-25,2025-06-25 13:00,71220,2024-04-01,2025-03-31,近畿車輛株式会社
S100W3DP,2025-06-25,2025-06-25 13:00,59860,2024-04-01,2025-03-31,モリテックスチール株式会社
S100W2Q7,2025-06-25,2025-06-25 13:01,96000,2024-04-01,2025-03-31,株式会社アイネット
S100W4AH,2025-06-25,2025-06-25 13:01,68100,2024-04-01,2025-03-31,マクセル株式会社
S100W5GW,2025-06-25,2025-06-25 13:02,63840,2024-04-01,2025-03-31,株式会社昭和真空
S100W243,2025-06-25,2025-06-25 13:03,44910,2024-04-01,2025-03-31,コンピューターマネージメント株式会社
S100VZNV,2025-06-25,2025-06-25 13:04,49600,2024-04-01,2025-03-31,ケミプロ化成株式会社
S100W3D1,2025-06-25,2025-06-25 13:04,31320,2024-04-01,2025-03-31,マクニカホールディングス株式会社
S100W4LR,2025-06-25,2025-06-25 13:05,22860,2024-04-01,2025-03-31,林兼産業株式会社
S100W51R,2025-06-25,2025-06-25 13:06,24830,2024-04-01,2025-03-31,株式会社翻訳センター
S100W56Y,2025-06-25,2025-06-25 13:07,78710,2024-04-01,2025-03-31,フクビ化学工業株式会社
S100W4CS,2025-06-25,2025-06-25 13:08,59840,2024-04-01,2025-03-31,兼房株式会社
S100W4QD,2025-06-25,2025-06-25 13:09,70140,2024-04-01,2025-03-31,株式会社名村造船所
S100W2LK,2025-06-25,2025-06-25 13:10,55410,2024-04-01,2025-03-31,大平洋金属株式会社
S100W25C,2025-06-25,2025-06-25 13:10,40980,2024-04-01,2025-03-31,チタン工業株式会社
S100W4RZ,2025-06-25,2025-06-25 13:10,57570,2024-04-01,2025-03-31,株式会社ＣＫサンエツ
S100W3JR,2025-06-25,2025-06-25 13:11,22070,2024-04-01,2025-03-31,名糖産業株式会社
S100W3IT,2025-06-25,2025-06-25 13:12,46200,2024-04-01,2025-03-31,藤倉化成株式会社
S100W3WQ,2025-06-25,2025-06-25 13:14,14430,2024-04-01,2025-03-31,技研ホールディングス株式会社
S100W4QY,2025-06-25,2025-06-25 13:14,93550,2024-04-01,2025-03-31,株式会社リンコーコーポレーション
S100W5I3,2025-06-25,2025-06-25 13:15,57130,2024-04-01,2025-03-31,住友金属鉱山株式会社
S100W4A3,2025-06-25,2025-06-25 13:16,38960,2024-04-01,2025-03-31,阿波製紙株式会社
S100W59Q,2025-06-25,2025-06-25 13:17,83930,2024-04-01,2025-03-31,株式会社宮崎銀行
S100W4XM,2025-06-25,2025-06-25 13:18,25940,2024-04-01,2025-03-31,キーコーヒー株式会社
S100W4OG,2025-06-25,2025-06-25 13:18,90830,2024-04-01,2025-03-31,神姫バス株式会社
S100W4J8,2025-06-25,2025-06-25 13:19,80740,2024-04-01,2025-03-31,ユアサ商事株式会社
S100W41O,2025-06-25,2025-06-25 13:20,81570,2024-04-01,2025-03-31,都築電気株式会社
S100W3UM,2025-06-25,2025-06-25 13:20,97420,2024-04-01,2025-03-31,株式会社アイネス
S100W5IM,2025-06-25,2025-06-25 13:21,77010,2024-04-01,2025-03-31,株式会社　島津製作所
S100W21J,2025-06-25,2025-06-25 13:22,79490,2024-04-01,2025-03-31,小松ウオール工業株式会社
S100W322,2025-06-25,2025-06-25 13:22,336A0,2024-04-01,2025-03-31,ダイナミックマッププラットフォーム株式会社
S100W270,2025-06-25,2025-06-25 13:23,35690,2024-04-01,2025-03-31,セーレン株式会社
S100W5J6,2025-06-25,2025-06-25 13:24,247A0,2024-04-01,2025-03-31,Ａｉロボティクス株式会社
S100W475,2025-06-25,2025-06-25 13:25,69730,2024-04-01,2025-03-31,協栄産業株式会社
S100W42G,2025-06-25,2025-06-25 13:27,78670,2024-04-01,2025-03-31,株式会社タカラトミー
S100W4E8,2025-06-25,2025-06-25 13:29,68570,2024-04-01,2025-03-31,株式会社アドバンテスト
S100W43L,2025-06-25,2025-06-25 13:31,27820,2024-04-01,2025-03-31,株式会社セリア
S100W3FC,2025-06-25,2025-06-25 13:31,67440,2024-04-01,2025-03-31,能美防災株式会社
S100W4G3,2025-06-25,2025-06-25 13:36,46170,2024-04-01,2025-03-31,中国塗料株式会社
S100W50Q,2025-06-25,2025-06-25 13:39,72940,2024-04-01,2025-03-31,株式会社ヨロズ
S100W5GD,2025-06-25,2025-06-25 13:42,47710,2024-04-01,2025-03-31,株式会社エフアンドエム
S100W40Y,2025-06-25,2025-06-25 13:43,98200,2024-04-01,2025-03-31,エムティジェネックス株式会社
S100W4J2,2025-06-25,2025-06-25 13:43,23490,2024-04-01,2025-03-31,株式会社エヌアイデイ
S100W5IE,2025-06-25,2025-06-25 13:48,66250,2024-04-01,2025-03-31,ＪＡＬＣＯホールディングス株式会社
S100W46L,2025-06-25,2025-06-25 13:49,56090,2024-04-01,2025-03-31,日本鋳造株式会社
S100W3GS,2025-06-25,2025-06-25 13:49,72780,2024-04-01,2025-03-31,株式会社エクセディ
S100W2HS,2025-06-25,2025-06-25 13:50,34070,2024-04-01,2025-03-31,旭化成株式会社
S100W2LH,2025-06-25,2025-06-25 13:51,40430,2024-04-01,2025-03-31,株式会社トクヤマ
S100W4OF,2025-06-25,2025-06-25 13:53,59230,2024-04-01,2025-03-31,高田機工株式会社
S100W4Y9,2025-06-25,2025-06-25 13:57,18200,2024-04-01,2025-03-31,西松建設株式会社
S100W4AN,2025-06-25,2025-06-25 13:57,29980,2024-04-01,2025-03-31,クリアル株式会社
S100W3WA,2025-06-25,2025-06-25 13:57,62860,2024-04-01,2025-03-31,靜甲株式会社
S100W50Z,2025-06-25,2025-06-25 13:58,68230,2024-04-01,2025-03-31,リオン株式会社
S100W5K2,2025-06-25,2025-06-25 13:59,93770,2024-04-01,2025-03-31,株式会社　エージーピー
S100W4TH,2025-06-25,2025-06-25 14:00,22640,2024-04-01,2025-03-31,森永乳業株式会社
S100W2U5,2025-06-25,2025-06-25 14:00,18140,2024-04-01,2025-03-31,大末建設株式会社
S100VWPS,2025-06-25,2025-06-25 14:00,93060,2024-04-01,2025-03-31,東陽倉庫株式会社
S100VZWJ,2025-06-25,2025-06-25 14:00,72800,2024-04-01,2025-03-31,株式会社ミツバ
S100W4TJ,2025-06-25,2025-06-25 14:00,57150,2024-04-01,2025-03-31,古河機械金属株式会社
S100W2F2,2025-06-25,2025-06-25 14:02,69940,2024-04-01,2025-03-31,株式会社指月電機製作所
S100W4RT,2025-06-25,2025-06-25 14:03,31530,2024-04-01,2025-03-31,八洲電機株式会社
S100W2ZG,2025-06-25,2025-06-25 14:07,85930,2024-04-01,2025-03-31,三菱ＨＣキャピタル株式会社
S100W3T4,2025-06-25,2025-06-25 14:08,67540,2024-04-01,2025-03-31,アンリツ株式会社
S100W5G7,2025-06-25,2025-06-25 14:09,76870,2024-04-01,2025-03-31,株式会社ミクリード
S100W4O2,2025-06-25,2025-06-25 14:10,19660,2024-04-01,2025-03-31,株式会社　高田工業所
S100W2KU,2025-06-25,2025-06-25 14:11,23320,2024-04-01,2025-03-31,株式会社クエスト
S100W2IK,2025-06-25,2025-06-25 14:12,36920,2024-04-01,2025-03-31,株式会社ＦＦＲＩセキュリティ
S100W4JU,2025-06-25,2025-06-25 14:13,92680,2024-04-01,2025-03-31,株式会社オプティマスグループ
S100W3TZ,2025-06-25,2025-06-25 14:13,63960,2024-04-01,2025-03-31,株式会社宇野澤組鐵工所
S100W4H2,2025-06-25,2025-06-25 14:13,18600,2024-04-01,2025-03-31,戸田建設株式会社
S100W5OC,2025-06-25,2025-06-25 14:14,38250,2024-04-01,2025-03-31,株式会社リミックスポイント
S100W5CW,2025-06-25,2025-06-25 14:16,18670,2024-04-01,2025-03-31,株式会社植木組
S100W4M5,2025-06-25,2025-06-25 14:19,69640,2024-04-01,2025-03-31,株式会社サンコー
S100W2HP,2025-06-25,2025-06-25 14:21,99360,2024-04-01,2025-03-31,株式会社王将フードサービス
S100W3KR,2025-06-25,2025-06-25 14:22,40230,2024-04-01,2025-03-31,株式会社クレハ
S100W4G8,2025-06-25,2025-06-25 14:23,70840,2024-04-01,2025-03-31,株式会社Ｓｍｉｌｅ　Ｈｏｌｄｉｎｇｓ
S100W5PM,2025-06-25,2025-06-25 14:24,80860,2024-04-01,2025-03-31,ニプロ株式会社
S100W3YI,2025-06-25,2025-06-25 14:26,99870,2024-04-01,2025-03-31,株式会社スズケン
S100W3EH,2025-06-25,2025-06-25 14:28,27640,2024-04-01,2025-03-31,株式会社ひらまつ
S100W4PN,2025-06-25,2025-06-25 14:28,47180,2024-04-01,2025-03-31,株式会社早稲田アカデミー
S100W1Y9,2025-06-25,2025-06-25 14:30,54080,2024-04-01,2025-03-31,株式会社中山製鋼所
S100W49M,2025-06-25,2025-06-25 14:31,68640,2024-04-01,2025-03-31,株式会社エヌエフホールディングス
S100W3OW,2025-06-25,2025-06-25 14:31,44170,2024-04-01,2025-03-31,グローバルセキュリティエキスパート株式会社
S100W1HC,2025-06-25,2025-06-25 14:31,72710,2024-04-01,2025-03-31,株式会社安永
S100W5O2,2025-06-25,2025-06-25 14:31,90330,2024-04-01,2025-03-31,広島電鉄株式会社
S100W57C,2025-06-25,2025-06-25 14:33,74660,2024-04-01,2025-03-31,ＳＰＫ株式会社
S100W5A3,2025-06-25,2025-06-25 14:33,66480,2024-04-01,2025-03-31,株式会社かわでん
S100W2MI,2025-06-25,2025-06-25 14:34,93660,2024-04-01,2025-03-31,株式会社サンリツ
S100W3QM,2025-06-25,2025-06-25 14:35,18780,2024-04-01,2025-03-31,大東建託株式会社
S100W437,2025-06-25,2025-06-25 14:37,67940,2024-04-01,2025-03-31,フォスター電機株式会社
S100W3XG,2025-06-25,2025-06-25 14:37,90360,2024-04-01,2025-03-31,東部ネットワーク株式会社
S100W415,2025-06-25,2025-06-25 14:37,96440,2024-04-01,2025-03-31,株式会社タナベコンサルティンググループ
S100W40V,2025-06-25,2025-06-25 14:38,80700,2024-04-01,2025-03-31,東京産業株式会社
S100W5N7,2025-06-25,2025-06-25 14:40,19590,2024-04-01,2025-03-31,株式会社九電工
S100W3X7,2025-06-25,2025-06-25 14:40,62720,2024-04-01,2025-03-31,レオン自動機株式会社
S100W4H5,2025-06-25,2025-06-25 14:43,93100,2024-04-01,2025-03-31,日本トランスシティ株式会社
S100W4QX,2025-06-25,2025-06-25 14:44,95010,2024-04-01,2025-03-31,東京電力ホールディングス株式会社
S100W5C7,2025-06-25,2025-06-25 14:46,69280,2024-04-01,2025-03-31,株式会社エノモト
S100W32I,2025-06-25,2025-06-25 14:47,69410,2024-04-01,2025-03-31,山一電機株式会社
S100W59G,2025-06-25,2025-06-25 14:48,14200,2024-04-01,2025-03-31,サンヨーホームズ株式会社
S100W0DT,2025-06-25,2025-06-25 14:51,62300,2024-04-01,2025-03-31,ＳＡＮＥＩ株式会社
S100W5U4,2025-06-25,2025-06-25 14:52,32940,2024-04-01,2025-03-31,株式会社イーグランド
S100W4MS,2025-06-25,2025-06-25 14:53,59090,2024-04-01,2025-03-31,株式会社　コロナ
S100W3EB,2025-06-25,2025-06-25 14:53,71050,2024-04-01,2025-03-31,三菱ロジスネクスト株式会社
S100VWX1,2025-06-25,2025-06-25 14:53,40420,2024-04-01,2025-03-31,東ソー株式会社
S100W4JC,2025-06-25,2025-06-25 14:54,90170,2024-04-01,2025-03-31,新潟交通株式会社
S100W076,2025-06-25,2025-06-25 14:54,93030,2024-04-01,2025-03-31,株式会社住友倉庫
S100W5QJ,2025-06-25,2025-06-25 15:00,35590,2024-04-01,2025-03-31,株式会社ピーバンドットコム
S100W4HU,2025-06-25,2025-06-25 15:00,254A0,2024-10-01,2025-03-31,ＡＩフュージョンキャピタルグループ株式会社
S100W3WO,2025-06-25,2025-06-25 15:00,70030,2024-04-01,2025-03-31,株式会社三井Ｅ＆Ｓ
S100W5AR,2025-06-25,2025-06-25 15:00,72170,2024-04-01,2025-03-31,株式会社テイン
S100W4XI,2025-06-25,2025-06-25 15:00,75370,2024-04-01,2025-03-31,丸文株式会社
S100W2L0,2025-06-25,2025-06-25 15:00,85110,2024-04-01,2025-03-31,日本証券金融株式会社
S100W4OT,2025-06-25,2025-06-25 15:00,59220,2024-04-01,2025-03-31,那須電機鉄工株式会社
S100W3SK,2025-06-25,2025-06-25 15:00,18110,2024-04-01,2025-03-31,株式会社錢高組
S100W4TE,2025-06-25,2025-06-25 15:00,90760,2024-04-01,2025-03-31,セイノーホールディングス株式会社
S100W3D3,2025-06-25,2025-06-25 15:00,34420,2024-04-01,2025-03-31,株式会社ＭＩＥコーポレーション
S100W4VZ,2025-06-25,2025-06-25 15:01,41020,2024-04-01,2025-03-31,丸尾カルシウム株式会社
S100W4QO,2025-06-25,2025-06-25 15:01,94230,2024-04-01,2025-03-31,株式会社フォーバル・リアルストレート
S100W5A8,2025-06-25,2025-06-25 15:01,62620,2024-04-01,2025-03-31,株式会社ＰＥＧＡＳＵＳ
S100W1MH,2025-06-25,2025-06-25 15:02,67680,2024-04-01,2025-03-31,株式会社タムラ製作所
S100W3M7,2025-06-25,2025-06-25 15:03,63640,2024-04-01,2025-03-31,株式会社ＡＩＲＭＡＮ
S100W2ML,2025-06-25,2025-06-25 15:04,95070,2024-04-01,2025-03-31,四国電力株式会社
S100W3I4,2025-06-25,2025-06-25 15:04,95370,2024-04-01,2025-03-31,北陸瓦斯株式会社
S100W5VL,2025-06-25,2025-06-25 15:05,47360,2024-04-01,2025-03-31,日本ラッド株式会社
S100W4F1,2025-06-25,2025-06-25 15:05,72460,2024-04-01,2025-03-31,プレス工業株式会社
S100W4XG,2025-06-25,2025-06-25 15:06,52580,2024-04-01,2025-03-31,株式会社トランザクション・メディア・ネットワークス
S100W3K3,2025-06-25,2025-06-25 15:07,59850,2024-04-01,2025-03-31,サンコール株式会社
S100W44P,2025-06-25,2025-06-25 15:08,40930,2024-04-01,2025-03-31,東邦アセチレン株式会社
S100W4Q7,2025-06-25,2025-06-25 15:08,52020,2024-04-01,2025-03-31,日本板硝子株式会社
S100W3YJ,2025-06-25,2025-06-25 15:08,79580,2024-04-01,2025-03-31,天馬株式会社
S100W3HA,2025-06-25,2025-06-25 15:09,85600,2024-04-01,2025-03-31,株式会社　宮崎太陽銀行
S100W4QN,2025-06-25,2025-06-25 15:09,78750,2024-04-01,2025-03-31,竹田ｉＰホールディングス株式会社
S100W5WT,2025-06-25,2025-06-25 15:13,49900,2024-04-01,2025-03-31,昭和化学工業株式会社
S100W4MB,2025-06-25,2025-06-25 15:14,30340,2024-04-01,2025-03-31,クオールホールディングス株式会社
S100W5WV,2025-06-25,2025-06-25 15:14,59880,2024-04-01,2025-03-31,株式会社パイオラックス
S100W4SP,2025-06-25,2025-06-25 15:16,63300,2024-04-01,2025-03-31,東洋エンジニアリング株式会社
S100W4UL,2025-06-25,2025-06-25 15:16,82180,2024-04-01,2025-03-31,株式会社コメリ
S100W5VC,2025-06-25,2025-06-25 15:17,31820,2024-04-01,2025-03-31,オイシックス・ラ・大地株式会社
S100W56G,2025-06-25,2025-06-25 15:18,65010,2024-04-01,2025-03-31,株式会社日立製作所
S100W5WX,2025-06-25,2025-06-25 15:21,32890,2024-04-01,2025-03-31,東急不動産ホールディングス株式会社
S100W4NI,2025-06-25,2025-06-25 15:22,40210,2024-04-01,2025-03-31,日産化学株式会社
S100W4FV,2025-06-25,2025-06-25 15:22,40280,2024-04-01,2025-03-31,石原産業株式会社
S100VYRJ,2025-06-25,2025-06-25 15:25,88020,2024-04-01,2025-03-31,三菱地所株式会社
S100W2UG,2025-06-25,2025-06-25 15:25,19450,2024-04-01,2025-03-31,株式会社東京エネシス
S100W4SL,2025-06-25,2025-06-25 15:25,92740,2024-04-01,2025-03-31,ＫＰＰグループホールディングス株式会社
S100W5KL,2025-06-25,2025-06-25 15:28,29160,2024-04-01,2025-03-31,仙波糖化工業株式会社
S100W5WQ,2025-06-25,2025-06-25 15:28,39240,2024-04-01,2025-03-31,株式会社ランドコンピュータ
S100W3BP,2025-06-25,2025-06-25 15:29,99560,2024-04-01,2025-03-31,株式会社バローホールディングス
S100W40X,2025-06-25,2025-06-25 15:30,39260,2024-04-01,2025-03-31,株式会社オープンドア
S100W5XS,2025-06-25,2025-06-25 15:30,76860,2024-04-01,2025-03-31,株式会社カクヤスグループ
S100W5D3,2025-06-25,2025-06-25 15:30,87690,2024-04-01,2025-03-31,株式会社アドバンテッジリスクマネジメント
S100W49R,2025-06-25,2025-06-25 15:30,71190,2024-04-01,2025-03-31,株式会社ハルメクホールディングス
S100W5KF,2025-06-25,2025-06-25 15:30,23590,2024-04-01,2025-03-31,株式会社コア
S100W4Y8,2025-06-25,2025-06-25 15:30,31370,2024-04-01,2025-03-31,株式会社ファンデリー
S100W5CU,2025-06-25,2025-06-25 15:30,69580,2024-04-01,2025-03-31,日本シイエムケイ株式会社
S100W3P2,2025-06-25,2025-06-25 15:30,94340,2024-04-01,2025-03-31,ソフトバンク株式会社
S100W4H7,2025-06-25,2025-06-25 15:30,52530,2024-04-01,2025-03-31,カバー株式会社
S100W4X2,2025-06-25,2025-06-25 15:30,195A0,2024-04-01,2025-03-31,株式会社ライスカレー
S100W3K4,2025-06-25,2025-06-25 15:30,49140,2024-04-01,2025-03-31,高砂香料工業株式会社
S100W3VP,2025-06-25,2025-06-25 15:30,96050,2024-04-01,2025-03-31,東映株式会社
S100W5CL,2025-06-25,2025-06-25 15:30,60690,2024-04-01,2025-03-31,トレンダーズ株式会社
S100W4Q1,2025-06-25,2025-06-25 15:30,98800,2024-04-01,2025-03-31,イノテック株式会社
S100W4K8,2025-06-25,2025-06-25 15:30,95170,2024-04-01,2025-03-31,イーレックス株式会社
S100W4LK,2025-06-25,2025-06-25 15:30,55350,2024-04-01,2025-03-31,ミガロホールディングス株式会社
S100W39D,2025-06-25,2025-06-25 15:31,42880,2024-04-01,2025-03-31,株式会社アズジェント
S100W3OF,2025-06-25,2025-06-25 15:31,32380,2024-04-01,2025-03-31,セントラル総合開発株式会社
S100W5TD,2025-06-25,2025-06-25 15:31,29800,2024-04-01,2025-03-31,ＳＲＥホールディングス株式会社
S100W5TV,2025-06-25,2025-06-25 15:31,37530,2024-04-01,2025-03-31,株式会社フライトソリューションズ
S100W5LZ,2025-06-25,2025-06-25 15:31,63370,2024-04-01,2025-03-31,株式会社テセック
S100W59A,2025-06-25,2025-06-25 15:31,18660,2024-04-01,2025-03-31,北野建設株式会社
S100W5W9,2025-06-25,2025-06-25 15:32,52880,2024-04-01,2025-03-31,アジアパイルホールディングス株式会社
S100W2GK,2025-06-25,2025-06-25 15:32,31090,2024-04-01,2025-03-31,シキボウ株式会社
S100W4FB,2025-06-25,2025-06-25 15:32,83060,2024-04-01,2025-03-31,株式会社三菱ＵＦＪフィナンシャル・グループ
S100W59Y,2025-06-25,2025-06-25 15:33,21810,2024-04-01,2025-03-31,パーソルホールディングス株式会社
S100VZ5R,2025-06-25,2025-06-25 15:33,57060,2024-04-01,2025-03-31,三井金属鉱業株式会社
S100W4UU,2025-06-25,2025-06-25 15:33,50170,2024-04-01,2025-03-31,富士石油株式会社
S100W3TS,2025-06-25,2025-06-25 15:33,97350,2024-04-01,2025-03-31,セコム株式会社
S100W5DK,2025-06-25,2025-06-25 15:34,98430,2024-04-01,2025-03-31,株式会社ニトリホールディングス
S100W4KT,2025-06-25,2025-06-25 15:34,42750,2024-04-01,2025-03-31,株式会社カーリット
S100W3GV,2025-06-25,2025-06-25 15:34,37870,2024-04-01,2025-03-31,株式会社テクノマセマティカル
S100W4PD,2025-06-25,2025-06-25 15:35,26730,2024-04-01,2025-03-31,夢みつけ隊株式会社
S100W5Q9,2025-06-25,2025-06-25 15:35,52840,2024-04-01,2025-03-31,ヤマウホールディングス株式会社
S100W5W0,2025-06-25,2025-06-25 15:35,53810,2024-04-01,2025-03-31,Ｍｉｐｏｘ株式会社
S100W3DV,2025-06-25,2025-06-25 15:35,53930,2024-04-01,2025-03-31,ニチアス株式会社
S100W5AE,2025-06-25,2025-06-25 15:35,51210,2024-04-01,2025-03-31,藤倉コンポジット株式会社
S100W3Q5,2025-06-25,2025-06-25 15:36,45520,2024-04-01,2025-03-31,ＪＣＲファーマ株式会社
S100W3ZH,2025-06-25,2025-06-25 15:36,19380,2024-04-01,2025-03-31,日本リーテック株式会社
S100W4TV,2025-06-25,2025-06-25 15:36,39370,2024-04-01,2025-03-31,株式会社Ｕｂｉｃｏｍホールディングス
S100W2E4,2025-06-25,2025-06-25 15:38,74380,2024-04-01,2025-03-31,コンドーテック株式会社
S100W5US,2025-06-25,2025-06-25 15:38,98870,2024-04-01,2025-03-31,株式会社松屋フーズホールディングス
S100W4LJ,2025-06-25,2025-06-25 15:38,23930,2024-04-01,2025-03-31,株式会社日本ケアサプライ
S100W4M2,2025-06-25,2025-06-25 15:39,40880,2024-04-01,2025-03-31,エア・ウォーター株式会社
S100W4AI,2025-06-25,2025-06-25 15:39,61130,2024-04-01,2025-03-31,株式会社アマダ
S100W5Z6,2025-06-25,2025-06-25 15:39,42280,2024-04-01,2025-03-31,積水化成品工業株式会社
S100W4SB,2025-06-25,2025-06-25 15:40,56440,2024-04-01,2025-03-31,株式会社メタルアート
S100W2G9,2025-06-25,2025-06-25 15:40,77490,2024-04-01,2025-03-31,メディキット株式会社
S100W3OZ,2025-06-25,2025-06-25 15:41,90870,2024-04-01,2025-03-31,タカセ株式会社
S100W5MR,2025-06-25,2025-06-25 15:41,30960,2024-04-01,2025-03-31,株式会社オーシャンシステム
S100VWQS,2025-06-25,2025-06-25 15:42,88010,2024-04-01,2025-03-31,三井不動産株式会社
S100W33R,2025-06-25,2025-06-25 15:42,63600,2024-04-01,2025-03-31,株式会社　東京自働機械製作所
S100W1H6,2025-06-25,2025-06-25 15:43,66750,2024-04-01,2025-03-31,サクサ株式会社
S100W4TK,2025-06-25,2025-06-25 15:44,83650,2024-04-01,2025-03-31,株式会社　富山銀行
S100W5OM,2025-06-25,2025-06-25 15:45,23440,2024-04-01,2025-03-31,平安レイサービス株式会社
S100W4J3,2025-06-25,2025-06-25 15:45,39290,2024-04-01,2025-03-31,ソーシャルワイヤー株式会社
S100W5ZH,2025-06-25,2025-06-25 15:46,70570,2024-04-01,2025-03-31,株式会社エヌ・シー・エヌ
S100W4H8,2025-06-25,2025-06-25 15:46,66140,2024-04-01,2025-03-31,株式会社シキノハイテック
S100W3F7,2025-06-25,2025-06-25 15:47,68040,2024-04-01,2025-03-31,ホシデン株式会社
S100W5YW,2025-06-25,2025-06-25 15:47,63700,2024-04-01,2025-03-31,栗田工業株式会社
S100W5RX,2025-06-25,2025-06-25 15:49,19090,2024-04-01,2025-03-31,日本ドライケミカル株式会社
S100VZW5,2025-06-25,2025-06-25 15:50,54110,2024-04-01,2025-03-31,ＪＦＥホールディングス株式会社
S100W4T6,2025-06-25,2025-06-25 15:50,18850,2024-04-01,2025-03-31,東亜建設工業株式会社
S100W4GF,2025-06-25,2025-06-25 15:51,72020,2024-04-01,2025-03-31,いすゞ自動車株式会社
S100W4IU,2025-06-25,2025-06-25 15:51,81290,2024-04-01,2025-03-31,東邦ホールディングス株式会社
S100W52Y,2025-06-25,2025-06-25 15:56,59700,2024-04-01,2025-03-31,株式会社ジーテクト
S100W371,2025-06-25,2025-06-25 15:56,56600,2024-04-01,2025-03-31,神鋼鋼線工業株式会社
S100W5XD,2025-06-25,2025-06-25 15:56,36000,2024-04-01,2025-03-31,株式会社フジックス
S100W4VF,2025-06-25,2025-06-25 15:57,78830,2024-04-01,2025-03-31,サンメッセ株式会社
S100W5CV,2025-06-25,2025-06-25 15:57,21370,2024-04-01,2025-03-31,株式会社光ハイツ・ヴェラス
S100W44O,2025-06-25,2025-06-25 15:58,52100,2024-04-01,2025-03-31,日本山村硝子株式会社
S100W49Z,2025-06-25,2025-06-25 15:59,60130,2024-04-01,2025-03-31,株式会社タクマ
S100W4WG,2025-06-25,2025-06-25 16:00,59050,2024-04-01,2025-03-31,日本製罐株式会社
S100W5C8,2025-06-25,2025-06-25 16:00,64850,2024-04-01,2025-03-31,前澤給装工業株式会社
S100W549,2025-06-25,2025-06-25 16:00,50160,2024-04-01,2025-03-31,ＪＸ金属株式会社
S100W5A5,2025-06-25,2025-06-25 16:00,65230,2024-04-01,2025-03-31,ＰＨＣホールディングス株式会社
S100W3HY,2025-06-25,2025-06-25 16:00,160A0,2024-04-01,2025-03-31,株式会社アズパートナーズ
S100W60Z,2025-06-25,2025-06-25 16:00,287A0,2024-04-01,2025-03-31,黒田グループ株式会社
S100W5ZC,2025-06-25,2025-06-25 16:00,33720,2024-04-01,2025-03-31,株式会社関門海
S100W4PR,2025-06-25,2025-06-25 16:00,13750,2024-04-01,2025-03-31,ユキグニファクトリー株式会社
S100W3DN,2025-06-25,2025-06-25 16:00,66160,2024-04-01,2025-03-31,トレックス・セミコンダクター株式会社
S100W2MR,2025-06-25,2025-06-25 16:00,17210,2024-04-01,2025-03-31,コムシスホールディングス株式会社
S100W52G,2025-06-25,2025-06-25 16:00,92230,2024-04-01,2025-03-31,株式会社ＡＳＮＯＶＡ
S100W2Q4,2025-06-25,2025-06-25 16:00,80970,2024-04-01,2025-03-31,三愛オブリ株式会社
S100W5FQ,2025-06-25,2025-06-25 16:00,40690,2024-04-01,2025-03-31,株式会社ＢｌｕｅＭｅｍｅ
S100W47W,2025-06-25,2025-06-25 16:01,63570,2024-04-01,2025-03-31,三精テクノロジーズ株式会社
S100W49T,2025-06-25,2025-06-25 16:02,39790,2024-04-01,2025-03-31,株式会社うるる
S100W411,2025-06-25,2025-06-25 16:02,85180,2024-04-01,2025-03-31,日本アジア投資株式会社
S100W4ME,2025-06-25,2025-06-25 16:02,64240,2024-04-01,2025-03-31,株式会社高見沢サイバネティックス
S100W5KW,2025-06-25,2025-06-25 16:03,69510,2024-04-01,2025-03-31,日本電子株式会社
S100W46Z,2025-06-25,2025-06-25 16:03,51860,2024-04-01,2025-03-31,ニッタ株式会社
S100W1Y4,2025-06-25,2025-06-25 16:04,98960,2024-04-01,2025-03-31,ＪＫホールディングス株式会社
S100W4FO,2025-06-25,2025-06-25 16:04,34010,2024-04-01,2025-03-31,帝人株式会社
S100VXRO,2025-06-25,2025-06-25 16:05,33970,2024-04-01,2025-03-31,株式会社トリドールホールディングス
S100W5C6,2025-06-25,2025-06-25 16:08,67360,2024-04-01,2025-03-31,サン電子株式会社
S100W4Z5,2025-06-25,2025-06-25 16:08,81070,2024-04-01,2025-03-31,株式会社キムラタン
S100W51I,2025-06-25,2025-06-25 16:11,39100,2024-04-01,2025-03-31,株式会社エムケイシステム
S100W543,2025-06-25,2025-06-25 16:11,13010,2024-04-01,2025-03-31,株式会社　極洋
S100W3M8,2025-06-25,2025-06-25 16:12,88980,2024-04-01,2025-03-31,株式会社センチュリー２１・ジャパン
S100W35B,2025-06-25,2025-06-25 16:13,66740,2024-04-01,2025-03-31,株式会社　ジーエス・ユアサ　コーポレーション
S100W2W6,2025-06-25,2025-06-25 16:14,69630,2024-04-01,2025-03-31,ローム株式会社
S100W5OK,2025-06-25,2025-06-25 16:16,19460,2024-04-01,2025-03-31,株式会社トーエネック
S100W649,2025-06-25,2025-06-25 16:18,70900,2024-04-01,2025-03-31,株式会社リグア
S100W3X9,2025-06-25,2025-06-25 16:20,19750,2024-04-01,2025-03-31,株式会社朝日工業社
S100W4X4,2025-06-25,2025-06-25 16:23,65450,2024-04-01,2025-03-31,株式会社インターネットインフィニティー
S100W3XJ,2025-06-25,2025-06-25 16:24,49010,2024-04-01,2025-03-31,富士フイルムホールディングス株式会社
S100W5H1,2025-06-25,2025-06-25 16:26,98560,2024-04-01,2025-03-31,株式会社ケーユーホールディングス
S100W4QZ,2025-06-25,2025-06-25 16:30,71290,2024-04-01,2025-03-31,ミアヘルサホールディングス株式会社
S100W53F,2025-06-25,2025-06-25 16:30,58580,2024-04-01,2025-03-31,株式会社ＳＴＧ
S100W47X,2025-06-25,2025-06-25 16:30,90690,2024-04-01,2025-03-31,センコーグループホールディングス株式会社
S100W65X,2025-06-25,2025-06-25 16:31,81320,2024-04-01,2025-03-31,シナネンホールディングス株式会社
S100W5XO,2025-06-25,2025-06-25 16:31,80890,2024-04-01,2025-03-31,ナイス株式会社
S100W07G,2025-06-25,2025-06-25 16:31,45020,2024-04-01,2025-03-31,武田薬品工業株式会社
S100W3UL,2025-06-25,2025-06-25 16:32,73670,2024-04-01,2025-03-31,株式会社セルム
S100W3NK,2025-06-25,2025-06-25 16:33,24130,2024-04-01,2025-03-31,エムスリー株式会社
S100W53L,2025-06-25,2025-06-25 16:33,41000,2024-04-01,2025-03-31,戸田工業株式会社
S100W5EZ,2025-06-25,2025-06-25 16:34,82140,2024-04-01,2025-03-31,株式会社ＡＯＫＩホールディングス
S100W66E,2025-06-25,2025-06-25 16:37,98530,2024-04-01,2025-03-31,株式会社銀座ルノアール
S100W51F,2025-06-25,2025-06-25 16:42,76950,2024-04-01,2025-03-31,株式会社交換できるくん
S100W5G6,2025-06-25,2025-06-25 16:42,50290,2024-04-01,2025-03-31,サークレイス株式会社
S100W63Z,2025-06-25,2025-06-25 16:44,88690,2024-04-01,2025-03-31,明和地所株式会社
S100W632,2025-06-25,2025-06-25 16:50,87370,2024-04-01,2025-03-31,株式会社あかつき本社
S100W66J,2025-06-25,2025-06-25 16:57,18900,2024-04-01,2025-03-31,東洋建設株式会社
S100W4DK,2025-06-25,2025-06-25 16:59,99600,2024-04-01,2025-03-31,東テク株式会社
S100W4AK,2025-06-25,2025-06-25 17:00,21480,2024-04-01,2025-03-31,アイティメディア株式会社
S100W4KN,2025-06-25,2025-06-25 17:03,46510,2024-04-01,2025-03-31,株式会社サニックス
S100W68D,2025-06-25,2025-06-25 17:05,71110,2024-04-01,2025-03-31,ＩＮＥＳＴ株式会社
S100W69H,2025-06-25,2025-06-25 17:10,70400,2024-04-01,2025-03-31,株式会社サン・ライフホールディング
S100W4NR,2025-06-25,2025-06-25 17:10,95130,2024-04-01,2025-03-31,電源開発株式会社
S100W67S,2025-06-25,2025-06-25 17:10,48270,2024-04-01,2025-03-31,ビジネス・ワンホールディングス株式会社
S100W4MW,2025-06-26,2025-06-26 09:00,21080,2024-04-01,2025-03-31,日本甜菜製糖株式会社
S100W4I7,2025-06-26,2025-06-26 09:00,80410,2024-04-01,2025-03-31,ＯＵＧホールディングス株式会社
S100W6DA,2025-06-26,2025-06-26 09:00,93480,2024-04-01,2025-03-31,株式会社ｉｓｐａｃｅ
S100W5QS,2025-06-26,2025-06-26 09:00,66260,2024-04-01,2025-03-31,ＳＥＭＩＴＥＣ株式会社
S100W5YH,2025-06-26,2025-06-26 09:00,69620,2024-04-01,2025-03-31,株式会社大真空
S100W4JX,2025-06-26,2025-06-26 09:00,79870,2024-04-01,2025-03-31,ナカバヤシ株式会社
S100W6B3,2025-06-26,2025-06-26 09:01,31330,2024-04-01,2025-03-31,株式会社海帆
S100W36D,2025-06-26,2025-06-26 09:01,35120,2024-04-01,2025-03-31,日本フエルト株式会社
S100W59L,2025-06-26,2025-06-26 09:02,18820,2024-04-01,2025-03-31,東亜道路工業株式会社
S100W5YL,2025-06-26,2025-06-26 09:03,46130,2024-04-01,2025-03-31,関西ペイント株式会社
S100W4ZT,2025-06-26,2025-06-26 09:03,49980,2024-04-01,2025-03-31,フマキラー株式会社
S100W53I,2025-06-26,2025-06-26 09:04,63150,2024-04-01,2025-03-31,ＴＯＷＡ株式会社
S100W6CY,2025-06-26,2025-06-26 09:06,66660,2024-04-01,2025-03-31,リバーエレテック株式会社
S100W48R,2025-06-26,2025-06-26 09:07,18880,2024-04-01,2025-03-31,若築建設株式会社
S100W245,2025-06-26,2025-06-26 09:07,74830,2024-04-01,2025-03-31,株式会社ドウシシャ
S100W2N7,2025-06-26,2025-06-26 09:07,61110,2024-04-01,2025-03-31,旭精機工業株式会社
S100W51Z,2025-06-26,2025-06-26 09:07,88760,2024-04-01,2025-03-31,株式会社リログループ
S100W6FA,2025-06-26,2025-06-26 09:07,18610,2024-04-01,2025-03-31,株式会社　熊谷組
S100W56V,2025-06-26,2025-06-26 09:07,81730,2024-04-01,2025-03-31,上新電機株式会社
S100W6AK,2025-06-26,2025-06-26 09:08,68500,2024-04-01,2025-03-31,株式会社チノー
S100W67V,2025-06-26,2025-06-26 09:09,59180,2024-04-01,2025-03-31,瀧上工業株式会社
S100W6NE,2025-06-26,2025-06-26 09:10,96280,2024-04-01,2025-03-31,燦ホールディングス株式会社
S100W5B4,2025-06-26,2025-06-26 09:11,87930,2024-04-01,2025-03-31,ＮＥＣキャピタルソリューション株式会社
S100W2FE,2025-06-26,2025-06-26 09:14,44640,2024-04-01,2025-03-31,株式会社ソフト９９コーポレーション
S100W6AB,2025-06-26,2025-06-26 09:14,30790,2024-04-01,2025-03-31,ディーブイエックス株式会社
S100W5IN,2025-06-26,2025-06-26 09:14,65380,2024-04-01,2025-03-31,株式会社ディスラプターズ
S100W61Y,2025-06-26,2025-06-26 09:15,38020,2024-04-01,2025-03-31,株式会社エコミック
S100W5K7,2025-06-26,2025-06-26 09:16,20030,2024-04-01,2025-03-31,日東富士製粉株式会社
S100W31V,2025-06-26,2025-06-26 09:18,34350,2024-04-01,2025-03-31,サンコーテクノ株式会社
S100W6NO,2025-06-26,2025-06-26 09:20,99300,2024-04-01,2025-03-31,北沢産業株式会社
S100W2FK,2025-06-26,2025-06-26 09:20,52820,2024-04-01,2025-03-31,ジオスター株式会社
S100W6LJ,2025-06-26,2025-06-26 09:20,58030,2024-04-01,2025-03-31,株式会社フジクラ
S100W6DS,2025-06-26,2025-06-26 09:21,64390,2024-04-01,2025-03-31,中日本鋳工株式会社
S100W5UR,2025-06-26,2025-06-26 09:24,34310,2024-04-01,2025-03-31,宮地エンジニアリンググループ株式会社
S100W4P7,2025-06-26,2025-06-26 09:25,36410,2024-04-01,2025-03-31,株式会社パピレス
S100W3FA,2025-06-26,2025-06-26 09:25,28760,2024-04-01,2025-03-31,株式会社デルソーレ
S100W6E1,2025-06-26,2025-06-26 09:26,52610,2024-04-01,2025-03-31,リソルホールディングス株式会社
S100W6NI,2025-06-26,2025-06-26 09:26,40270,2024-04-01,2025-03-31,テイカ株式会社
S100W62G,2025-06-26,2025-06-26 09:28,288A0,2024-04-01,2025-03-31,ラクサス・テクノロジーズ株式会社
S100W634,2025-06-26,2025-06-26 09:29,77620,2024-04-01,2025-03-31,シチズン時計株式会社
S100W5ZE,2025-06-26,2025-06-26 09:30,64790,2024-04-01,2025-03-31,ミネベアミツミ株式会社
S100W6HN,2025-06-26,2025-06-26 09:30,15150,2024-04-01,2025-03-31,日鉄鉱業株式会社
S100W0M0,2025-06-26,2025-06-26 09:31,89200,2024-04-01,2025-03-31,株式会社　東　祥
S100W3ZL,2025-06-26,2025-06-26 09:31,63350,2024-04-01,2025-03-31,株式会社東京機械製作所
S100W53K,2025-06-26,2025-06-26 09:33,59910,2024-04-01,2025-03-31,日本発條株式会社
S100W4ZZ,2025-06-26,2025-06-26 09:34,42420,2024-04-01,2025-03-31,株式会社タカギセイコー
S100W47L,2025-06-26,2025-06-26 09:35,52330,2024-04-01,2025-03-31,太平洋セメント株式会社
S100W67G,2025-06-26,2025-06-26 09:36,93650,2024-04-01,2025-03-31,トレーディア株式会社
S100W5I0,2025-06-26,2025-06-26 09:38,75080,2024-04-01,2025-03-31,株式会社Ｇ‐７ホールディングス
S100W54R,2025-06-26,2025-06-26 09:38,30550,2024-04-01,2025-03-31,株式会社ほくやく・竹山ホールディングス
S100W5NA,2025-06-26,2025-06-26 09:40,85220,2024-04-01,2025-03-31,株式会社　名古屋銀行
S100W6LK,2025-06-26,2025-06-26 09:40,49780,2024-04-01,2025-03-31,株式会社リプロセル
S100W5EN,2025-06-26,2025-06-26 09:42,85420,2024-04-01,2025-03-31,株式会社トマト銀行
S100W62O,2025-06-26,2025-06-26 09:43,96980,2024-04-01,2025-03-31,株式会社クレオ
S100W0VY,2025-06-26,2025-06-26 09:45,25310,2024-04-01,2025-03-31,宝ホールディングス株式会社
S100W1JI,2025-06-26,2025-06-26 09:46,37980,2024-04-01,2025-03-31,ＵＬＳグループ株式会社
S100W6PA,2025-06-26,2025-06-26 09:48,63510,2024-04-01,2025-03-31,株式会社鶴見製作所
S100W386,2025-06-26,2025-06-26 09:52,59520,2024-04-01,2025-03-31,アマテイ株式会社
S100W67T,2025-06-26,2025-06-26 09:53,96840,2024-04-01,2025-03-31,株式会社スクウェア・エニックス・ホールディングス
S100VYLX,2025-06-26,2025-06-26 09:54,74900,2024-04-01,2025-03-31,日新商事株式会社
S100W3V6,2025-06-26,2025-06-26 09:57,72260,2024-04-01,2025-03-31,極東開発工業株式会社
S100W6P2,2025-06-26,2025-06-26 09:59,68460,2024-04-01,2025-03-31,株式会社中央製作所
S100W62E,2025-06-26,2025-06-26 10:00,45590,2024-04-01,2025-03-31,ゼリア新薬工業株式会社
S100W63V,2025-06-26,2025-06-26 10:00,93270,2024-04-01,2025-03-31,株式会社イー・ロジット
S100W4VE,2025-06-26,2025-06-26 10:00,80520,2024-04-01,2025-03-31,椿本興業株式会社
S100W6C7,2025-06-26,2025-06-26 10:00,17990,2024-04-01,2025-03-31,第一建設工業株式会社
S100W6HM,2025-06-26,2025-06-26 10:00,19480,2024-04-01,2025-03-31,株式会社弘電社
S100W2BD,2025-06-26,2025-06-26 10:00,85410,2024-04-01,2025-03-31,株式会社　愛媛銀行
S100W08A,2025-06-26,2025-06-26 10:00,73890,2024-04-01,2025-03-31,株式会社あいちフィナンシャルグループ
S100W5AH,2025-06-26,2025-06-26 10:00,18080,2024-04-01,2025-03-31,株式会社　長谷工コーポレーション
S100W6P4,2025-06-26,2025-06-26 10:01,79060,2024-04-01,2025-03-31,ヨネックス株式会社
S100W308,2025-06-26,2025-06-26 10:03,49320,2024-04-01,2025-03-31,株式会社アルマード
S100W5SR,2025-06-26,2025-06-26 10:03,28190,2024-04-01,2025-03-31,エバラ食品工業株式会社
S100VTO2,2025-06-26,2025-06-26 10:03,65170,2024-04-01,2025-03-31,デンヨー株式会社
S100W5NI,2025-06-26,2025-06-26 10:09,19050,2024-04-01,2025-03-31,株式会社テノックス
S100VZ6F,2025-06-26,2025-06-26 10:10,94040,2024-04-01,2025-03-31,日本テレビホールディングス株式会社
S100W6HQ,2025-06-26,2025-06-26 10:10,256A0,2024-04-01,2025-03-31,飛島ホールディングス株式会社
S100W6QS,2025-06-26,2025-06-26 10:11,62460,2024-04-01,2025-03-31,株式会社テクノスマート
S100W6LH,2025-06-26,2025-06-26 10:12,33750,2024-04-01,2025-03-31,株式会社ＺＯＡ
S100VWHS,2025-06-26,2025-06-26 10:13,18330,2024-04-01,2025-03-31,株式会社奥村組
S100W6PR,2025-06-26,2025-06-26 10:18,72870,2024-04-01,2025-03-31,日本精機株式会社
S100W5OH,2025-06-26,2025-06-26 10:22,97610,2024-04-01,2025-03-31,東海リース株式会社
S100W6B8,2025-06-26,2025-06-26 10:24,33410,2024-04-01,2025-03-31,日本調剤株式会社
S100W3PB,2025-06-26,2025-06-26 10:24,22010,2024-04-01,2025-03-31,森永製菓株式会社
S100W5GP,2025-06-26,2025-06-26 10:25,46760,2024-04-01,2025-03-31,株式会社フジ・メディア・ホールディングス
S100W5N2,2025-06-26,2025-06-26 10:29,79520,2024-04-01,2025-03-31,株式会社河合楽器製作所
S100W5NW,2025-06-26,2025-06-26 10:32,24640,2024-04-01,2025-03-31,株式会社ＡｏｂａーＢＢＴ
S100W5IA,2025-06-26,2025-06-26 10:32,98570,2024-04-01,2025-03-31,英和株式会社
S100W3JE,2025-06-26,2025-06-26 10:34,78870,2024-04-01,2025-03-31,南海プライウッド株式会社
S100W4L7,2025-06-26,2025-06-26 10:38,45210,2024-04-01,2025-03-31,科研製薬株式会社
S100W5WD,2025-06-26,2025-06-26 10:38,17190,2024-04-01,2025-03-31,株式会社安藤・間
S100W5O4,2025-06-26,2025-06-26 10:41,58300,2024-04-01,2025-03-31,株式会社いよぎんホールディングス
S100W5BJ,2025-06-26,2025-06-26 10:42,90720,2024-04-01,2025-03-31,ニッコンホールディングス株式会社
S100W5W6,2025-06-26,2025-06-26 10:43,72550,2024-04-01,2025-03-31,株式会社　桜井製作所
S100W6VM,2025-06-26,2025-06-26 10:51,39320,2024-04-01,2025-03-31,株式会社アカツキ
S100W6AY,2025-06-26,2025-06-26 10:51,23290,2024-04-01,2025-03-31,株式会社東北新社
S100W59Z,2025-06-26,2025-06-26 10:51,59410,2024-04-01,2025-03-31,株式会社　中西製作所
S100W2OJ,2025-06-26,2025-06-26 11:00,59750,2024-04-01,2025-03-31,東プレ株式会社
S100W41Q,2025-06-26,2025-06-26 11:00,44030,2024-04-01,2025-03-31,日油株式会社
S100W6I5,2025-06-26,2025-06-26 11:01,41670,2024-04-01,2025-03-31,株式会社ココペリ
S100W6WI,2025-06-26,2025-06-26 11:02,46910,2024-04-01,2025-03-31,ワシントンホテル株式会社
S100W4PC,2025-06-26,2025-06-26 11:03,61250,2024-04-01,2025-03-31,株式会社岡本工作機械製作所
S100W6WX,2025-06-26,2025-06-26 11:04,64940,2024-04-01,2025-03-31,株式会社ＮＦＫホールディングス
S100W440,2025-06-26,2025-06-26 11:04,285A0,2024-04-01,2025-03-31,キオクシアホールディングス株式会社
S100W6XI,2025-06-26,2025-06-26 11:06,90680,2024-04-01,2025-03-31,丸全昭和運輸株式会社
S100W6WS,2025-06-26,2025-06-26 11:06,73430,2024-04-01,2025-03-31,ブロードマインド株式会社
S100W5OD,2025-06-26,2025-06-26 11:08,59530,2024-04-01,2025-03-31,昭和鉄工株式会社
S100W3XY,2025-06-26,2025-06-26 11:09,69890,2024-04-01,2025-03-31,北陸電気工業株式会社
S100W643,2025-06-26,2025-06-26 11:16,63920,2024-04-01,2025-03-31,株式会社　ヤマダコーポレーション
S100W531,2025-06-26,2025-06-26 11:17,69300,2024-04-01,2025-03-31,日本アンテナ株式会社
S100W228,2025-06-26,2025-06-26 11:17,21790,2024-04-01,2025-03-31,株式会社成学社
S100W6YG,2025-06-26,2025-06-26 11:18,81040,2024-04-01,2025-03-31,クワザワホールディングス株式会社
S100W6WP,2025-06-26,2025-06-26 11:22,99280,2024-04-01,2025-03-31,株式会社ミロク情報サービス
S100W69R,2025-06-26,2025-06-26 11:25,47190,2024-04-01,2025-03-31,株式会社アルファシステムズ
S100W5AQ,2025-06-26,2025-06-26 11:28,49720,2024-04-01,2025-03-31,綜研化学株式会社
S100W0JO,2025-06-26,2025-06-26 11:29,39450,2024-04-01,2025-03-31,スーパーバッグ株式会社
S100W6IK,2025-06-26,2025-06-26 11:29,93570,2024-04-01,2025-03-31,名港海運株式会社
S100W45V,2025-06-26,2025-06-26 11:30,64170,2024-04-01,2025-03-31,株式会社三共
S100W5UY,2025-06-26,2025-06-26 11:34,63690,2024-04-01,2025-03-31,トーヨーカネツ株式会社
S100W5VY,2025-06-26,2025-06-26 11:38,77340,2024-04-01,2025-03-31,理研計器株式会社
S100W708,2025-06-26,2025-06-26 11:38,92020,2024-04-01,2025-03-31,ＡＮＡホールディングス株式会社
S100W4BA,2025-06-26,2025-06-26 11:42,29220,2024-04-01,2025-03-31,株式会社なとり
S100W5H3,2025-06-26,2025-06-26 11:47,94790,2024-04-01,2025-03-31,株式会社インプレスホールディングス
S100W4ZA,2025-06-26,2025-06-26 11:48,33920,2024-04-01,2025-03-31,デリカフーズホールディングス株式会社
S100W6AG,2025-06-26,2025-06-26 11:50,88300,2024-04-01,2025-03-31,住友不動産株式会社
S100W3X3,2025-06-26,2025-06-26 11:54,39410,2024-04-01,2025-03-31,レンゴー株式会社
S100W6WK,2025-06-26,2025-06-26 12:00,22690,2024-04-01,2025-03-31,明治ホールディングス株式会社
S100W6LA,2025-06-26,2025-06-26 12:03,28750,2024-04-01,2025-03-31,東洋水産株式会社
S100W6HP,2025-06-26,2025-06-26 12:05,78680,2024-04-01,2025-03-31,株式会社広済堂ホールディングス
S100W5EP,2025-06-26,2025-06-26 12:05,88410,2024-04-01,2025-03-31,株式会社テーオーシー
S100W4HN,2025-06-26,2025-06-26 12:06,99840,2024-04-01,2025-03-31,ソフトバンクグループ株式会社
S100W4AC,2025-06-26,2025-06-26 12:07,74430,2024-04-01,2025-03-31,横浜魚類株式会社
S100W5DL,2025-06-26,2025-06-26 12:17,63250,2024-04-01,2025-03-31,株式会社タカキタ
S100W5ES,2025-06-26,2025-06-26 12:20,80500,2024-04-01,2025-03-31,セイコーグループ株式会社
S100W73E,2025-06-26,2025-06-26 12:21,37790,2024-04-01,2025-03-31,ジェイ・エスコムホールディングス株式会社
S100W42N,2025-06-26,2025-06-26 12:22,97760,2024-04-01,2025-03-31,札幌臨床検査センター株式会社
S100W28J,2025-06-26,2025-06-26 12:23,31900,2024-04-01,2025-03-31,株式会社ホットマン
S100W73A,2025-06-26,2025-06-26 12:26,79740,2024-04-01,2025-03-31,任天堂株式会社
S100W6E3,2025-06-26,2025-06-26 12:39,44440,2024-04-01,2025-03-31,株式会社インフォネット
S100W6YI,2025-06-26,2025-06-26 12:44,66510,2024-04-01,2025-03-31,日東工業株式会社
S100W55I,2025-06-26,2025-06-26 12:45,19790,2024-04-01,2025-03-31,株式会社大気社
S100W70L,2025-06-26,2025-06-26 12:53,61380,2024-04-01,2025-03-31,ダイジェット工業株式会社
S100W3VT,2025-06-26,2025-06-26 12:53,31070,2024-04-01,2025-03-31,ダイワボウホールディングス株式会社
S100W6ME,2025-06-26,2025-06-26 12:57,77170,2024-04-01,2025-03-31,株式会社ブイ・テクノロジー
S100W526,2025-06-26,2025-06-26 12:57,60230,2024-04-01,2025-03-31,ダイハツインフィニアース株式会社
S100W59T,2025-06-26,2025-06-26 12:58,31030,2024-04-01,2025-03-31,ユニチカ株式会社
S100W5C2,2025-06-26,2025-06-26 12:58,70460,2024-04-01,2025-03-31,ＴＤＳＥ株式会社
S100W5R4,2025-06-26,2025-06-26 13:00,70600,2024-04-01,2025-03-31,ギークス株式会社
S100W5ML,2025-06-26,2025-06-26 13:00,23760,2024-04-01,2025-03-31,株式会社　サイネックス
S100W6W0,2025-06-26,2025-06-26 13:02,93320,2024-04-01,2025-03-31,ＮＩＳＳＯホールディングス株式会社
S100W6IN,2025-06-26,2025-06-26 13:03,53880,2024-04-01,2025-03-31,クニミネ工業株式会社
S100W6S6,2025-06-26,2025-06-26 13:05,90510,2024-04-01,2025-03-31,センコン物流株式会社
S100W2BX,2025-06-26,2025-06-26 13:05,79900,2024-04-01,2025-03-31,グローブライド株式会社
S100W60B,2025-06-26,2025-06-26 13:05,46810,2024-04-01,2025-03-31,リゾートトラスト株式会社
S100W5P9,2025-06-26,2025-06-26 13:05,89950,2024-04-01,2025-03-31,株式会社誠建設工業
S100W5NX,2025-06-26,2025-06-26 13:06,69860,2024-04-01,2025-03-31,双葉電子工業株式会社
S100W23J,2025-06-26,2025-06-26 13:08,93590,2024-04-01,2025-03-31,伊勢湾海運株式会社
S100W5KH,2025-06-26,2025-06-26 13:08,44920,2024-04-01,2025-03-31,株式会社ゼネテック
S100W53O,2025-06-26,2025-06-26 13:14,77950,2024-04-01,2025-03-31,株式会社ＫＹＯＲＩＴＳＵ
S100W3GN,2025-06-26,2025-06-26 13:15,62030,2024-04-01,2025-03-31,豊和工業株式会社
S100W48W,2025-06-26,2025-06-26 13:15,72760,2024-04-01,2025-03-31,株式会社小糸製作所
S100W750,2025-06-26,2025-06-26 13:15,42340,2024-04-01,2025-03-31,株式会社サンエー化研
S100W67H,2025-06-26,2025-06-26 13:16,94010,2024-04-01,2025-03-31,株式会社ＴＢＳホールディングス
S100W73W,2025-06-26,2025-06-26 13:17,92270,2024-04-01,2025-03-31,マイクロ波化学株式会社
S100W76C,2025-06-26,2025-06-26 13:17,44830,2024-04-01,2025-03-31,株式会社ＪＭＤＣ
S100W5UC,2025-06-26,2025-06-26 13:17,49260,2024-04-01,2025-03-31,株式会社シーボン
S100W5NO,2025-06-26,2025-06-26 13:17,24350,2024-04-01,2025-03-31,株式会社シダー
S100W768,2025-06-26,2025-06-26 13:18,14910,2024-04-01,2025-03-31,中外鉱業株式会社
S100W4E5,2025-06-26,2025-06-26 13:18,53040,2024-04-01,2025-03-31,ＳＥＣカーボン株式会社
S100W4ST,2025-06-26,2025-06-26 13:19,19920,2024-04-01,2025-03-31,神田通信機株式会社
S100W6WW,2025-06-26,2025-06-26 13:20,25880,2024-04-01,2025-03-31,株式会社プレミアムウォーターホールディングス
S100W538,2025-06-26,2025-06-26 13:21,18070,2024-04-01,2025-03-31,株式会社佐藤渡辺
S100W2X5,2025-06-26,2025-06-26 13:21,13320,2024-04-01,2025-03-31,株式会社ニッスイ
S100W622,2025-06-26,2025-06-26 13:23,62920,2024-04-01,2025-03-31,株式会社カワタ
S100W2RY,2025-06-26,2025-06-26 13:24,54580,2024-04-01,2025-03-31,高砂鐵工株式会社
S100W68Z,2025-06-26,2025-06-26 13:24,18470,2024-04-01,2025-03-31,株式会社イチケン
S100W576,2025-06-26,2025-06-26 13:24,19260,2024-04-01,2025-03-31,ライト工業株式会社
S100W6S9,2025-06-26,2025-06-26 13:25,79160,2024-04-01,2025-03-31,光村印刷株式会社
S100W2GQ,2025-06-26,2025-06-26 13:26,23350,2024-04-01,2025-03-31,株式会社キューブシステム
S100W76Y,2025-06-26,2025-06-26 13:28,76980,2024-04-01,2025-03-31,株式会社アイスコ
S100W4TI,2025-06-26,2025-06-26 13:30,18210,2024-04-01,2025-03-31,三井住友建設株式会社
S100W5SG,2025-06-26,2025-06-26 13:31,88350,2024-04-01,2025-03-31,太平洋興発株式会社
S100W6PW,2025-06-26,2025-06-26 13:32,63910,2024-04-01,2025-03-31,株式会社加地テック
S100W70D,2025-06-26,2025-06-26 13:37,63710,2024-04-01,2025-03-31,株式会社椿本チエイン
S100W5V1,2025-06-26,2025-06-26 13:37,36400,2024-04-01,2025-03-31,株式会社電算
S100W48G,2025-06-26,2025-06-26 13:38,25400,2024-04-01,2025-03-31,養命酒製造株式会社
S100W6LF,2025-06-26,2025-06-26 13:39,59110,2024-04-01,2025-03-31,株式会社横河ブリッジホールディングス
S100W6EQ,2025-06-26,2025-06-26 13:40,66200,2024-04-01,2025-03-31,宮越ホールディングス株式会社
S100W64J,2025-06-26,2025-06-26 13:41,60720,2024-04-01,2025-03-31,地盤ネットホールディングス株式会社
S100W2ZD,2025-06-26,2025-06-26 13:41,75640,2024-04-01,2025-03-31,株式会社ワークマン
S100W5UA,2025-06-26,2025-06-26 13:41,81370,2024-04-01,2025-03-31,サンワテクノス株式会社
S100W6W5,2025-06-26,2025-06-26 13:41,69610,2024-04-01,2025-03-31,株式会社エンプラス
S100W788,2025-06-26,2025-06-26 13:42,78960,2024-04-01,2025-03-31,セブン工業株式会社
S100W4M7,2025-06-26,2025-06-26 13:43,40410,2024-04-01,2025-03-31,日本曹達株式会社
S100W6PG,2025-06-26,2025-06-26 13:44,81180,2024-04-01,2025-03-31,株式会社　キング
S100W5R1,2025-06-26,2025-06-26 13:45,59830,2024-04-01,2025-03-31,イワブチ株式会社
S100W78E,2025-06-26,2025-06-26 13:45,52800,2024-04-01,2025-03-31,ヨシコン株式会社
S100W6NM,2025-06-26,2025-06-26 13:48,35980,2024-04-01,2025-03-31,山喜株式会社
S100W79K,2025-06-26,2025-06-26 13:48,80370,2024-04-01,2025-03-31,カメイ株式会社
S100W6U0,2025-06-26,2025-06-26 13:49,72730,2024-04-01,2025-03-31,株式会社イクヨ
S100W3FI,2025-06-26,2025-06-26 13:51,97330,2024-04-01,2025-03-31,株式会社ナガセ
S100W6NX,2025-06-26,2025-06-26 13:53,69540,2024-04-01,2025-03-31,ファナック株式会社
S100W6QU,2025-06-26,2025-06-26 13:54,59890,2024-04-01,2025-03-31,株式会社エイチワン
S100W4G1,2025-06-26,2025-06-26 13:54,30100,2024-04-01,2025-03-31,ポラリス・ホールディングス株式会社
S100W2MW,2025-06-26,2025-06-26 13:58,52900,2024-04-01,2025-03-31,株式会社ベルテクスコーポレーション
S100W1SE,2025-06-26,2025-06-26 13:58,90650,2024-04-01,2025-03-31,山九株式会社
S100W5I6,2025-06-26,2025-06-26 14:00,80230,2024-04-01,2025-03-31,ＤＡＩＫＯ　ＸＴＥＣＨ株式会社
S100W78X,2025-06-26,2025-06-26 14:00,92560,2024-04-01,2025-03-31,株式会社サクシード
S100W089,2025-06-26,2025-06-26 14:00,59580,2024-04-01,2025-03-31,三洋工業株式会社
S100W6C9,2025-06-26,2025-06-26 14:00,70870,2024-04-01,2025-03-31,株式会社ウイルテック
S100W3QL,2025-06-26,2025-06-26 14:00,41090,2024-04-01,2025-03-31,ステラケミファ株式会社
S100W42X,2025-06-26,2025-06-26 14:00,96640,2024-04-01,2025-03-31,株式会社御園座
S100W79V,2025-06-26,2025-06-26 14:01,42470,2024-04-01,2025-03-31,ポバール興業株式会社
S100VZPB,2025-06-26,2025-06-26 14:02,94090,2024-04-01,2025-03-31,株式会社テレビ朝日ホールディングス
S100W24A,2025-06-26,2025-06-26 14:03,72450,2024-04-01,2025-03-31,大同メタル工業株式会社
S100W6ZM,2025-06-26,2025-06-26 14:05,48880,2024-04-01,2025-03-31,ステラファーマ株式会社
S100W5IV,2025-06-26,2025-06-26 14:10,68690,2024-04-01,2025-03-31,シスメックス株式会社
S100W6B7,2025-06-26,2025-06-26 14:11,90590,2024-04-01,2025-03-31,カンダホールディングス株式会社
S100W7AD,2025-06-26,2025-06-26 14:11,33880,2024-04-01,2025-03-31,明治電機工業株式会社
S100W2OM,2025-06-26,2025-06-26 14:14,68030,2024-04-01,2025-03-31,ティアック株式会社
S100W7BJ,2025-06-26,2025-06-26 14:15,55990,2024-04-01,2025-03-31,Ｓ＆Ｊ株式会社
S100W5LL,2025-06-26,2025-06-26 14:16,76340,2024-04-01,2025-03-31,株式会社星医療酸器
S100W5K9,2025-06-26,2025-06-26 14:17,31570,2024-04-01,2025-03-31,ジオリーブグループ株式会社
S100W7BP,2025-06-26,2025-06-26 14:17,80200,2024-04-01,2025-03-31,兼松株式会社
S100W446,2025-06-26,2025-06-26 14:19,22240,2024-04-01,2025-03-31,株式会社コモ
S100W3O2,2025-06-26,2025-06-26 14:19,68480,2024-04-01,2025-03-31,東亜ディーケーケー株式会社
S100W6QR,2025-06-26,2025-06-26 14:21,47200,2024-04-01,2025-03-31,株式会社城南進学研究社
S100W4R9,2025-06-26,2025-06-26 14:23,41180,2024-04-01,2025-03-31,株式会社カネカ
S100W69N,2025-06-26,2025-06-26 14:24,59940,2024-04-01,2025-03-31,株式会社ファインシンター
S100W363,2025-06-26,2025-06-26 14:24,67870,2024-04-01,2025-03-31,株式会社メイコー
S100W6EU,2025-06-26,2025-06-26 14:25,77260,2024-04-01,2025-03-31,黒田精工株式会社
S100W3U3,2025-06-26,2025-06-26 14:30,62370,2024-04-01,2025-03-31,株式会社イワキ
S100W7BV,2025-06-26,2025-06-26 14:30,79020,2024-04-01,2025-03-31,株式会社ソノコム
S100W5RS,2025-06-26,2025-06-26 14:31,30320,2024-04-01,2025-03-31,株式会社ゴルフ・ドゥ
S100W378,2025-06-26,2025-06-26 14:32,70940,2024-04-01,2025-03-31,株式会社ＮｅｘＴｏｎｅ
S100W5M9,2025-06-26,2025-06-26 14:33,59810,2024-04-01,2025-03-31,東京製綱株式会社
S100W5EY,2025-06-26,2025-06-26 14:33,62820,2024-04-01,2025-03-31,オイレス工業株式会社
S100W7C4,2025-06-26,2025-06-26 14:35,53420,2024-04-01,2025-03-31,ジャニス工業株式会社
S100W670,2025-06-26,2025-06-26 14:39,69520,2024-04-01,2025-03-31,カシオ計算機株式会社
S100W6CP,2025-06-26,2025-06-26 14:41,63680,2024-04-01,2025-03-31,オルガノ株式会社
S100W7AF,2025-06-26,2025-06-26 14:42,80300,2024-04-01,2025-03-31,中央魚類株式会社
S100W5X9,2025-06-26,2025-06-26 14:44,54450,2024-04-01,2025-03-31,東京鐵鋼株式会社
S100W570,2025-06-26,2025-06-26 14:45,331A0,2024-04-01,2025-03-31,株式会社メディックス
S100W6D6,2025-06-26,2025-06-26 14:46,61440,2024-04-01,2025-03-31,西部電機株式会社
S100W7EW,2025-06-26,2025-06-26 14:47,70210,2024-04-01,2025-03-31,株式会社ニッチツ
S100W6DZ,2025-06-26,2025-06-26 14:51,19520,2024-04-01,2025-03-31,新日本空調株式会社
S100W6DG,2025-06-26,2025-06-26 14:51,58450,2024-04-01,2025-03-31,全保連株式会社
S100W7AG,2025-06-26,2025-06-26 14:55,28130,2024-04-01,2025-03-31,和弘食品株式会社
S100W72Q,2025-06-26,2025-06-26 14:58,74610,2024-04-01,2025-03-31,株式会社キムラ
S100W553,2025-06-26,2025-06-26 14:58,83950,2024-04-01,2025-03-31,株式会社佐賀銀行
S100W719,2025-06-26,2025-06-26 15:00,97060,2024-04-01,2025-03-31,日本空港ビルデング株式会社
S100W7E4,2025-06-26,2025-06-26 15:00,31500,2024-04-01,2025-03-31,株式会社グリムス
S100W5CD,2025-06-26,2025-06-26 15:00,42410,2024-04-01,2025-03-31,株式会社アテクト
S100W51C,2025-06-26,2025-06-26 15:00,94240,2024-04-01,2025-03-31,日本通信株式会社
S100W1RK,2025-06-26,2025-06-26 15:00,64720,2024-04-01,2025-03-31,ＮＴＮ株式会社
S100W6FX,2025-06-26,2025-06-26 15:00,69430,2024-04-01,2025-03-31,ＮＫＫスイッチズ株式会社
S100W6R2,2025-06-26,2025-06-26 15:00,19810,2024-04-01,2025-03-31,株式会社協和日成
S100W5HX,2025-06-26,2025-06-26 15:01,23780,2024-04-01,2025-03-31,株式会社ルネサンス
S100W3YY,2025-06-26,2025-06-26 15:01,81190,2024-04-01,2025-03-31,株式会社三栄コーポレーション
S100W5KI,2025-06-26,2025-06-26 15:01,38630,2024-04-01,2025-03-31,日本製紙株式会社
S100W4D5,2025-06-26,2025-06-26 15:02,77910,2024-04-01,2025-03-31,ドリームベッド株式会社
S100W7F6,2025-06-26,2025-06-26 15:02,88500,2024-04-01,2025-03-31,スターツコーポレーション株式会社
S100W6ZH,2025-06-26,2025-06-26 15:02,42120,2024-04-01,2025-03-31,積水樹脂株式会社
S100W6TF,2025-06-26,2025-06-26 15:03,98310,2024-04-01,2025-03-31,株式会社ヤマダホールディングス
S100W417,2025-06-26,2025-06-26 15:04,52870,2024-04-01,2025-03-31,株式会社イトーヨーギョー
S100W3EE,2025-06-26,2025-06-26 15:04,71400,2024-04-01,2025-03-31,ペットゴー株式会社
S100W0IR,2025-06-26,2025-06-26 15:06,94020,2024-04-01,2025-03-31,中部日本放送株式会社
S100W50O,2025-06-26,2025-06-26 15:06,90630,2024-04-01,2025-03-31,岡山県貨物運送株式会社
S100W6AN,2025-06-26,2025-06-26 15:07,79990,2024-04-01,2025-03-31,ＭＵＴＯＨホールディングス株式会社
S100W5T7,2025-06-26,2025-06-26 15:08,28060,2024-04-01,2025-03-31,ユタカフーズ株式会社
S100W6KN,2025-06-26,2025-06-26 15:09,17360,2024-04-01,2025-03-31,株式会社　オーテック
S100W2P5,2025-06-26,2025-06-26 15:09,82910,2024-04-01,2025-03-31,日産東京販売ホールディングス株式会社
S100W4NQ,2025-06-26,2025-06-26 15:10,30680,2024-04-01,2025-03-31,株式会社ＷＤＩ
S100W7GC,2025-06-26,2025-06-26 15:11,66170,2024-04-01,2025-03-31,株式会社東光高岳
S100W6T6,2025-06-26,2025-06-26 15:11,50090,2024-04-01,2025-03-31,富士興産株式会社
S100W6IJ,2025-06-26,2025-06-26 15:13,90310,2024-04-01,2025-03-31,西日本鉄道株式会社
S100W4NZ,2025-06-26,2025-06-26 15:14,18100,2024-04-01,2025-03-31,松井建設株式会社
S100W5OS,2025-06-26,2025-06-26 15:14,96870,2024-04-01,2025-03-31,株式会社ＫＳＫ
S100W5RR,2025-06-26,2025-06-26 15:15,81230,2024-04-01,2025-03-31,川辺株式会社
S100W7DH,2025-06-26,2025-06-26 15:15,35130,2024-04-01,2025-03-31,イチカワ株式会社
S100W7GR,2025-06-26,2025-06-26 15:17,81540,2024-04-01,2025-03-31,加賀電子株式会社
S100W7GV,2025-06-26,2025-06-26 15:17,65790,2024-04-01,2025-03-31,ログリー株式会社
S100W3YW,2025-06-26,2025-06-26 15:18,78220,2024-04-01,2025-03-31,永大産業株式会社
S100W2GC,2025-06-26,2025-06-26 15:20,52320,2024-04-01,2025-03-31,住友大阪セメント株式会社
S100W1TK,2025-06-26,2025-06-26 15:20,67060,2024-04-01,2025-03-31,電気興業株式会社
S100W5CM,2025-06-26,2025-06-26 15:22,66760,2024-04-01,2025-03-31,株式会社バッファロー
S100W325,2025-06-26,2025-06-26 15:24,60700,2024-04-01,2025-03-31,キャリアリンク株式会社
S100W6D4,2025-06-26,2025-06-26 15:28,37720,2024-04-01,2025-03-31,ウェルス・マネジメント株式会社
S100W7H8,2025-06-26,2025-06-26 15:28,21620,2024-04-01,2025-03-31,ｎｍｓホールディングス株式会社
S100W5Q4,2025-06-26,2025-06-26 15:30,81390,2024-04-01,2025-03-31,株式会社ナガホリ
S100W5A2,2025-06-26,2025-06-26 15:30,27300,2024-04-01,2025-03-31,株式会社エディオン
S100W75E,2025-06-26,2025-06-26 15:30,61810,2024-04-01,2025-03-31,タメニー株式会社
S100W7HK,2025-06-26,2025-06-26 15:30,44980,2024-04-01,2025-03-31,サイバートラスト株式会社
S100W751,2025-06-26,2025-06-26 15:30,88480,2024-04-01,2025-03-31,株式会社レオパレス２１
S100W51U,2025-06-26,2025-06-26 15:30,67070,2024-04-01,2025-03-31,サンケン電気株式会社
S100W6S4,2025-06-26,2025-06-26 15:30,36110,2024-04-01,2025-03-31,株式会社マツオカコーポレーション
S100W5PD,2025-06-26,2025-06-26 15:30,55960,2024-04-01,2025-03-31,アウトルックコンサルティング株式会社
S100W6EF,2025-06-26,2025-06-26 15:30,91430,2024-04-01,2025-03-31,ＳＧホールディングス株式会社
S100W4IH,2025-06-26,2025-06-26 15:30,71330,2024-04-01,2025-03-31,ＨＹＵＧＡ　ＰＲＩＭＡＲＹ　ＣＡＲＥ株式会社
S100W6HO,2025-06-26,2025-06-26 15:30,80430,2024-04-01,2025-03-31,スターゼン株式会社
S100VZI0,2025-06-26,2025-06-26 15:30,31830,2024-04-01,2025-03-31,ウイン・パートナーズ株式会社
S100W6OX,2025-06-26,2025-06-26 15:30,87710,2024-04-01,2025-03-31,イー・ギャランティ株式会社
S100W61P,2025-06-26,2025-06-26 15:30,95050,2024-04-01,2025-03-31,北陸電力株式会社
S100W4LL,2025-06-26,2025-06-26 15:30,90060,2024-04-01,2025-03-31,京浜急行電鉄株式会社
S100W4PY,2025-06-26,2025-06-26 15:30,297A0,2024-04-01,2025-03-31,アルピコホールディングス株式会社
S100W1KZ,2025-06-26,2025-06-26 15:30,42050,2024-04-01,2025-03-31,日本ゼオン株式会社
S100W598,2025-06-26,2025-06-26 15:30,93110,2024-04-01,2025-03-31,アサガミ株式会社
S100VY55,2025-06-26,2025-06-26 15:30,46610,2024-04-01,2025-03-31,株式会社オリエンタルランド
S100W3C0,2025-06-26,2025-06-26 15:31,62400,2024-04-01,2025-03-31,ヤマシンフィルタ株式会社
S100VYQK,2025-06-26,2025-06-26 15:31,52620,2024-04-01,2025-03-31,日本ヒューム株式会社
S100W68U,2025-06-26,2025-06-26 15:31,92040,2024-04-01,2025-03-31,スカイマーク株式会社
S100W1PH,2025-06-26,2025-06-26 15:32,77310,2024-04-01,2025-03-31,株式会社ニコン
S100W75I,2025-06-26,2025-06-26 15:32,19680,2024-04-01,2025-03-31,太平電業株式会社
S100W66M,2025-06-26,2025-06-26 15:33,54910,2024-04-01,2025-03-31,日本金属株式会社
S100W65J,2025-06-26,2025-06-26 15:34,60420,2024-04-01,2025-03-31,株式会社ニッキ
S100W3TE,2025-06-26,2025-06-26 15:35,67860,2024-04-01,2025-03-31,株式会社ＲＶＨ
S100W6WO,2025-06-26,2025-06-26 15:35,60920,2024-04-01,2025-03-31,株式会社エンバイオ・ホールディングス
S100W6YA,2025-06-26,2025-06-26 15:36,72920,2024-04-01,2025-03-31,株式会社村上開明堂
S100W1AX,2025-06-26,2025-06-26 15:37,66440,2024-04-01,2025-03-31,大崎電気工業株式会社
S100W71K,2025-06-26,2025-06-26 15:38,46230,2024-04-01,2025-03-31,株式会社アサヒペン
S100W5XN,2025-06-26,2025-06-26 15:38,48000,2024-04-01,2025-03-31,オリコン株式会社
S100W47A,2025-06-26,2025-06-26 15:40,63650,2024-04-01,2025-03-31,株式会社電業社機械製作所
S100W6SF,2025-06-26,2025-06-26 15:40,79850,2024-04-01,2025-03-31,ネポン株式会社
S100W62W,2025-06-26,2025-06-26 15:43,48190,2024-04-01,2025-03-31,株式会社デジタルガレージ
S100W5XH,2025-06-26,2025-06-26 15:43,18840,2024-04-01,2025-03-31,日本道路株式会社
S100W5IJ,2025-06-26,2025-06-26 15:44,21360,2024-04-01,2025-03-31,株式会社ヒップ
S100W5EK,2025-06-26,2025-06-26 15:44,38490,2024-04-01,2025-03-31,日本テクノ・ラボ株式会社
S100W739,2025-06-26,2025-06-26 15:45,84730,2024-04-01,2025-03-31,ＳＢＩホールディングス株式会社
S100W7JV,2025-06-26,2025-06-26 15:45,36610,2024-04-01,2025-03-31,株式会社エムアップホールディングス
S100W7H0,2025-06-26,2025-06-26 15:47,90820,2024-04-01,2025-03-31,大和自動車交通株式会社
S100W7IF,2025-06-26,2025-06-26 15:48,69970,2024-04-01,2025-03-31,日本ケミコン株式会社
S100W6HR,2025-06-26,2025-06-26 15:48,69120,2024-04-01,2025-03-31,菊水ホールディングス株式会社
S100W7EA,2025-06-26,2025-06-26 15:49,62260,2024-04-01,2025-03-31,守谷輸送機工業株式会社
S100W72W,2025-06-26,2025-06-26 15:51,40470,2024-04-01,2025-03-31,関東電化工業株式会社
S100W6KM,2025-06-26,2025-06-26 15:51,79110,2024-04-01,2025-03-31,ＴＯＰＰＡＮホールディングス株式会社
S100W40E,2025-06-26,2025-06-26 15:53,92290,2024-04-01,2025-03-31,株式会社サンウェルズ
S100W70U,2025-06-26,2025-06-26 15:55,72970,2024-04-01,2025-03-31,株式会社カーメイト
S100W5YG,2025-06-26,2025-06-26 15:56,66470,2024-04-01,2025-03-31,森尾電機株式会社
S100W6X8,2025-06-26,2025-06-26 15:56,53510,2024-04-01,2025-03-31,品川リフラクトリーズ株式会社
S100W5LN,2025-06-26,2025-06-26 15:57,58020,2024-04-01,2025-03-31,住友電気工業株式会社
S100W6L2,2025-06-26,2025-06-26 15:59,78740,2024-04-01,2025-03-31,レック株式会社
S100W53C,2025-06-26,2025-06-26 16:00,32840,2024-04-01,2025-03-31,株式会社フージャースホールディングス
S100W6TK,2025-06-26,2025-06-26 16:00,97880,2024-04-01,2025-03-31,株式会社ナック
S100W4D4,2025-06-26,2025-06-26 16:00,50710,2024-04-01,2025-03-31,株式会社ヴィス
S100W78J,2025-06-26,2025-06-26 16:00,72470,2024-04-01,2025-03-31,株式会社ミクニ
S100W60T,2025-06-26,2025-06-26 16:00,65250,2024-04-01,2025-03-31,株式会社ＫＯＫＵＳＡＩ　ＥＬＥＣＴＲＩＣ
S100VZWR,2025-06-26,2025-06-26 16:00,90740,2024-04-01,2025-03-31,日本石油輸送株式会社
S100W6ZV,2025-06-26,2025-06-26 16:00,68620,2024-04-01,2025-03-31,ミナトホールディングス株式会社
S100W68B,2025-06-26,2025-06-26 16:00,78150,2024-04-01,2025-03-31,東京ボード工業株式会社
S100W7MV,2025-06-26,2025-06-26 16:00,65490,2024-04-01,2025-03-31,ディーエムソリューションズ株式会社
S100W74X,2025-06-26,2025-06-26 16:01,23340,2024-04-01,2025-03-31,株式会社イオレ
S100W7J8,2025-06-26,2025-06-26 16:01,47620,2024-04-01,2025-03-31,株式会社エックスネット
S100W7HJ,2025-06-26,2025-06-26 16:01,48900,2024-04-01,2025-03-31,株式会社坪田ラボ
S100W2XD,2025-06-26,2025-06-26 16:01,24330,2024-04-01,2025-03-31,株式会社博報堂ＤＹホールディングス
S100W3TR,2025-06-26,2025-06-26 16:02,35290,2024-04-01,2025-03-31,アツギ株式会社
S100W693,2025-06-26,2025-06-26 16:04,300A0,2024-04-01,2025-03-31,ＭＩＣ株式会社
S100W6QZ,2025-06-26,2025-06-26 16:05,76770,2024-04-01,2025-03-31,株式会社ヤシマキザイ
S100W7KW,2025-06-26,2025-06-26 16:05,52520,2024-04-01,2025-03-31,日本ナレッジ株式会社
S100W463,2025-06-26,2025-06-26 16:06,38610,2024-04-01,2025-03-31,王子ホールディングス株式会社
S100W7MR,2025-06-26,2025-06-26 16:06,77450,2024-04-01,2025-03-31,株式会社Ａ＆Ｄホロンホールディングス
S100W66Q,2025-06-26,2025-06-26 16:07,68790,2024-04-01,2025-03-31,株式会社ＩＭＡＧＩＣＡ　ＧＲＯＵＰ
S100W7NI,2025-06-26,2025-06-26 16:07,91300,2024-04-01,2025-03-31,共栄タンカー株式会社
S100W7FM,2025-06-26,2025-06-26 16:07,64030,2024-04-01,2025-03-31,水道機工株式会社
S100W02F,2025-06-26,2025-06-26 16:08,72390,2024-04-01,2025-03-31,株式会社タチエス
S100W7JF,2025-06-26,2025-06-26 16:08,38800,2024-04-01,2025-03-31,大王製紙株式会社
S100W65I,2025-06-26,2025-06-26 16:09,97910,2024-04-01,2025-03-31,株式会社ビケンテクノ
S100W2X7,2025-06-26,2025-06-26 16:10,60740,2024-04-01,2025-03-31,株式会社ジェイエスエス
S100W7KU,2025-06-26,2025-06-26 16:11,44350,2024-04-01,2025-03-31,株式会社カオナビ
S100VZAD,2025-06-26,2025-06-26 16:11,77320,2024-04-01,2025-03-31,株式会社　トプコン
S100W6GJ,2025-06-26,2025-06-26 16:11,68900,2024-04-01,2025-03-31,株式会社フェローテックホールディングス
S100W77A,2025-06-26,2025-06-26 16:11,72140,2024-04-01,2025-03-31,ＧＭＢ株式会社
S100W75D,2025-06-26,2025-06-26 16:11,40950,2024-04-01,2025-03-31,日本パーカライジング株式会社
S100W7N4,2025-06-26,2025-06-26 16:12,51620,2024-04-01,2025-03-31,株式会社朝日ラバー
S100W7NX,2025-06-26,2025-06-26 16:21,29280,2024-04-01,2025-03-31,ＲＩＺＡＰグループ株式会社
S100W3LC,2025-06-26,2025-06-26 16:21,40640,2024-04-01,2025-03-31,日本カーバイド工業株式会社
S100W63T,2025-06-26,2025-06-26 16:31,45060,2024-04-01,2025-03-31,住友ファーマ株式会社
S100W5FA,2025-06-26,2025-06-26 16:32,44880,2024-04-01,2025-03-31,ＡＩ　ｉｎｓｉｄｅ株式会社
S100W7PX,2025-06-26,2025-06-26 16:33,19650,2024-04-01,2025-03-31,株式会社テクノ菱和
S100W7QA,2025-06-26,2025-06-26 16:34,78170,2024-04-01,2025-03-31,パラマウントベッドホールディングス株式会社
S100W6FB,2025-06-26,2025-06-26 16:42,64280,2024-04-01,2025-03-31,株式会社オーイズミ
S100W69L,2025-06-26,2025-06-26 16:43,18980,2024-04-01,2025-03-31,世紀東急工業株式会社
S100W5F7,2025-06-26,2025-06-26 16:45,67530,2024-04-01,2025-03-31,シャープ株式会社
S100W6PX,2025-06-26,2025-06-26 16:45,77150,2024-04-01,2025-03-31,長野計器株式会社
S100W6WA,2025-06-26,2025-06-26 16:47,69250,2024-04-01,2025-03-31,ウシオ電機株式会社
S100W2GO,2025-06-26,2025-06-26 16:51,53560,2024-04-01,2025-03-31,美濃窯業株式会社
S100W79B,2025-06-26,2025-06-26 16:52,59390,2024-04-01,2025-03-31,株式会社大谷工業
S100W7S3,2025-06-26,2025-06-26 16:53,51330,2024-04-01,2025-03-31,株式会社テリロジーホールディングス
S100W6G7,2025-06-26,2025-06-26 16:53,78850,2024-04-01,2025-03-31,タカノ株式会社
S100W7QV,2025-06-26,2025-06-26 16:56,38440,2024-04-01,2025-03-31,コムチュア株式会社
S100W7IB,2025-06-26,2025-06-26 16:57,78600,2024-04-01,2025-03-31,エイベックス株式会社
S100W7RW,2025-06-26,2025-06-26 16:59,62570,2024-04-01,2025-03-31,株式会社藤商事
S100W7ST,2025-06-26,2025-06-26 17:01,76150,2024-04-01,2025-03-31,株式会社京都きもの友禅ホールディングス
S100W6AQ,2025-06-26,2025-06-26 17:01,51940,2024-04-01,2025-03-31,相模ゴム工業株式会社
S100W7SS,2025-06-26,2025-06-26 17:06,99690,2024-04-01,2025-03-31,株式会社ショクブン
S100W79S,2025-06-26,2025-06-26 17:13,40460,2024-04-01,2025-03-31,株式会社大阪ソーダ
S100W7QE,2025-06-27,2025-06-27 09:01,17110,2024-04-01,2025-03-31,株式会社ＳＤＳホールディングス
S100W58B,2025-06-27,2025-06-27 09:01,72080,2024-04-01,2025-03-31,株式会社カネミツ
S100W4ZM,2025-06-27,2025-06-27 09:02,43230,2024-04-01,2025-03-31,日本システム技術株式会社
S100W7T7,2025-06-27,2025-06-27 09:02,45700,2024-04-01,2025-03-31,株式会社免疫生物研究所
S100VZ6G,2025-06-27,2025-06-27 09:02,62480,2024-04-01,2025-03-31,株式会社横田製作所
S100W675,2025-06-27,2025-06-27 09:03,81350,2024-04-01,2025-03-31,ゼット株式会社
S100W7B3,2025-06-27,2025-06-27 09:06,49750,2024-04-01,2025-03-31,株式会社ＪＣＵ
S100W6ZZ,2025-06-27,2025-06-27 09:07,59760,2024-04-01,2025-03-31,高周波熱錬株式会社
S100W51N,2025-06-27,2025-06-27 09:08,64190,2024-04-01,2025-03-31,株式会社マースグループホールディングス
S100W3KJ,2025-06-27,2025-06-27 09:11,35370,2024-04-01,2025-03-31,昭栄薬品株式会社
S100W7KN,2025-06-27,2025-06-27 09:16,59980,2024-04-01,2025-03-31,株式会社　アドバネクス
S100W7J5,2025-06-27,2025-06-27 09:16,35040,2024-04-01,2025-03-31,株式会社丸八ホールディングス
S100W7U8,2025-06-27,2025-06-27 09:17,33060,2024-04-01,2025-03-31,日本製麻株式会社
S100W7LO,2025-06-27,2025-06-27 09:19,27080,2024-04-01,2025-03-31,株式会社久世
S100W77P,2025-06-27,2025-06-27 09:22,33700,2024-04-01,2025-03-31,株式会社フジタコーポレーション
S100W7V7,2025-06-27,2025-06-27 09:24,63470,2024-04-01,2025-03-31,株式会社プラコー
S100W7OG,2025-06-27,2025-06-27 09:25,43410,2024-04-01,2025-03-31,西菱電機株式会社
S100W7QC,2025-06-27,2025-06-27 09:26,59490,2024-04-01,2025-03-31,ユニプレス株式会社
S100W61L,2025-06-27,2025-06-27 09:26,27630,2024-04-01,2025-03-31,株式会社エフティグループ
S100W7Q3,2025-06-27,2025-06-27 09:27,53570,2024-04-01,2025-03-31,株式会社　ヨータイ
S100W7B1,2025-06-27,2025-06-27 09:27,18410,2024-04-01,2025-03-31,サンユー建設株式会社
S100W3ZT,2025-06-27,2025-06-27 09:34,35510,2024-04-01,2025-03-31,ダイニック株式会社
S100W83R,2025-06-27,2025-06-27 09:38,81010,2024-04-01,2025-03-31,株式会社ＧＳＩクレオス
S100W7CP,2025-06-27,2025-06-27 09:39,62220,2024-04-01,2025-03-31,株式会社島精機製作所
S100W57W,2025-06-27,2025-06-27 09:41,44100,2024-04-01,2025-03-31,ハリマ化成グループ株式会社
S100W7EN,2025-06-27,2025-06-27 09:49,32910,2024-04-01,2025-03-31,飯田グループホールディングス株式会社
S100W7V1,2025-06-27,2025-06-27 09:53,51890,2024-04-01,2025-03-31,櫻護謨株式会社
S100W6QW,2025-06-27,2025-06-27 09:56,48380,2024-04-01,2025-03-31,スペースシャワーＳＫＩＹＡＫＩホールディングス株式会社
S100VXIA,2025-06-27,2025-06-27 09:57,29240,2024-04-01,2025-03-31,イフジ産業株式会社
S100W7A4,2025-06-27,2025-06-27 10:00,28180,2024-04-01,2025-03-31,株式会社ピエトロ
S100W7EV,2025-06-27,2025-06-27 10:00,26810,2024-04-01,2025-03-31,株式会社ゲオホールディングス
S100W6TJ,2025-06-27,2025-06-27 10:02,52680,2024-04-01,2025-03-31,旭コンクリート工業株式会社
S100W7O4,2025-06-27,2025-06-27 10:03,17800,2024-04-01,2025-03-31,株式会社　ヤマウラ
S100W5R7,2025-06-27,2025-06-27 10:05,80780,2024-04-01,2025-03-31,阪和興業株式会社
S100VTZF,2025-06-27,2025-06-27 10:12,73050,2024-04-01,2025-03-31,新家工業株式会社
S100W85T,2025-06-27,2025-06-27 10:13,76020,2024-04-01,2025-03-31,株式会社レダックス
S100W7P9,2025-06-27,2025-06-27 10:17,99290,2024-04-01,2025-03-31,平和紙業株式会社
S100W86F,2025-06-27,2025-06-27 10:19,99060,2024-04-01,2025-03-31,藤井産業株式会社
S100W4AV,2025-06-27,2025-06-27 10:19,42400,2024-04-01,2025-03-31,クラスターテクノロジー株式会社
S100W49X,2025-06-27,2025-06-27 10:25,38420,2024-04-01,2025-03-31,株式会社ネクストジェン
S100W7GP,2025-06-27,2025-06-27 10:27,37410,2024-04-01,2025-03-31,株式会社セック
S100W7SX,2025-06-27,2025-06-27 10:30,90270,2024-04-01,2025-03-31,株式会社ロジネットジャパン
S100W5XF,2025-06-27,2025-06-27 10:32,39530,2024-04-01,2025-03-31,大村紙業株式会社
S100W5W3,2025-06-27,2025-06-27 10:32,59730,2024-04-01,2025-03-31,株式会社トーアミ
S100W881,2025-06-27,2025-06-27 10:33,55790,2024-04-01,2025-03-31,株式会社ＧＳＩ
S100W5JY,2025-06-27,2025-06-27 10:36,65650,2024-04-01,2025-03-31,ＡＢホテル株式会社
S100VVUK,2025-06-27,2025-06-27 10:38,90350,2024-04-01,2025-03-31,第一交通産業株式会社
S100W7UN,2025-06-27,2025-06-27 10:51,97660,2024-04-01,2025-03-31,コナミグループ株式会社
S100W77R,2025-06-27,2025-06-27 10:51,82070,2024-04-01,2025-03-31,テンアライド株式会社
S100W75R,2025-06-27,2025-06-27 10:53,81050,2024-04-01,2025-03-31,堀田丸正株式会社
S100W892,2025-06-27,2025-06-27 10:56,23510,2024-04-01,2025-03-31,株式会社ＡＳＪ
S100W7F7,2025-06-27,2025-06-27 10:58,96960,2024-04-01,2025-03-31,株式会社ウィザス
S100W6AR,2025-06-27,2025-06-27 10:58,90340,2024-04-01,2025-03-31,南総通運株式会社
S100W89P,2025-06-27,2025-06-27 11:01,38510,2024-04-01,2025-03-31,株式会社日本一ソフトウェア
S100W5GZ,2025-06-27,2025-06-27 11:03,91150,2024-04-01,2025-03-31,明海グループ株式会社
S100W7DR,2025-06-27,2025-06-27 11:05,39630,2024-04-01,2025-03-31,株式会社シンクロ・フード
S100W6ND,2025-06-27,2025-06-27 11:13,56580,2024-04-01,2025-03-31,日亜鋼業株式会社
S100W66G,2025-06-27,2025-06-27 11:14,53630,2024-04-01,2025-03-31,東京窯業株式会社
S100W783,2025-06-27,2025-06-27 11:16,59450,2024-04-01,2025-03-31,天龍製鋸株式会社
S100W7T1,2025-06-27,2025-06-27 11:20,43160,2024-04-01,2025-03-31,株式会社ビーマップ
S100W7R1,2025-06-27,2025-06-27 11:20,94660,2024-04-01,2025-03-31,株式会社アイドママーケティングコミュニケーション
S100W37Z,2025-06-27,2025-06-27 11:21,21210,2024-04-01,2025-03-31,株式会社ＭＩＸＩ
S100W7W6,2025-06-27,2025-06-27 11:24,30200,2024-04-01,2025-03-31,アプライド株式会社
S100W7U0,2025-06-27,2025-06-27 11:28,80390,2024-04-01,2025-03-31,築地魚市場株式会社
S100W8BO,2025-06-27,2025-06-27 11:29,43870,2024-04-01,2025-03-31,株式会社ＺＵＵ
S100W7HP,2025-06-27,2025-06-27 11:29,79500,2024-04-01,2025-03-31,日本デコラックス株式会社
S100W81W,2025-06-27,2025-06-27 11:30,46800,2024-04-01,2025-03-31,株式会社ラウンドワン
S100W8AL,2025-06-27,2025-06-27 11:30,366A0,2024-04-01,2025-03-31,ウェルネス・コミュニケーションズ株式会社
S100W7WX,2025-06-27,2025-06-27 11:31,93360,2024-04-01,2025-03-31,大栄環境株式会社
S100W76I,2025-06-27,2025-06-27 11:36,79530,2024-04-01,2025-03-31,菊水化学工業株式会社
S100W7NP,2025-06-27,2025-06-27 11:41,74550,2024-04-01,2025-03-31,株式会社パリミキホールディングス
S100W8D4,2025-06-27,2025-06-27 11:42,56210,2024-04-01,2025-03-31,株式会社ヒューマンテクノロジーズ
S100W5U5,2025-06-27,2025-06-27 11:42,24150,2024-04-01,2025-03-31,ヒューマンホールディングス株式会社
S100W7ZF,2025-06-27,2025-06-27 11:45,55710,2024-04-01,2025-03-31,エキサイトホールディングス株式会社
S100W7IR,2025-06-27,2025-06-27 11:47,19210,2024-04-01,2025-03-31,株式会社　巴コーポレーション
S100W8CD,2025-06-27,2025-06-27 11:48,69070,2024-04-01,2025-03-31,ジオマテック株式会社
S100W0GJ,2025-06-27,2025-06-27 11:52,38370,2024-04-01,2025-03-31,アドソル日進株式会社
S100W22M,2025-06-27,2025-06-27 12:00,82090,2024-04-01,2025-03-31,株式会社フレンドリー
S100W8E8,2025-06-27,2025-06-27 12:03,45580,2024-04-01,2025-03-31,株式会社中京医薬品
S100W7TQ,2025-06-27,2025-06-27 12:04,82260,2024-04-01,2025-03-31,株式会社　理経
S100W7UR,2025-06-27,2025-06-27 12:05,94750,2024-04-01,2025-03-31,株式会社昭文社ホールディングス
S100W706,2025-06-27,2025-06-27 12:08,46780,2024-04-01,2025-03-31,株式会社　秀英予備校
S100W71V,2025-06-27,2025-06-27 12:10,40440,2024-04-01,2025-03-31,セントラル硝子株式会社
S100W7GA,2025-06-27,2025-06-27 12:23,87470,2024-04-01,2025-03-31,豊トラスティ証券株式会社
S100W7X6,2025-06-27,2025-06-27 12:25,63310,2024-04-01,2025-03-31,三菱化工機株式会社
S100W7IS,2025-06-27,2025-06-27 12:34,33460,2024-04-01,2025-03-31,ヒロタグループホールディングス株式会社
S100W60W,2025-06-27,2025-06-27 12:35,68360,2024-04-01,2025-03-31,ぷらっとホーム株式会社
S100W24X,2025-06-27,2025-06-27 12:35,17760,2024-04-01,2025-03-31,三井住建道路株式会社
S100VXN8,2025-06-27,2025-06-27 12:36,64800,2024-04-01,2025-03-31,日本トムソン株式会社
S100W76Z,2025-06-27,2025-06-27 12:49,67710,2024-04-01,2025-03-31,池上通信機株式会社
S100W6LS,2025-06-27,2025-06-27 12:51,74600,2024-04-01,2025-03-31,株式会社ヤギ
S100W75T,2025-06-27,2025-06-27 12:52,51920,2024-04-01,2025-03-31,三ツ星ベルト株式会社
S100W782,2025-06-27,2025-06-27 12:52,64080,2024-04-01,2025-03-31,小倉クラッチ株式会社
S100VYR9,2025-06-27,2025-06-27 12:55,80450,2024-04-01,2025-03-31,横浜丸魚株式会社
S100W7ZO,2025-06-27,2025-06-27 12:56,57260,2024-04-01,2025-03-31,株式会社大阪チタニウムテクノロジーズ
S100W568,2025-06-27,2025-06-27 13:00,46250,2024-04-01,2025-03-31,アトミクス株式会社
S100W7G0,2025-06-27,2025-06-27 13:00,98180,2024-04-01,2025-03-31,大丸エナウィン株式会社
S100W6XT,2025-06-27,2025-06-27 13:00,82810,2024-04-01,2025-03-31,ゼビオホールディングス株式会社
S100W3SO,2025-06-27,2025-06-27 13:01,61470,2024-04-01,2025-03-31,株式会社ヤマザキ
S100W8F4,2025-06-27,2025-06-27 13:01,59150,2024-04-01,2025-03-31,株式会社駒井ハルテック
S100W5WU,2025-06-27,2025-06-27 13:01,81470,2024-04-01,2025-03-31,株式会社トミタ
S100W8GJ,2025-06-27,2025-06-27 13:02,66430,2024-04-01,2025-03-31,株式会社戸上電機製作所
S100W70G,2025-06-27,2025-06-27 13:02,42240,2024-04-01,2025-03-31,ロンシール工業株式会社
S100W5M5,2025-06-27,2025-06-27 13:03,67630,2024-04-01,2025-03-31,帝国通信工業株式会社
S100W7AH,2025-06-27,2025-06-27 13:06,60180,2024-04-01,2025-03-31,阪神内燃機工業株式会社
S100W6TY,2025-06-27,2025-06-27 13:07,59620,2024-04-01,2025-03-31,浅香工業株式会社
S100W6MU,2025-06-27,2025-06-27 13:07,19800,2024-04-01,2025-03-31,ダイダン株式会社
S100W5UW,2025-06-27,2025-06-27 13:07,60850,2024-04-01,2025-03-31,アーキテクツ・スタジオ・ジャパン株式会社
S100W7DP,2025-06-27,2025-06-27 13:08,78770,2024-04-01,2025-03-31,永大化工株式会社
S100W7E9,2025-06-27,2025-06-27 13:08,46240,2024-04-01,2025-03-31,イサム塗料株式会社
S100W2J1,2025-06-27,2025-06-27 13:09,64160,2024-04-01,2025-03-31,桂川電機株式会社
S100W7T0,2025-06-27,2025-06-27 13:10,33150,2024-04-01,2025-03-31,日本コークス工業株式会社
S100W6WQ,2025-06-27,2025-06-27 13:11,31110,2024-04-01,2025-03-31,オーミケンシ株式会社
S100W6DX,2025-06-27,2025-06-27 13:13,79420,2024-04-01,2025-03-31,株式会社ジェイエスピー
S100W5IX,2025-06-27,2025-06-27 13:13,68240,2024-04-01,2025-03-31,新コスモス電機株式会社
S100W8A3,2025-06-27,2025-06-27 13:13,93120,2024-04-01,2025-03-31,ケイヒン株式会社
S100W85O,2025-06-27,2025-06-27 13:15,72290,2024-04-01,2025-03-31,株式会社ユタカ技研
S100W7GM,2025-06-27,2025-06-27 13:16,21120,2024-04-01,2025-03-31,塩水港精糖株式会社
S100W8HA,2025-06-27,2025-06-27 13:16,99040,2024-04-01,2025-03-31,株式会社ベリテ
S100W8HU,2025-06-27,2025-06-27 13:17,43890,2024-04-01,2025-03-31,プロパティデータバンク株式会社
S100W8HQ,2025-06-27,2025-06-27 13:18,28050,2024-04-01,2025-03-31,ヱスビー食品株式会社
S100W6S2,2025-06-27,2025-06-27 13:20,65700,2024-04-01,2025-03-31,株式会社共和コーポレーション
S100W80P,2025-06-27,2025-06-27 13:20,44370,2024-04-01,2025-03-31,ｇｏｏｄｄａｙｓホールディングス株式会社
S100W6TW,2025-06-27,2025-06-27 13:20,75700,2024-04-01,2025-03-31,橋本総業ホールディングス株式会社
S100W6W4,2025-06-27,2025-06-27 13:23,97800,2024-04-01,2025-03-31,株式会社ハリマビステム
S100W5B9,2025-06-27,2025-06-27 13:25,74130,2024-04-01,2025-03-31,株式会社創健社
S100W88G,2025-06-27,2025-06-27 13:28,81030,2024-04-01,2025-03-31,明和産業株式会社
S100W52J,2025-06-27,2025-06-27 13:29,60220,2024-04-01,2025-03-31,株式会社　赤阪鐵工所
S100W84L,2025-06-27,2025-06-27 13:30,79910,2024-04-01,2025-03-31,マミヤ・オーピー株式会社
S100W7HH,2025-06-27,2025-06-27 13:30,26760,2024-04-01,2025-03-31,高千穂交易株式会社
S100W6QJ,2025-06-27,2025-06-27 13:30,39540,2024-04-01,2025-03-31,昭和パックス株式会社
S100W4UR,2025-06-27,2025-06-27 13:31,40220,2024-04-01,2025-03-31,ラサ工業株式会社
S100W6EY,2025-06-27,2025-06-27 13:32,71180,2024-04-01,2025-03-31,株式会社伸和ホールディングス
S100W8IJ,2025-06-27,2025-06-27 13:33,75780,2024-04-01,2025-03-31,株式会社ニチリョク
S100W6CO,2025-06-27,2025-06-27 13:34,77270,2024-04-01,2025-03-31,株式会社オーバル
S100W5DJ,2025-06-27,2025-06-27 13:38,51420,2024-04-01,2025-03-31,アキレス株式会社
S100W777,2025-06-27,2025-06-27 13:41,62730,2024-04-01,2025-03-31,ＳＭＣ株式会社
S100W7OB,2025-06-27,2025-06-27 13:43,45340,2024-04-01,2025-03-31,持田製薬株式会社
S100W3W9,2025-06-27,2025-06-27 13:48,18690,2024-04-01,2025-03-31,名工建設株式会社
S100W7Y5,2025-06-27,2025-06-27 13:49,64300,2024-04-01,2025-03-31,ダイコク電機株式会社
S100W8ID,2025-06-27,2025-06-27 13:51,71020,2024-04-01,2025-03-31,日本車輌製造株式会社
S100W8K6,2025-06-27,2025-06-27 13:53,74630,2024-04-01,2025-03-31,株式会社アドヴァン
S100W89S,2025-06-27,2025-06-27 13:54,27900,2024-04-01,2025-03-31,株式会社ナフコ
S100W8EW,2025-06-27,2025-06-27 13:54,32240,2024-04-01,2025-03-31,株式会社ゼネラル・オイスター
S100W7MI,2025-06-27,2025-06-27 13:55,46280,2024-04-01,2025-03-31,エスケー化研株式会社
S100W6GR,2025-06-27,2025-06-27 13:55,52370,2024-04-01,2025-03-31,株式会社ノザワ
S100W7AZ,2025-06-27,2025-06-27 13:57,75930,2024-04-01,2025-03-31,ＶＴホールディングス株式会社
S100W8E7,2025-06-27,2025-06-27 13:57,81590,2024-04-01,2025-03-31,株式会社立花エレテック
S100W7JU,2025-06-27,2025-06-27 13:58,93530,2024-04-01,2025-03-31,櫻島埠頭株式会社
S100W7TM,2025-06-27,2025-06-27 14:00,19720,2024-04-01,2025-03-31,三晃金属工業株式会社
S100W7ZH,2025-06-27,2025-06-27 14:01,82080,2024-04-01,2025-03-31,株式会社エンチョー
S100W68P,2025-06-27,2025-06-27 14:02,77800,2024-04-01,2025-03-31,株式会社メニコン
S100W7Z5,2025-06-27,2025-06-27 14:02,77210,2024-04-01,2025-03-31,東京計器株式会社
S100VWP8,2025-06-27,2025-06-27 14:03,79370,2024-04-01,2025-03-31,株式会社ツツミ
S100W7OA,2025-06-27,2025-06-27 14:03,91710,2024-04-01,2025-03-31,栗林商船株式会社
S100W20C,2025-06-27,2025-06-27 14:09,90810,2024-04-01,2025-03-31,神奈川中央交通株式会社
S100W5WR,2025-06-27,2025-06-27 14:09,31230,2024-04-01,2025-03-31,サイボー株式会社
S100W7EY,2025-06-27,2025-06-27 14:09,299A0,2024-04-01,2025-03-31,ｄｅｌｙ株式会社
S100W4LX,2025-06-27,2025-06-27 14:10,20550,2024-04-01,2025-03-31,日和産業株式会社
S100W8M9,2025-06-27,2025-06-27 14:11,31750,2024-04-01,2025-03-31,株式会社エー・ピーホールディングス
S100W8GV,2025-06-27,2025-06-27 14:11,62470,2024-04-01,2025-03-31,株式会社日阪製作所
S100W8M0,2025-06-27,2025-06-27 14:11,76350,2024-04-01,2025-03-31,杉田エース株式会社
S100W6SG,2025-06-27,2025-06-27 14:12,80320,2024-04-01,2025-03-31,日本紙パルプ商事株式会社
S100W6XE,2025-06-27,2025-06-27 14:13,70110,2024-04-01,2025-03-31,三菱重工業株式会社
S100W4MT,2025-06-27,2025-06-27 14:13,72690,2024-04-01,2025-03-31,スズキ株式会社
S100W8M6,2025-06-27,2025-06-27 14:14,74620,2024-04-01,2025-03-31,株式会社ＣＡＰＩＴＡ
S100W8K0,2025-06-27,2025-06-27 14:15,68320,2024-04-01,2025-03-31,アオイ電子株式会社
S100W743,2025-06-27,2025-06-27 14:18,80910,2024-04-01,2025-03-31,ニチモウ株式会社
S100W7VL,2025-06-27,2025-06-27 14:20,64360,2024-04-01,2025-03-31,アマノ株式会社
S100W7BZ,2025-06-27,2025-06-27 14:24,78970,2024-04-01,2025-03-31,ホクシン株式会社
S100W7CJ,2025-06-27,2025-06-27 14:25,30770,2024-04-01,2025-03-31,ホリイフードサービス株式会社
S100W8HG,2025-06-27,2025-06-27 14:30,73830,2024-04-01,2025-03-31,株式会社ネットプロテクションズホールディングス
S100W8DW,2025-06-27,2025-06-27 14:30,69960,2024-04-01,2025-03-31,ニチコン株式会社
S100W2YE,2025-06-27,2025-06-27 14:31,78630,2024-04-01,2025-03-31,株式会社平賀
S100W81X,2025-06-27,2025-06-27 14:32,23950,2024-04-01,2025-03-31,株式会社新日本科学
S100W8MK,2025-06-27,2025-06-27 14:35,70750,2024-04-01,2025-03-31,株式会社ＱＬＳホールディングス
S100W828,2025-06-27,2025-06-27 14:35,65740,2024-04-01,2025-03-31,株式会社コンヴァノ
S100W7L9,2025-06-27,2025-06-27 14:37,19630,2024-04-01,2025-03-31,日揮ホールディングス株式会社
S100W86P,2025-06-27,2025-06-27 14:37,57070,2024-04-01,2025-03-31,東邦亜鉛株式会社
S100W87M,2025-06-27,2025-06-27 14:48,91580,2024-04-01,2025-03-31,株式会社シーユーシー
S100W60G,2025-06-27,2025-06-27 14:48,29760,2024-04-01,2025-03-31,日本グランデ株式会社
S100W6XW,2025-06-27,2025-06-27 14:49,94070,2024-04-01,2025-03-31,株式会社ＲＫＢ毎日ホールディングス
S100W6V8,2025-06-27,2025-06-27 14:56,64120,2024-04-01,2025-03-31,株式会社平和
S100W7ZL,2025-06-27,2025-06-27 14:59,142A0,2024-04-01,2025-03-31,株式会社ジンジブ
S100W7BL,2025-06-27,2025-06-27 14:59,54820,2024-04-01,2025-03-31,愛知製鋼株式会社
S100W785,2025-06-27,2025-06-27 14:59,70180,2024-04-01,2025-03-31,内海造船株式会社
S100W773,2025-06-27,2025-06-27 15:00,65070,2024-04-01,2025-03-31,シンフォニアテクノロジー株式会社
S100W84C,2025-06-27,2025-06-27 15:00,74670,2024-04-01,2025-03-31,萩原電気ホールディングス株式会社
S100W4QL,2025-06-27,2025-06-27 15:00,32930,2024-04-01,2025-03-31,アズマハウス株式会社
S100VZO2,2025-06-27,2025-06-27 15:01,69690,2024-04-01,2025-03-31,松尾電機株式会社
S100W89B,2025-06-27,2025-06-27 15:01,18920,2024-04-01,2025-03-31,徳倉建設株式会社
S100W8HZ,2025-06-27,2025-06-27 15:02,33580,2024-04-01,2025-03-31,ワイエスフード株式会社
S100W7XS,2025-06-27,2025-06-27 15:03,81600,2024-04-01,2025-03-31,株式会社　木曽路
S100W7Q2,2025-06-27,2025-06-27 15:03,64060,2024-04-01,2025-03-31,フジテック株式会社
S100W71A,2025-06-27,2025-06-27 15:05,18790,2024-04-01,2025-03-31,新日本建設株式会社
S100W76E,2025-06-27,2025-06-27 15:06,72910,2024-04-01,2025-03-31,日本プラスト株式会社
S100W8E0,2025-06-27,2025-06-27 15:08,41160,2024-04-01,2025-03-31,大日精化工業株式会社
S100W8O6,2025-06-27,2025-06-27 15:08,38400,2024-04-01,2025-03-31,パス株式会社
S100W8D0,2025-06-27,2025-06-27 15:08,30420,2024-04-01,2025-03-31,株式会社セキュアヴェイル
S100W83V,2025-06-27,2025-06-27 15:09,13840,2024-04-01,2025-03-31,株式会社　ホクリヨウ
S100W7GL,2025-06-27,2025-06-27 15:10,41190,2024-04-01,2025-03-31,株式会社日本ピグメントホールディングス
S100W7MT,2025-06-27,2025-06-27 15:10,93630,2024-04-01,2025-03-31,株式会社大運
S100W2BM,2025-06-27,2025-06-27 15:11,93800,2024-04-01,2025-03-31,東海運株式会社
S100W7OX,2025-06-27,2025-06-27 15:12,86980,2024-04-01,2025-03-31,マネックスグループ株式会社
S100W8R8,2025-06-27,2025-06-27 15:14,80850,2024-04-01,2025-03-31,ナラサキ産業株式会社
S100VXS4,2025-06-27,2025-06-27 15:15,30110,2024-04-01,2025-03-31,株式会社バナーズ
S100W68A,2025-06-27,2025-06-27 15:15,61450,2024-04-01,2025-03-31,ＮＩＴＴＯＫＵ株式会社
S100W82M,2025-06-27,2025-06-27 15:15,18270,2024-04-01,2025-03-31,株式会社ナカノフドー建設
S100W8DE,2025-06-27,2025-06-27 15:16,99970,2024-04-01,2025-03-31,株式会社ベルーナ
S100W8RB,2025-06-27,2025-06-27 15:21,332A0,2024-04-01,2025-03-31,ミーク株式会社
S100W75B,2025-06-27,2025-06-27 15:23,66230,2024-04-01,2025-03-31,愛知電機株式会社
S100W8RX,2025-06-27,2025-06-27 15:24,69930,2024-04-01,2025-03-31,大黒屋ホールディングス株式会社
S100W86V,2025-06-27,2025-06-27 15:25,68190,2024-04-01,2025-03-31,伊豆シャボテンリゾート株式会社
S100W8RF,2025-06-27,2025-06-27 15:29,89380,2024-04-01,2025-03-31,グローム・ホールディングス株式会社
S100W80D,2025-06-27,2025-06-27 15:29,89990,2024-04-01,2025-03-31,グランディハウス株式会社
S100W0TQ,2025-06-27,2025-06-27 15:30,49660,2024-04-01,2025-03-31,上村工業株式会社
S100W7YC,2025-06-27,2025-06-27 15:30,35420,2024-04-01,2025-03-31,株式会社ベガコーポレーション
S100W8AE,2025-06-27,2025-06-27 15:30,59560,2024-04-01,2025-03-31,トーソー株式会社
S100W8BK,2025-06-27,2025-06-27 15:30,44420,2024-04-01,2025-03-31,バルテス・ホールディングス株式会社
S100W8ST,2025-06-27,2025-06-27 15:30,45980,2024-04-01,2025-03-31,ＤｅｌｔａーＦｌｙ　Ｐｈａｒｍａ株式会社
S100W829,2025-06-27,2025-06-27 15:30,15140,2024-04-01,2025-03-31,住石ホールディングス株式会社
S100W81F,2025-06-27,2025-06-27 15:30,43040,2024-04-01,2025-03-31,株式会社Ｅストアー
S100W3RO,2025-06-27,2025-06-27 15:30,18350,2024-04-01,2025-03-31,東鉄工業株式会社
S100W8LA,2025-06-27,2025-06-27 15:30,58700,2024-04-01,2025-03-31,株式会社ナルネットコミュニケーションズ
S100W6NZ,2025-06-27,2025-06-27 15:31,69600,2024-04-01,2025-03-31,フクダ電子株式会社
S100W8I9,2025-06-27,2025-06-27 15:31,14470,2024-04-01,2025-03-31,ＳＡＡＦホールディングス株式会社
S100W5TI,2025-06-27,2025-06-27 15:31,48820,2024-04-01,2025-03-31,株式会社ペルセウスプロテオミクス
S100W5OW,2025-06-27,2025-06-27 15:31,352A0,2024-04-01,2025-03-31,株式会社ＬＩＦＥ　ＣＲＥＡＴＥ
S100W7PS,2025-06-27,2025-06-27 15:31,66590,2024-04-01,2025-03-31,株式会社メディアリンクス
S100W7OT,2025-06-27,2025-06-27 15:31,20010,2024-04-01,2025-03-31,株式会社ニップン
S100W7S9,2025-06-27,2025-06-27 15:31,28310,2024-04-01,2025-03-31,はごろもフーズ株式会社
S100W8S5,2025-06-27,2025-06-27 15:32,58210,2024-04-01,2025-03-31,平河ヒューテック株式会社
S100W59P,2025-06-27,2025-06-27 15:32,38640,2024-04-01,2025-03-31,三菱製紙株式会社
S100VX74,2025-06-27,2025-06-27 15:33,44250,2024-04-01,2025-03-31,Ｋｕｄａｎ株式会社
S100W8G2,2025-06-27,2025-06-27 15:33,45840,2024-04-01,2025-03-31,キッズウェル・バイオ株式会社
S100W722,2025-06-27,2025-06-27 15:33,50330,2024-04-01,2025-03-31,株式会社ヌーラボ
S100W8RQ,2025-06-27,2025-06-27 15:34,69040,2024-04-01,2025-03-31,原田工業株式会社
S100W3D6,2025-06-27,2025-06-27 15:34,62980,2024-04-01,2025-03-31,ワイエイシイホールディングス株式会社
S100W81A,2025-06-27,2025-06-27 15:34,90090,2024-04-01,2025-03-31,京成電鉄株式会社
S100W8CN,2025-06-27,2025-06-27 15:37,43470,2024-04-01,2025-03-31,ブロードメディア株式会社
S100W4E9,2025-06-27,2025-06-27 15:38,57290,2024-04-01,2025-03-31,日本精鉱株式会社
S100W2L1,2025-06-27,2025-06-27 15:38,90070,2024-04-01,2025-03-31,小田急電鉄株式会社
S100W8HJ,2025-06-27,2025-06-27 15:39,72840,2024-04-01,2025-03-31,盟和産業株式会社
S100W7VG,2025-06-27,2025-06-27 15:40,33600,2024-04-01,2025-03-31,シップヘルスケアホールディングス株式会社
S100W8TM,2025-06-27,2025-06-27 15:41,39050,2024-04-01,2025-03-31,データセクション株式会社
S100W60H,2025-06-27,2025-06-27 15:43,82820,2024-04-01,2025-03-31,株式会社ケーズホールディングス
S100W701,2025-06-27,2025-06-27 15:43,26070,2024-04-01,2025-03-31,不二製油株式会社
S100W62Z,2025-06-27,2025-06-27 15:43,71620,2024-04-01,2025-03-31,アストマックス株式会社
S100W7OR,2025-06-27,2025-06-27 15:45,79230,2024-04-01,2025-03-31,トーイン株式会社
S100W8KE,2025-06-27,2025-06-27 15:46,79460,2024-04-01,2025-03-31,株式会社光陽社
S100W7G6,2025-06-27,2025-06-27 15:48,61660,2024-04-01,2025-03-31,株式会社中村超硬
S100W53E,2025-06-27,2025-06-27 15:50,82250,2024-04-01,2025-03-31,株式会社タカチホ
S100W1ZS,2025-06-27,2025-06-27 15:51,38650,2024-04-01,2025-03-31,北越コーポレーション株式会社
S100W86C,2025-06-27,2025-06-27 15:52,61930,2024-04-01,2025-03-31,バーチャレクス・ホールディングス株式会社
S100W8OU,2025-06-27,2025-06-27 15:58,65130,2024-04-01,2025-03-31,株式会社オリジン
S100W8SW,2025-06-27,2025-06-27 15:59,56120,2024-04-01,2025-03-31,日本鋳鉄管株式会社
S100W8UY,2025-06-27,2025-06-27 16:00,39620,2024-04-01,2025-03-31,株式会社チェンジホールディングス
S100W3BD,2025-06-27,2025-06-27 16:00,46860,2024-04-01,2025-03-31,株式会社ジャストシステム
S100W8UE,2025-06-27,2025-06-27 16:00,87830,2024-04-01,2025-03-31,ＧＦＡ株式会社
S100W7N9,2025-06-27,2025-06-27 16:00,79180,2024-04-01,2025-03-31,株式会社ヴィア・ホールディングス
S100W6OW,2025-06-27,2025-06-27 16:02,63780,2024-04-01,2025-03-31,木村化工機株式会社
S100W8VV,2025-06-27,2025-06-27 16:02,71920,2024-04-01,2025-03-31,日本モーゲージサービス株式会社
S100W7WR,2025-06-27,2025-06-27 16:04,93600,2024-04-01,2025-03-31,鈴与シンワート株式会社
S100W6EI,2025-06-27,2025-06-27 16:04,90050,2024-04-01,2025-03-31,東急株式会社
S100W5QR,2025-06-27,2025-06-27 16:04,69980,2024-04-01,2025-03-31,日本タングステン株式会社
S100W8PX,2025-06-27,2025-06-27 16:04,23230,2024-04-01,2025-03-31,株式会社ｆｏｎｆｕｎ
S100W6B5,2025-06-27,2025-06-27 16:04,36760,2024-04-01,2025-03-31,株式会社デジタルハーツホールディングス
S100W7C5,2025-06-27,2025-06-27 16:05,18030,2024-04-01,2025-03-31,清水建設株式会社
S100W7W2,2025-06-27,2025-06-27 16:06,98670,2024-04-01,2025-03-31,ソレキア株式会社
S100W8HB,2025-06-27,2025-06-27 16:06,65800,2024-04-01,2025-03-31,株式会社ライトアップ
S100W8WL,2025-06-27,2025-06-27 16:07,66290,2024-04-01,2025-03-31,テクノホライゾン株式会社
S100W83H,2025-06-27,2025-06-27 16:10,29110,2024-04-01,2025-03-31,旭松食品株式会社
S100W7U9,2025-06-27,2025-06-27 16:14,67430,2024-04-01,2025-03-31,大同信号株式会社
S100W8VO,2025-06-27,2025-06-27 16:15,99270,2024-04-01,2025-03-31,株式会社ワットマン
S100W8RO,2025-06-27,2025-06-27 16:16,37500,2024-04-01,2025-03-31,株式会社サイトリ細胞研究所
S100W8W5,2025-06-27,2025-06-27 16:18,58520,2024-04-01,2025-03-31,株式会社アーレスティ
S100W8X4,2025-06-27,2025-06-27 16:18,65620,2024-04-01,2025-03-31,株式会社ジーニー
S100W85X,2025-06-27,2025-06-27 16:22,31990,2024-04-01,2025-03-31,綿半ホールディングス株式会社
S100W89W,2025-06-27,2025-06-27 16:27,36280,2024-07-01,2025-03-31,株式会社データホライゾン
S100W658,2025-06-27,2025-06-27 16:28,37620,2024-04-01,2025-03-31,テクマトリックス株式会社
S100W6N2,2025-06-27,2025-06-27 16:32,90700,2024-04-01,2025-03-31,トナミホールディングス株式会社
S100W7YH,2025-06-27,2025-06-27 16:32,81450,2024-04-01,2025-03-31,中部水産株式会社
S100W65H,2025-06-27,2025-06-27 16:37,69820,2024-04-01,2025-03-31,株式会社リード
S100W7ZY,2025-06-27,2025-06-27 16:45,97690,2024-04-01,2025-03-31,株式会社学究社
S100W8YV,2025-06-27,2025-06-27 16:48,77940,2024-04-01,2025-03-31,株式会社イーディーピー
S100W8Z8,2025-06-27,2025-06-27 16:56,51610,2024-04-01,2025-03-31,西川ゴム工業株式会社
S100W8MT,2025-06-30,2025-06-30 09:00,34370,2024-04-01,2025-03-31,特殊電極株式会社
S100W8NG,2025-06-30,2025-06-30 09:00,61950,2024-04-01,2025-03-31,株式会社ホープ
S100W4UE,2025-06-30,2025-06-30 09:01,75500,2024-04-01,2025-03-31,株式会社ゼンショーホールディングス
S100W7DW,2025-06-30,2025-06-30 09:04,78860,2024-04-01,2025-03-31,ヤマト　モビリティ　＆　Ｍｆｇ．株式会社
S100V7BC,2025-06-30,2025-06-30 09:04,77090,2024-04-01,2025-03-31,クボテック株式会社
S100W94T,2025-06-30,2025-06-30 09:05,21460,2024-04-01,2025-03-31,ＵＴグループ株式会社
S100W55W,2025-06-30,2025-06-30 09:07,67180,2024-04-01,2025-03-31,アイホン株式会社
S100W6SJ,2025-06-30,2025-06-30 09:08,79800,2024-04-01,2025-03-31,株式会社　重松製作所
S100W7R8,2025-06-30,2025-06-30 09:11,75670,2024-04-01,2025-03-31,株式会社栄電子
S100VZET,2025-06-30,2025-06-30 09:14,93640,2024-04-01,2025-03-31,株式会社上組
S100W8U0,2025-06-30,2025-06-30 09:18,80060,2024-04-01,2025-03-31,ユアサ・フナショク株式会社
S100W8W7,2025-06-30,2025-06-30 09:18,92060,2024-04-01,2025-03-31,株式会社スターフライヤー
S100W95P,2025-06-30,2025-06-30 09:19,61340,2024-04-01,2025-03-31,株式会社ＦＵＪＩ
S100W6SN,2025-06-30,2025-06-30 09:20,75650,2024-04-01,2025-03-31,萬世電機株式会社
S100W8GM,2025-06-30,2025-06-30 09:21,87420,2024-04-01,2025-03-31,株式会社小林洋行
S100W966,2025-06-30,2025-06-30 09:23,19300,2024-04-01,2025-03-31,北陸電気工事株式会社
S100W5JO,2025-06-30,2025-06-30 09:25,53430,2024-04-01,2025-03-31,ニッコー株式会社
S100W8LM,2025-06-30,2025-06-30 09:28,368A0,2024-04-01,2025-03-31,株式会社北里コーポレーション
S100W8KD,2025-06-30,2025-06-30 09:29,35210,2024-04-01,2025-03-31,エコナックホールディングス株式会社
S100W93H,2025-06-30,2025-06-30 09:33,42220,2024-04-01,2025-03-31,児玉化学工業株式会社
S100W96N,2025-06-30,2025-06-30 09:34,70790,2024-04-01,2025-03-31,ＷＤＢココ株式会社
S100W55C,2025-06-30,2025-06-30 09:35,22040,2024-04-01,2025-03-31,株式会社中村屋
S100W77N,2025-06-30,2025-06-30 09:38,78360,2024-04-01,2025-03-31,アビックス株式会社
S100W96H,2025-06-30,2025-06-30 09:39,24670,2024-04-01,2025-03-31,株式会社バルクホールディングス
S100W7OD,2025-06-30,2025-06-30 09:42,43860,2024-04-01,2025-03-31,株式会社ＳＩＧグループ
S100W97P,2025-06-30,2025-06-30 09:53,74260,2024-04-01,2025-03-31,株式会社　山大
S100W95I,2025-06-30,2025-06-30 09:57,63460,2024-04-01,2025-03-31,キクカワエンタープライズ株式会社
S100W5WN,2025-06-30,2025-06-30 09:58,28160,2024-04-01,2025-03-31,株式会社ダイショー
S100W6Q8,2025-06-30,2025-06-30 10:00,46640,2024-04-01,2025-03-31,株式会社アール・エス・シー
S100W8N9,2025-06-30,2025-06-30 10:00,31560,2024-04-01,2025-03-31,株式会社レスター
S100W60C,2025-06-30,2025-06-30 10:07,63900,2024-04-01,2025-03-31,株式会社加藤製作所
S100W8PC,2025-06-30,2025-06-30 10:07,68440,2024-04-01,2025-03-31,新電元工業株式会社
S100W21S,2025-06-30,2025-06-30 10:09,48010,2024-04-01,2025-03-31,セントラルスポーツ株式会社
S100W6VR,2025-06-30,2025-06-30 10:09,30690,2024-04-01,2025-03-31,株式会社　ＪＦＬＡホールディングス
S100W8TX,2025-06-30,2025-06-30 10:11,98540,2024-04-01,2025-03-31,愛眼株式会社
S100W6AC,2025-06-30,2025-06-30 10:12,71850,2024-04-01,2025-03-31,ヒロセ通商株式会社
S100W97U,2025-06-30,2025-06-30 10:12,74140,2024-04-01,2025-03-31,小野建株式会社
S100W91H,2025-06-30,2025-06-30 10:14,74640,2024-04-01,2025-03-31,セフテック株式会社
S100W80R,2025-06-30,2025-06-30 10:14,75210,2024-04-01,2025-03-31,株式会社ムサシ
S100W992,2025-06-30,2025-06-30 10:15,46290,2024-04-01,2025-03-31,大伸化学株式会社
S100VZNF,2025-06-30,2025-06-30 10:17,30590,2024-04-01,2025-03-31,ヒラキ株式会社
S100W92F,2025-06-30,2025-06-30 10:23,68370,2024-04-01,2025-03-31,株式会社京写
S100W69G,2025-06-30,2025-06-30 10:27,49180,2024-04-01,2025-03-31,株式会社アイビー化粧品
S100W726,2025-06-30,2025-06-30 10:33,53910,2024-04-01,2025-03-31,株式会社エーアンドエーマテリアル
S100W7DL,2025-06-30,2025-06-30 10:34,37740,2024-04-01,2025-03-31,株式会社インターネットイニシアティブ
S100W82O,2025-06-30,2025-06-30 10:36,54440,2024-04-01,2025-03-31,大和工業株式会社
S100W4JG,2025-06-30,2025-06-30 10:42,95110,2024-04-01,2025-03-31,沖縄電力株式会社
S100W8Z2,2025-06-30,2025-06-30 10:45,75710,2024-04-01,2025-03-31,株式会社ヤマノホールディングス
S100W82U,2025-06-30,2025-06-30 10:58,59020,2024-04-01,2025-03-31,ホッカンホールディングス株式会社
S100W7YU,2025-06-30,2025-06-30 11:00,66990,2024-04-01,2025-03-31,ダイヤモンドエレクトリックホールディングス株式会社
S100W3J9,2025-06-30,2025-06-30 11:03,46150,2024-04-01,2025-03-31,神東塗料株式会社
S100W2H3,2025-06-30,2025-06-30 11:04,81440,2024-04-01,2025-03-31,株式会社デンキョーグループホールディングス
S100W8OO,2025-06-30,2025-06-30 11:04,74810,2024-04-01,2025-03-31,尾家産業株式会社
S100W926,2025-06-30,2025-06-30 11:07,26540,2024-04-01,2025-03-31,株式会社アスモ
S100W969,2025-06-30,2025-06-30 11:09,90600,2024-04-01,2025-03-31,日本ロジテム株式会社
S100W9C9,2025-06-30,2025-06-30 11:10,52470,2024-04-01,2025-03-31,株式会社ＢＴＭ
S100W8ZH,2025-06-30,2025-06-30 11:14,60050,2024-04-01,2025-03-31,三浦工業株式会社
S100W9BZ,2025-06-30,2025-06-30 11:15,63070,2024-04-01,2025-03-31,サンセイ株式会社
S100W3KO,2025-06-30,2025-06-30 11:21,74440,2024-04-01,2025-03-31,ハリマ共和物産株式会社
S100W9C5,2025-06-30,2025-06-30 11:27,78510,2024-04-01,2025-03-31,カワセコンピュータサプライ株式会社
S100W0AG,2025-06-30,2025-06-30 11:34,35770,2024-04-01,2025-03-31,東海染工株式会社
S100W98M,2025-06-30,2025-06-30 11:36,13800,2024-04-01,2025-03-31,株式会社秋川牧園
S100W9FI,2025-06-30,2025-06-30 12:03,23210,2024-04-01,2025-03-31,株式会社ソフトフロントホールディングス
S100W8N6,2025-06-30,2025-06-30 12:24,75620,2024-04-01,2025-03-31,株式会社安楽亭
S100W8ZY,2025-06-30,2025-06-30 12:54,57210,2024-04-01,2025-03-31,株式会社エス・サイエンス
S100W8UK,2025-06-30,2025-06-30 13:00,66370,2024-04-01,2025-03-31,寺崎電気産業株式会社
S100W9GS,2025-06-30,2025-06-30 13:00,70310,2024-04-01,2025-03-31,株式会社インバウンドテック
S100W4T4,2025-06-30,2025-06-30 13:07,80250,2024-04-01,2025-03-31,株式会社ツカモトコーポレーション
S100W56P,2025-06-30,2025-06-30 13:08,73990,2024-04-01,2025-03-31,株式会社ナンシン
S100W8XJ,2025-06-30,2025-06-30 13:12,80660,2024-04-01,2025-03-31,三谷商事株式会社
S100W9FR,2025-06-30,2025-06-30 13:14,36860,2024-04-01,2025-03-31,株式会社ディー・エル・イー
S100W9IY,2025-06-30,2025-06-30 13:26,93620,2024-04-01,2025-03-31,兵機海運株式会社
S100W94H,2025-06-30,2025-06-30 13:29,67750,2024-04-01,2025-03-31,株式会社ＴＢグループ
S100W8PS,2025-06-30,2025-06-30 13:37,77460,2024-04-01,2025-03-31,岡本硝子株式会社
S100W9K4,2025-06-30,2025-06-30 13:38,87460,2024-04-01,2025-03-31,ＵＮＢＡＮＫＥＤ株式会社
S100W8TS,2025-06-30,2025-06-30 13:42,78720,2024-04-01,2025-03-31,エステールホールディングス株式会社
S100W8T1,2025-06-30,2025-06-30 13:51,79220,2024-04-01,2025-03-31,三光産業株式会社
S100W8WF,2025-06-30,2025-06-30 13:56,97600,2024-04-01,2025-03-31,株式会社　進学会ホールディングス
S100W9HD,2025-06-30,2025-06-30 14:00,71380,2024-04-01,2025-03-31,株式会社ＴＯＲＩＣＯ
S100W84O,2025-06-30,2025-06-30 14:00,77220,2024-04-01,2025-03-31,国際計測器株式会社
S100W8RC,2025-06-30,2025-06-30 14:02,52690,2024-04-01,2025-03-31,日本コンクリート工業株式会社
S100W9LX,2025-06-30,2025-06-30 14:08,58560,2024-04-01,2025-03-31,株式会社エルアイイーエイチ
S100W9KA,2025-06-30,2025-06-30 14:11,36940,2024-04-01,2025-03-31,株式会社オプティム
S100W9IT,2025-06-30,2025-06-30 14:22,94350,2024-04-01,2025-03-31,株式会社光通信
S100W9FS,2025-06-30,2025-06-30 14:22,92200,2024-04-01,2025-03-31,エフビー介護サービス株式会社
S100W85Z,2025-06-30,2025-06-30 14:26,51030,2024-04-01,2025-03-31,昭和ホールディングス株式会社
S100W9NY,2025-06-30,2025-06-30 14:32,19140,2024-04-01,2025-03-31,日本基礎技術株式会社
S100W9E1,2025-06-30,2025-06-30 14:33,63580,2024-04-01,2025-03-31,酒井重工業株式会社
S100W917,2025-06-30,2025-06-30 14:37,71140,2024-04-01,2025-03-31,株式会社フーディソン
S100W7EG,2025-06-30,2025-06-30 14:40,86300,2024-04-01,2025-03-31,ＳＯＭＰＯホールディングス株式会社
S100W7J1,2025-06-30,2025-06-30 14:46,68400,2024-04-01,2025-03-31,株式会社ＡＫＩＢＡホールディングス
S100W9LZ,2025-06-30,2025-06-30 14:49,29030,2024-04-01,2025-03-31,シノブフーズ株式会社
S100W9CX,2025-06-30,2025-06-30 14:50,96330,2024-04-01,2025-03-31,東京テアトル株式会社
S100W9PP,2025-06-30,2025-06-30 14:55,96350,2024-04-01,2025-03-31,武蔵野興業株式会社
S100W9OZ,2025-06-30,2025-06-30 14:59,24790,2024-04-01,2025-03-31,株式会社ジェイテック
S100W2YT,2025-06-30,2025-06-30 15:00,78590,2024-04-01,2025-03-31,株式会社アルメディオ
S100W9GC,2025-06-30,2025-06-30 15:00,75220,2024-04-01,2025-03-31,ワタミ株式会社
S100W7DE,2025-06-30,2025-06-30 15:00,46620,2024-04-01,2025-03-31,株式会社フォーカスシステムズ
S100W8KM,2025-06-30,2025-06-30 15:04,74080,2024-04-01,2025-03-31,株式会社ジャムコ
S100W9P0,2025-06-30,2025-06-30 15:06,90850,2024-04-01,2025-03-31,北海道中央バス株式会社
S100W9R3,2025-06-30,2025-06-30 15:09,291A0,2024-04-01,2025-03-31,株式会社リスキル
S100W7KL,2025-06-30,2025-06-30 15:15,18320,2024-04-01,2025-03-31,株式会社北海電工
S100W9RA,2025-06-30,2025-06-30 15:21,42560,2024-04-01,2025-03-31,株式会社サインド
S100W6AS,2025-06-30,2025-06-30 15:30,39250,2024-04-01,2025-03-31,株式会社ダブルスタンダード
S100W8XP,2025-06-30,2025-06-30 15:30,45710,2024-04-01,2025-03-31,ＮＡＮＯ　ＭＲＮＡ株式会社
S100W9NQ,2025-06-30,2025-06-30 15:30,25860,2024-04-01,2025-03-31,株式会社フルッタフルッタ
S100W907,2025-06-30,2025-06-30 15:30,43010,2024-04-01,2025-03-31,株式会社アミューズ
S100W9H3,2025-06-30,2025-06-30 15:31,21380,2024-04-01,2025-03-31,クルーズ株式会社
S100W8O4,2025-06-30,2025-06-30 15:31,70910,2024-04-01,2025-03-31,株式会社リビングプラットフォーム
S100W9CA,2025-06-30,2025-06-30 15:31,44840,2024-04-01,2025-03-31,ランサーズ株式会社
S100W9GQ,2025-06-30,2025-06-30 15:31,26560,2024-04-01,2025-03-31,株式会社ベクターホールディングス
S100W9SL,2025-06-30,2025-06-30 15:36,98900,2024-04-01,2025-03-31,株式会社マキヤ
S100W9P7,2025-06-30,2025-06-30 15:36,66150,2024-04-01,2025-03-31,ユー・エム・シー・エレクトロニクス株式会社
S100W9T0,2025-06-30,2025-06-30 15:38,65640,2024-04-01,2025-03-31,株式会社ミダックホールディングス
S100W76K,2025-06-30,2025-06-30 15:39,65990,2024-04-01,2025-03-31,エブレン株式会社
S100W9H1,2025-06-30,2025-06-30 15:42,96100,2024-04-01,2025-03-31,ウィルソン・ラーニング　ワールドワイド株式会社
S100W8I0,2025-06-30,2025-06-30 15:43,70670,2024-04-01,2025-03-31,ブランディングテクノロジー株式会社
S100W9U3,2025-06-30,2025-06-30 15:46,63800,2024-04-01,2025-03-31,オリエンタルチエン工業株式会社
S100W9EN,2025-06-30,2025-06-30 15:51,68670,2024-04-01,2025-03-31,リーダー電子株式会社
S100W9O2,2025-06-30,2025-06-30 15:52,70780,2024-04-01,2025-03-31,ＩＮＣＬＵＳＩＶＥ株式会社
S100W90R,2025-06-30,2025-06-30 16:00,39330,2024-04-01,2025-03-31,チエル株式会社
S100W9NG,2025-06-30,2025-06-30 16:00,73680,2024-04-01,2025-03-31,表示灯株式会社
S100W9LG,2025-06-30,2025-06-30 16:01,38560,2024-07-01,2025-03-31,Ａｂａｌａｎｃｅ株式会社
S100W98P,2025-06-30,2025-06-30 16:03,75020,2024-04-01,2025-03-31,株式会社プラザホールディングス
S100W91T,2025-06-30,2025-06-30 16:04,32050,2024-04-01,2025-03-31,株式会社ダイドーリミテッド
S100W90Q,2025-06-30,2025-06-30 16:05,330A0,2024-04-01,2025-03-31,株式会社ＴａｌｅｎｔＸ
S100W9D6,2025-06-30,2025-06-30 16:05,38580,2024-04-01,2025-03-31,株式会社ユビキタスＡＩ
S100W9JJ,2025-06-30,2025-06-30 16:08,34090,2024-04-01,2025-03-31,北日本紡績株式会社
S100W9LS,2025-06-30,2025-06-30 16:14,48130,2024-02-01,2025-01-31,株式会社ＡＣＣＥＳＳ
S100W93Z,2025-06-30,2025-06-30 16:14,62930,2024-04-01,2025-03-31,日精樹脂工業株式会社
S100W9WE,2025-06-30,2025-06-30 16:16,65500,2024-04-01,2025-03-31,Ｕｎｉｐｏｓ株式会社
S100W9W8,2025-06-30,2025-06-30 16:16,46500,2024-04-01,2025-03-31,ＳＤエンターテイメント株式会社
S100W8ZB,2025-06-30,2025-06-30 16:17,76210,2024-04-01,2025-03-31,株式会社うかい
S100W9PZ,2025-06-30,2025-06-30 16:17,36460,2024-04-01,2025-03-31,株式会社駅探
S100W8EQ,2025-06-30,2025-06-30 16:18,67720,2024-04-01,2025-03-31,東京コスモス電機株式会社
S100W9QB,2025-06-30,2025-06-30 16:20,70580,2024-04-01,2025-03-31,共栄セキュリティーサービス株式会社
S100W9WY,2025-06-30,2025-06-30 16:29,21340,2024-04-01,2025-03-31,北浜キャピタルパートナーズ株式会社
S100W6FF,2025-06-30,2025-06-30 16:34,23420,2024-04-01,2025-03-31,株式会社トランスジェニックグループ
S100W9WJ,2025-06-30,2025-06-30 16:37,76380,2024-04-01,2025-03-31,株式会社ＮＥＷ　ＡＲＴ　ＨＯＬＤＩＮＧＳ
S100W946,2025-06-30,2025-06-30 16:39,74160,2024-04-01,2025-03-31,株式会社はるやまホールディングス
S100W9Y3,2025-06-30,2025-06-30 16:45,23400,2024-04-01,2025-03-31,株式会社　極楽湯ホールディングス
S100W94E,2025-06-30,2025-06-30 16:46,48140,2024-04-01,2025-03-31,ネクストウェア株式会社
S100WASN,2025-07-03,2025-07-03 10:51,47500,2024-04-21,2025-04-20,株式会社ダイサン
S100WBAM,2025-07-07,2025-07-07 09:50,74880,2024-04-21,2025-04-20,株式会社ヤガミ
S100WD9R,2025-07-16,2025-07-16 16:18,40260,2024-05-01,2025-04-30,神島化学工業株式会社
S100WE42,2025-07-22,2025-07-22 15:33,31800,2024-05-01,2025-04-30,株式会社ビューティガレージ
S100WE54,2025-07-23,2025-07-23 10:05,30310,2024-05-01,2025-04-30,株式会社ラクーンホールディングス
S100WE4B,2025-07-23,2025-07-23 10:17,38430,2024-05-01,2025-04-30,フリービット株式会社
S100WEB0,2025-07-23,2025-07-23 12:09,27510,2024-05-01,2025-04-30,株式会社テンポスホールディングス
S100WDOZ,2025-07-23,2025-07-23 13:00,59710,2024-05-01,2025-04-30,株式会社共和工業所
S100WEBL,2025-07-23,2025-07-23 13:16,66560,2024-05-01,2025-04-30,インスペック株式会社
S100WEAV,2025-07-23,2025-07-23 13:30,25930,2024-05-01,2025-04-30,株式会社伊藤園
S100WEC4,2025-07-23,2025-07-23 13:57,79010,2024-05-01,2025-04-30,株式会社マツモト
S100WE7I,2025-07-23,2025-07-23 14:24,34440,2024-05-01,2025-04-30,株式会社菊池製作所
S100WC9Z,2025-07-23,2025-07-23 14:40,35240,2024-05-01,2025-04-30,日東製網株式会社
S100WEBB,2025-07-23,2025-07-23 16:02,14360,2024-05-01,2025-04-30,株式会社グリーンエナジー＆カンパニー
S100WEIR,2025-07-24,2025-07-24 14:35,43820,2024-05-01,2025-04-30,ＨＥＲＯＺ株式会社
S100WEDD,2025-07-24,2025-07-24 15:19,29100,2024-05-01,2025-04-30,株式会社ロック・フィールド
S100WDJ9,2025-07-24,2025-07-24 15:34,77770,2024-05-01,2025-04-30,株式会社スリー・ディー・マトリックス
S100WDZI,2025-07-24,2025-07-24 15:44,18730,2024-05-01,2025-04-30,株式会社日本ハウスホールディングス
S100WEGF,2025-07-24,2025-07-24 16:00,31340,2024-05-01,2025-04-30,Ｈａｍｅｅ株式会社
S100WEOL,2025-07-25,2025-07-25 09:13,33290,2024-05-01,2025-04-30,東和フードサービス株式会社
S100WE8J,2025-07-25,2025-07-25 10:06,24380,2024-05-01,2025-04-30,株式会社アスカネット
S100WEFJ,2025-07-25,2025-07-25 11:43,66300,2024-05-01,2025-04-30,ヤーマン株式会社
S100WEH1,2025-07-25,2025-07-25 14:10,76230,2024-05-01,2025-04-30,株式会社サンオータス
S100WEKB,2025-07-25,2025-07-25 15:37,22940,2024-05-01,2025-04-30,株式会社柿安本店
S100WEGE,2025-07-25,2025-07-25 16:30,31610,2024-05-01,2025-04-30,アゼアス株式会社
S100WEQY,2025-07-25,2025-07-25 16:49,17660,2024-05-01,2025-04-30,東建コーポレーション株式会社
S100WESD,2025-07-28,2025-07-28 13:03,76040,2024-05-01,2025-04-30,株式会社　梅の花グループ
S100WF2M,2025-07-28,2025-07-28 15:19,272A0,2024-11-01,2025-04-30,株式会社グリーンクロスホールディングス
S100WEZ4,2025-07-28,2025-07-28 15:43,39030,2024-05-01,2025-04-30,株式会社ｇｕｍｉ
S100WEWJ,2025-07-28,2025-07-28 16:55,74350,2024-05-01,2025-04-30,株式会社ナ・デックス
S100WEVJ,2025-07-29,2025-07-29 11:53,29230,2024-05-01,2025-04-30,サトウ食品株式会社
S100WFAH,2025-07-29,2025-07-29 13:00,184A0,2024-05-01,2025-04-30,株式会社学びエイド
S100WFBP,2025-07-29,2025-07-29 16:00,186A0,2024-05-01,2025-04-30,株式会社アストロスケールホールディングス
S100WEW1,2025-07-29,2025-07-29 16:51,50790,2024-05-01,2025-04-30,株式会社ノバック
S100WFCH,2025-07-30,2025-07-30 12:11,37700,2024-05-01,2025-04-30,株式会社ザッパラス
S100WFK1,2025-07-30,2025-07-30 12:48,44310,2024-05-01,2025-04-30,株式会社スマレジ
S100WFMJ,2025-07-30,2025-07-30 15:30,50320,2024-05-01,2025-04-30,ＡＮＹＣＯＬＯＲ株式会社
S100WFG6,2025-07-30,2025-07-30 15:36,26780,2024-05-21,2025-05-20,アスクル株式会社
S100WFAY,2025-07-31,2025-07-31 10:00,33610,2024-05-01,2025-04-30,株式会社トーエル
S100WFSA,2025-07-31,2025-07-31 10:56,96270,2024-05-01,2025-04-30,株式会社アインホールディングス
S100WFWF,2025-07-31,2025-07-31 15:00,391A0,2024-05-01,2025-04-30,株式会社山忠
S100WFTJ,2025-07-31,2025-07-31 15:31,324A0,2024-05-01,2025-04-30,株式会社ブッキングリゾート
S100WFS4,2025-07-31,2025-07-31 15:32,70950,2024-05-01,2025-04-30,株式会社Ｍａｃｂｅｅ　Ｐｌａｎｅｔ
S100WFVC,2025-07-31,2025-07-31 16:19,70500,2024-05-01,2025-04-30,株式会社フロンティアインターナショナル
S100WGO2,2025-08-07,2025-08-07 12:30,69050,2024-05-21,2025-05-20,コーセル株式会社
S100WH8K,2025-08-07,2025-08-07 14:01,35440,2024-05-16,2025-05-15,サツドラホールディングス株式会社
S100WHL5,2025-08-07,2025-08-07 16:50,17570,2024-04-01,2025-03-31,株式会社創建エース
S100WJSD,2025-08-15,2025-08-15 17:04,92780,2024-06-01,2025-05-31,ブックオフグループホールディングス株式会社
S100WK2E,2025-08-19,2025-08-19 10:46,27910,2024-06-01,2025-05-31,大黒天物産株式会社
S100WJXT,2025-08-19,2025-08-19 14:48,35490,2024-05-21,2025-05-20,株式会社クスリのアオキホールディングス
S100WJ4B,2025-08-19,2025-08-19 16:19,31600,2024-06-01,2025-05-31,株式会社大光
S100WJZQ,2025-08-20,2025-08-20 09:00,21680,2024-06-01,2025-05-31,株式会社パソナグループ
S100WK01,2025-08-20,2025-08-20 09:00,40570,2024-06-01,2025-05-31,株式会社インターファクトリー
S100WK81,2025-08-20,2025-08-20 16:19,47160,2024-06-01,2025-05-31,日本オラクル株式会社
S100WKEQ,2025-08-20,2025-08-20 16:49,79210,2024-06-01,2025-05-31,株式会社ＴＡＫＡＲＡ　＆　ＣＯＭＰＡＮＹ
S100WK8P,2025-08-21,2025-08-21 09:25,31480,2024-06-01,2025-05-31,株式会社クリエイトＳＤホールディングス
S100WKFZ,2025-08-21,2025-08-21 10:36,33210,2024-06-01,2025-05-31,ミタチ産業株式会社
S100WKMY,2025-08-21,2025-08-21 14:17,74200,2024-06-01,2025-05-31,佐鳥電機株式会社
S100WKFK,2025-08-21,2025-08-21 15:15,73700,2024-06-01,2025-05-31,株式会社Ｅｎｊｉｎ
S100WKSA,2025-08-22,2025-08-22 10:08,58850,2024-06-01,2025-05-31,株式会社ジーデップ・アドバンス
S100WKSO,2025-08-22,2025-08-22 11:03,137A0,2024-06-01,2025-05-31,Ｃｏｃｏｌｉｖｅ株式会社
S100WKKV,2025-08-22,2025-08-22 15:34,18870,2024-06-01,2025-05-31,日本国土開発株式会社
S100WKVQ,2025-08-25,2025-08-25 09:04,24590,2024-06-01,2025-05-31,アウンコンサルティング株式会社
S100WKOH,2025-08-25,2025-08-25 09:30,23030,2024-06-01,2025-05-31,株式会社ドーン
S100WKVW,2025-08-25,2025-08-25 10:34,38920,2024-06-01,2025-05-31,株式会社岡山製紙
S100WL0T,2025-08-25,2025-08-25 11:21,27220,2024-06-01,2025-05-31,株式会社ＩＫホールディングス
S100WKJF,2025-08-25,2025-08-25 11:48,27920,2024-06-01,2025-05-31,株式会社ハニーズホールディングス
S100WKTA,2025-08-25,2025-08-25 11:56,89080,2024-06-01,2025-05-31,株式会社毎日コムネット
S100WKS0,2025-08-25,2025-08-25 13:04,189A0,2024-06-01,2025-05-31,株式会社Ｄ＆Ｍカンパニー
S100WKUS,2025-08-25,2025-08-25 13:30,74870,2024-06-01,2025-05-31,小津産業株式会社
S100WKLV,2025-08-25,2025-08-25 13:42,97650,2024-06-01,2025-05-31,株式会社オオバ
S100WKV4,2025-08-25,2025-08-25 14:31,32970,2024-06-01,2025-05-31,株式会社東武住販
S100WL4W,2025-08-25,2025-08-25 15:09,27960,2024-06-01,2025-05-31,ファーマライズホールディングス株式会社
S100WKSN,2025-08-25,2025-08-25 15:23,13770,2024-06-01,2025-05-31,株式会社　サカタのタネ
S100WL3G,2025-08-25,2025-08-25 15:30,55750,2024-06-01,2025-05-31,株式会社Ｇｌｏｂｅｅ
S100WKZJ,2025-08-25,2025-08-25 15:30,44430,2024-06-01,2025-05-31,Ｓａｎｓａｎ株式会社
S100WL64,2025-08-25,2025-08-25 15:58,70680,2024-06-01,2025-05-31,フィードフォースグループ株式会社
S100WL5W,2025-08-25,2025-08-25 16:03,77250,2024-06-01,2025-05-31,株式会社インターアクション
S100WL8B,2025-08-26,2025-08-26 09:20,98120,2024-06-01,2025-05-31,株式会社テーオーホールディングス
S100WL0G,2025-08-26,2025-08-26 10:07,44650,2024-06-01,2025-05-31,株式会社ニイタカ
S100WL9D,2025-08-26,2025-08-26 10:40,48850,2024-06-01,2025-05-31,室町ケミカル株式会社
S100WL6X,2025-08-26,2025-08-26 10:51,65050,2024-06-01,2025-05-31,東洋電機製造株式会社
S100WLAZ,2025-08-26,2025-08-26 12:26,48340,2024-06-01,2025-05-31,キャリアバンク株式会社
S100WL4U,2025-08-26,2025-08-26 13:10,13760,2024-06-01,2025-05-31,カネコ種苗株式会社
S100WL6P,2025-08-26,2025-08-26 14:18,29340,2024-06-01,2025-05-31,ジェイフロンティア株式会社
S100WL79,2025-08-26,2025-08-26 15:07,48250,2024-06-01,2025-05-31,株式会社ウェザーニューズ
S100WJUP,2025-08-26,2025-08-26 16:00,59320,2024-06-01,2025-05-31,三協立山株式会社
S100WLAB,2025-08-26,2025-08-26 16:00,65520,2024-06-01,2025-05-31,株式会社ＧａｍｅＷｉｔｈ
S100WL3S,2025-08-26,2025-08-26 16:06,89400,2024-06-01,2025-05-31,株式会社インテリックス
S100WLC9,2025-08-27,2025-08-27 09:23,14300,2024-06-01,2025-05-31,ファーストコーポレーション株式会社
S100WKIB,2025-08-27,2025-08-27 10:00,92650,2024-06-01,2025-05-31,ヤマシタヘルスケアホールディングス株式会社
S100WL1X,2025-08-27,2025-08-27 10:30,37910,2024-06-01,2025-05-31,株式会社ＩＧポート
S100WLJ8,2025-08-27,2025-08-27 10:49,21530,2024-06-01,2025-05-31,Ｅ・Ｊホールディングス株式会社
S100WLI3,2025-08-27,2025-08-27 11:00,30210,2024-06-01,2025-05-31,株式会社パシフィックネット
S100WLLK,2025-08-27,2025-08-27 13:07,340A0,2024-06-01,2025-05-31,株式会社ジグザグ
S100WLIX,2025-08-27,2025-08-27 13:15,40760,2024-06-01,2025-05-31,株式会社シイエヌエス
S100WLIK,2025-08-27,2025-08-27 14:23,55950,2024-06-01,2025-05-31,株式会社ＱＰＳ研究所
S100WKLO,2025-08-27,2025-08-27 14:41,77130,2024-06-01,2025-05-31,シグマ光機株式会社
S100WLJD,2025-08-27,2025-08-27 14:42,64960,2024-06-01,2025-05-31,株式会社中北製作所
S100WLEX,2025-08-27,2025-08-27 15:03,35010,2024-06-01,2025-05-31,ＳＵＭＩＮＯＥ株式会社
S100WL8L,2025-08-27,2025-08-27 15:04,38240,2024-06-01,2025-05-31,メディアファイブ株式会社
S100WLMY,2025-08-27,2025-08-27 15:13,45770,2024-06-01,2025-05-31,ダイト株式会社
S100WLMH,2025-08-27,2025-08-27 15:30,60470,2024-06-01,2025-05-31,株式会社Ｇｕｎｏｓｙ
S100WL4I,2025-08-27,2025-08-27 15:30,14190,2024-06-01,2025-05-31,タマホーム株式会社
S100WLO0,2025-08-27,2025-08-27 15:30,402A0,2024-06-01,2025-05-31,株式会社アクセルスペースホールディングス
S100WLO9,2025-08-27,2025-08-27 15:31,36450,2024-06-01,2025-05-31,株式会社メディカルネット
S100WLH6,2025-08-27,2025-08-27 15:39,14010,2024-06-01,2025-05-31,株式会社エムビーエス
S100WLGP,2025-08-27,2025-08-27 15:42,41980,2024-06-01,2025-05-31,株式会社テンダ
S100WLGA,2025-08-27,2025-08-27 15:42,60830,2024-06-01,2025-05-31,ＥＲＩホールディングス株式会社
S100WKXB,2025-08-27,2025-08-27 15:44,64890,2024-06-01,2025-05-31,前澤工業株式会社
S100WL4H,2025-08-27,2025-08-27 15:47,96510,2024-06-01,2025-05-31,日本プロセス株式会社
S100WLO4,2025-08-27,2025-08-27 16:21,48290,2024-06-01,2025-05-31,日本エンタープライズ株式会社
S100WLM8,2025-08-27,2025-08-27 16:28,205A0,2024-06-01,2025-05-31,株式会社ロゴスホールディングス
S100WLPO,2025-08-27,2025-08-27 16:55,65780,2024-03-01,2025-02-28,株式会社コレックホールディングス
S100WLHT,2025-08-28,2025-08-28 10:41,74340,2024-06-01,2025-05-31,株式会社オータケ
S100WLRT,2025-08-28,2025-08-28 11:42,24620,2024-06-01,2025-05-31,ライク株式会社
S100WLV7,2025-08-28,2025-08-28 12:07,59670,2024-06-01,2025-05-31,ＴＯＮＥ株式会社
S100WLJK,2025-08-28,2025-08-28 13:08,277A0,2024-06-01,2025-05-31,グロービング株式会社
S100WLY9,2025-08-28,2025-08-28 15:03,198A0,2024-06-01,2025-05-31,ＰｏｓｔＰｒｉｍｅ株式会社
S100WLXE,2025-08-28,2025-08-28 15:17,44300,2024-06-01,2025-05-31,東海ソフト株式会社
S100WLYW,2025-08-28,2025-08-28 15:30,88870,2024-06-01,2025-05-31,株式会社シーラホールディングス
S100WLW2,2025-08-28,2025-08-28 15:38,32360,2024-06-01,2025-05-31,株式会社プロパスト
S100WL3H,2025-08-28,2025-08-28 15:49,37600,2024-06-01,2025-05-31,株式会社ケイブ
S100WLSP,2025-08-28,2025-08-28 17:02,33490,2024-06-01,2025-05-31,株式会社コスモス薬品
S100WLYT,2025-08-29,2025-08-29 09:05,78080,2024-06-01,2025-05-31,株式会社シー・エス・ランバー
S100WLZJ,2025-08-29,2025-08-29 09:12,78880,2024-06-01,2025-05-31,三光合成株式会社
S100WLZA,2025-08-29,2025-08-29 10:24,47350,2024-06-01,2025-05-31,株式会社京進
S100WM3R,2025-08-29,2025-08-29 10:44,76730,2024-06-01,2025-05-31,ダイコー通産株式会社
S100WLR3,2025-08-29,2025-08-29 11:15,61500,2024-06-01,2025-05-31,タケダ機械株式会社
S100WM1E,2025-08-29,2025-08-29 11:51,75960,2024-04-01,2025-03-31,株式会社魚力
S100WLY3,2025-08-29,2025-08-29 12:06,92160,2024-06-01,2025-05-31,ビーウィズ株式会社
S100WLX8,2025-08-29,2025-08-29 14:48,192A0,2024-06-01,2025-05-31,インテグループ株式会社
S100WM70,2025-08-29,2025-08-29 15:00,38100,2024-06-01,2025-05-31,サイバーステップ株式会社
S100WM8S,2025-08-29,2025-08-29 15:30,55770,2024-06-01,2025-05-31,株式会社アイデミー
S100WM4T,2025-08-29,2025-08-29 15:32,24370,2024-06-01,2025-05-31,Ｓｈｉｎｗａ　Ｗｉｓｅ　Ｈｏｌｄｉｎｇｓ株式会社
S100WLAF,2025-08-29,2025-08-29 15:32,60440,2024-06-01,2025-05-31,株式会社三機サービス
S100WM3J,2025-08-29,2025-08-29 15:35,353A0,2024-06-01,2025-05-31,エレベーターコミュニケーションズ株式会社
S100WLQL,2025-08-29,2025-08-29 15:35,27690,2024-06-01,2025-05-31,株式会社ヴィレッジヴァンガードコーポレーション
S100WMBE,2025-09-01,2025-09-01 11:30,372A0,2024-06-01,2025-05-31,株式会社レント
S100WNI1,2025-09-05,2025-09-05 16:02,208A0,2024-07-01,2025-06-30,株式会社構造計画研究所ホールディングス
S100WNXO,2025-09-10,2025-09-10 10:53,92670,2024-06-21,2025-06-20,Ｇｅｎｋｙ　ＤｒｕｇＳｔｏｒｅｓ株式会社
S100WO68,2025-09-16,2025-09-16 11:06,31910,2024-06-21,2025-06-20,株式会社ジョイフル本田
S100WOXW,2025-09-16,2025-09-16 11:56,71160,2024-04-01,2025-03-31,ダイワ通信株式会社
S100WP0H,2025-09-16,2025-09-16 15:23,59660,2024-04-01,2025-03-31,京都機械工具株式会社
S100WOVG,2025-09-16,2025-09-16 17:00,99420,2024-07-01,2025-06-30,株式会社ジョイフル
S100WOZY,2025-09-17,2025-09-17 10:01,79620,2024-06-21,2025-06-20,株式会社キングジム
S100WP1M,2025-09-17,2025-09-17 11:55,48470,2024-07-01,2025-06-30,株式会社インテリジェント　ウェイブ
S100WPIP,2025-09-17,2025-09-17 15:31,39840,2024-07-01,2025-06-30,株式会社ユーザーローカル
S100WOO0,2025-09-17,2025-09-17 15:53,48260,2024-07-01,2025-06-30,株式会社ＣＩＪ
S100WP45,2025-09-18,2025-09-18 09:16,59030,2024-07-01,2025-06-30,シンポ株式会社
S100WPSG,2025-09-18,2025-09-18 17:09,13810,2024-07-01,2025-06-30,株式会社アクシーズ
S100WPOP,2025-09-19,2025-09-19 12:59,38360,2024-07-01,2025-06-30,株式会社アバントグループ
S100WPID,2025-09-19,2025-09-19 14:12,43960,2024-07-01,2025-06-30,株式会社システムサポート
S100WOJI,2025-09-19,2025-09-19 15:22,93460,2024-07-01,2025-06-30,株式会社ココルポート
S100WPQK,2025-09-19,2025-09-19 15:30,43980,2024-07-01,2025-06-30,株式会社ブロードバンドセキュリティ
S100WQ16,2025-09-22,2025-09-22 09:24,46570,2024-07-01,2025-06-30,株式会社環境管理センター
S100WPSX,2025-09-22,2025-09-22 09:28,60900,2024-07-01,2025-06-30,ヒューマン・メタボローム・テクノロジーズ株式会社
S100WQ1K,2025-09-22,2025-09-22 10:02,29040,2024-07-01,2025-06-30,一正蒲鉾株式会社
S100WQ81,2025-09-22,2025-09-22 10:18,93440,2024-07-01,2025-06-30,アクシスコンサルティング株式会社
S100WPVC,2025-09-22,2025-09-22 10:40,24810,2024-07-01,2025-06-30,株式会社タウンニュース社
S100WQ8N,2025-09-22,2025-09-22 10:46,95570,2024-07-01,2025-06-30,株式会社エアークローゼット
S100WQCA,2025-09-22,2025-09-22 15:30,21540,2024-07-01,2025-06-30,株式会社オープンアップグループ
S100WPWK,2025-09-22,2025-09-22 15:30,43910,2024-07-01,2025-06-30,ロジザード株式会社
S100WPS5,2025-09-22,2025-09-22 16:00,44950,2024-07-01,2025-06-30,株式会社アイキューブドシステムズ
S100WQAH,2025-09-22,2025-09-22 16:16,78210,2024-07-01,2025-06-30,前田工繊株式会社
S100WQGP,2025-09-24,2025-09-24 09:08,52830,2024-07-01,2025-06-30,株式会社高見澤
S100WQDH,2025-09-24,2025-09-24 09:26,75000,2024-07-01,2025-06-30,西川計測株式会社
S100WQ4P,2025-09-24,2025-09-24 09:49,65710,2024-07-01,2025-06-30,キュービーネットホールディングス株式会社
S100WQ48,2025-09-24,2025-09-24 10:00,26890,2024-07-01,2025-06-30,オルバヘルスケアホールディングス株式会社
S100WQN6,2025-09-24,2025-09-24 10:19,63400,2024-07-01,2025-06-30,澁谷工業株式会社
S100WQIM,2025-09-24,2025-09-24 10:30,47670,2024-07-01,2025-06-30,株式会社テー・オー・ダブリュー
S100WQF8,2025-09-24,2025-09-24 10:58,89120,2024-07-01,2025-06-30,株式会社エリアクエスト
S100WQAL,2025-09-24,2025-09-24 11:07,23850,2024-07-01,2025-06-30,株式会社総医研ホールディングス
S100WQ31,2025-09-24,2025-09-24 11:27,68740,2024-07-01,2025-06-30,協立電機株式会社
S100WQPA,2025-09-24,2025-09-24 11:49,65470,2024-07-01,2025-06-30,株式会社グリーンズ
S100WQEO,2025-09-24,2025-09-24 11:53,62390,2024-07-01,2025-06-30,株式会社ナガオカ
S100WQQ5,2025-09-24,2025-09-24 13:15,39160,2024-07-01,2025-06-30,デジタル・インフォメーション・テクノロジー株式会社
S100WQQU,2025-09-24,2025-09-24 13:49,60380,2024-07-01,2025-06-30,株式会社イード
S100WQO9,2025-09-24,2025-09-24 13:55,60620,2024-07-01,2025-06-30,株式会社チャーム・ケア・コーポレーション
S100WPZQ,2025-09-24,2025-09-24 14:06,53800,2024-07-01,2025-06-30,新東株式会社
S100WQR9,2025-09-24,2025-09-24 14:32,157A0,2024-07-01,2025-06-30,グリーンモンスター株式会社
S100WPGG,2025-09-24,2025-09-24 14:39,76990,2024-04-01,2025-03-31,オムニ・プラス・システム・リミテッド
S100WQOK,2025-09-24,2025-09-24 14:48,50740,2024-07-01,2025-06-30,テスホールディングス株式会社
S100WPAF,2025-09-24,2025-09-24 14:50,13820,2024-07-01,2025-06-30,株式会社ホーブ
S100WQRU,2025-09-24,2025-09-24 14:57,73690,2024-07-01,2025-06-30,株式会社メイホーホールディングス
S100WQFJ,2025-09-24,2025-09-24 15:00,33000,2024-07-01,2025-06-30,株式会社アンビションＤＸホールディングス
S100WQNM,2025-09-24,2025-09-24 15:00,77470,2024-07-01,2025-06-30,朝日インテック株式会社
S100WQFV,2025-09-24,2025-09-24 15:08,68880,2024-07-01,2025-06-30,アクモス株式会社
S100WQCJ,2025-09-24,2025-09-24 15:30,151A0,2024-07-01,2025-06-30,株式会社ダイブ
S100WQSX,2025-09-24,2025-09-24 15:30,91590,2024-07-01,2025-06-30,株式会社Ｗ　ＴＯＫＹＯ
S100WQDW,2025-09-24,2025-09-24 15:30,43850,2024-07-01,2025-06-30,株式会社メルカリ
S100WQAK,2025-09-24,2025-09-24 15:30,43260,2024-07-01,2025-06-30,株式会社インテージホールディングス
S100WQEC,2025-09-24,2025-09-24 15:30,30280,2024-07-01,2025-06-30,株式会社アルペン
S100WQQH,2025-09-24,2025-09-24 15:31,78030,2024-07-01,2025-06-30,株式会社ブシロード
S100WQAV,2025-09-24,2025-09-24 15:32,36750,2024-07-01,2025-06-30,株式会社クロス・マーケティンググループ
S100WQ92,2025-09-24,2025-09-24 15:34,27620,2024-07-01,2025-06-30,株式会社ＳＡＮＫＯ　ＭＡＲＫＥＴＩＮＧ　ＦＯＯＤＳ
S100WQLE,2025-09-24,2025-09-24 15:36,36250,2024-07-01,2025-06-30,テックファームホールディングス株式会社
S100WQT7,2025-09-24,2025-09-24 15:38,32420,2024-07-01,2025-06-30,株式会社アーバネットコーポレーション
S100WQNU,2025-09-24,2025-09-24 15:40,14310,2024-07-01,2025-06-30,株式会社Ｌｉｂ　Ｗｏｒｋ
S100WQ94,2025-09-24,2025-09-24 15:48,94500,2024-07-01,2025-06-30,株式会社ファイバーゲート
S100WQMM,2025-09-24,2025-09-24 16:00,92190,2024-07-01,2025-06-30,株式会社ギックス
S100WQTJ,2025-09-24,2025-09-24 16:00,44180,2024-07-01,2025-06-30,株式会社ＪＤＳＣ
S100WQCF,2025-09-24,2025-09-24 16:00,73710,2024-07-01,2025-06-30,Ｚｅｎｋｅｎ株式会社
S100WQGU,2025-09-24,2025-09-24 16:00,52560,2024-07-01,2025-06-30,株式会社Ｆｕｓｉｃ
S100WOVL,2025-09-24,2025-09-24 16:05,94210,2024-07-01,2025-06-30,株式会社エヌジェイホールディングス
S100WQTF,2025-09-24,2025-09-24 16:11,32860,2024-07-01,2025-06-30,トラストホールディングス株式会社
S100WQBH,2025-09-24,2025-09-24 16:29,35380,2024-07-01,2025-06-30,株式会社ウイルプラスホールディングス
S100WQPM,2025-09-24,2025-09-24 16:30,40540,2024-07-01,2025-06-30,日本情報クリエイト株式会社
S100WQS8,2025-09-25,2025-09-25 09:10,14140,2024-07-01,2025-06-30,ショーボンドホールディングス株式会社
S100WM9C,2025-09-25,2025-09-25 09:44,91650,2024-07-01,2025-06-30,株式会社クオルテック
S100WQTA,2025-09-25,2025-09-25 10:00,378A0,2024-07-01,2025-06-30,株式会社ヒット
S100WQZC,2025-09-25,2025-09-25 10:22,89280,2024-07-01,2025-06-30,穴吹興産株式会社
S100WR0H,2025-09-25,2025-09-25 10:30,55300,2024-07-01,2025-06-30,日本システムバンク株式会社
S100WQP5,2025-09-25,2025-09-25 11:06,31540,2024-07-01,2025-06-30,メディアスホールディングス株式会社
S100WR11,2025-09-25,2025-09-25 11:27,49760,2024-07-01,2025-06-30,東洋ドライルーブ株式会社
S100WQZF,2025-09-25,2025-09-25 12:00,89450,2024-07-01,2025-06-30,サンネクスタグループ株式会社
S100WQD6,2025-09-25,2025-09-25 12:23,67850,2024-07-01,2025-06-30,株式会社鈴木
S100WR24,2025-09-25,2025-09-25 13:00,93400,2024-07-01,2025-06-30,株式会社アソインターナショナル
S100WQST,2025-09-25,2025-09-25 13:12,21800,2024-07-01,2025-06-30,株式会社サニーサイドアップグループ
S100WR05,2025-09-25,2025-09-25 13:20,75320,2024-07-01,2025-06-30,株式会社パン・パシフィック・インターナショナルホールディングス
S100WQWW,2025-09-25,2025-09-25 13:23,74090,2024-07-01,2025-06-30,ＡｅｒｏＥｄｇｅ株式会社
S100WQN3,2025-09-25,2025-09-25 13:52,34390,2024-07-01,2025-06-30,株式会社三ツ知
S100WR57,2025-09-25,2025-09-25 14:16,30970,2024-07-01,2025-06-30,株式会社物語コーポレーション
S100WR5J,2025-09-25,2025-09-25 14:19,77810,2024-07-01,2025-06-30,株式会社平山ホールディングス
S100WQJ2,2025-09-25,2025-09-25 15:04,71350,2024-07-01,2025-06-30,ジャパンクラフトホールディングス株式会社
S100WQYI,2025-09-25,2025-09-25 15:04,36550,2024-07-01,2025-06-30,株式会社ブレインパッド
S100WQQN,2025-09-25,2025-09-25 15:09,78120,2024-07-01,2025-06-30,株式会社クレステック
S100WR7P,2025-09-25,2025-09-25 15:16,40680,2024-07-01,2025-06-30,ベイシス株式会社
S100WQUM,2025-09-25,2025-09-25 15:24,28200,2024-07-01,2025-06-30,株式会社やまみ
S100WR5N,2025-09-25,2025-09-25 15:30,91620,2024-07-01,2025-06-30,株式会社ブリーチ
S100WQVK,2025-09-25,2025-09-25 15:30,24280,2024-07-01,2025-06-30,ウェルネット株式会社
S100WPSD,2025-09-25,2025-09-25 15:31,48450,2024-07-01,2025-06-30,株式会社スカラ
S100WQZW,2025-09-25,2025-09-25 15:31,94170,2024-07-01,2025-06-30,株式会社スマートバリュー
S100WQOA,2025-09-25,2025-09-25 15:31,24770,2024-07-01,2025-06-30,手間いらず株式会社
S100WQWR,2025-09-25,2025-09-25 15:33,34570,2024-07-01,2025-06-30,株式会社Ａｎｄ　Ｄｏホールディングス
S100WQR3,2025-09-25,2025-09-25 15:34,44780,2024-07-01,2025-06-30,フリー株式会社
S100WR44,2025-09-25,2025-09-25 15:35,78260,2024-07-01,2025-06-30,株式会社フルヤ金属
S100WQU3,2025-09-25,2025-09-25 15:37,78090,2024-07-01,2025-06-30,株式会社壽屋
S100WQVH,2025-09-25,2025-09-25 15:38,62270,2024-07-01,2025-06-30,ＡＩメカテック株式会社
S100WQXY,2025-09-25,2025-09-25 15:42,40180,2024-07-01,2025-06-30,株式会社Ｇｅｏｌｏｃａｔｉｏｎ　Ｔｅｃｈｎｏｌｏｇｙ
S100WQ7F,2025-09-25,2025-09-25 15:48,69200,2024-07-01,2025-06-30,レーザーテック株式会社
S100WR5V,2025-09-25,2025-09-25 16:00,75850,2024-07-01,2025-06-30,株式会社かんなん丸
S100WQWB,2025-09-25,2025-09-25 16:00,39580,2024-07-01,2025-06-30,笹徳印刷株式会社
S100WQ3S,2025-09-25,2025-09-25 16:02,73770,2024-07-01,2025-06-30,ＤＮホールディングス株式会社
S100WR6T,2025-09-25,2025-09-25 16:26,56980,2024-07-01,2025-06-30,株式会社エンビプロ・ホールディングス
S100WR7B,2025-09-25,2025-09-25 16:33,60360,2024-07-01,2025-06-30,ＫｅｅＰｅｒ技研株式会社
S100WQ2M,2025-09-25,2025-09-25 16:38,55820,2024-07-01,2025-06-30,株式会社グリッド
S100WQ59,2025-09-25,2025-09-25 16:45,94390,2024-07-01,2025-06-30,株式会社エム・エイチ・グループ
S100WRAR,2025-09-25,2025-09-25 16:47,197A0,2024-07-01,2025-06-30,株式会社タウンズ
S100WQVV,2025-09-25,2025-09-25 16:50,29380,2024-07-01,2025-06-30,株式会社オカムラ食品工業
S100WQNZ,2025-09-25,2025-09-25 17:00,40730,2024-07-01,2025-06-30,株式会社ジィ・シィ企画
S100WQMF,2025-09-26,2025-09-26 09:09,63270,2024-07-01,2025-06-30,北川精機株式会社
S100WQ9V,2025-09-26,2025-09-26 10:10,34260,2024-07-01,2025-06-30,アトムリビンテック株式会社
S100WQSP,2025-09-26,2025-09-26 10:28,93610,2024-07-01,2025-06-30,伏木海陸運送株式会社
S100WRCV,2025-09-26,2025-09-26 11:21,65420,2024-07-01,2025-06-30,株式会社ＦＣホールディングス
S100WRCI,2025-09-26,2025-09-26 11:55,21720,2024-07-01,2025-06-30,株式会社インサイト
S100WRL1,2025-09-26,2025-09-26 13:14,34460,2024-07-01,2025-06-30,株式会社ジェイテックコーポレーション
S100WRGF,2025-09-26,2025-09-26 13:18,176A0,2024-07-01,2025-06-30,レジル株式会社
S100WRM2,2025-09-26,2025-09-26 13:43,30760,2024-07-01,2025-06-30,あいホールディングス株式会社
S100WRK2,2025-09-26,2025-09-26 14:17,60280,2024-07-01,2025-06-30,テクノプロ・ホールディングス株式会社
S100WQUS,2025-09-26,2025-09-26 15:30,387A0,2024-07-01,2025-06-30,フラー株式会社
S100WR1U,2025-09-26,2025-09-26 15:31,42630,2024-07-01,2025-06-30,サスメド株式会社
S100WRPW,2025-09-26,2025-09-26 15:32,58840,2024-07-01,2025-06-30,株式会社クラダシ
S100WRPN,2025-09-26,2025-09-26 15:37,43350,2024-07-01,2025-06-30,ＩＰＳホールディングス株式会社
S100WRA0,2025-09-26,2025-09-26 15:40,95140,2024-07-01,2025-06-30,株式会社エフオン
S100WRDT,2025-09-26,2025-09-26 15:43,31350,2024-07-01,2025-06-30,株式会社マーケットエンタープライズ
S100WRCU,2025-09-26,2025-09-26 15:46,36600,2024-07-01,2025-06-30,株式会社アイスタイル
S100WQX1,2025-09-26,2025-09-26 15:47,67280,2024-07-01,2025-06-30,株式会社　アルバック
S100WRQK,2025-09-26,2025-09-26 15:47,196A0,2024-07-01,2025-06-30,株式会社ＭＦＳ
S100WRES,2025-09-26,2025-09-26 15:50,30410,2024-07-01,2025-06-30,株式会社ビューティカダンホールディングス
S100WQWX,2025-09-26,2025-09-26 15:58,36320,2024-07-01,2025-06-30,グリーホールディングス株式会社
S100WRLD,2025-09-26,2025-09-26 16:00,246A0,2024-07-01,2025-06-30,株式会社アスア
S100WRQP,2025-09-26,2025-09-26 16:00,34690,2024-07-01,2025-06-30,株式会社デュアルタップ
S100WRQT,2025-09-26,2025-09-26 16:00,141A0,2024-07-01,2025-06-30,株式会社トライアルホールディングス
S100WLVW,2025-09-26,2025-09-26 16:00,78130,2024-07-01,2025-06-30,株式会社プラッツ
S100WR4M,2025-09-26,2025-09-26 16:00,30820,2024-07-01,2025-06-30,株式会社きちりホールディングス
S100WRCL,2025-09-26,2025-09-26 16:01,50340,2024-07-01,2025-06-30,株式会社ｕｎｅｒｒｙ
S100WR75,2025-09-26,2025-09-26 16:01,386A0,2024-07-01,2025-06-30,株式会社みのや
S100WR2U,2025-09-26,2025-09-26 16:06,39860,2024-07-01,2025-06-30,株式会社ビーブレイクシステムズ
S100WRPQ,2025-09-26,2025-09-26 16:20,29620,2024-07-01,2025-06-30,株式会社テクニスコ
S100WRP5,2025-09-26,2025-09-26 16:26,60610,2024-07-01,2025-06-30,株式会社ユニバーサル園芸社
S100WRRL,2025-09-26,2025-09-26 16:28,194A0,2024-07-01,2025-06-30,株式会社ＷＯＬＶＥＳ　ＨＡＮＤ
S100WRH7,2025-09-26,2025-09-26 16:44,65940,2024-04-01,2025-03-31,ニデック株式会社
S100WRNQ,2025-09-26,2025-09-26 16:45,52540,2024-07-01,2025-06-30,株式会社Ａｒｅｎｔ
S100WQRX,2025-09-29,2025-09-29 09:01,61560,2024-07-01,2025-06-30,株式会社エーワン精密
S100WROP,2025-09-29,2025-09-29 09:15,17880,2024-07-01,2025-06-30,株式会社三東工業社
S100WRVO,2025-09-29,2025-09-29 09:24,59870,2024-07-01,2025-06-30,株式会社オーネックス
S100WRTP,2025-09-29,2025-09-29 09:38,66620,2024-07-01,2025-06-30,株式会社ユビテック
S100WRNH,2025-09-29,2025-09-29 09:45,90280,2024-07-01,2025-06-30,株式会社ゼロ
S100WN39,2025-09-29,2025-09-29 10:47,19990,2024-07-01,2025-06-30,サイタホールディングス株式会社
S100WRQD,2025-09-29,2025-09-29 11:55,76360,2024-07-01,2025-06-30,株式会社ハンズマン
S100WRYE,2025-09-29,2025-09-29 12:19,36390,2024-07-01,2025-06-30,株式会社ボルテージ
S100WRWI,2025-09-29,2025-09-29 13:00,92730,2024-07-01,2025-06-30,コーア商事ホールディングス株式会社
S100WS0W,2025-09-29,2025-09-29 13:27,73250,2024-07-01,2025-06-30,株式会社アイリックコーポレーション
S100WS12,2025-09-29,2025-09-29 13:45,31400,2024-07-01,2025-06-30,ＢＲＵＮＯ株式会社
S100WRZ3,2025-09-29,2025-09-29 13:51,17160,2024-07-01,2025-06-30,第一カッター興業株式会社
S100WRZI,2025-09-29,2025-09-29 14:20,17640,2024-07-01,2025-06-30,工藤建設株式会社
S100WRSF,2025-09-29,2025-09-29 14:51,35970,2024-07-01,2025-06-30,株式会社自重堂
S100WS3N,2025-09-29,2025-09-29 15:06,77070,2024-07-01,2025-06-30,プレシジョン・システム・サイエンス株式会社
S100WS3E,2025-09-29,2025-09-29 15:10,38080,2024-07-01,2025-06-30,株式会社オウケイウェイヴ
S100WS3O,2025-09-29,2025-09-29 15:11,65970,2024-07-01,2025-06-30,ＨＰＣシステムズ株式会社
S100WQRS,2025-09-29,2025-09-29 15:46,45750,2024-07-01,2025-06-30,株式会社キャンバス
S100WS5Q,2025-09-29,2025-09-29 16:02,32710,2024-07-01,2025-06-30,株式会社　ＴＨＥグローバル社
S100WS69,2025-09-29,2025-09-29 16:06,70630,2024-07-01,2025-06-30,株式会社Ｂｉｒｄｍａｎ
S100WS33,2025-09-29,2025-09-29 17:05,51250,2024-07-01,2025-06-30,株式会社ファインズ
S100WQ82,2025-09-30,2025-09-30 15:30,40520,2024-07-01,2025-06-30,フィーチャ株式会社
S100WS5X,2025-09-30,2025-09-30 15:32,73750,2024-07-01,2025-06-30,株式会社リファインバースグループ
S100WSFJ,2025-09-30,2025-09-30 16:53,73200,2024-07-01,2025-06-30,Ｓｏｌｖｖｙ株式会社
S100WU0J,2025-10-08,2025-10-08 13:28,72560,2024-04-01,2025-03-31,河西工業株式会社
S100WU40,2025-10-10,2025-10-10 15:29,80570,2024-07-21,2025-07-20,株式会社内田洋行
S100WVK4,2025-10-17,2025-10-17 09:20,38540,2024-08-01,2025-07-31,株式会社アイル
S100WVTP,2025-10-20,2025-10-20 11:22,63870,2024-08-01,2025-07-31,サムコ　株式会社
S100WW30,2025-10-21,2025-10-21 10:17,211A0,2024-08-01,2025-07-31,株式会社カドス・コーポレーション
S100WW19,2025-10-21,2025-10-21 15:10,45990,2024-08-01,2025-07-31,株式会社ステムリム
S100WW86,2025-10-21,2025-10-21 15:29,40140,2024-08-01,2025-07-31,株式会社カラダノート
S100WW38,2025-10-21,2025-10-21 15:32,29290,2024-08-01,2025-07-31,株式会社ファーマフーズ
S100WW8R,2025-10-22,2025-10-22 09:03,92420,2024-08-01,2025-07-31,メディア総研株式会社
S100WW9E,2025-10-22,2025-10-22 11:17,23910,2024-08-01,2025-07-31,株式会社プラネット
S100WW0V,2025-10-22,2025-10-22 15:30,41940,2024-08-01,2025-07-31,ビジョナル株式会社
S100WW40,2025-10-22,2025-10-22 15:30,23530,2024-08-01,2025-07-31,日本駐車場開発株式会社
S100WW0E,2025-10-22,2025-10-22 16:09,43840,2024-08-01,2025-07-31,ラクスル株式会社
S100WWGS,2025-10-22,2025-10-22 16:18,60400,2024-08-01,2025-07-31,日本スキー場開発株式会社
S100WW4T,2025-10-23,2025-10-23 12:00,65350,2024-08-01,2025-07-31,株式会社アイモバイル
S100WWME,2025-10-23,2025-10-23 12:32,49360,2024-08-01,2025-07-31,株式会社アクシージア
S100WWIC,2025-10-23,2025-10-23 13:01,31720,2024-08-01,2025-07-31,ティーライフ株式会社
S100WW7U,2025-10-23,2025-10-23 13:09,67780,2024-08-01,2025-07-31,株式会社アルチザネットワークス
S100WWCW,2025-10-23,2025-10-23 13:30,62670,2024-08-01,2025-07-31,ゼネラルパッカー株式会社
S100WWNJ,2025-10-23,2025-10-23 13:32,78100,2024-08-01,2025-07-31,株式会社クロスフォー
S100WWO9,2025-10-23,2025-10-23 15:30,60370,2024-08-01,2025-07-31,楽待株式会社
S100WWJN,2025-10-23,2025-10-23 16:00,51310,2024-08-01,2025-07-31,リンカーズ株式会社
S100WWP5,2025-10-23,2025-10-23 16:08,70970,2024-08-01,2025-07-31,株式会社さくらさくプラス
S100WWVI,2025-10-24,2025-10-24 13:58,62250,2024-08-01,2025-07-31,株式会社エコム
S100WWVV,2025-10-24,2025-10-24 14:04,55720,2024-08-01,2025-07-31,株式会社Ｒｉｄｇｅ－ｉ
S100WWWK,2025-10-24,2025-10-24 15:30,49340,2024-08-01,2025-07-31,プレミアアンチエイジング株式会社
S100WWX1,2025-10-24,2025-10-24 15:49,29910,2024-08-01,2025-07-31,株式会社ランドネット
S100WVWR,2025-10-24,2025-10-24 15:51,71260,2024-08-01,2025-07-31,グローバルスタイル株式会社
S100WWED,2025-10-24,2025-10-24 16:00,92620,2024-08-01,2025-07-31,株式会社シルバーライフ
S100WWG0,2025-10-27,2025-10-27 09:34,34210,2024-08-01,2025-07-31,株式会社稲葉製作所
S100WWUT,2025-10-27,2025-10-27 10:00,60910,2024-08-01,2025-07-31,株式会社ウエスコホールディングス
S100WWVN,2025-10-27,2025-10-27 11:51,34410,2024-08-01,2025-07-31,株式会社山王
S100WX0H,2025-10-27,2025-10-27 12:45,34180,2024-08-01,2025-07-31,株式会社バルニバービ
S100WW3R,2025-10-27,2025-10-27 13:13,65770,2024-08-01,2025-07-31,株式会社ベストワンドットコム
S100WWYA,2025-10-27,2025-10-27 15:01,76920,2024-08-01,2025-07-31,株式会社アースインフィニティ
S100WX3D,2025-10-27,2025-10-27 15:51,95560,2024-08-01,2025-07-31,ＩＮＴＬＯＯＰ株式会社
S100WX4A,2025-10-27,2025-10-27 17:00,92350,2024-08-01,2025-07-31,売れるネット広告社グループ株式会社
S100WWZA,2025-10-28,2025-10-28 10:39,18440,2024-08-01,2025-07-31,株式会社大盛工業
S100WX02,2025-10-28,2025-10-28 14:23,24240,2024-08-01,2025-07-31,株式会社ブラス
S100WX9N,2025-10-28,2025-10-28 14:45,39300,2024-08-01,2025-07-31,株式会社はてな
S100WWX8,2025-10-28,2025-10-28 14:48,31930,2024-08-01,2025-07-31,株式会社エターナルホスピタリティグループ
S100WX6F,2025-10-28,2025-10-28 15:30,14440,2024-08-01,2025-07-31,株式会社ニッソウ
S100WX5A,2025-10-28,2025-10-28 15:30,40750,2024-08-01,2025-07-31,ブレインズテクノロジー株式会社
S100WWW2,2025-10-28,2025-10-28 15:44,71100,2024-08-01,2025-07-31,株式会社クラシコム
S100WXAF,2025-10-28,2025-10-28 16:00,36620,2024-08-01,2025-07-31,株式会社エイチームホールディングス
S100WXEV,2025-10-29,2025-10-29 14:55,38160,2024-08-01,2025-07-31,株式会社大和コンピューター
S100WXDJ,2025-10-29,2025-10-29 15:51,44460,2024-08-01,2025-07-31,Ｌｉｎｋ－Ｕグループ株式会社
S100WXH6,2025-10-29,2025-10-29 16:33,78500,2024-08-01,2025-07-31,総合商研株式会社
S100WXFC,2025-10-29,2025-10-29 17:01,29780,2024-08-01,2025-07-31,株式会社ツクルバ
S100WXMD,2025-10-30,2025-10-30 15:00,39880,2024-08-01,2025-07-31,株式会社ＳＹＳホールディングス
S100WXPT,2025-10-30,2025-10-30 15:30,76820,2024-08-01,2025-07-31,株式会社浜木綿
S100WX4G,2025-10-30,2025-10-30 15:30,44220,2024-08-01,2025-07-31,ＶＡＬＵＥＮＥＸ株式会社
S100WXET,2025-10-30,2025-10-30 15:41,350A0,2024-08-01,2025-07-31,デジタルグリッド株式会社
S100WWAM,2025-10-30,2025-10-30 16:00,35390,2024-08-01,2025-07-31,株式会社ＪＭホールディングス
S100WXTF,2025-10-30,2025-10-30 16:16,92400,2024-08-01,2025-07-31,株式会社デリバリーコンサルティング
S100WXQ6,2025-10-31,2025-10-31 09:23,89270,2024-08-01,2025-07-31,株式会社明豊エンタープライズ
S100WY33,2025-10-31,2025-10-31 15:35,218A0,2024-08-01,2025-07-31,株式会社Ｌｉｂｅｒａｗａｒｅ
S100WY01,2025-10-31,2025-10-31 15:44,65480,2024-07-01,2025-06-30,株式会社旅工房
S100WXVU,2025-10-31,2025-10-31 15:50,60300,2024-07-01,2025-06-30,株式会社アドベンチャー
S100WXOA,2025-10-31,2025-10-31 17:03,94440,2024-05-01,2025-04-30,株式会社トーシンホールディングス
S100WXKZ,2025-11-11,2025-11-11 14:02,30350,2024-08-21,2025-08-20,ケイティケイ株式会社
S100X17L,2025-11-14,2025-11-14 15:33,78700,2024-08-21,2025-08-20,福島印刷株式会社
S100X50A,2025-11-17,2025-11-17 15:31,75130,2024-09-01,2025-08-31,株式会社コジマ
S100X59Q,2025-11-18,2025-11-18 14:51,77300,2024-09-01,2025-08-31,マニー株式会社
S100X54M,2025-11-18,2025-11-18 15:30,94140,2024-09-01,2025-08-31,日本ＢＳ放送株式会社
S100X51A,2025-11-19,2025-11-19 10:17,82540,2024-09-01,2025-08-31,株式会社さいか屋
S100X59V,2025-11-19,2025-11-19 10:34,19970,2024-09-01,2025-08-31,暁飯島工業株式会社
S100X5J8,2025-11-19,2025-11-19 13:09,30480,2024-09-01,2025-08-31,株式会社ビックカメラ
S100X5L9,2025-11-19,2025-11-19 13:32,76070,2024-09-01,2025-08-31,株式会社進和
S100X5AK,2025-11-19,2025-11-19 15:34,74470,2024-09-01,2025-08-31,ナガイレーベン株式会社
S100X5JM,2025-11-20,2025-11-20 09:39,47280,2024-09-01,2025-08-31,株式会社トーセ
S100X5M8,2025-11-20,2025-11-20 13:31,61590,2024-09-01,2025-08-31,ミクロン精密株式会社
S100X5JB,2025-11-20,2025-11-20 15:10,46680,2024-09-01,2025-08-31,株式会社明光ネットワークジャパン
S100X5W6,2025-11-20,2025-11-20 15:29,41760,2024-09-01,2025-08-31,株式会社ココナラ
S100X5IF,2025-11-20,2025-11-20 15:31,81270,2024-09-01,2025-08-31,ヤマトインターナショナル株式会社
S100X5OB,2025-11-20,2025-11-20 15:34,31680,2024-09-01,2025-08-31,株式会社ＭＥＲＦ
S100X5OA,2025-11-20,2025-11-20 15:41,61990,2024-09-01,2025-08-31,株式会社セラク
S100X5NI,2025-11-21,2025-11-21 10:13,74530,2024-09-01,2025-08-31,株式会社　良品計画
S100X5IQ,2025-11-21,2025-11-21 11:26,36070,2024-09-01,2025-08-31,株式会社クラウディアホールディングス
S100X63V,2025-11-21,2025-11-21 13:00,190A0,2024-09-01,2025-08-31,Ｃｈｏｒｄｉａ　Ｔｈｅｒａｐｅｕｔｉｃｓ株式会社
S100X61U,2025-11-21,2025-11-21 13:00,70850,2024-09-01,2025-08-31,株式会社カーブスホールディングス
S100X62P,2025-11-21,2025-11-21 16:04,38150,2024-09-01,2025-08-31,株式会社メディア工房
S100X63F,2025-11-21,2025-11-21 16:52,36970,2024-09-01,2025-08-31,株式会社ＳＨＩＦＴ
S100X6CU,2025-11-25,2025-11-25 09:00,62640,2024-09-01,2025-08-31,株式会社マルマエ
S100X67D,2025-11-25,2025-11-25 10:30,75140,2024-09-01,2025-08-31,株式会社　ヒマラヤ
S100X6F1,2025-11-25,2025-11-25 11:35,60250,2024-09-01,2025-08-31,日本ＰＣサービス株式会社
S100X68L,2025-11-25,2025-11-25 12:01,14070,2024-09-01,2025-08-31,株式会社ウエストホールディングス
S100X5DP,2025-11-25,2025-11-25 12:36,99790,2024-09-01,2025-08-31,株式会社大庄
S100X626,2025-11-25,2025-11-25 12:55,27350,2024-09-01,2025-08-31,株式会社ワッツ
S100X6G1,2025-11-25,2025-11-25 13:27,29990,2024-09-01,2025-08-31,ホームポジション株式会社
S100X6GX,2025-11-25,2025-11-25 14:21,44390,2024-09-01,2025-08-31,株式会社東名
S100X6HK,2025-11-25,2025-11-25 15:01,414A0,2024-09-01,2025-08-31,株式会社オーバーラップホールディングス
S100X5MX,2025-11-25,2025-11-25 15:03,40150,2024-09-01,2025-08-31,ペイクラウドホールディングス株式会社
S100X5TH,2025-11-25,2025-11-25 15:30,92640,2024-09-01,2025-08-31,ポエック株式会社
S100X6IA,2025-11-25,2025-11-25 15:30,55740,2024-09-01,2025-08-31,株式会社ＡＢＥＪＡ
S100X5Z0,2025-11-25,2025-11-25 15:30,75810,2024-09-01,2025-08-31,株式会社サイゼリヤ
S100X6HU,2025-11-25,2025-11-25 15:31,39910,2024-09-01,2025-08-31,ウォンテッドリー株式会社
S100X6EQ,2025-11-25,2025-11-25 16:00,55780,2024-09-01,2025-08-31,ＡＲアドバンストテクノロジ株式会社
S100X6BK,2025-11-25,2025-11-25 16:35,92700,2024-09-01,2025-08-31,バリュエンスホールディングス株式会社
S100X6HQ,2025-11-25,2025-11-25 16:46,30450,2024-09-01,2025-08-31,株式会社カワサキ
S100X6AI,2025-11-25,2025-11-25 17:04,70350,2024-09-01,2025-08-31,ａｎｄ　ｆａｃｔｏｒｙ株式会社
S100X6JZ,2025-11-26,2025-11-26 09:11,72190,2024-09-01,2025-08-31,株式会社エッチ・ケー・エス
S100X5LJ,2025-11-26,2025-11-26 09:29,47600,2024-09-01,2025-08-31,株式会社アルファ
S100X68N,2025-11-26,2025-11-26 09:46,78050,2024-09-01,2025-08-31,プリントネット株式会社
S100X6JF,2025-11-26,2025-11-26 10:00,62890,2024-09-01,2025-08-31,株式会社技研製作所
S100X6MC,2025-11-26,2025-11-26 10:05,34400,2024-09-01,2025-08-31,日創グループ株式会社
S100X6EF,2025-11-26,2025-11-26 10:23,94180,2024-09-01,2025-08-31,株式会社Ｕ－ＮＥＸＴ　ＨＯＬＤＩＮＧＳ
S100X6ND,2025-11-26,2025-11-26 11:06,44400,2024-09-01,2025-08-31,株式会社ヴィッツ
S100X6CC,2025-11-26,2025-11-26 11:21,79280,2024-09-01,2025-08-31,旭化学工業株式会社
S100X6JA,2025-11-26,2025-11-26 11:35,35360,2024-09-01,2025-08-31,アクサスホールディングス株式会社
S100X6MF,2025-11-26,2025-11-26 12:17,43700,2024-09-01,2025-08-31,モビルス株式会社
S100X6JN,2025-11-26,2025-11-26 13:06,43970,2024-09-01,2025-08-31,株式会社チームスピリット
S100X6QO,2025-11-26,2025-11-26 13:22,27360,2024-09-01,2025-08-31,フェスタリアホールディングス株式会社
S100X6MS,2025-11-26,2025-11-26 13:32,78180,2024-09-01,2025-08-31,株式会社トランザクション
S100X6SE,2025-11-26,2025-11-26 14:49,99780,2024-09-01,2025-08-31,株式会社文教堂グループホールディングス
S100X6QU,2025-11-26,2025-11-26 15:00,70650,2024-09-01,2025-08-31,ユーピーアール株式会社
S100X6ST,2025-11-26,2025-11-26 15:00,244A0,2024-09-01,2025-08-31,グロースエクスパートナーズ株式会社
S100X6SQ,2025-11-26,2025-11-26 15:30,156A0,2024-09-01,2025-08-31,マテリアルグループ株式会社
S100X6O3,2025-11-26,2025-11-26 15:30,24490,2024-09-01,2025-08-31,株式会社プラップジャパン
S100X6NP,2025-11-26,2025-11-26 15:30,373A0,2024-09-01,2025-08-31,株式会社リップス
S100X6TZ,2025-11-26,2025-11-26 15:30,325A0,2025-02-01,2025-08-31,株式会社ＴＥＮＴＩＡＬ
S100X6TA,2025-11-26,2025-11-26 15:30,34980,2024-09-01,2025-08-31,霞ヶ関キャピタル株式会社
S100X6RU,2025-11-26,2025-11-26 15:32,31740,2024-09-01,2025-08-31,株式会社ハピネス・アンド・ディ
S100X6P1,2025-11-26,2025-11-26 15:32,276A0,2024-09-01,2025-08-31,ククレブ・アドバイザーズ株式会社
S100X6FE,2025-11-26,2025-11-26 15:47,41990,2024-09-01,2025-08-31,ワンダープラネット株式会社
S100X66L,2025-11-26,2025-11-26 15:48,367A0,2024-09-01,2025-08-31,プリモグローバルホールディングス株式会社
S100X6GM,2025-11-26,2025-11-26 15:57,14340,2024-09-01,2025-08-31,ＪＥＳＣＯホールディングス株式会社
S100X1KO,2025-11-26,2025-11-26 16:00,93310,2024-09-01,2025-08-31,株式会社キャスター
S100X6R9,2025-11-26,2025-11-26 16:01,89040,2024-09-01,2025-08-31,株式会社ＡＶＡＮＴＩＡ
S100X6VP,2025-11-26,2025-11-26 16:30,36470,2024-09-01,2025-08-31,株式会社ジー・スリーホールディングス
S100X153,2025-11-26,2025-11-26 16:31,24840,2024-09-01,2025-08-31,株式会社出前館
S100X6W8,2025-11-26,2025-11-26 16:38,29270,2024-09-01,2025-08-31,株式会社ＡＦＣ－ＨＤアムスライフサイエンス
S100X6VA,2025-11-26,2025-11-26 16:54,66680,2024-09-01,2025-08-31,株式会社アドテックプラズマテクノロジー
S100X6X1,2025-11-26,2025-11-26 17:13,21640,2024-09-01,2025-08-31,株式会社地域新聞社
S100X72V,2025-11-27,2025-11-27 12:04,39870,2024-09-01,2025-08-31,エコモット株式会社
S100X6V7,2025-11-27,2025-11-27 14:00,74450,2024-09-01,2025-08-31,株式会社ライトオン
S100X72L,2025-11-27,2025-11-27 15:00,245A0,2024-09-01,2025-08-31,株式会社ＩＮＧＳ
S100X66T,2025-11-27,2025-11-27 15:30,65220,2024-09-01,2025-08-31,株式会社アスタリスク
S100X6Y2,2025-11-27,2025-11-27 15:30,55800,2024-09-01,2025-08-31,株式会社プロディライト
S100X6RV,2025-11-27,2025-11-27 15:30,44120,2024-09-01,2025-08-31,株式会社サイエンスアーツ
S100X76V,2025-11-27,2025-11-27 15:30,95600,2024-09-01,2025-08-31,株式会社プログリット
S100X6Y8,2025-11-27,2025-11-27 15:32,73510,2024-09-01,2025-08-31,株式会社グッドパッチ
S100X770,2025-11-27,2025-11-27 15:40,51290,2024-09-01,2025-08-31,株式会社ＦＩＸＥＲ
S100X747,2025-11-27,2025-11-27 15:44,73520,2024-09-01,2025-08-31,株式会社ＴＷＯＳＴＯＮＥ＆Ｓｏｎｓ
S100X74E,2025-11-27,2025-11-27 16:00,30460,2024-09-01,2025-08-31,株式会社ジンズホールディングス
S100X6V1,2025-11-27,2025-11-27 16:26,44330,2024-09-01,2025-08-31,株式会社ヒト・コミュニケーションズ・ホールディングス
S100X79I,2025-11-27,2025-11-27 16:34,87830,2025-04-01,2025-08-31,ａｂｃ株式会社
S100X7C2,2025-11-28,2025-11-28 09:20,29010,2025-04-01,2025-08-31,株式会社ウェルディッシュ
S100X7EY,2025-11-28,2025-11-28 10:12,369A0,2024-09-01,2025-08-31,株式会社エータイ
S100X6PR,2025-11-28,2025-11-28 10:23,62550,2024-09-01,2025-08-31,株式会社エヌ・ピー・シー
S100X7D0,2025-11-28,2025-11-28 10:39,92520,2024-09-01,2025-08-31,株式会社ラストワンマイル
S100X7HS,2025-11-28,2025-11-28 12:49,92410,2024-09-01,2025-08-31,株式会社フューチャーリンクネットワーク
S100X6X6,2025-11-28,2025-11-28 13:04,99830,2024-09-01,2025-08-31,株式会社ファーストリテイリング
S100X7DQ,2025-11-28,2025-11-28 13:21,21570,2024-09-01,2025-08-31,株式会社コシダカホールディングス
S100X7DA,2025-11-28,2025-11-28 14:19,73730,2024-09-01,2025-08-31,株式会社アイドマ・ホールディングス
S100X7IQ,2025-11-28,2025-11-28 14:23,24040,2024-09-01,2025-08-31,株式会社鉄人化ホールディングス
S100X7KP,2025-11-28,2025-11-28 15:30,428A0,2024-09-01,2025-08-31,サイプレス・ホールディングス株式会社
S100X6M7,2025-11-28,2025-11-28 15:30,35600,2024-09-01,2025-08-31,株式会社ほぼ日
S100X7ID,2025-11-28,2025-11-28 15:31,35410,2024-09-01,2025-08-31,株式会社農業総合研究所
S100X79V,2025-11-28,2025-11-28 15:32,50260,2024-09-01,2025-08-31,株式会社トリプルアイズ
S100X7LO,2025-11-28,2025-11-28 16:18,38230,2024-09-01,2025-08-31,ＴＨＥ　ＷＨＹ　ＨＯＷ　ＤＯ　ＣＯＭＰＡＮＹ株式会社
S100X7OR,2025-12-01,2025-12-01 10:15,31890,2024-09-01,2025-08-31,株式会社ＡＮＡＰホールディングス
S100X8TQ,2025-12-08,2025-12-08 17:00,49280,2024-10-01,2025-09-30,株式会社ノエビアホールディングス
S100X9BV,2025-12-10,2025-12-10 11:38,36360,2024-10-01,2025-09-30,株式会社三菱総合研究所
S100X9H5,2025-12-10,2025-12-10 13:23,60500,2024-10-01,2025-09-30,イー・ガーディアン株式会社
S100X9C6,2025-12-10,2025-12-10 14:43,97950,2024-10-01,2025-09-30,株式会社ステップ
S100X9BR,2025-12-10,2025-12-10 15:30,44790,2024-10-01,2025-09-30,株式会社マクアケ
S100X978,2025-12-10,2025-12-10 16:00,25510,2024-09-21,2025-09-20,マルサンアイ株式会社
S100X9LY,2025-12-11,2025-12-11 14:30,97460,2024-10-01,2025-09-30,株式会社　ＴＫＣ
S100X9V9,2025-12-11,2025-12-11 16:02,55320,2024-10-01,2025-09-30,株式会社リアルゲイト
S100X9E8,2025-12-12,2025-12-12 15:00,21850,2024-10-01,2025-09-30,株式会社シイエム・シイ
S100X9ZE,2025-12-12,2025-12-12 15:40,40510,2024-10-01,2025-09-30,ＧＭＯフィナンシャルゲート株式会社
S100X9RU,2025-12-12,2025-12-12 15:52,37690,2024-10-01,2025-09-30,ＧＭＯペイメントゲートウェイ株式会社
S100XAAS,2025-12-15,2025-12-15 11:58,29260,2024-10-01,2025-09-30,株式会社　篠崎屋
S100XAGE,2025-12-15,2025-12-15 14:49,77110,2024-10-01,2025-09-30,助川電気工業株式会社
S100XAF9,2025-12-15,2025-12-15 15:30,61760,2024-10-01,2025-09-30,株式会社ブランジスタ
S100XAHG,2025-12-15,2025-12-15 15:38,39920,2024-10-01,2025-09-30,株式会社ニーズウェル
S100XAH0,2025-12-15,2025-12-15 17:04,36980,2024-10-01,2025-09-30,株式会社ＣＲＩ・ミドルウェア
S100XAHE,2025-12-16,2025-12-16 10:03,49580,2024-10-01,2025-09-30,長谷川香料株式会社
S100XAOQ,2025-12-16,2025-12-16 14:01,62000,2024-10-01,2025-09-30,株式会社インソース
S100XAQJ,2025-12-16,2025-12-16 14:29,36870,2024-10-01,2025-09-30,株式会社フィックスターズ
S100XAEN,2025-12-16,2025-12-16 14:43,34610,2024-10-01,2025-09-30,株式会社パルマ
S100XA5Q,2025-12-16,2025-12-16 15:30,49310,2024-10-01,2025-09-30,新日本製薬株式会社
S100XAOR,2025-12-16,2025-12-16 15:30,87890,2024-10-01,2025-09-30,フィンテック　グローバル株式会社
S100XADZ,2025-12-16,2025-12-16 15:31,34960,2024-10-01,2025-09-30,株式会社アズーム
S100XAFO,2025-12-16,2025-12-16 15:33,36900,2024-10-01,2025-09-30,株式会社イルグルム
S100XAG9,2025-12-16,2025-12-16 15:55,96790,2024-10-01,2025-09-30,ホウライ株式会社
S100XAUW,2025-12-16,2025-12-16 16:04,32450,2024-10-01,2025-09-30,株式会社ディア・ライフ
S100XALI,2025-12-16,2025-12-16 17:12,70760,2024-10-01,2025-09-30,名南Ｍ＆Ａ株式会社
S100XAQS,2025-12-17,2025-12-17 09:00,75050,2024-10-01,2025-09-30,扶桑電通株式会社
S100XAZ4,2025-12-17,2025-12-17 09:48,39390,2024-10-01,2025-09-30,株式会社カナミックネットワーク
S100XAZ6,2025-12-17,2025-12-17 09:50,61940,2024-10-01,2025-09-30,株式会社アトラエ
S100XACD,2025-12-17,2025-12-17 10:05,76810,2024-10-01,2025-09-30,株式会社レオクラン
S100XAQD,2025-12-17,2025-12-17 10:05,63160,2024-10-01,2025-09-30,株式会社丸山製作所
S100XAX3,2025-12-17,2025-12-17 10:49,41650,2024-10-01,2025-09-30,株式会社プレイド
S100XAO8,2025-12-17,2025-12-17 11:09,75390,2024-10-01,2025-09-30,株式会社アイナボホールディングス
S100XAN1,2025-12-17,2025-12-17 12:18,61960,2024-10-01,2025-09-30,株式会社ストライク
S100XAET,2025-12-17,2025-12-17 12:21,76460,2024-09-21,2025-09-20,株式会社ＰＬＡＮＴ
S100XAMG,2025-12-17,2025-12-17 13:05,74460,2024-10-01,2025-09-30,東北化学薬品株式会社
S100XAIS,2025-12-17,2025-12-17 15:27,92330,2024-10-01,2025-09-30,アジア航測株式会社
S100XB0H,2025-12-17,2025-12-17 15:32,23700,2024-10-01,2025-09-30,株式会社メディネット
S100XB0Y,2025-12-17,2025-12-17 15:32,37470,2024-10-01,2025-09-30,株式会社インタートレード
S100XAXC,2025-12-17,2025-12-17 15:37,61890,2024-10-01,2025-09-30,株式会社グローバルキッズＣＯＭＰＡＮＹ
S100XB5U,2025-12-17,2025-12-17 15:53,87980,2024-10-01,2025-09-30,株式会社アドバンスクリエイト
S100XAQC,2025-12-17,2025-12-17 15:55,37120,2024-10-01,2025-09-30,株式会社情報企画
S100XABQ,2025-12-17,2025-12-17 16:10,31760,2024-10-01,2025-09-30,三洋貿易株式会社
S100XB7G,2025-12-17,2025-12-17 17:08,36680,2024-10-01,2025-09-30,株式会社コロプラ
S100X93C,2025-12-18,2025-12-18 09:00,81510,2024-10-01,2025-09-30,株式会社東陽テクニカ
S100XB6O,2025-12-18,2025-12-18 09:11,66770,2024-10-01,2025-09-30,株式会社エスケーエレクトロニクス
S100XB09,2025-12-18,2025-12-18 09:16,96990,2024-10-01,2025-09-30,ニシオホールディングス株式会社
S100XAWU,2025-12-18,2025-12-18 09:18,69650,2024-10-01,2025-09-30,浜松ホトニクス株式会社
S100XAPZ,2025-12-18,2025-12-18 09:30,34940,2024-10-01,2025-09-30,株式会社マリオン
S100XAU2,2025-12-18,2025-12-18 11:00,45540,2024-10-01,2025-09-30,富士製薬工業株式会社
S100XARO,2025-12-18,2025-12-18 13:24,60870,2024-10-01,2025-09-30,株式会社アビスト
S100XBF5,2025-12-18,2025-12-18 13:31,47540,2024-10-01,2025-09-30,株式会社トスネット
S100XB9Q,2025-12-18,2025-12-18 13:32,39650,2024-10-01,2025-09-30,株式会社キャピタル・アセット・プランニング
S100XBFS,2025-12-18,2025-12-18 13:58,98230,2024-10-01,2025-09-30,株式会社マミーマートホールディングス
S100XB87,2025-12-18,2025-12-18 15:14,62840,2024-10-01,2025-09-30,日精エー・エス・ビー機械株式会社
S100XAKV,2025-12-18,2025-12-18 15:30,78190,2024-10-01,2025-09-30,粧美堂株式会社
S100XB2A,2025-12-18,2025-12-18 15:30,43200,2024-10-01,2025-09-30,株式会社ＣＥホールディングス
S100XB8X,2025-12-18,2025-12-18 15:30,50360,2024-10-01,2025-09-30,日本ビジネスシステムズ株式会社
S100XBFK,2025-12-18,2025-12-18 15:34,63380,2024-10-01,2025-09-30,株式会社タカトリ
S100XB94,2025-12-18,2025-12-18 15:39,91700,2024-10-01,2025-09-30,成友興業株式会社
S100XB7R,2025-12-18,2025-12-18 15:51,94460,2024-10-01,2025-09-30,株式会社サカイホールディングス
S100XBCH,2025-12-18,2025-12-18 16:00,93420,2024-10-01,2025-09-30,株式会社スマサポ
S100XBEJ,2025-12-18,2025-12-18 16:00,24100,2024-10-01,2025-09-30,株式会社キャリアデザインセンター
S100XBEF,2025-12-18,2025-12-18 16:13,43460,2024-10-01,2025-09-30,株式会社ＮＥＸＹＺ．Ｇｒｏｕｐ
S100XAL6,2025-12-18,2025-12-18 16:14,77600,2024-10-01,2025-09-30,ＩＭＶ株式会社
S100XB82,2025-12-18,2025-12-18 16:15,73610,2024-10-01,2025-09-30,株式会社ヒューマンクリエイションホールディングス
S100XB9B,2025-12-18,2025-12-18 16:16,17710,2024-10-01,2025-09-30,日本乾溜工業株式会社
S100XBI1,2025-12-18,2025-12-18 16:35,94700,2024-10-01,2025-09-30,株式会社学研ホールディングス
S100XB7E,2025-12-18,2025-12-18 16:43,94760,2024-10-01,2025-09-30,株式会社中央経済社ホールディングス
S100XBM8,2025-12-19,2025-12-19 09:19,39200,2024-10-01,2025-09-30,アイビーシー株式会社
S100XBL7,2025-12-19,2025-12-19 09:50,37230,2024-10-01,2025-09-30,日本ファルコム株式会社
S100XBJI,2025-12-19,2025-12-19 10:59,73560,2024-10-01,2025-09-30,Ｒｅｔｔｙ株式会社
S100XB3E,2025-12-19,2025-12-19 11:22,48090,2024-10-01,2025-09-30,パラカ株式会社
S100XB4O,2025-12-19,2025-12-19 13:33,62770,2024-10-01,2025-09-30,ホソカワミクロン株式会社
S100XBLK,2025-12-19,2025-12-19 14:00,94380,2024-10-01,2025-09-30,株式会社エムティーアイ
S100XBKO,2025-12-19,2025-12-19 14:20,166A0,2024-10-01,2025-09-30,株式会社タスキホールディングス
S100XBIV,2025-12-19,2025-12-19 14:23,75270,2024-10-01,2025-09-30,株式会社システムソフト
S100XBJD,2025-12-19,2025-12-19 14:31,48840,2024-10-01,2025-09-30,クリングルファーマ株式会社
S100X9MO,2025-12-19,2025-12-19 14:37,89440,2024-10-01,2025-09-30,株式会社ランドビジネス
S100XBSF,2025-12-19,2025-12-19 14:47,28740,2024-10-01,2025-09-30,横浜冷凍株式会社
S100XBVP,2025-12-19,2025-12-19 15:10,24850,2024-10-01,2025-09-30,株式会社ティア
S100XBQ8,2025-12-19,2025-12-19 15:29,70690,2024-10-01,2025-09-30,株式会社サイバー・バズ
S100XBLU,2025-12-19,2025-12-19 15:30,92580,2024-10-01,2025-09-30,株式会社ＣＳ－Ｃ
S100XBUR,2025-12-19,2025-12-19 15:31,60460,2024-10-01,2025-09-30,株式会社リンクバル
S100XBWA,2025-12-19,2025-12-19 15:33,42600,2024-10-01,2025-09-30,株式会社ハイブリッドテクノロジーズ
S100XBLH,2025-12-19,2025-12-19 15:37,55870,2024-10-01,2025-09-30,株式会社インバウンドプラットフォーム
S100XBWH,2025-12-19,2025-12-19 15:39,95530,2024-10-01,2025-09-30,株式会社マイクロアド
S100XBWT,2025-12-19,2025-12-19 16:01,269A0,2024-10-01,2025-09-30,株式会社Ｓａｐｅｅｔ
S100XBX1,2025-12-19,2025-12-19 16:03,78060,2024-10-01,2025-09-30,株式会社ＭＴＧ
S100XBVM,2025-12-19,2025-12-19 16:13,55860,2024-10-01,2025-09-30,株式会社Ｌａｂｏｒｏ．ＡＩ
S100XBN5,2025-12-19,2025-12-19 16:41,73720,2024-10-01,2025-09-30,株式会社デコルテ・ホールディングス
S100XBXT,2025-12-19,2025-12-19 17:01,71480,2024-10-01,2025-09-30,株式会社ＦＰＧ
S100XBNE,2025-12-22,2025-12-22 09:04,47690,2024-10-01,2025-09-30,株式会社ＩＣ
S100XB5N,2025-12-22,2025-12-22 09:06,68770,2024-10-01,2025-09-30,ＯＢＡＲＡ　ＧＲＯＵＰ株式会社
S100XBYD,2025-12-22,2025-12-22 09:25,64920,2024-12-01,2025-09-30,岡野バルブ製造株式会社
S100XC1P,2025-12-22,2025-12-22 09:25,42430,2024-10-01,2025-09-30,株式会社ニックス
S100XA3X,2025-12-22,2025-12-22 09:36,98690,2024-10-01,2025-09-30,加藤産業株式会社
S100XBNR,2025-12-22,2025-12-22 09:41,29170,2024-10-01,2025-09-30,株式会社大森屋
S100XBTQ,2025-12-22,2025-12-22 10:00,70720,2024-10-01,2025-09-30,株式会社インティメート・マージャー
S100XC2D,2025-12-22,2025-12-22 10:15,76430,2024-10-01,2025-09-30,株式会社ダイイチ
S100XBSY,2025-12-22,2025-12-22 10:52,65540,2024-10-01,2025-09-30,株式会社エスユーエス
S100XBZW,2025-12-22,2025-12-22 10:54,77920,2024-10-01,2025-09-30,株式会社コラントッテ
S100XC3I,2025-12-22,2025-12-22 10:55,95540,2024-10-01,2025-09-30,株式会社ＡＶｉＣ
S100XC4P,2025-12-22,2025-12-22 12:18,39930,2024-10-01,2025-09-30,株式会社ＰＫＳＨＡ　Ｔｅｃｈｎｏｌｏｇｙ
S100XC55,2025-12-22,2025-12-22 12:27,78390,2024-10-01,2025-09-30,株式会社ＳＨＯＥＩ
S100XC53,2025-12-22,2025-12-22 12:32,29740,2024-10-01,2025-09-30,大英産業株式会社
S100XBJH,2025-12-22,2025-12-22 13:21,59210,2024-10-01,2025-09-30,川岸工業株式会社
S100XC5E,2025-12-22,2025-12-22 13:48,21220,2024-10-01,2025-09-30,株式会社インタースペース
S100XBJQ,2025-12-22,2025-12-22 15:11,33590,2024-10-01,2025-09-30,株式会社ｃｏｔｔａ
S100XC7V,2025-12-22,2025-12-22 15:24,23040,2024-10-01,2025-09-30,株式会社ＣＳＳホールディングス
S100XBTY,2025-12-22,2025-12-22 15:30,35630,2024-10-01,2025-09-30,株式会社ＦＯＯＤ　＆　ＬＩＦＥ　ＣＯＭＰＡＮＩＥＳ
S100XC79,2025-12-22,2025-12-22 15:30,17830,2024-10-01,2025-09-30,株式会社ｆａｎｔａｓｉｓｔａ
S100XBTG,2025-12-22,2025-12-22 15:31,32880,2024-10-01,2025-09-30,株式会社オープンハウスグループ
S100X8TY,2025-12-22,2025-12-22 15:39,21200,2024-10-01,2025-09-30,株式会社ＬＩＦＵＬＬ
S100XBSH,2025-12-22,2025-12-22 15:39,62330,2024-10-01,2025-09-30,ＫＬＡＳＳ株式会社
S100XBZH,2025-12-22,2025-12-22 15:40,14460,2024-10-01,2025-09-30,株式会社キャンディル
S100XBUA,2025-12-22,2025-12-22 15:42,220A0,2024-10-01,2025-09-30,株式会社Ｆａｂｅｒ　Ｃｏｍｐａｎｙ
S100XC8W,2025-12-22,2025-12-22 15:48,55700,2024-10-01,2025-09-30,株式会社ジェノバ
S100XBZI,2025-12-22,2025-12-22 15:55,65630,2024-10-01,2025-09-30,株式会社みらいワークス
S100XC6R,2025-12-22,2025-12-22 16:00,43760,2024-10-01,2025-09-30,株式会社くふうカンパニーホールディングス
S100XC4O,2025-12-22,2025-12-22 16:00,39890,2024-10-01,2025-09-30,シェアリングテクノロジー株式会社
S100XBTL,2025-12-22,2025-12-22 16:00,39850,2024-10-01,2025-09-30,テモナ株式会社
S100XC8K,2025-12-22,2025-12-22 16:00,92250,2024-10-01,2025-09-30,ブリッジコンサルティンググループ株式会社
S100XBLZ,2025-12-22,2025-12-22 16:07,39000,2024-10-01,2025-09-30,株式会社クラウドワークス
S100XC5Q,2025-12-22,2025-12-22 16:09,51370,2024-10-01,2025-09-30,株式会社スマートドライブ
S100XCAD,2025-12-22,2025-12-22 16:38,335A0,2024-10-01,2025-09-30,株式会社ミライロ
S100XC4C,2025-12-22,2025-12-22 16:41,44990,2024-10-01,2025-09-30,株式会社Ｓｐｅｅｅ
S100XCA9,2025-12-22,2025-12-22 16:43,65510,2024-10-01,2025-09-30,株式会社ツナググループ・ホールディングス
S100XCAO,2025-12-22,2025-12-22 16:55,37260,2024-10-01,2025-09-30,株式会社フォーシーズＨＤ
S100XCA4,2025-12-23,2025-12-23 09:00,58430,2024-10-01,2025-09-30,ニッポンインシュア株式会社
S100XC7N,2025-12-23,2025-12-23 10:26,73760,2024-10-01,2025-09-30,ＢＣＣ株式会社
S100XCGP,2025-12-23,2025-12-23 11:28,231A0,2024-10-01,2025-09-30,Ｃｒｏｓｓ　Ｅホールディングス株式会社
S100XC1F,2025-12-23,2025-12-23 11:31,74940,2024-10-01,2025-09-30,株式会社コナカ
S100XCEC,2025-12-23,2025-12-23 12:11,52590,2024-10-01,2025-09-30,ＢＢＤイニシアティブ株式会社
S100XCAJ,2025-12-23,2025-12-23 12:31,49370,2024-10-01,2025-09-30,株式会社Ｗａｑｏｏ
S100XBK6,2025-12-23,2025-12-23 14:47,64660,2024-10-01,2025-09-30,株式会社ＴＶＥ
S100XCIO,2025-12-23,2025-12-23 15:30,44210,2024-10-01,2025-09-30,株式会社ディ・アイ・システム
S100XCE0,2025-12-23,2025-12-23 15:37,92490,2024-10-01,2025-09-30,日本エコシステム株式会社
S100XBHA,2025-12-23,2025-12-23 15:48,24980,2024-10-01,2025-09-30,株式会社オリエンタルコンサルタンツホールディングス
S100XBJN,2025-12-23,2025-12-23 15:51,36240,2024-10-01,2025-09-30,アクセルマーク株式会社
S100XAH7,2025-12-23,2025-12-23 15:52,26670,2024-10-01,2025-09-30,株式会社イメージワン
S100XC32,2025-12-23,2025-12-23 16:01,92120,2024-10-01,2025-09-30,Ｇｒｅｅｎ　Ｅａｒｔｈ　Ｉｎｓｔｉｔｕｔｅ株式会社
S100XBZX,2025-12-23,2025-12-23 16:07,40590,2024-10-01,2025-09-30,株式会社まぐまぐ
S100XCLW,2025-12-23,2025-12-23 16:22,57240,2024-10-01,2025-09-30,株式会社アサカ理研
S100XBUH,2025-12-23,2025-12-23 16:58,92480,2024-10-01,2025-09-30,人・夢・技術グループ株式会社
S100XCN2,2025-12-23,2025-12-23 17:02,61910,2024-10-01,2025-09-30,株式会社エアトリ
S100XCJ8,2025-12-24,2025-12-24 09:28,29610,2024-10-01,2025-09-30,日本調理機株式会社
S100XCQ3,2025-12-24,2025-12-24 10:37,55330,2024-10-01,2025-09-30,株式会社エリッツホールディングス
S100XCQ7,2025-12-24,2025-12-24 11:00,41720,2024-10-01,2025-09-30,東和ハイシステム株式会社
S100XCGX,2025-12-24,2025-12-24 11:29,78000,2024-10-01,2025-09-30,株式会社アミファ
S100XCIW,2025-12-24,2025-12-24 13:21,92440,2024-10-01,2025-09-30,株式会社デジタリフト
S100XCMA,2025-12-24,2025-12-24 13:24,34950,2024-10-01,2025-09-30,香陵住販株式会社
S100XCIB,2025-12-24,2025-12-24 13:34,17950,2024-10-01,2025-09-30,株式会社マサル
S100XCUO,2025-12-24,2025-12-24 13:59,93760,2024-10-01,2025-09-30,株式会社ユーラシア旅行社
S100XCV7,2025-12-24,2025-12-24 14:18,93300,2024-10-01,2025-09-30,株式会社揚羽
S100XCS6,2025-12-24,2025-12-24 15:30,60800,2024-10-01,2025-09-30,Ｍ＆Ａキャピタルパートナーズ株式会社
S100XCX0,2025-12-24,2025-12-24 15:30,264A0,2024-10-01,2025-09-30,株式会社Ｓｃｈｏｏ
S100XCIN,2025-12-24,2025-12-24 15:30,206A0,2024-10-01,2025-09-30,株式会社ＰＲＩＳＭ　ＢｉｏＬａｂ
S100XCQC,2025-12-24,2025-12-24 15:32,44240,2024-10-01,2025-09-30,株式会社Ａｍａｚｉａ
S100XCNC,2025-12-24,2025-12-24 15:33,70410,2024-10-01,2025-09-30,ＣＲＧホールディングス株式会社
S100XCC9,2025-12-24,2025-12-24 15:34,44750,2024-10-01,2025-09-30,ＨＥＮＮＧＥ株式会社
S100XCY2,2025-12-24,2025-12-24 15:59,44470,2024-10-01,2025-09-30,株式会社ピー・ビーシステムズ
S100XCVT,2025-12-24,2025-12-24 15:59,60940,2024-10-01,2025-09-30,株式会社フリークアウト・ホールディングス
S100XCY4,2025-12-24,2025-12-24 16:00,14380,2024-10-01,2025-09-30,株式会社岐阜造園
S100XCJL,2025-12-24,2025-12-24 16:00,41960,2024-10-01,2025-09-30,株式会社ネオマーケティング
S100XCKW,2025-12-24,2025-12-24 16:01,31870,2024-10-01,2025-09-30,株式会社ミラタップ
S100XCU9,2025-12-24,2025-12-24 16:11,47510,2024-10-01,2025-09-30,株式会社サイバーエージェント
S100XCYG,2025-12-24,2025-12-24 16:27,44270,2024-10-01,2025-09-30,株式会社ＥｄｕＬａｂ
S100XCZ7,2025-12-24,2025-12-24 16:48,36910,2024-10-01,2025-09-30,株式会社デジタルプラス
S100XCZ1,2025-12-25,2025-12-25 11:57,30670,2024-10-01,2025-09-30,株式会社東京一番フーズ
S100XC1A,2025-12-25,2025-12-25 13:06,17730,2024-07-01,2025-06-30,ワイ・ティー・エル・コーポレーション・バーハッド
S100XCRL,2025-12-25,2025-12-25 13:41,423A0,2024-10-01,2025-09-30,株式会社ライオン事務器
S100XD4C,2025-12-25,2025-12-25 13:54,33230,2024-10-01,2025-09-30,レカム株式会社
S100XD0A,2025-12-25,2025-12-25 15:30,40710,2024-10-01,2025-09-30,株式会社プラスアルファ・コンサルティング
S100XCST,2025-12-25,2025-12-25 15:30,95620,2024-10-01,2025-09-30,ビジネスコーチ株式会社
S100XCNH,2025-12-25,2025-12-25 15:31,36720,2024-10-01,2025-09-30,株式会社オルトプラス
S100XD2T,2025-12-25,2025-12-25 15:33,40550,2024-10-01,2025-09-30,ティアンドエスグループ株式会社
S100XD95,2025-12-25,2025-12-25 15:39,70660,2024-10-01,2025-09-30,株式会社ピアズ
S100XD0Z,2025-12-25,2025-12-25 15:44,26520,2024-10-01,2025-09-30,株式会社まんだらけ
S100XD1A,2025-12-25,2025-12-25 16:00,70710,2024-10-01,2025-09-30,株式会社アンビスホールディングス
S100XD0G,2025-12-25,2025-12-25 16:02,61980,2024-10-01,2025-09-30,株式会社キャリア
S100XD6Y,2025-12-25,2025-12-25 16:17,43930,2024-10-01,2025-09-30,株式会社バンク・オブ・イノベーション
S100XD30,2025-12-25,2025-12-25 16:28,99410,2024-10-01,2025-09-30,太洋物産株式会社
S100XDAL,2025-12-25,2025-12-25 16:34,95640,2024-10-01,2025-09-30,株式会社ＦＣＥ
S100XCWL,2025-12-25,2025-12-25 16:57,241A0,2024-10-01,2025-09-30,株式会社ＲＯＸＸ
S100XDDC,2025-12-26,2025-12-26 10:07,242A0,2024-10-01,2025-09-30,株式会社リプライオリティ
S100XCO8,2025-12-26,2025-12-26 10:54,67310,2024-10-01,2025-09-30,株式会社ピクセラ
S100XDGQ,2025-12-26,2025-12-26 11:27,41240,2024-10-01,2025-09-30,大阪油化工業株式会社
S100XCQX,2025-12-26,2025-12-26 11:30,35560,2024-10-01,2025-09-30,リネットジャパングループ株式会社
S100XCCN,2025-12-26,2025-12-26 12:12,253A0,2024-10-01,2025-09-30,株式会社ＥＴＳグループ
S100XDIK,2025-12-26,2025-12-26 13:39,23880,2024-10-01,2025-09-30,株式会社ウェッジホールディングス
S100XDE3,2025-12-26,2025-12-26 15:00,36740,2024-10-01,2025-09-30,株式会社オークファン
S100XDG9,2025-12-26,2025-12-26 15:00,37100,2024-10-01,2025-09-30,ジョルダン株式会社
S100XCTM,2025-12-26,2025-12-26 15:11,70300,2024-10-01,2025-09-30,株式会社スプリックス
S100XDJI,2025-12-26,2025-12-26 15:18,44450,2024-10-01,2025-09-30,リビン・テクノロジーズ株式会社
S100XDKZ,2025-12-26,2025-12-26 15:43,259A0,2024-10-01,2025-09-30,株式会社ケイ・ウノ
S100XCXG,2025-12-26,2025-12-26 16:34,92590,2024-10-01,2025-09-30,株式会社タカヨシホールディングス
