id,date,submit,sec,period_start,period_end,filer
S100N5KL,2022-01-04,2022-01-04 12:04,99410,2020-10-01,2021-09-30,太洋物産株式会社
S100N7DP,2022-01-17,2022-01-17 09:01,47070,2020-10-21,2021-10-20,株式会社キタック
S100N8J8,2022-01-17,2022-01-17 14:48,76400,2020-11-01,2021-10-31,株式会社トップカルチャー
S100N99O,2022-01-20,2022-01-20 15:30,44410,2020-11-01,2021-10-31,トビラシステムズ株式会社
S100N9CX,2022-01-24,2022-01-24 10:05,37330,2020-11-01,2021-10-31,株式会社ソフトウェア・サービス
S100N9TY,2022-01-25,2022-01-25 14:25,70340,2020-11-01,2021-10-31,株式会社プロレド・パートナーズ
S100N9I4,2022-01-25,2022-01-25 15:09,21980,2020-11-01,2021-10-31,アイ・ケイ・ケイホールディングス株式会社
S100N9WO,2022-01-26,2022-01-26 10:36,78560,2020-11-01,2021-10-31,萩原工業株式会社
S100N9UC,2022-01-26,2022-01-26 11:21,80770,2020-11-01,2021-10-31,トルク株式会社
S100N9UI,2022-01-26,2022-01-26 12:27,26950,2020-11-01,2021-10-31,くら寿司株式会社
S100NA0Y,2022-01-26,2022-01-26 15:16,32480,2020-11-01,2021-10-31,株式会社アールエイジ
S100N9KF,2022-01-27,2022-01-27 10:39,18730,2020-11-01,2021-10-31,株式会社日本ハウスホールディングス
S100N9UO,2022-01-27,2022-01-27 11:19,96780,2020-11-01,2021-10-31,株式会社カナモト
S100NA1A,2022-01-27,2022-01-27 11:56,72650,2020-11-01,2021-10-31,エイケン工業株式会社
S100N9YZ,2022-01-27,2022-01-27 13:13,52180,2020-11-01,2021-10-31,株式会社オハラ
S100NAA0,2022-01-27,2022-01-27 14:42,18400,2020-11-01,2021-10-31,株式会社土屋ホールディングス
S100N9UU,2022-01-27,2022-01-27 15:05,39740,2020-11-01,2021-10-31,株式会社ティビィシィ・スキヤツト
S100NA1T,2022-01-27,2022-01-27 15:05,34800,2020-11-01,2021-10-31,株式会社ジェイ・エス・ビー
S100NAB5,2022-01-27,2022-01-27 15:34,34750,2020-11-01,2021-10-31,株式会社グッドコムアセット
S100NA9K,2022-01-27,2022-01-27 17:01,48800,2020-11-01,2021-10-31,セルソース株式会社
S100N9XQ,2022-01-28,2022-01-28 09:03,79830,2020-11-01,2021-10-31,株式会社ミロク
S100NAGO,2022-01-28,2022-01-28 09:19,78310,2020-11-01,2021-10-31,株式会社ウイルコホールディングス
S100NAGZ,2022-01-28,2022-01-28 09:26,98240,2020-11-01,2021-10-31,泉州電業株式会社
S100NA4Y,2022-01-28,2022-01-28 09:45,23450,2020-11-01,2021-10-31,株式会社クシム
S100NA7M,2022-01-28,2022-01-28 09:48,46270,2020-11-01,2021-10-31,ナトコ株式会社
S100NAFK,2022-01-28,2022-01-28 11:00,78040,2020-11-01,2021-10-31,株式会社ビーアンドピー
S100NAIH,2022-01-28,2022-01-28 11:29,34910,2020-11-01,2021-10-31,株式会社ＧＡ　ｔｅｃｈｎｏｌｏｇｉｅｓ
S100NAJB,2022-01-28,2022-01-28 15:01,92790,2020-11-01,2021-10-31,株式会社ギフト
S100N9XB,2022-01-28,2022-01-28 15:01,43780,2020-11-01,2021-10-31,株式会社ＣＩＮＣ
S100NAE9,2022-01-28,2022-01-28 15:01,23750,2020-11-01,2021-10-31,ギグワークス株式会社
S100NACS,2022-01-28,2022-01-28 15:03,80790,2020-11-01,2021-10-31,正栄食品工業株式会社
S100NAJR,2022-01-28,2022-01-28 15:04,92510,2020-11-01,2021-10-31,株式会社ＡＢ＆Ｃｏｍｐａｎｙ
S100N9QJ,2022-01-28,2022-01-28 15:13,23730,2020-11-01,2021-10-31,株式会社ケア２１
S100NA7W,2022-01-28,2022-01-28 15:20,38040,2020-11-01,2021-10-31,株式会社システム　ディ
S100NA9V,2022-01-28,2022-01-28 15:22,31950,2020-11-01,2021-10-31,株式会社ジェネレーションパス
S100NALV,2022-01-28,2022-01-28 15:38,43550,2020-11-01,2021-10-31,ロングライフホールディング株式会社
S100N9TH,2022-01-28,2022-01-28 15:53,23150,2020-11-01,2021-10-31,株式会社ＣＡＩＣＡ　ＤＩＧＩＴＡＬ
S100NAAI,2022-01-28,2022-01-28 16:01,46660,2020-11-01,2021-10-31,パーク二四株式会社（定款上の商号　パーク２４株式会社）
S100NANR,2022-01-28,2022-01-28 16:02,71310,2020-11-01,2021-10-31,のむら産業株式会社
S100NA8D,2022-01-28,2022-01-28 16:09,73780,2020-11-01,2021-10-31,株式会社アシロ
S100NANL,2022-01-28,2022-01-28 16:16,63090,2020-11-01,2021-10-31,巴工業株式会社
S100NAD0,2022-01-28,2022-01-28 16:24,89170,2020-11-01,2021-10-31,ファースト住建株式会社
S100NAOV,2022-01-28,2022-01-28 16:51,96030,2020-11-01,2021-10-31,株式会社エイチ・アイ・エス
S100NAJY,2022-01-28,2022-01-28 17:00,30380,2020-11-01,2021-10-31,株式会社神戸物産
S100NACR,2022-01-28,2022-01-28 17:02,60490,2020-11-01,2021-10-31,株式会社イトクロ
S100NAQP,2022-01-31,2022-01-31 09:00,70330,2020-11-01,2021-10-31,株式会社マネジメントソリューションズ
S100NA8S,2022-01-31,2022-01-31 09:18,78270,2020-11-01,2021-10-31,株式会社オービス
S100NAOT,2022-01-31,2022-01-31 09:25,23010,2020-11-01,2021-10-31,株式会社学情
S100N9S1,2022-01-31,2022-01-31 10:25,49960,2020-11-01,2021-10-31,クミアイ化学工業株式会社
S100NAPQ,2022-01-31,2022-01-31 10:52,34190,2020-11-01,2021-10-31,アートグリーン株式会社
S100NA8R,2022-01-31,2022-01-31 11:24,76050,2020-11-01,2021-10-31,株式会社　フジ・コーポレーション
S100NA3J,2022-01-31,2022-01-31 14:19,88940,2020-11-01,2021-10-31,株式会社ＲＥＶＯＬＵＴＩＯＮ
S100N2XK,2022-01-31,2022-01-31 14:31,72790,2020-11-01,2021-10-31,株式会社ハイレックスコーポレーション
S100NAE1,2022-01-31,2022-01-31 15:27,36530,2020-11-01,2021-10-31,株式会社モルフォ
S100NAZ3,2022-01-31,2022-01-31 15:40,39760,2020-11-01,2021-10-31,株式会社シャノン
S100NARK,2022-01-31,2022-01-31 15:57,13830,2020-11-01,2021-10-31,ベルグアース株式会社
S100NI82,2022-02-18,2022-02-18 09:16,79650,2020-11-21,2021-11-20,象印マホービン株式会社
S100NI1A,2022-02-18,2022-02-18 10:26,98720,2020-11-21,2021-11-20,北恵株式会社
S100NJ5E,2022-02-18,2022-02-18 14:07,61360,2020-12-01,2021-11-30,オーエスジー株式会社
S100NJJ5,2022-02-18,2022-02-18 15:46,36470,2020-09-01,2021-08-31,株式会社ジー・スリーホールディングス
S100NJDW,2022-02-18,2022-02-18 17:06,46160,2020-12-01,2021-11-30,川上塗料株式会社
S100NJMK,2022-02-21,2022-02-21 09:38,27340,2020-12-01,2021-11-30,株式会社サーラコーポレーション
S100NJRX,2022-02-21,2022-02-21 12:03,28300,2020-12-01,2021-11-30,アヲハタ株式会社
S100NJQZ,2022-02-21,2022-02-21 15:02,39940,2020-12-01,2021-11-30,株式会社マネーフォワード
S100NIYF,2022-02-22,2022-02-22 15:11,64740,2020-12-01,2021-11-30,株式会社不二越
S100NJY7,2022-02-22,2022-02-22 16:39,32670,2020-12-01,2021-11-30,株式会社フィル・カンパニー
S100NJKY,2022-02-24,2022-02-24 09:00,93690,2020-12-01,2021-11-30,株式会社キユーソー流通システム
S100NK65,2022-02-24,2022-02-24 09:13,49950,2020-12-01,2021-11-30,サンケイ化学株式会社
S100NK9G,2022-02-24,2022-02-24 10:45,24930,2020-12-01,2021-11-30,イーサポートリンク株式会社
S100NJFA,2022-02-24,2022-02-24 13:06,43610,2020-12-01,2021-11-30,川口化学工業株式会社
S100NJY6,2022-02-24,2022-02-24 13:32,97200,2020-12-01,2021-11-30,株式会社ホテル、ニューグランド
S100NK2U,2022-02-24,2022-02-24 15:01,31860,2020-12-01,2021-11-30,株式会社ネクステージ
S100NK51,2022-02-24,2022-02-24 15:05,39070,2020-12-01,2021-11-30,シリコンスタジオ株式会社
S100NK7Q,2022-02-24,2022-02-24 15:14,59420,2020-12-01,2021-11-30,日本フイルコン株式会社
S100NJ5V,2022-02-24,2022-02-24 15:32,60760,2020-12-01,2021-11-30,株式会社アメイズ
S100NK4G,2022-02-24,2022-02-24 16:16,66640,2020-12-01,2021-11-30,株式会社オプトエレクトロニクス
S100NKET,2022-02-25,2022-02-25 11:00,24710,2020-12-01,2021-11-30,株式会社エスプール
S100NJWH,2022-02-25,2022-02-25 11:27,32010,2020-12-01,2021-11-30,日本毛織株式会社
S100NKJO,2022-02-25,2022-02-25 11:45,93130,2020-12-01,2021-11-30,丸八倉庫株式会社
S100NKNW,2022-02-25,2022-02-25 12:51,30890,2020-12-01,2021-11-30,テクノアルファ株式会社
S100NKHH,2022-02-25,2022-02-25 12:55,34540,2020-12-01,2021-11-30,ファーストブラザーズ株式会社
S100NKMW,2022-02-25,2022-02-25 13:05,79970,2020-12-01,2021-11-30,株式会社くろがね工作所
S100NJW6,2022-02-25,2022-02-25 13:11,75010,2020-12-01,2021-11-30,株式会社ティムコ
S100NJOT,2022-02-25,2022-02-25 13:29,78790,2020-12-01,2021-11-30,株式会社ノダ
S100NKI3,2022-02-25,2022-02-25 14:06,29750,2020-12-01,2021-11-30,スター・マイカ・ホールディングス株式会社
S100NKFL,2022-02-25,2022-02-25 14:21,33770,2020-12-01,2021-11-30,株式会社バイク王＆カンパニー
S100NKPS,2022-02-25,2022-02-25 14:22,32660,2020-12-01,2021-11-30,株式会社ファンドクリエーショングループ
S100NKIY,2022-02-25,2022-02-25 15:00,99720,2020-12-01,2021-11-30,アルテック株式会社
S100NKI7,2022-02-25,2022-02-25 15:26,35470,2020-12-01,2021-11-30,株式会社串カツ田中ホールディングス
S100NKGL,2022-02-25,2022-02-25 15:35,70740,2020-12-01,2021-11-30,株式会社トゥエンティーフォーセブン
S100NKLQ,2022-02-25,2022-02-25 15:36,73600,2020-12-01,2021-11-30,株式会社オンデック
S100N6AF,2022-02-25,2022-02-25 15:45,96470,2020-12-01,2021-11-30,株式会社協和コンサルタンツ
S100NKMG,2022-02-25,2022-02-25 15:52,80950,2020-12-01,2021-11-30,アステナホールディングス株式会社
S100NKSO,2022-02-25,2022-02-25 16:27,32440,2020-12-01,2021-11-30,サムティ株式会社
S100NKIZ,2022-02-25,2022-02-25 16:44,66340,2020-12-01,2021-11-30,株式会社ネクスグループ
S100NKU5,2022-02-25,2022-02-25 16:45,49920,2020-12-01,2021-11-30,北興化学工業株式会社
S100NKWR,2022-02-28,2022-02-28 09:15,70830,2020-12-01,2021-11-30,ＡＨＣグループ株式会社
S100NKS0,2022-02-28,2022-02-28 09:15,64920,2020-12-01,2021-11-30,岡野バルブ製造株式会社
S100NKVN,2022-02-28,2022-02-28 09:31,31390,2020-12-01,2021-11-30,株式会社ラクト・ジャパン
S100NKPW,2022-02-28,2022-02-28 09:51,62170,2020-12-01,2021-11-30,津田駒工業株式会社
S100NJZ4,2022-02-28,2022-02-28 10:00,28090,2020-12-01,2021-11-30,キユーピー株式会社
S100NKQY,2022-02-28,2022-02-28 10:07,53410,2020-12-01,2021-11-30,アサヒ衛陶株式会社
S100NK8H,2022-02-28,2022-02-28 10:19,72270,2020-12-01,2021-11-30,アスカ株式会社
S100NKVM,2022-02-28,2022-02-28 10:32,68660,2021-01-01,2021-12-31,日置電機株式会社
S100NKYA,2022-02-28,2022-02-28 10:33,46730,2020-12-01,2021-11-30,川崎地質株式会社
S100NL08,2022-02-28,2022-02-28 12:37,43940,2020-12-01,2021-11-30,株式会社エクスモーション
S100NKU7,2022-02-28,2022-02-28 13:06,92500,2020-12-01,2021-11-30,株式会社ＧＲＣＳ
S100NL12,2022-02-28,2022-02-28 13:37,40160,2020-12-01,2021-11-30,ＭＩＴホールディングス株式会社
S100NKVY,2022-02-28,2022-02-28 13:45,41870,2020-12-01,2021-11-30,大阪有機化学工業株式会社
S100NKFG,2022-02-28,2022-02-28 15:00,89230,2020-12-01,2021-11-30,トーセイ株式会社
S100NL0H,2022-02-28,2022-02-28 15:01,65580,2020-12-01,2021-11-30,クックビズ株式会社
S100NL2X,2022-02-28,2022-02-28 15:03,26980,2020-12-01,2021-11-30,株式会社キャンドゥ
S100NKT5,2022-02-28,2022-02-28 15:07,98370,2020-12-01,2021-11-30,モリト株式会社
S100NL3V,2022-02-28,2022-02-28 15:30,42500,2020-12-01,2021-11-30,株式会社フロンティア
S100NKNT,2022-02-28,2022-02-28 15:57,92520,2020-12-01,2021-11-30,株式会社ラストワンマイル
S100NKX3,2022-02-28,2022-02-28 16:00,40550,2020-12-01,2021-11-30,ティアンドエス株式会社
S100NL5L,2022-02-28,2022-02-28 17:07,44270,2020-10-01,2021-09-30,株式会社ＥｄｕＬａｂ
S100NL7L,2022-02-28,2022-02-28 17:12,97170,2020-12-01,2021-11-30,株式会社ジャステック
S100NMKA,2022-03-08,2022-03-08 15:30,41510,2021-01-01,2021-12-31,協和キリン株式会社
S100NMLC,2022-03-09,2022-03-09 15:54,79440,2021-01-01,2021-12-31,ローランド株式会社
S100NMQB,2022-03-10,2022-03-10 12:50,37840,2021-01-01,2021-12-31,株式会社ヴィンクス
S100NN6X,2022-03-11,2022-03-11 11:02,61880,2021-01-01,2021-12-31,富士ソフトサービスビューロ株式会社
S100NN81,2022-03-11,2022-03-11 12:56,28110,2021-01-01,2021-12-31,カゴメ株式会社
S100NN9G,2022-03-11,2022-03-11 15:00,66970,2021-01-01,2021-12-31,テックポイント・インク（Ｔｅｃｈｐｏｉｎｔ，Ｉｎｃ．）
S100NNPL,2022-03-14,2022-03-14 10:23,24080,2020-12-21,2021-12-20,株式会社ＫＧ情報
S100NNQ7,2022-03-14,2022-03-14 13:00,97490,2021-01-01,2021-12-31,富士ソフト株式会社
S100NNWR,2022-03-15,2022-03-15 14:34,30030,2021-01-01,2021-12-31,ヒューリック株式会社
S100NNQN,2022-03-16,2022-03-16 13:33,22680,2021-01-01,2021-12-31,Ｂ－Ｒ　サーティワン　アイスクリーム株式会社
S100NLNU,2022-03-17,2022-03-17 12:39,66630,2020-12-21,2021-12-20,太洋工業株式会社
S100NO20,2022-03-17,2022-03-17 13:30,85940,2021-01-01,2021-12-31,中道リース株式会社
S100NOJC,2022-03-17,2022-03-17 13:49,65600,2021-01-01,2021-12-31,株式会社エル・ティー・エス
S100NOGJ,2022-03-17,2022-03-17 15:14,30910,2021-01-01,2021-12-31,株式会社ブロンコビリー
S100NOI5,2022-03-17,2022-03-17 15:30,21950,2021-01-01,2021-12-31,アミタホールディングス株式会社
S100NOW8,2022-03-18,2022-03-18 11:18,74220,2020-12-21,2021-12-20,東邦レマック株式会社
S100NOTG,2022-03-18,2022-03-18 12:18,47720,2021-01-01,2021-12-31,株式会社ストリームメディアコーポレーション
S100NOPA,2022-03-18,2022-03-18 13:54,68580,2021-01-01,2021-12-31,株式会社小野測器
S100NP02,2022-03-18,2022-03-18 16:00,48200,2021-01-01,2021-12-31,株式会社イーエムシステムズ（商号　株式会社ＥＭシステムズ）
S100NOAI,2022-03-18,2022-03-18 16:42,63260,2021-01-01,2021-12-31,株式会社　クボタ
S100NOSI,2022-03-22,2022-03-22 09:15,58190,2021-01-01,2021-12-31,カナレ電気株式会社
S100NOPI,2022-03-22,2022-03-22 09:51,24290,2021-01-01,2021-12-31,株式会社ワールドホールディングス
S100NO59,2022-03-22,2022-03-22 11:16,38520,2021-01-01,2021-12-31,サイバーコム株式会社
S100NP77,2022-03-22,2022-03-22 12:52,36330,2021-01-01,2021-12-31,ＧＭＯペパボ株式会社
S100NP8A,2022-03-22,2022-03-22 12:52,47840,2021-01-01,2021-12-31,ＧＭＯアドパートナーズ株式会社
S100NP8V,2022-03-22,2022-03-22 13:37,30470,2021-01-01,2021-12-31,株式会社ＴＲＵＣＫ－ＯＮＥ
S100NP3D,2022-03-22,2022-03-22 14:03,71770,2021-01-01,2021-12-31,ＧＭＯフィナンシャルホールディングス株式会社
S100NPBG,2022-03-22,2022-03-22 15:06,60260,2021-01-01,2021-12-31,ＧＭＯ　ＴＥＣＨ株式会社
S100NP3L,2022-03-22,2022-03-22 15:16,36950,2021-01-01,2021-12-31,ＧＭＯリサーチ株式会社
S100NP2A,2022-03-22,2022-03-22 15:24,88540,2021-01-01,2021-12-31,株式会社日住サービス
S100NP1W,2022-03-22,2022-03-22 15:41,61800,2021-01-01,2021-12-31,ＧＭＯメディア株式会社
S100NP83,2022-03-22,2022-03-22 16:01,37880,2021-01-01,2021-12-31,ＧＭＯグローバルサイン・ホールディングス株式会社
S100NP3J,2022-03-22,2022-03-22 16:37,64810,2021-01-01,2021-12-31,ＴＨＫ株式会社
S100NPE4,2022-03-22,2022-03-22 16:40,61410,2021-01-01,2021-12-31,ＤＭＧ森精機株式会社
S100NP2R,2022-03-22,2022-03-22 16:57,43120,2021-01-01,2021-12-31,サイバネットシステム株式会社
S100NPD5,2022-03-22,2022-03-22 17:06,94490,2021-01-01,2021-12-31,ＧＭＯインターネット株式会社
S100NPHR,2022-03-23,2022-03-23 10:00,98300,2021-01-01,2021-12-31,トラスコ中山株式会社
S100NPAO,2022-03-23,2022-03-23 12:06,48120,2021-01-01,2021-12-31,株式会社電通国際情報サービス
S100NP0E,2022-03-23,2022-03-23 12:40,79150,2021-01-01,2021-12-31,ＮＩＳＳＨＡ株式会社
S100NPD4,2022-03-23,2022-03-23 12:40,96310,2021-01-01,2021-12-31,株式会社東急レクリエーション
S100NPA7,2022-03-23,2022-03-23 13:09,39400,2021-01-01,2021-12-31,株式会社ノムラシステムコーポレーション
S100NPIK,2022-03-23,2022-03-23 15:00,61710,2021-01-01,2021-12-31,株式会社土木管理総合試験所
S100NPBX,2022-03-23,2022-03-23 15:00,25330,2021-01-01,2021-12-31,オエノンホールディングス株式会社
S100NPJ3,2022-03-23,2022-03-23 15:10,46340,2021-01-01,2021-12-31,東洋インキＳＣホールディングス株式会社
S100NPDW,2022-03-23,2022-03-23 15:11,51080,2021-01-01,2021-12-31,株式会社ブリヂストン
S100NPQQ,2022-03-23,2022-03-23 15:36,76850,2021-01-01,2021-12-31,株式会社ＢｕｙＳｅｌｌ　Ｔｅｃｈｎｏｌｏｇｉｅｓ
S100NLT4,2022-03-23,2022-03-23 15:47,37760,2021-01-01,2021-12-31,株式会社ブロードバンドタワー
S100NPPT,2022-03-23,2022-03-23 16:00,64650,2021-01-01,2021-12-31,ホシザキ株式会社
S100NP8M,2022-03-23,2022-03-23 16:08,44490,2021-01-01,2021-12-31,株式会社ギフティ
S100NPS5,2022-03-23,2022-03-23 16:33,29140,2021-01-01,2021-12-31,日本たばこ産業株式会社
S100NPSG,2022-03-24,2022-03-24 09:09,60990,2021-01-01,2021-12-31,株式会社エラン
S100NP4D,2022-03-24,2022-03-24 09:51,18970,2021-01-01,2021-12-31,金下建設株式会社
S100NPSM,2022-03-24,2022-03-24 09:55,33860,2021-01-01,2021-12-31,コスモ・バイオ株式会社
S100NPXD,2022-03-24,2022-03-24 10:13,68170,2021-01-01,2021-12-31,スミダコーポレーション株式会社
S100NPLY,2022-03-24,2022-03-24 10:25,36960,2021-01-01,2021-12-31,株式会社セレス
S100NPZ0,2022-03-24,2022-03-24 11:10,24910,2021-01-01,2021-12-31,バリューコマース株式会社
S100NPQB,2022-03-24,2022-03-24 11:16,49550,2021-01-01,2021-12-31,アグロ　カネショウ株式会社
S100NPDN,2022-03-24,2022-03-24 11:22,72280,2021-01-01,2021-12-31,株式会社デイトナ
S100NPQU,2022-03-24,2022-03-24 12:15,47220,2021-01-01,2021-12-31,フューチャー株式会社
S100NPKR,2022-03-24,2022-03-24 12:18,33550,2021-01-01,2021-12-31,クリヤマホールディングス株式会社
S100NPEU,2022-03-24,2022-03-24 12:34,70380,2021-01-01,2021-12-31,フロンティア・マネジメント株式会社
S100NPJ9,2022-03-24,2022-03-24 13:06,94410,2021-01-01,2021-12-31,株式会社ベルパーク
S100NPB1,2022-03-24,2022-03-24 13:21,30400,2021-01-01,2021-12-31,株式会社ソリトンシステムズ
S100NPQZ,2022-03-24,2022-03-24 13:38,36230,2021-01-01,2021-12-31,ビリングシステム株式会社
S100NPYD,2022-03-24,2022-03-24 13:44,66120,2021-01-01,2021-12-31,バルミューダ株式会社
S100NP7W,2022-03-24,2022-03-24 14:08,39470,2021-01-01,2021-12-31,ダイナパック株式会社
S100NPF7,2022-03-24,2022-03-24 14:15,22110,2021-01-01,2021-12-31,株式会社不二家
S100NQ3Z,2022-03-24,2022-03-24 14:23,50150,2021-01-01,2021-12-31,ビーピー・カストロール株式会社
S100NPR6,2022-03-24,2022-03-24 14:39,65400,2021-01-01,2021-12-31,株式会社船場
S100NPTD,2022-03-24,2022-03-24 14:47,70370,2021-01-01,2021-12-31,株式会社テノ．ホールディングス
S100NPSW,2022-03-24,2022-03-24 14:52,66270,2021-01-01,2021-12-31,株式会社テラプローブ
S100NPM0,2022-03-24,2022-03-24 15:00,79720,2021-01-01,2021-12-31,株式会社イトーキ
S100NO3H,2022-03-24,2022-03-24 15:00,49710,2021-01-01,2021-12-31,メック株式会社
S100NQ04,2022-03-24,2022-03-24 15:00,44770,2021-01-01,2021-12-31,ＢＡＳＥ株式会社
S100NPNR,2022-03-24,2022-03-24 15:01,21240,2021-01-01,2021-12-31,株式会社ジェイエイシーリクルートメント
S100NQ5U,2022-03-24,2022-03-24 15:01,36670,2021-01-01,2021-12-31,株式会社ｅｎｉｓｈ
S100NPEL,2022-03-24,2022-03-24 15:02,76750,2021-01-01,2021-12-31,セントラルフォレストグループ株式会社
S100NQ2R,2022-03-24,2022-03-24 15:02,39090,2021-01-01,2021-12-31,株式会社ショーケース
S100NPMF,2022-03-24,2022-03-24 15:08,42210,2021-01-01,2021-12-31,大倉工業株式会社
S100NQ5B,2022-03-24,2022-03-24 15:10,73140,2021-01-01,2021-12-31,株式会社小田原機器
S100NQ67,2022-03-24,2022-03-24 15:14,23300,2021-01-01,2021-12-31,株式会社フォーサイド
S100NQ6M,2022-03-24,2022-03-24 15:24,25970,2021-01-01,2021-12-31,株式会社ユニカフェ
S100NPC9,2022-03-24,2022-03-24 15:33,72720,2021-01-01,2021-12-31,ヤマハ発動機株式会社
S100NPXO,2022-03-24,2022-03-24 15:36,34050,2021-01-01,2021-12-31,株式会社クラレ
S100NPVV,2022-03-24,2022-03-24 15:37,95430,2021-01-01,2021-12-31,静岡ガス株式会社
S100NQ6O,2022-03-24,2022-03-24 15:53,62760,2021-01-01,2021-12-31,シリウスビジョン株式会社
S100NQ6I,2022-03-24,2022-03-24 15:53,41890,2021-01-01,2021-12-31,ＫＨネオケム株式会社
S100NQ7L,2022-03-24,2022-03-24 15:55,45970,2021-01-01,2021-12-31,ソレイジア・ファーマ株式会社
S100NPKP,2022-03-24,2022-03-24 16:00,66330,2021-01-01,2021-12-31,株式会社Ｃ＆Ｇシステムズ
S100NQ0T,2022-03-24,2022-03-24 16:17,42860,2021-01-01,2021-12-31,株式会社ＣＬホールディングス
S100NQ8L,2022-03-24,2022-03-24 16:19,70360,2021-01-01,2021-12-31,株式会社イーエムネットジャパン
S100NP1O,2022-03-24,2022-03-24 16:20,67890,2021-01-01,2021-12-31,ローランド　ディー．ジー．株式会社
S100NQ9L,2022-03-24,2022-03-24 16:32,63280,2021-01-01,2021-12-31,荏原実業株式会社
S100NPUL,2022-03-24,2022-03-24 16:35,94190,2021-01-01,2021-12-31,株式会社ワイヤレスゲート
S100NQ5K,2022-03-24,2022-03-24 16:37,70800,2021-01-01,2021-12-31,株式会社スポーツフィールド
S100NQA7,2022-03-24,2022-03-24 16:49,60810,2021-01-01,2021-12-31,アライドアーキテクツ株式会社
S100NQA2,2022-03-24,2022-03-24 17:05,45650,2021-01-01,2021-12-31,そーせいグループ株式会社
S100NQ44,2022-03-25,2022-03-25 09:00,32610,2021-01-01,2021-12-31,株式会社グランディーズ
S100NQ96,2022-03-25,2022-03-25 09:01,77180,2021-01-01,2021-12-31,スター精密株式会社
S100NQ8Q,2022-03-25,2022-03-25 09:03,47460,2021-01-01,2021-12-31,株式会社東計電算
S100NM9V,2022-03-25,2022-03-25 09:18,64640,2021-01-01,2021-12-31,株式会社ツバキ・ナカシマ
S100NQ6K,2022-03-25,2022-03-25 09:22,50100,2021-01-01,2021-12-31,日本精蝋株式会社
S100NQFC,2022-03-25,2022-03-25 09:47,96210,2021-01-01,2021-12-31,株式会社建設技術研究所
S100NPJP,2022-03-25,2022-03-25 09:50,22060,2021-01-01,2021-12-31,江崎グリコ株式会社
S100NQ9G,2022-03-25,2022-03-25 10:00,46410,2021-01-01,2021-12-31,株式会社アルプス技研
S100NOZF,2022-03-25,2022-03-25 11:12,32520,2021-01-01,2021-12-31,地主株式会社
S100NQH7,2022-03-25,2022-03-25 11:16,17180,2021-01-01,2021-12-31,美樹工業株式会社
S100NP4H,2022-03-25,2022-03-25 11:16,51100,2021-01-01,2021-12-31,住友ゴム工業株式会社
S100NQA8,2022-03-25,2022-03-25 11:59,97020,2021-01-01,2021-12-31,株式会社アイ・エス・ビー
S100NOTW,2022-03-25,2022-03-25 12:02,51840,2021-01-01,2021-12-31,株式会社ニチリン
S100NQ3L,2022-03-25,2022-03-25 12:02,47760,2021-01-01,2021-12-31,サイボウズ株式会社
S100NQIL,2022-03-25,2022-03-25 12:21,48400,2021-01-01,2021-12-31,株式会社トライアイズ
S100NQDA,2022-03-25,2022-03-25 12:35,39610,2021-01-01,2021-12-31,シルバーエッグ・テクノロジー株式会社
S100NQI7,2022-03-25,2022-03-25 12:54,39120,2021-01-01,2021-12-31,株式会社モバイルファクトリー
S100NQ59,2022-03-25,2022-03-25 13:00,78410,2021-01-01,2021-12-31,株式会社遠藤製作所
S100NPXY,2022-03-25,2022-03-25 13:03,89960,2021-01-01,2021-12-31,株式会社ハウスフリーダム
S100NPCS,2022-03-25,2022-03-25 13:16,45720,2021-01-01,2021-12-31,カルナバイオサイエンス株式会社
S100NPW1,2022-03-25,2022-03-25 13:26,43560,2021-01-01,2021-12-31,応用技術株式会社
S100NQEF,2022-03-25,2022-03-25 13:30,91730,2021-01-01,2021-12-31,東海汽船株式会社
S100NQCQ,2022-03-25,2022-03-25 13:37,97310,2021-01-01,2021-12-31,株式会社白洋舍
S100NNLS,2022-03-25,2022-03-25 13:40,62650,2021-01-01,2021-12-31,コンバム株式会社
S100NPX7,2022-03-25,2022-03-25 13:53,32990,2021-01-01,2021-12-31,株式会社ムゲンエステート
S100NQL1,2022-03-25,2022-03-25 13:55,35400,2021-01-01,2021-12-31,株式会社歯愛メディカル
S100NQKU,2022-03-25,2022-03-25 14:01,14290,2021-01-01,2021-12-31,株式会社日本アクア
S100NPTC,2022-03-25,2022-03-25 14:08,73530,2021-01-01,2021-12-31,ＫＩＹＯラーニング株式会社
S100NQ55,2022-03-25,2022-03-25 14:30,21500,2021-01-01,2021-12-31,株式会社ケアネット
S100NQLW,2022-03-25,2022-03-25 14:34,62320,2021-04-01,2021-12-31,株式会社ＡＣＳＬ
S100NPTF,2022-03-25,2022-03-25 14:46,69140,2021-01-01,2021-12-31,オプテックスグループ株式会社
S100NQCA,2022-03-25,2022-03-25 14:54,44520,2021-01-01,2021-12-31,花王株式会社
S100NPJJ,2022-03-25,2022-03-25 15:00,40580,2021-01-01,2021-12-31,トヨクモ株式会社
S100NQK1,2022-03-25,2022-03-25 15:00,69290,2021-01-01,2021-12-31,日本セラミック株式会社
S100NQA0,2022-03-25,2022-03-25 15:00,29820,2021-01-01,2021-12-31,株式会社ＡＤワークスグループ
S100NQIO,2022-03-25,2022-03-25 15:02,49330,2021-01-01,2021-12-31,株式会社Ｉ－ｎｅ
S100NPQ7,2022-03-25,2022-03-25 15:02,70930,2021-01-01,2021-12-31,アディッシュ株式会社
S100NQKJ,2022-03-25,2022-03-25 15:03,24890,2021-04-01,2021-12-31,株式会社アドウェイズ
S100NQOG,2022-03-25,2022-03-25 15:03,50700,2021-01-01,2021-12-31,株式会社ドラフト
S100NQ8I,2022-03-25,2022-03-25 15:03,34160,2021-01-01,2021-12-31,ピクスタ株式会社
S100NQFQ,2022-03-25,2022-03-25 15:03,37770,2021-01-01,2021-12-31,株式会社ＦＨＴホールディングス
S100NQNK,2022-03-25,2022-03-25 15:05,51050,2021-01-01,2021-12-31,ＴＯＹＯ　ＴＩＲＥ株式会社
S100NQMH,2022-03-25,2022-03-25 15:06,97550,2021-01-01,2021-12-31,応用地質株式会社
S100NQHS,2022-03-25,2022-03-25 15:08,23840,2021-01-01,2021-12-31,ＳＢＳホールディングス株式会社
S100NQDT,2022-03-25,2022-03-25 15:08,49270,2021-01-01,2021-12-31,株式会社ポーラ・オルビスホールディングス
S100NQ14,2022-03-25,2022-03-25 15:12,49110,2021-01-01,2021-12-31,株式会社資生堂
S100NQNF,2022-03-25,2022-03-25 15:13,42450,2021-01-01,2021-12-31,株式会社ダイキアクシス
S100NQE2,2022-03-25,2022-03-25 15:21,42350,2021-01-01,2021-12-31,ウルトラファブリックス・ホールディングス株式会社
S100NQ6T,2022-03-25,2022-03-25 15:21,45830,2021-01-01,2021-12-31,株式会社カイオム・バイオサイエンス
S100NQP7,2022-03-25,2022-03-25 15:21,40740,2021-01-01,2021-12-31,株式会社ラキール
S100NQL4,2022-03-25,2022-03-25 15:30,43950,2021-01-01,2021-12-31,株式会社アクリート
S100NQ1I,2022-03-25,2022-03-25 15:33,64110,2021-01-01,2021-12-31,中野冷機株式会社
S100NQHV,2022-03-25,2022-03-25 15:34,31380,2021-01-01,2021-12-31,株式会社富士山マガジンサービス
S100NQQY,2022-03-25,2022-03-25 15:44,29320,2021-01-01,2021-12-31,株式会社ＳＴＩフードホールディングス
S100NQLE,2022-03-25,2022-03-25 15:50,45870,2021-01-01,2021-12-31,ペプチドリーム株式会社
S100NQOP,2022-03-25,2022-03-25 15:51,78490,2021-01-01,2021-12-31,スターツ出版株式会社
S100NQHD,2022-03-25,2022-03-25 16:00,62680,2021-01-01,2021-12-31,ナブテスコ株式会社
S100NQRP,2022-03-25,2022-03-25 16:03,70610,2021-01-01,2021-12-31,日本ホスピスホールディングス株式会社
S100NQCF,2022-03-25,2022-03-25 16:07,25790,2021-01-01,2021-12-31,コカ・コーラボトラーズジャパンホールディングス株式会社
S100NQNC,2022-03-25,2022-03-25 16:18,37820,2021-01-01,2021-12-31,株式会社ディー・ディー・エス
S100NQTB,2022-03-25,2022-03-25 16:23,67690,2021-01-01,2021-12-31,ザインエレクトロニクス株式会社
S100NQKC,2022-03-25,2022-03-25 16:30,77440,2021-01-01,2021-12-31,ノーリツ鋼機株式会社
S100NQ1B,2022-03-25,2022-03-25 16:30,36560,2021-01-01,2021-12-31,ＫＬａｂ株式会社
S100NQI0,2022-03-25,2022-03-25 16:30,73420,2021-01-01,2021-12-31,ウェルスナビ株式会社
S100NQBJ,2022-03-25,2022-03-25 16:31,39680,2021-01-01,2021-12-31,セグエグループ株式会社
S100NQ2Z,2022-03-25,2022-03-25 16:42,23110,2021-01-01,2021-12-31,株式会社エプコ
S100NQDO,2022-03-25,2022-03-25 17:00,44800,2021-01-01,2021-12-31,株式会社メドレー
S100NQ9U,2022-03-28,2022-03-28 09:00,81130,2021-01-01,2021-12-31,ユニ・チャーム株式会社
S100NQ7J,2022-03-28,2022-03-28 09:16,62950,2021-01-01,2021-12-31,富士変速機株式会社
S100NQQJ,2022-03-28,2022-03-28 09:25,34490,2021-01-01,2021-12-31,株式会社テクノフレックス
S100NQOO,2022-03-28,2022-03-28 09:26,68710,2021-01-01,2021-12-31,株式会社日本マイクロニクス
S100NR09,2022-03-28,2022-03-28 10:00,21690,2021-01-01,2021-12-31,ＣＤＳ株式会社
S100NQ05,2022-03-28,2022-03-28 10:01,48480,2021-01-01,2021-12-31,株式会社フルキャストホールディングス
S100NPLJ,2022-03-28,2022-03-28 10:05,57040,2021-01-01,2021-12-31,株式会社ＪＭＣ
S100NQX2,2022-03-28,2022-03-28 10:10,78140,2021-01-01,2021-12-31,株式会社日本創発グループ
S100NR0Z,2022-03-28,2022-03-28 10:11,35660,2021-01-01,2021-12-31,ユニフォームネクスト株式会社
S100NR16,2022-03-28,2022-03-28 10:19,68560,2021-01-01,2021-12-31,株式会社堀場製作所
S100NPIW,2022-03-28,2022-03-28 10:23,55420,2021-01-01,2021-12-31,新報国マテリアル株式会社
S100NQQ6,2022-03-28,2022-03-28 11:05,49630,2021-01-01,2021-12-31,星光ＰＭＣ株式会社
S100NQMX,2022-03-28,2022-03-28 11:13,62660,2021-01-01,2021-12-31,タツモ株式会社
S100NQYL,2022-03-28,2022-03-28 11:16,76250,2021-01-01,2021-12-31,株式会社グローバルダイニング
S100NR2W,2022-03-28,2022-03-28 11:16,34520,2021-01-01,2021-12-31,株式会社ビーロット
S100NQB5,2022-03-28,2022-03-28 11:22,16050,2021-01-01,2021-12-31,株式会社ＩＮＰＥＸ
S100NR3M,2022-03-28,2022-03-28 11:22,79360,2021-01-01,2021-12-31,株式会社アシックス
S100NR45,2022-03-28,2022-03-28 11:27,40720,2021-01-01,2021-12-31,株式会社電算システムホールディングス
S100NR3Z,2022-03-28,2022-03-28 12:00,78330,2021-01-01,2021-12-31,株式会社アイフィスジャパン
S100NQW4,2022-03-28,2022-03-28 12:11,36590,2021-01-01,2021-12-31,株式会社ネクソン
S100NQUW,2022-03-28,2022-03-28 12:14,49850,2021-01-01,2021-12-31,アース製薬株式会社
S100NQW5,2022-03-28,2022-03-28 12:28,39060,2021-01-01,2021-12-31,株式会社ＡＬＢＥＲＴ
S100NPWA,2022-03-28,2022-03-28 12:35,21930,2021-01-01,2021-12-31,クックパッド株式会社
S100NR3A,2022-03-28,2022-03-28 13:00,77760,2021-01-01,2021-12-31,株式会社セルシード
S100NR73,2022-03-28,2022-03-28 13:04,60630,2021-01-01,2021-12-31,日本エマージェンシーアシスタンス株式会社
S100NR0H,2022-03-28,2022-03-28 13:10,93840,2021-01-01,2021-12-31,内外トランスライン株式会社
S100NR67,2022-03-28,2022-03-28 13:22,91760,2021-01-01,2021-12-31,佐渡汽船株式会社
S100NR28,2022-03-28,2022-03-28 13:34,40130,2021-01-01,2021-12-31,勤次郎株式会社
S100NQTU,2022-03-28,2022-03-28 13:41,39130,2021-01-01,2021-12-31,株式会社ｓＭｅｄｉｏ
S100NR7P,2022-03-28,2022-03-28 13:47,32760,2021-01-01,2021-12-31,日本管理センター株式会社
S100NQT6,2022-03-28,2022-03-28 13:58,39010,2021-01-01,2021-12-31,マークラインズ株式会社
S100NR8Y,2022-03-28,2022-03-28 14:01,27880,2021-01-01,2021-12-31,アップルインターナショナル株式会社
S100NR23,2022-03-28,2022-03-28 14:12,97570,2021-01-01,2021-12-31,株式会社船井総研ホールディングス
S100NR60,2022-03-28,2022-03-28 14:19,47640,2021-01-01,2021-12-31,Ｎｅｘｕｓ　Ｂａｎｋ株式会社
S100NNYL,2022-03-28,2022-03-28 14:22,26930,2021-01-01,2021-12-31,ＹＫＴ株式会社
S100NQU7,2022-03-28,2022-03-28 14:22,36640,2021-01-01,2021-12-31,株式会社モブキャストホールディングス
S100NR7K,2022-03-28,2022-03-28 14:28,78160,2021-01-01,2021-12-31,株式会社スノーピーク
S100NQZG,2022-03-28,2022-03-28 14:31,73590,2021-01-01,2021-12-31,株式会社東京通信
S100NQQG,2022-03-28,2022-03-28 14:32,58160,2021-01-01,2021-12-31,オーナンバ株式会社
S100NQY4,2022-03-28,2022-03-28 14:33,36800,2021-01-01,2021-12-31,株式会社ホットリンク
S100NR6L,2022-03-28,2022-03-28 14:53,92450,2021-01-01,2021-12-31,株式会社リベロ
S100NR1O,2022-03-28,2022-03-28 14:54,88920,2021-01-01,2021-12-31,株式会社日本エスコン
S100NQO3,2022-03-28,2022-03-28 14:57,25020,2021-01-01,2021-12-31,アサヒグループホールディングス株式会社
S100NR9Y,2022-03-28,2022-03-28 15:00,36730,2021-01-01,2021-12-31,株式会社ブロードリーフ
S100NRB0,2022-03-28,2022-03-28 15:00,73540,2021-01-01,2021-12-31,株式会社ダイレクトマーケティングミックス
S100NPYR,2022-03-28,2022-03-28 15:00,39660,2021-01-01,2021-12-31,株式会社ユーザベース
S100NR6I,2022-03-28,2022-03-28 15:01,36880,2021-01-01,2021-12-31,株式会社ＣＡＲＴＡ　ＨＯＬＤＩＮＧＳ
S100NR0F,2022-03-28,2022-03-28 15:03,45790,2021-01-01,2021-12-31,ラクオリア創薬株式会社
S100NRBI,2022-03-28,2022-03-28 15:15,45930,2021-01-01,2021-12-31,株式会社ヘリオス
S100NR7G,2022-03-28,2022-03-28 15:17,30850,2021-01-01,2021-12-31,アークランドサービスホールディングス株式会社
S100NRBC,2022-03-28,2022-03-28 15:22,42580,2021-01-01,2021-12-31,株式会社網屋
S100NR1W,2022-03-28,2022-03-28 15:23,44280,2021-01-01,2021-12-31,株式会社シノプス
S100NRBZ,2022-03-28,2022-03-28 15:23,25870,2021-01-01,2021-12-31,サントリー食品インターナショナル株式会社
S100NQZ4,2022-03-28,2022-03-28 15:28,72440,2021-01-01,2021-12-31,市光工業株式会社
S100NQU0,2022-03-28,2022-03-28 15:30,44760,2021-01-01,2021-12-31,ＡＩ　ＣＲＯＳＳ株式会社
S100NR8I,2022-03-28,2022-03-28 15:30,60710,2021-01-01,2021-12-31,株式会社ＩＢＪ
S100NQZ7,2022-03-28,2022-03-28 15:31,49350,2021-01-01,2021-12-31,株式会社リベルタ
S100NQH8,2022-03-28,2022-03-28 15:32,29310,2020-10-01,2021-12-31,株式会社ユーグレナ
S100NQUJ,2022-03-28,2022-03-28 15:36,44380,2021-01-01,2021-12-31,株式会社Ｗｅｌｂｙ
S100NRCM,2022-03-28,2022-03-28 15:47,44480,2021-01-01,2021-12-31,Ｃｈａｔｗｏｒｋ株式会社
S100NQSN,2022-03-28,2022-03-28 16:00,23890,2021-01-01,2021-12-31,株式会社デジタルホールディングス
S100NRB9,2022-03-28,2022-03-28 16:05,37440,2021-01-01,2021-12-31,サイオス株式会社
S100NQV4,2022-03-28,2022-03-28 16:13,39040,2021-01-01,2021-12-31,株式会社カヤック
S100NQNT,2022-03-28,2022-03-28 16:38,44630,2021-01-01,2021-12-31,日華化学株式会社
S100NR9Q,2022-03-28,2022-03-28 16:39,39830,2021-01-01,2021-12-31,株式会社オロ
S100NQQ8,2022-03-28,2022-03-28 16:51,33190,2021-01-01,2021-12-31,株式会社ゴルフダイジェスト・オンライン
S100NRFE,2022-03-28,2022-03-28 17:01,21600,2021-01-01,2021-12-31,株式会社ジーエヌアイグループ
S100NQ3K,2022-03-29,2022-03-29 09:04,36710,2021-01-01,2021-12-31,ソフトマックス株式会社
S100NQKV,2022-03-29,2022-03-29 09:26,40600,2021-01-01,2021-12-31,ｒａｋｕｍｏ株式会社
S100NQ6L,2022-03-29,2022-03-29 09:52,64400,2021-01-01,2021-12-31,ＪＵＫＩ株式会社
S100NR7M,2022-03-29,2022-03-29 10:28,77400,2021-01-01,2021-12-31,株式会社タムロン
S100NRP3,2022-03-29,2022-03-29 12:07,47660,2021-01-01,2021-12-31,株式会社ピーエイ
S100NRKL,2022-03-29,2022-03-29 12:13,62690,2021-01-01,2021-12-31,三井海洋開発株式会社
S100NRQ9,2022-03-29,2022-03-29 12:44,27770,2021-01-01,2021-12-31,株式会社カッシーナ・イクスシー
S100NRD2,2022-03-29,2022-03-29 12:53,73470,2021-01-01,2021-12-31,株式会社マーキュリアホールディングス
S100NRIE,2022-03-29,2022-03-29 12:54,44040,2021-01-01,2021-12-31,ミヨシ油脂株式会社
S100NPY7,2022-03-29,2022-03-29 13:03,24610,2021-01-01,2021-12-31,株式会社ファンコミュニケーションズ
S100NRHS,2022-03-29,2022-03-29 13:04,23250,2021-01-01,2021-12-31,株式会社ＮＪＳ
S100NR2G,2022-03-29,2022-03-29 13:08,18990,2021-01-01,2021-12-31,株式会社福田組
S100NQN9,2022-03-29,2022-03-29 13:09,97680,2021-01-01,2021-12-31,いであ株式会社
S100NRHB,2022-03-29,2022-03-29 13:10,88040,2021-01-01,2021-12-31,東京建物株式会社
S100NRA5,2022-03-29,2022-03-29 13:27,46330,2021-01-01,2021-12-31,サカタインクス株式会社
S100NRKS,2022-03-29,2022-03-29 13:30,58510,2021-01-01,2021-12-31,リョービ株式会社
S100NPKT,2022-03-29,2022-03-29 13:35,80600,2021-01-01,2021-12-31,キヤノンマーケティングジャパン株式会社
S100NQF2,2022-03-29,2022-03-29 13:36,40250,2021-01-01,2021-12-31,多木化学株式会社
S100NR9X,2022-03-29,2022-03-29 13:39,47680,2021-01-01,2021-12-31,株式会社　大塚商会
S100NRFA,2022-03-29,2022-03-29 13:50,22660,2021-01-01,2021-12-31,六甲バター株式会社
S100NRIM,2022-03-29,2022-03-29 13:54,53370,2021-01-01,2021-12-31,ダントーホールディングス株式会社
S100NR1M,2022-03-29,2022-03-29 13:54,46420,2021-01-01,2021-12-31,オリジナル設計株式会社
S100NRAV,2022-03-29,2022-03-29 14:04,42640,2021-01-01,2021-12-31,株式会社セキュア
S100NRUA,2022-03-29,2022-03-29 14:10,47040,2021-01-01,2021-12-31,トレンドマイクロ株式会社
S100NROE,2022-03-29,2022-03-29 14:36,42480,2021-01-01,2021-12-31,竹本容器株式会社
S100NRJR,2022-03-29,2022-03-29 14:44,46310,2021-01-01,2021-12-31,ＤＩＣ株式会社
S100NRVU,2022-03-29,2022-03-29 14:50,33500,2021-01-01,2021-12-31,株式会社レッド・プラネット・ジャパン
S100NRHE,2022-03-29,2022-03-29 14:54,56990,2021-01-01,2021-12-31,株式会社イボキン
S100NRBF,2022-03-29,2022-03-29 14:56,44860,2021-01-01,2021-12-31,ユナイトアンドグロウ株式会社
S100NRUN,2022-03-29,2022-03-29 15:00,48830,2021-01-01,2021-12-31,株式会社モダリス
S100NQY8,2022-03-29,2022-03-29 15:00,66400,2021-01-01,2021-12-31,Ｉ‐ＰＥＸ株式会社
S100NR77,2022-03-29,2022-03-29 15:00,45760,2021-01-01,2021-12-31,株式会社デ・ウエスタン・セラピテクス研究所
S100NRI5,2022-03-29,2022-03-29 15:00,92110,2021-01-01,2021-12-31,株式会社エフ・コード
S100NPKM,2022-03-29,2022-03-29 15:01,34360,2021-01-01,2021-12-31,株式会社ＳＵＭＣＯ
S100NRW4,2022-03-29,2022-03-29 15:01,41780,2021-01-01,2021-12-31,株式会社Ｓｈａｒｉｎｇ　Ｉｎｎｏｖａｔｉｏｎｓ
S100NRAN,2022-03-29,2022-03-29 15:09,53020,2021-01-01,2021-12-31,日本カーボン株式会社
S100NRDA,2022-03-29,2022-03-29 15:10,70820,2021-01-01,2021-12-31,株式会社ジモティー
S100NR3G,2022-03-29,2022-03-29 15:10,40120,2021-01-01,2021-12-31,株式会社アクシス
S100NRW8,2022-03-29,2022-03-29 15:10,41920,2021-01-01,2021-12-31,スパイダープラス株式会社
S100NR01,2022-03-29,2022-03-29 15:11,62350,2021-01-01,2021-12-31,株式会社オプトラン
S100NRP4,2022-03-29,2022-03-29 15:15,45510,2021-01-01,2021-12-31,鳥居薬品株式会社
S100NRX4,2022-03-29,2022-03-29 15:18,45960,2021-01-01,2021-12-31,窪田製薬ホールディングス株式会社
S100NRGM,2022-03-29,2022-03-29 15:30,32770,2021-01-01,2021-12-31,株式会社サンセイランディック
S100NRFW,2022-03-29,2022-03-29 15:30,41710,2021-01-01,2021-12-31,株式会社グローバルインフォメーション
S100NRES,2022-03-29,2022-03-29 15:30,29700,2021-01-01,2021-12-31,株式会社グッドライフカンパニー
S100NRHT,2022-03-29,2022-03-29 15:32,49190,2021-01-01,2021-12-31,株式会社ミルボン
S100NQS5,2022-03-29,2022-03-29 15:33,66940,2021-01-01,2021-12-31,株式会社ズーム
S100NRSN,2022-03-29,2022-03-29 15:33,97220,2021-01-01,2021-12-31,藤田観光株式会社
S100NR00,2022-03-29,2022-03-29 15:35,96220,2021-01-01,2021-12-31,株式会社スペース
S100NQST,2022-03-29,2022-03-29 15:36,66530,2021-01-01,2021-12-31,株式会社正興電機製作所
S100NQPG,2022-03-29,2022-03-29 15:36,39020,2021-01-01,2021-12-31,メディカル・データ・ビジョン株式会社
S100NRTJ,2022-03-29,2022-03-29 15:40,40110,2021-01-01,2021-12-31,株式会社ヘッドウォータース
S100NPZC,2022-03-29,2022-03-29 15:42,45820,2021-01-01,2021-12-31,シンバイオ製薬株式会社
S100NRVS,2022-03-29,2022-03-29 15:54,39980,2021-01-01,2021-12-31,株式会社すららネット
S100NRZG,2022-03-29,2022-03-29 15:56,32410,2021-01-01,2021-12-31,株式会社ウィル
S100NR8W,2022-03-29,2022-03-29 16:08,45190,2021-01-01,2021-12-31,中外製薬株式会社
S100NRZK,2022-03-29,2022-03-29 16:12,96720,2021-01-01,2021-12-31,東京都競馬株式会社
S100NQW2,2022-03-29,2022-03-29 16:23,64980,2021-01-01,2021-12-31,株式会社キッツ
S100NP59,2022-03-29,2022-03-29 16:26,19110,2021-01-01,2021-12-31,住友林業株式会社
S100NQGT,2022-03-29,2022-03-29 16:26,79570,2021-01-01,2021-12-31,フジコピアン株式会社
S100NRZO,2022-03-29,2022-03-29 16:26,24360,2021-01-01,2021-12-31,共同ピーアール株式会社
S100NS0V,2022-03-29,2022-03-29 16:32,14000,2021-01-01,2021-12-31,ルーデン・ホールディングス株式会社
S100NS0F,2022-03-29,2022-03-29 16:35,30530,2021-01-01,2021-12-31,株式会社ペッパーフードサービス
S100NS1C,2022-03-29,2022-03-29 16:40,62910,2021-01-01,2021-12-31,日本エアーテック株式会社
S100NRAW,2022-03-29,2022-03-29 16:41,95390,2021-01-01,2021-12-31,京葉瓦斯株式会社
S100NRWJ,2022-03-29,2022-03-29 16:46,70480,2021-01-01,2021-12-31,ベルトラ株式会社
S100NQFZ,2022-03-30,2022-03-30 09:27,74250,2021-01-01,2021-12-31,初穂商事株式会社
S100NRYI,2022-03-30,2022-03-30 09:47,80400,2021-01-01,2021-12-31,株式会社東京ソワール
S100NS91,2022-03-30,2022-03-30 09:57,89140,2021-01-01,2021-12-31,エリアリンク株式会社
S100NS2Z,2022-03-30,2022-03-30 10:02,47120,2021-01-01,2021-12-31,株式会社ＫｅｙＨｏｌｄｅｒ
S100NQN7,2022-03-30,2022-03-30 10:03,81790,2021-01-01,2021-12-31,ロイヤルホールディングス株式会社
S100NROR,2022-03-30,2022-03-30 10:22,39440,2021-01-01,2021-12-31,古林紙工株式会社
S100NRMD,2022-03-30,2022-03-30 10:25,24020,2021-01-01,2021-12-31,株式会社アマナ
S100NRUO,2022-03-30,2022-03-30 10:36,39480,2021-01-01,2021-12-31,光ビジネスフォーム株式会社
S100NSBD,2022-03-30,2022-03-30 10:40,79920,2021-01-01,2021-12-31,セーラー万年筆株式会社
S100NRQQ,2022-03-30,2022-03-30 10:40,77390,2021-01-01,2021-12-31,キヤノン電子株式会社
S100NQRC,2022-03-30,2022-03-30 10:50,41070,2021-01-01,2021-12-31,伊勢化学工業株式会社
S100NSBG,2022-03-30,2022-03-30 11:10,39640,2021-01-01,2021-12-31,株式会社オークネット
S100NRET,2022-03-30,2022-03-30 11:18,60670,2021-01-01,2021-12-31,インパクトホールディングス株式会社
S100NRE7,2022-03-30,2022-03-30 11:32,42840,2021-01-01,2021-12-31,株式会社　ソルクシーズ
S100NS63,2022-03-30,2022-03-30 11:32,89090,2021-01-01,2021-12-31,株式会社シノケングループ
S100NRYM,2022-03-30,2022-03-30 11:44,61770,2021-01-01,2021-12-31,ＡｐｐＢａｎｋ株式会社
S100NS9J,2022-03-30,2022-03-30 11:53,22160,2021-01-01,2021-12-31,カンロ株式会社
S100NS6S,2022-03-30,2022-03-30 11:58,20090,2021-01-01,2021-12-31,鳥越製粉株式会社
S100NREL,2022-03-30,2022-03-30 11:59,61490,2021-01-01,2021-12-31,株式会社小田原エンジニアリング
S100NRWA,2022-03-30,2022-03-30 12:10,24180,2021-01-01,2021-12-31,株式会社ツカダ・グローバルホールディング
S100NSDA,2022-03-30,2022-03-30 12:16,53100,2021-01-01,2021-12-31,東洋炭素株式会社
S100NQQW,2022-03-30,2022-03-30 12:35,33020,2021-01-01,2021-12-31,帝国繊維株式会社
S100NSEU,2022-03-30,2022-03-30 12:39,22150,2021-01-01,2021-12-31,第一屋製パン株式会社
S100NRMA,2022-03-30,2022-03-30 12:47,96560,2021-01-01,2021-12-31,グリーンランドリゾート株式会社
S100NQQE,2022-03-30,2022-03-30 12:57,37190,2021-01-01,2021-12-31,株式会社ジェクシード
S100NRWG,2022-03-30,2022-03-30 13:14,61430,2021-01-01,2021-12-31,株式会社ソディック
S100NRTK,2022-03-30,2022-03-30 13:14,59970,2021-01-01,2021-12-31,協立エアテック株式会社
S100NRV7,2022-03-30,2022-03-30 13:16,70390,2021-01-01,2021-12-31,ブリッジインターナショナル株式会社
S100NSDC,2022-03-30,2022-03-30 13:25,14130,2021-01-01,2021-12-31,株式会社ヒノキヤグループ
S100NSGA,2022-03-30,2022-03-30 13:25,41680,2021-01-01,2021-12-31,株式会社ヤプリ
S100NSBF,2022-03-30,2022-03-30 13:33,27520,2021-01-01,2021-12-31,株式会社フジオフードグループ本社
S100NSBC,2022-03-30,2022-03-30 13:35,49220,2021-04-01,2021-12-31,株式会社コーセー
S100NSAH,2022-03-30,2022-03-30 13:43,14350,2021-01-01,2021-12-31,株式会社Ｒｏｂｏｔ　Ｈｏｍｅ
S100NS9Y,2022-03-30,2022-03-30 13:43,71280,2021-04-01,2021-12-31,フルサト・マルカホールディングス株式会社
S100NSFT,2022-03-30,2022-03-30 13:44,79860,2021-01-01,2021-12-31,日本アイ・エス・ケイ株式会社
S100NSG6,2022-03-30,2022-03-30 13:44,52160,2021-01-01,2021-12-31,株式会社倉元製作所
S100NQEM,2022-03-30,2022-03-30 13:53,22120,2021-01-01,2021-12-31,山崎製パン株式会社
S100NRSZ,2022-03-30,2022-03-30 14:00,59590,2021-01-01,2021-12-31,岡部株式会社
S100NRWR,2022-03-30,2022-03-30 14:03,52010,2021-01-01,2021-12-31,ＡＧＣ株式会社
S100NRNC,2022-03-30,2022-03-30 14:04,30010,2021-01-01,2021-12-31,片倉工業株式会社
S100NSGU,2022-03-30,2022-03-30 14:04,67480,2021-01-01,2021-12-31,星和電機株式会社
S100NSHJ,2022-03-30,2022-03-30 14:06,36490,2021-01-01,2021-12-31,株式会社ファインデックス
S100NROX,2022-03-30,2022-03-30 14:07,59430,2021-01-01,2021-12-31,株式会社ノーリツ
S100NRQK,2022-03-30,2022-03-30 14:07,27000,2021-01-01,2021-12-31,木徳神糧株式会社
S100NSFQ,2022-03-30,2022-03-30 14:08,51870,2021-01-01,2021-12-31,クリエートメディック株式会社
S100NSIL,2022-03-30,2022-03-30 14:11,96120,2021-01-01,2021-12-31,株式会社ラックランド
S100NS13,2022-03-30,2022-03-30 14:12,43510,2021-01-01,2021-12-31,株式会社山田債権回収管理総合事務所
S100NSIY,2022-03-30,2022-03-30 14:37,79760,2021-01-01,2021-12-31,三菱鉛筆株式会社
S100NSJJ,2022-03-30,2022-03-30 14:38,67210,2021-01-01,2021-12-31,ウインテスト株式会社
S100NSKJ,2022-03-30,2022-03-30 14:43,40040,2021-01-01,2021-12-31,昭和電工株式会社
S100NSJ2,2022-03-30,2022-03-30 14:47,55630,2021-01-01,2021-12-31,新日本電工株式会社
S100NRU9,2022-03-30,2022-03-30 14:49,90620,2021-04-01,2021-12-31,日本通運株式会社
S100NRXT,2022-03-30,2022-03-30 14:55,78460,2021-01-01,2021-12-31,株式会社パイロットコーポレーション
S100NS12,2022-03-30,2022-03-30 15:00,76130,2021-01-01,2021-12-31,シークス株式会社
S100NS35,2022-03-30,2022-03-30 15:00,79630,2021-01-01,2021-12-31,興研株式会社
S100NS4U,2022-03-30,2022-03-30 15:00,70430,2021-01-01,2021-12-31,アルー株式会社
S100NS6A,2022-03-30,2022-03-30 15:00,39110,2021-01-01,2021-12-31,株式会社Ａｉｍｉｎｇ
S100NQND,2022-03-30,2022-03-30 15:00,42510,2021-01-01,2021-12-31,恵和株式会社
S100NQTZ,2022-03-30,2022-03-30 15:00,47550,2021-01-01,2021-12-31,楽天グループ株式会社
S100NSL7,2022-03-30,2022-03-30 15:00,41700,2021-01-01,2021-12-31,株式会社Ｋａｉｚｅｎ　Ｐｌａｔｆｏｒｍ
S100NRAM,2022-03-30,2022-03-30 15:00,77510,2021-01-01,2021-12-31,キヤノン株式会社
S100NSLD,2022-03-30,2022-03-30 15:00,48810,2021-01-01,2021-12-31,株式会社ファンペップ
S100NS3P,2022-03-30,2022-03-30 15:00,73580,2021-01-01,2021-12-31,株式会社ポピンズホールディングス
S100NRGI,2022-03-30,2022-03-30 15:00,92130,2021-01-01,2021-12-31,株式会社セイファート
S100NSIZ,2022-03-30,2022-03-30 15:01,71720,2021-01-01,2021-12-31,株式会社ジャパンインベストメントアドバイザー
S100NSJ3,2022-03-30,2022-03-30 15:02,70440,2021-01-01,2021-12-31,株式会社ピアラ
S100NSKM,2022-03-30,2022-03-30 15:03,41690,2021-01-01,2021-12-31,ＥＮＥＣＨＡＮＧＥ株式会社
S100NRVN,2022-03-30,2022-03-30 15:04,67230,2021-01-01,2021-12-31,ルネサスエレクトロニクス株式会社
S100NS77,2022-03-30,2022-03-30 15:04,43770,2021-01-01,2021-12-31,株式会社ワンキャリア
S100NS7O,2022-03-30,2022-03-30 15:04,79890,2021-01-01,2021-12-31,立川ブラインド工業株式会社
S100NRSO,2022-03-30,2022-03-30 15:05,39810,2021-01-01,2021-12-31,株式会社ビーグリー
S100NRHV,2022-03-30,2022-03-30 15:06,43240,2021-01-01,2021-12-31,株式会社電通グループ
S100NS20,2022-03-30,2022-03-30 15:07,45740,2021-01-01,2021-12-31,大幸薬品株式会社
S100NQIE,2022-03-30,2022-03-30 15:08,47250,2021-01-01,2021-12-31,株式会社ＣＡＣ　Ｈｏｌｄｉｎｇｓ
S100NRRI,2022-03-30,2022-03-30 15:08,65330,2021-01-01,2021-12-31,株式会社Ｏｒｃｈｅｓｔｒａ　Ｈｏｌｄｉｎｇｓ
S100NRS8,2022-03-30,2022-03-30 15:08,69150,2021-01-01,2021-12-31,千代田インテグレ株式会社
S100NOMZ,2022-03-30,2022-03-30 15:10,61640,2021-01-01,2021-12-31,株式会社太陽工機
S100NR1D,2022-03-30,2022-03-30 15:14,51010,2021-01-01,2021-12-31,横浜ゴム株式会社
S100NSMM,2022-03-30,2022-03-30 15:15,24270,2021-01-01,2021-12-31,株式会社アウトソーシング
S100NR3D,2022-03-30,2022-03-30 15:15,41800,2021-01-01,2021-12-31,Ａｐｐｉｅｒ　Ｇｒｏｕｐ株式会社
S100NRY8,2022-03-30,2022-03-30 15:17,24060,2021-01-01,2021-12-31,株式会社アルテサロンホールディングス
S100NS80,2022-03-30,2022-03-30 15:20,14490,2021-01-01,2021-12-31,株式会社ＦＵＪＩジャパン
S100NR8P,2022-03-30,2022-03-30 15:22,25030,2021-01-01,2021-12-31,キリンホールディングス株式会社
S100NQIV,2022-03-30,2022-03-30 15:23,43920,2021-01-01,2021-12-31,ＦＩＧ株式会社
S100NRMS,2022-03-30,2022-03-30 15:24,65460,2021-01-01,2021-12-31,フルテック株式会社
S100NRT2,2022-03-30,2022-03-30 15:30,21700,2021-01-01,2021-12-31,株式会社リンクアンドモチベーション
S100NSBQ,2022-03-30,2022-03-30 15:30,60780,2021-01-01,2021-12-31,株式会社バリューＨＲ
S100NSN7,2022-03-30,2022-03-30 15:30,40190,2021-01-01,2021-12-31,株式会社スタメン
S100NRXN,2022-03-30,2022-03-30 15:30,60290,2021-01-01,2021-12-31,アトラグループ株式会社
S100NRU2,2022-03-30,2022-03-30 15:34,40450,2021-01-01,2021-12-31,東亞合成株式会社
S100NSND,2022-03-30,2022-03-30 15:35,29860,2021-01-01,2021-12-31,株式会社ＬＡホールディングス
S100NSIU,2022-03-30,2022-03-30 15:36,93860,2021-01-01,2021-12-31,日本コンセプト株式会社
S100NRY6,2022-03-30,2022-03-30 15:39,85080,2021-01-01,2021-12-31,Ｊトラスト株式会社
S100NSM3,2022-03-30,2022-03-30 15:41,53950,2021-01-01,2021-12-31,理研コランダム株式会社
S100NS7C,2022-03-30,2022-03-30 15:43,68530,2021-01-01,2021-12-31,株式会社共和電業
S100NS5J,2022-03-30,2022-03-30 15:45,14390,2021-01-01,2021-12-31,株式会社安江工務店
S100NS75,2022-03-30,2022-03-30 15:48,36830,2021-01-01,2021-12-31,株式会社サイバーリンクス
S100NSDQ,2022-03-30,2022-03-30 15:50,46120,2021-01-01,2021-12-31,日本ペイントホールディングス株式会社
S100NSL9,2022-03-30,2022-03-30 16:00,43710,2021-01-01,2021-12-31,株式会社コアコンセプト・テクノロジー
S100NQZQ,2022-03-30,2022-03-30 16:00,82020,2021-01-01,2021-12-31,ラオックス株式会社
S100NOGG,2022-03-30,2022-03-30 16:00,31050,2021-01-01,2021-12-31,日清紡ホールディングス株式会社
S100NSO6,2022-03-30,2022-03-30 16:03,89290,2021-01-01,2021-12-31,株式会社青山財産ネットワークス
S100NSMT,2022-03-30,2022-03-30 16:04,37650,2021-01-01,2021-12-31,ガンホー・オンライン・エンターテイメント株式会社
S100NS6H,2022-03-30,2022-03-30 16:05,44500,2021-01-01,2021-12-31,株式会社パワーソリューションズ
S100NRAK,2022-03-30,2022-03-30 16:06,62780,2021-01-01,2021-12-31,ユニオンツール株式会社
S100NRX3,2022-03-30,2022-03-30 16:06,41860,2021-01-01,2021-12-31,東京応化工業株式会社
S100NR6F,2022-03-30,2022-03-30 16:07,49670,2021-01-01,2021-12-31,小林製薬株式会社
S100NS0Y,2022-03-30,2022-03-30 16:08,42550,2021-01-01,2021-12-31,ＴＨＥＣＯＯ株式会社
S100NSIX,2022-03-30,2022-03-30 16:12,30640,2021-01-01,2021-12-31,株式会社ＭｏｎｏｔａＲＯ
S100NSP3,2022-03-30,2022-03-30 16:17,39500,2021-01-01,2021-12-31,ザ・パック株式会社
S100NSPI,2022-03-30,2022-03-30 16:20,34860,2021-01-01,2021-12-31,株式会社グローバル・リンク・マネジメント
S100NS7V,2022-03-30,2022-03-30 16:26,65370,2021-01-01,2021-12-31,ＷＡＳＨハウス株式会社
S100NRWW,2022-03-30,2022-03-30 16:34,63610,2021-01-01,2021-12-31,株式会社荏原製作所
S100NS5N,2022-03-30,2022-03-30 16:42,27020,2021-01-01,2021-12-31,日本マクドナルドホールディングス株式会社
S100NSQ1,2022-03-30,2022-03-30 16:47,64440,2021-04-01,2021-12-31,サンデン株式会社
S100NSP6,2022-03-30,2022-03-30 16:50,39280,2021-01-01,2021-12-31,株式会社マイネット
S100NSFO,2022-03-30,2022-03-30 16:52,38070,2021-01-01,2021-12-31,株式会社フィスコ
S100NSQQ,2022-03-30,2022-03-30 17:00,53010,2021-01-01,2021-12-31,東海カーボン株式会社
S100NSH3,2022-03-30,2022-03-30 17:02,65610,2021-01-01,2021-12-31,株式会社ＨＡＮＡＴＯＵＲ　ＪＡＰＡＮ
S100NS5E,2022-03-30,2022-03-30 17:03,80290,2021-01-01,2021-12-31,株式会社ルックホールディングス
S100NSQW,2022-03-30,2022-03-30 17:13,73630,2021-01-01,2021-12-31,株式会社ベビーカレンダー
S100NRFI,2022-03-31,2022-03-31 09:01,77160,2021-01-01,2021-12-31,株式会社ナカニシ
S100NR8K,2022-03-31,2022-03-31 09:01,76090,2021-01-01,2021-12-31,ダイトロン株式会社
S100NST4,2022-03-31,2022-03-31 09:17,59650,2021-01-01,2021-12-31,株式会社フジマック
S100NSKK,2022-03-31,2022-03-31 09:19,59460,2021-01-01,2021-12-31,株式会社長府製作所
S100NSFA,2022-03-31,2022-03-31 09:20,69770,2021-01-01,2021-12-31,株式会社日本抵抗器製作所
S100NSS0,2022-03-31,2022-03-31 09:22,49120,2021-01-01,2021-12-31,ライオン株式会社
S100NSJH,2022-03-31,2022-03-31 09:23,64250,2021-01-01,2021-12-31,株式会社ユニバーサルエンターテインメント
S100NRNF,2022-03-31,2022-03-31 09:25,98270,2021-01-01,2021-12-31,リリカラ株式会社
S100NSSQ,2022-03-31,2022-03-31 09:32,59500,2021-01-01,2021-12-31,日本パワーファスニング株式会社
S100NSVK,2022-03-31,2022-03-31 09:48,43750,2021-01-01,2021-12-31,セーフィー株式会社
S100NPM4,2022-03-31,2022-03-31 09:56,45950,2021-01-01,2021-12-31,株式会社ミズホメディー
S100NSCG,2022-03-31,2022-03-31 09:58,25730,2021-01-01,2021-12-31,北海道コカ・コーラボトリング株式会社
S100NR98,2022-03-31,2022-03-31 10:00,64000,2021-01-01,2021-12-31,不二精機株式会社
S100NRML,2022-03-31,2022-03-31 10:04,19940,2021-01-01,2021-12-31,高橋カーテンウォール工業株式会社
S100NSW0,2022-03-31,2022-03-31 10:09,45630,2021-01-01,2021-12-31,アンジェス株式会社
S100NQY7,2022-03-31,2022-03-31 10:10,32040,2021-01-01,2021-12-31,株式会社トーア紡コーポレーション
S100NRXY,2022-03-31,2022-03-31 10:15,79560,2021-01-01,2021-12-31,ピジョン株式会社
S100NQRA,2022-03-31,2022-03-31 10:21,16630,2021-01-01,2021-12-31,Ｋ＆Ｏエナジーグループ株式会社
S100NST7,2022-03-31,2022-03-31 10:25,89460,2021-01-01,2021-12-31,株式会社ＡＳＩＡＮ　ＳＴＡＲ
S100NSWK,2022-03-31,2022-03-31 10:27,24920,2021-01-01,2021-12-31,株式会社インフォマート
S100NSPY,2022-03-31,2022-03-31 10:43,94160,2021-01-01,2021-12-31,株式会社ビジョン
S100NSR5,2022-03-31,2022-03-31 10:44,60540,2021-01-01,2021-12-31,株式会社リブセンス
S100NSVW,2022-03-31,2022-03-31 10:45,52140,2021-01-01,2021-12-31,日本電気硝子株式会社
S100NMHP,2022-03-31,2022-03-31 10:47,64970,2021-01-01,2021-12-31,株式会社ハマイ
S100NQ20,2022-03-31,2022-03-31 10:48,97040,2021-01-01,2021-12-31,株式会社アゴーラホスピタリティーグループ
S100NRK1,2022-03-31,2022-03-31 11:00,73620,2021-01-01,2021-12-31,株式会社Ｔ．Ｓ．Ｉ
S100NSP9,2022-03-31,2022-03-31 11:00,36630,2021-01-01,2021-12-31,アートスパークホールディングス株式会社
S100NSI7,2022-03-31,2022-03-31 11:01,81650,2021-01-01,2021-12-31,株式会社千趣会
S100NQC5,2022-03-31,2022-03-31 11:06,73090,2021-01-01,2021-12-31,株式会社シマノ
S100NSUF,2022-03-31,2022-03-31 11:16,92460,2021-01-01,2021-12-31,株式会社プロジェクトカンパニー
S100NRBE,2022-03-31,2022-03-31 11:21,91450,2021-01-01,2021-12-31,株式会社ビーイングホールディングス
S100NSY7,2022-03-31,2022-03-31 11:26,45880,2021-01-01,2021-12-31,オンコリスバイオファーマ株式会社
S100NSKW,2022-03-31,2022-03-31 11:29,77820,2021-01-01,2021-12-31,株式会社シンシア
S100NSY4,2022-03-31,2022-03-31 11:33,31960,2021-01-01,2021-12-31,株式会社ホットランド
S100NSG3,2022-03-31,2022-03-31 11:51,17240,2021-01-01,2021-12-31,シンクレイヤ株式会社
S100NSTC,2022-03-31,2022-03-31 11:55,75310,2021-01-01,2021-12-31,清和中央ホールディングス株式会社
S100NSZM,2022-03-31,2022-03-31 11:56,92600,2021-01-01,2021-12-31,西本Ｗｉｓｍｅｔｔａｃホールディングス株式会社
S100NRXZ,2022-03-31,2022-03-31 12:06,37270,2021-01-01,2021-12-31,株式会社アプリックス
S100NSXJ,2022-03-31,2022-03-31 12:11,24990,2021-01-01,2021-12-31,日本和装ホールディングス株式会社
S100NSTP,2022-03-31,2022-03-31 12:17,68350,2021-01-01,2021-12-31,アライドテレシスホールディングス株式会社
S100NRPZ,2022-03-31,2022-03-31 12:30,43720,2021-01-01,2021-12-31,ユミルリンク株式会社
S100NS8P,2022-03-31,2022-03-31 12:32,31970,2021-01-01,2021-12-31,株式会社すかいらーくホールディングス
S100NSX7,2022-03-31,2022-03-31 12:33,37750,2021-01-01,2021-12-31,株式会社ガイアックス
S100NSQZ,2022-03-31,2022-03-31 12:36,49790,2021-01-01,2021-12-31,ＯＡＴアグリオ株式会社
S100NSV5,2022-03-31,2022-03-31 12:46,68700,2021-01-01,2021-12-31,日本フェンオール株式会社
S100NSRY,2022-03-31,2022-03-31 12:48,79840,2021-01-01,2021-12-31,コクヨ株式会社
S100NSDW,2022-03-31,2022-03-31 12:53,62500,2021-01-01,2021-12-31,株式会社やまびこ
S100NT0X,2022-03-31,2022-03-31 13:10,43740,2021-01-01,2021-12-31,株式会社ＲＯＢＯＴ　ＰＡＹＭＥＮＴ
S100NT1F,2022-03-31,2022-03-31 13:18,44810,2021-01-01,2021-12-31,ベース株式会社
S100NSZ0,2022-03-31,2022-03-31 13:35,64590,2021-01-01,2021-12-31,大和冷機工業株式会社
S100NT1A,2022-03-31,2022-03-31 13:41,70810,2021-01-01,2021-12-31,コーユーレンティア株式会社
S100NT0S,2022-03-31,2022-03-31 13:54,41660,2021-01-01,2021-12-31,かっこ株式会社
S100NT2U,2022-03-31,2022-03-31 14:00,40530,2021-01-01,2021-12-31,株式会社Ｓｕｎ　Ａｓｔｅｒｉｓｋ
S100NT5B,2022-03-31,2022-03-31 14:44,39970,2021-01-01,2021-12-31,株式会社トレードワークス
S100NT5U,2022-03-31,2022-03-31 14:48,99730,2021-01-01,2021-12-31,株式会社小僧寿し
S100NT5C,2022-03-31,2022-03-31 14:52,34740,2021-01-01,2021-12-31,Ｇ－ＦＡＣＴＯＲＹ株式会社
S100NSYQ,2022-03-31,2022-03-31 15:00,66350,2021-01-01,2021-12-31,株式会社大日光・エンジニアリング
S100NSYB,2022-03-31,2022-03-31 15:00,40200,2021-01-01,2021-12-31,ビートレンド株式会社
S100NSZD,2022-03-31,2022-03-31 15:00,44200,2021-01-01,2021-12-31,イーソル株式会社
S100NSYN,2022-03-31,2022-03-31 15:00,44930,2021-01-01,2021-12-31,株式会社サイバーセキュリティクラウド
S100NS0A,2022-03-31,2022-03-31 15:00,42610,2021-01-01,2021-12-31,アジアクエスト株式会社
S100NT3I,2022-03-31,2022-03-31 15:01,45860,2021-01-01,2021-12-31,株式会社メドレックス
S100NT29,2022-03-31,2022-03-31 15:01,61720,2021-01-01,2021-12-31,株式会社メタップス
S100NSQC,2022-03-31,2022-03-31 15:03,65240,2021-01-01,2021-12-31,湖北工業株式会社
S100NSSV,2022-03-31,2022-03-31 15:07,39140,2021-01-01,2021-12-31,ＪＩＧ－ＳＡＷ株式会社
S100NS97,2022-03-31,2022-03-31 15:07,59570,2021-01-01,2021-12-31,日東精工株式会社
S100NT30,2022-03-31,2022-03-31 15:09,93990,2021-01-01,2021-12-31,ビート・ホールディングス・リミテッド　（貝德控股有限公司、Ｂｅａｔ　Ｈｏｌｄｉｎｇｓ　Ｌｉｍｉｔｅｄ）
S100NT7A,2022-03-31,2022-03-31 15:15,95220,2021-01-01,2021-12-31,リニューアブル・ジャパン株式会社
S100NRSC,2022-03-31,2022-03-31 15:15,63760,2021-01-01,2021-12-31,日機装株式会社
S100NT7C,2022-03-31,2022-03-31 15:17,21910,2021-01-01,2021-12-31,テラ株式会社
S100NT0J,2022-03-31,2022-03-31 15:19,40560,2021-01-01,2021-12-31,ニューラルポケット株式会社
S100NSYK,2022-03-31,2022-03-31 15:19,34450,2021-01-01,2021-12-31,株式会社ＲＳ　Ｔｅｃｈｎｏｌｏｇｉｅｓ
S100NSX1,2022-03-31,2022-03-31 15:20,66190,2021-01-01,2021-12-31,ダブル・スコープ株式会社
S100NT8Z,2022-03-31,2022-03-31 15:25,65920,2021-01-01,2021-12-31,マブチモーター株式会社
S100NT8X,2022-03-31,2022-03-31 15:30,43790,2021-01-01,2021-12-31,株式会社Ｐｈｏｔｏｓｙｎｔｈ
S100NT62,2022-03-31,2022-03-31 15:31,36810,2021-01-01,2021-12-31,株式会社ブイキューブ
S100NT9J,2022-03-31,2022-03-31 15:41,92180,2021-01-01,2021-12-31,株式会社メンタルヘルステクノロジーズ
S100NT21,2022-03-31,2022-03-31 15:46,92710,2021-01-01,2021-12-31,株式会社和心
S100NSRN,2022-03-31,2022-03-31 15:48,63100,2021-01-01,2021-12-31,井関農機株式会社
S100NSZI,2022-03-31,2022-03-31 15:58,44820,2021-01-01,2021-12-31,株式会社ウィルズ
S100NT99,2022-03-31,2022-03-31 16:03,27430,2021-01-01,2021-12-31,ピクセルカンパニーズ株式会社
S100NRUI,2022-03-31,2022-03-31 16:04,56100,2021-01-01,2021-12-31,大和重工株式会社
S100NTB1,2022-03-31,2022-03-31 16:13,45780,2021-01-01,2021-12-31,大塚ホールディングス株式会社
S100NT1T,2022-03-31,2022-03-31 16:14,65530,2021-01-01,2021-12-31,ソウルドアウト株式会社
S100NT02,2022-03-31,2022-03-31 16:18,34820,2021-01-01,2021-12-31,ロードスターキャピタル株式会社
S100NTB7,2022-03-31,2022-03-31 16:25,44870,2021-01-01,2021-12-31,株式会社スペースマーケット
S100NT8N,2022-03-31,2022-03-31 16:26,60340,2021-01-01,2021-12-31,ＭＲＴ株式会社
S100NT0D,2022-03-31,2022-03-31 16:29,37580,2021-01-01,2021-12-31,株式会社アエリア
S100NTB3,2022-03-31,2022-03-31 16:33,27210,2021-01-01,2021-12-31,株式会社ジェイホールディングス
S100NSKH,2022-03-31,2022-03-31 16:44,44150,2021-01-01,2021-12-31,株式会社ブロードエンタープライズ
S100NSHB,2022-03-31,2022-03-31 16:45,25010,2021-01-01,2021-12-31,サッポロホールディングス株式会社
S100NW70,2022-04-14,2022-04-14 13:14,78650,2021-01-21,2022-01-20,ピープル株式会社
S100NVPA,2022-04-15,2022-04-15 09:14,75900,2021-01-21,2022-01-20,株式会社タカショー
S100NWQE,2022-04-18,2022-04-18 09:12,25900,2021-01-21,2022-01-20,ダイドーグループホールディングス株式会社
S100NXCA,2022-04-20,2022-04-20 13:18,81420,2021-02-01,2022-01-31,株式会社トーホー
S100NXHQ,2022-04-21,2022-04-21 14:50,21630,2021-02-01,2022-01-31,株式会社アルトナー
S100NXGF,2022-04-21,2022-04-21 16:07,48130,2021-02-01,2022-01-31,株式会社ＡＣＣＥＳＳ
S100NXN2,2022-04-22,2022-04-22 09:07,39550,2021-02-01,2022-01-31,株式会社イムラ封筒
S100NXFG,2022-04-22,2022-04-22 09:51,96370,2021-02-01,2022-01-31,オーエス株式会社
S100NXSD,2022-04-22,2022-04-22 11:12,36570,2021-02-01,2022-01-31,ポールトゥウィン・ピットクルーホールディングス株式会社
S100NXKL,2022-04-22,2022-04-22 13:01,43800,2021-02-01,2022-01-31,株式会社Ｍマート
S100NXK9,2022-04-22,2022-04-22 14:17,96920,2021-02-01,2022-01-31,株式会社シーイーシー
S100NXUT,2022-04-25,2022-04-25 09:08,33200,2021-02-01,2022-01-31,クロスプラス株式会社
S100NXLH,2022-04-25,2022-04-25 10:18,69660,2021-02-01,2022-01-31,株式会社三井ハイテック
S100NXQ7,2022-04-25,2022-04-25 12:03,17580,2021-02-01,2022-01-31,太洋基礎工業株式会社
S100NY2T,2022-04-25,2022-04-25 16:17,78780,2021-02-01,2022-01-31,株式会社光・彩
S100NY2C,2022-04-25,2022-04-25 16:45,61840,2021-02-01,2022-01-31,株式会社鎌倉新書
S100NXW9,2022-04-25,2022-04-25 16:50,39310,2021-02-01,2022-01-31,株式会社バリューゴルフ
S100NYAH,2022-04-26,2022-04-26 11:38,96320,2021-02-01,2022-01-31,スバル興業株式会社
S100NXXX,2022-04-26,2022-04-26 13:30,97430,2021-02-01,2022-01-31,株式会社丹青社
S100NY5H,2022-04-26,2022-04-26 14:04,41740,2021-02-01,2022-01-31,株式会社アピリッツ
S100NXS7,2022-04-26,2022-04-26 14:08,29830,2021-02-01,2022-01-31,株式会社アールプランナー
S100NX7D,2022-04-26,2022-04-26 14:45,96360,2021-02-01,2022-01-31,株式会社きんえい
S100NY2Z,2022-04-26,2022-04-26 16:21,80680,2021-02-01,2022-01-31,菱洋エレクトロ株式会社
S100NYHI,2022-04-27,2022-04-27 09:17,63360,2021-02-01,2022-01-31,株式会社石井表記
S100NYHZ,2022-04-27,2022-04-27 09:59,30710,2021-02-01,2022-01-31,株式会社ストリーム
S100NXTE,2022-04-27,2022-04-27 10:04,19280,2021-02-01,2022-01-31,積水ハウス株式会社
S100NY5L,2022-04-27,2022-04-27 10:08,66540,2021-02-01,2022-01-31,不二電機工業株式会社
S100NYGX,2022-04-27,2022-04-27 10:54,22170,2021-02-01,2022-01-31,モロゾフ株式会社
S100NXZ3,2022-04-27,2022-04-27 11:00,43340,2021-02-01,2022-01-31,株式会社ユークス
S100NYKP,2022-04-27,2022-04-27 12:02,39950,2021-02-01,2022-01-31,株式会社ＳＫＩＹＡＫＩ
S100NY07,2022-04-27,2022-04-27 13:17,97340,2021-02-01,2022-01-31,株式会社精養軒
S100NYOE,2022-04-27,2022-04-27 14:24,42380,2021-02-01,2022-01-31,ミライアル株式会社
S100NYOL,2022-04-27,2022-04-27 14:41,34150,2021-03-01,2022-01-31,株式会社ＴＯＫＹＯ　ＢＡＳＥ
S100NY4X,2022-04-27,2022-04-27 14:54,68980,2021-02-01,2022-01-31,トミタ電機株式会社
S100NYCJ,2022-04-27,2022-04-27 15:03,45920,2021-02-01,2022-01-31,サンバイオ株式会社
S100NYPF,2022-04-27,2022-04-27 15:08,70730,2021-02-01,2022-01-31,株式会社ジェイック
S100NYGW,2022-04-27,2022-04-27 15:29,30700,2021-02-01,2022-01-31,株式会社アマガサ
S100NYDZ,2022-04-27,2022-04-27 15:30,39210,2021-02-01,2022-01-31,株式会社ネオジャパン
S100NYQ0,2022-04-27,2022-04-27 15:33,35650,2021-02-01,2022-01-31,アセンテック株式会社
S100NYPY,2022-04-27,2022-04-27 15:56,66960,2021-02-01,2022-01-31,株式会社トラース・オン・プロダクト
S100NYAT,2022-04-27,2022-04-27 16:08,42870,2021-02-01,2022-01-31,株式会社ジャストプランニング
S100NXBO,2022-04-28,2022-04-28 09:07,43690,2021-02-01,2022-01-31,株式会社　トリケミカル研究所
S100NYNG,2022-04-28,2022-04-28 09:13,67570,2021-02-01,2022-01-31,株式会社ＯＳＧコーポレーション
S100NYBZ,2022-04-28,2022-04-28 09:25,32460,2021-02-01,2022-01-31,株式会社コーセーアールイー
S100NYCU,2022-04-28,2022-04-28 10:08,76740,2021-07-01,2022-01-31,株式会社ＮＡＴＴＹ　ＳＷＡＮＫＹホールディングス
S100NYNQ,2022-04-28,2022-04-28 10:37,76140,2021-02-01,2022-01-31,株式会社オーエムツーネットワーク
S100NYOC,2022-04-28,2022-04-28 10:46,31690,2021-02-01,2022-01-31,株式会社ミサワ
S100NYWE,2022-04-28,2022-04-28 10:48,42670,2021-02-01,2022-01-31,株式会社ライトワークス
S100NYXJ,2022-04-28,2022-04-28 11:34,33990,2021-02-01,2022-01-31,株式会社丸千代山岡家
S100NYP2,2022-04-28,2022-04-28 11:35,80130,2021-02-01,2022-01-31,株式会社ナイガイ
S100NXOD,2022-04-28,2022-04-28 12:21,88420,2021-02-01,2022-01-31,株式会社東京楽天地
S100NYS4,2022-04-28,2022-04-28 13:05,14330,2021-02-01,2022-01-31,ベステラ株式会社
S100NYY9,2022-04-28,2022-04-28 13:15,76830,2021-02-01,2022-01-31,株式会社ダブルエー
S100NYQX,2022-04-28,2022-04-28 13:29,41750,2021-02-01,2022-01-31,株式会社ｃｏｌｙ
S100NYU9,2022-04-28,2022-04-28 15:00,36650,2021-02-01,2022-01-31,株式会社エニグモ
S100NX16,2022-04-28,2022-04-28 15:03,71960,2021-02-01,2022-01-31,株式会社Ｃａｓａ
S100NYXX,2022-04-28,2022-04-28 15:10,31590,2021-02-01,2022-01-31,丸善ＣＨＩホールディングス株式会社
S100NZ01,2022-04-28,2022-04-28 15:19,70640,2021-02-01,2022-01-31,株式会社ハウテレビジョン
S100NYYJ,2022-04-28,2022-04-28 15:33,27760,2021-02-01,2022-01-31,新都ホールディングス株式会社
S100O0LR,2022-05-11,2022-05-11 15:02,65730,2021-01-01,2021-12-31,アジャイルメディア・ネットワーク株式会社
S100O02E,2022-05-12,2022-05-12 10:16,99760,2021-02-21,2022-02-20,株式会社　セキチュー
S100O06O,2022-05-12,2022-05-12 13:57,82170,2021-02-21,2022-02-20,株式会社オークワ
S100O17W,2022-05-13,2022-05-13 09:16,27780,2021-02-21,2022-02-20,パレモ・ホールディングス株式会社
S100O26N,2022-05-16,2022-05-16 09:01,33330,2021-02-21,2022-02-20,株式会社あさひ
S100O2BT,2022-05-16,2022-05-16 09:12,82270,2021-02-21,2022-02-20,株式会社しまむら
S100O2JZ,2022-05-17,2022-05-17 09:00,30540,2021-01-01,2021-12-31,株式会社ハイパー
S100O2NV,2022-05-17,2022-05-17 13:38,62790,2021-02-21,2022-02-20,株式会社瑞光
S100O2PE,2022-05-18,2022-05-18 09:14,75450,2021-02-21,2022-02-20,株式会社西松屋チェーン
S100O2JL,2022-05-18,2022-05-18 09:35,26530,2021-03-01,2022-02-28,イオン九州株式会社
S100O31X,2022-05-19,2022-05-19 10:18,43430,2021-03-01,2022-02-28,株式会社イオンファンタジー
S100O32N,2022-05-19,2022-05-19 12:06,74500,2021-03-01,2022-02-28,株式会社サンデー
S100O33O,2022-05-19,2022-05-19 13:57,97870,2021-03-01,2022-02-28,イオンディライト株式会社
S100O325,2022-05-19,2022-05-19 16:19,61420,2021-03-01,2022-02-28,富士精工株式会社
S100O38Z,2022-05-20,2022-05-20 10:30,89050,2021-03-01,2022-02-28,イオンモール株式会社
S100O35Q,2022-05-20,2022-05-20 11:27,98430,2021-02-21,2022-02-20,株式会社ニトリホールディングス
S100O30J,2022-05-20,2022-05-20 14:03,82760,2021-02-21,2022-02-20,株式会社　平和堂
S100O379,2022-05-20,2022-05-20 14:17,82780,2021-03-01,2022-02-28,株式会社フジ
S100O349,2022-05-20,2022-05-20 15:10,22940,2021-03-01,2022-02-28,株式会社柿安本店
S100O2YD,2022-05-23,2022-05-23 09:25,32220,2021-03-01,2022-02-28,ユナイテッド・スーパーマーケット・ホールディングス株式会社
S100O3FW,2022-05-23,2022-05-23 10:09,75120,2021-03-01,2022-02-28,イオン北海道株式会社
S100O3H3,2022-05-23,2022-05-23 10:16,76490,2021-03-01,2022-02-28,スギホールディングス株式会社
S100O3OR,2022-05-23,2022-05-23 16:54,23540,2021-03-01,2022-02-28,株式会社ＹＥ　ＤＩＧＩＴＡＬ
S100O3FO,2022-05-23,2022-05-23 17:09,99460,2021-03-01,2022-02-28,ミニストップ株式会社
S100O3L1,2022-05-24,2022-05-24 12:28,76240,2021-03-01,2022-02-28,株式会社ＮａＩＴＯ
S100O3AO,2022-05-24,2022-05-24 13:37,52710,2021-03-01,2022-02-28,株式会社トーヨーアサノ
S100O3O2,2022-05-24,2022-05-24 14:06,99480,2021-03-01,2022-02-28,株式会社アークス
S100O3KM,2022-05-24,2022-05-24 15:05,70770,2021-03-01,2022-02-28,株式会社ＡＬｉＮＫインターネット
S100O3Y7,2022-05-24,2022-05-24 15:25,85700,2021-03-01,2022-02-28,イオンフィナンシャルサービス株式会社
S100O413,2022-05-24,2022-05-24 16:40,26860,2021-03-01,2022-02-28,株式会社ジーフット
S100O3WQ,2022-05-25,2022-05-25 09:16,81680,2021-03-01,2022-02-28,株式会社ケーヨー
S100O3KS,2022-05-25,2022-05-25 09:42,98760,2021-03-01,2022-02-28,株式会社コックス
S100O3YP,2022-05-25,2022-05-25 09:58,26690,2021-03-01,2022-02-28,カネ美食品株式会社
S100O426,2022-05-25,2022-05-25 10:26,22920,2021-03-01,2022-02-28,エスフーズ株式会社
S100O433,2022-05-25,2022-05-25 11:30,82000,2021-03-01,2022-02-28,株式会社リンガーハット
S100O419,2022-05-25,2022-05-25 11:40,23790,2021-03-01,2022-02-28,ディップ株式会社
S100O3JN,2022-05-25,2022-05-25 11:48,93810,2021-03-01,2022-02-28,株式会社エーアイテイー
S100O3JJ,2022-05-25,2022-05-25 12:26,67340,2021-03-01,2022-02-28,株式会社ニューテック
S100O3HZ,2022-05-25,2022-05-25 14:05,30930,2021-03-01,2022-02-28,株式会社トレジャー・ファクトリー
S100O46B,2022-05-25,2022-05-25 14:33,81980,2021-03-01,2022-02-28,マックスバリュ東海株式会社
S100O41M,2022-05-25,2022-05-25 15:00,39220,2021-03-01,2022-02-28,株式会社ＰＲ　ＴＩＭＥＳ
S100O48O,2022-05-25,2022-05-25 15:03,99450,2021-03-01,2022-02-28,株式会社プレナス
S100O3VU,2022-05-25,2022-05-25 15:03,44940,2021-03-01,2022-02-28,バリオセキュア株式会社
S100O3T1,2022-05-25,2022-05-25 15:30,21860,2021-03-01,2022-02-28,ソーバル株式会社
S100O49O,2022-05-25,2022-05-25 15:34,64320,2021-03-01,2022-02-28,株式会社竹内製作所
S100O48Y,2022-05-25,2022-05-25 16:15,30570,2021-03-01,2022-02-28,株式会社ゼットン
S100O49P,2022-05-25,2022-05-25 16:23,38260,2021-03-01,2022-02-28,株式会社システムインテグレータ
S100O48R,2022-05-25,2022-05-25 16:31,82540,2021-03-01,2022-02-28,株式会社さいか屋
S100O4AW,2022-05-25,2022-05-25 16:43,39350,2021-03-01,2022-02-28,株式会社エディア
S100O3VW,2022-05-25,2022-05-25 16:56,31410,2021-03-01,2022-02-28,ウエルシアホールディングス株式会社
S100O499,2022-05-25,2022-05-25 17:11,96010,2021-03-01,2022-02-28,松竹株式会社
S100O4FC,2022-05-26,2022-05-26 09:56,44320,2021-03-01,2022-02-28,ウイングアーク１ｓｔ株式会社
S100O4E3,2022-05-26,2022-05-26 10:02,17120,2021-03-01,2022-02-28,株式会社ダイセキ環境ソリューション
S100O4H2,2022-05-26,2022-05-26 11:07,73570,2021-03-01,2022-02-28,株式会社ジオコード
S100O4H3,2022-05-26,2022-05-26 11:11,30300,2021-03-01,2022-02-28,株式会社ハブ
S100O4D5,2022-05-26,2022-05-26 11:14,26680,2021-03-01,2022-02-28,タビオ株式会社
S100O47S,2022-05-26,2022-05-26 11:18,82730,2021-03-01,2022-02-28,株式会社イズミ
S100O4GG,2022-05-26,2022-05-26 11:55,49200,2021-03-01,2022-02-28,株式会社日本色材工業研究所
S100O3Q6,2022-05-26,2022-05-26 12:59,23380,2021-03-01,2022-02-28,クオンタムソリューションズ株式会社
S100O42J,2022-05-26,2022-05-26 13:08,82330,2021-03-01,2022-02-28,株式会社髙島屋
S100O4IW,2022-05-26,2022-05-26 13:41,78110,2021-03-01,2022-02-28,中本パックス株式会社
S100O4JC,2022-05-26,2022-05-26 13:46,33960,2021-03-01,2022-02-28,株式会社フェリシモ
S100O4JG,2022-05-26,2022-05-26 13:46,76030,2021-03-01,2022-02-28,株式会社マックハウス
S100O4B9,2022-05-26,2022-05-26 13:51,76110,2021-03-01,2022-02-28,株式会社ハイデイ日高
S100O3Y8,2022-05-26,2022-05-26 14:00,76010,2021-03-01,2022-02-28,株式会社ポプラ
S100O4CJ,2022-05-26,2022-05-26 14:05,82030,2021-03-01,2022-02-28,株式会社ミスターマックス・ホールディングス
S100O4KK,2022-05-26,2022-05-26 14:11,99740,2021-03-01,2022-02-28,株式会社ベルク
S100O3TF,2022-05-26,2022-05-26 14:14,74270,2021-03-01,2022-02-28,エコートレーディング株式会社
S100O4IS,2022-05-26,2022-05-26 14:35,26510,2021-03-01,2022-02-28,株式会社ローソン
S100O4DZ,2022-05-26,2022-05-26 14:42,98420,2021-02-21,2022-02-28,アークランドサカモト株式会社
S100O4IQ,2022-05-26,2022-05-26 14:42,27260,2021-03-01,2022-02-28,株式会社パルグループホールディングス
S100O4M4,2022-05-26,2022-05-26 14:57,92750,2021-03-01,2022-02-28,株式会社ナルミヤ・インターナショナル
S100O48J,2022-05-26,2022-05-26 15:01,46450,2021-03-01,2022-02-28,株式会社市進ホールディングス
S100O3SO,2022-05-26,2022-05-26 15:03,29250,2021-03-01,2022-02-28,株式会社ピックルスコーポレーション
S100O44E,2022-05-26,2022-05-26 15:10,44290,2021-03-01,2022-02-28,リックソフト株式会社
S100O4I9,2022-05-26,2022-05-26 15:11,99770,2021-03-01,2022-02-28,株式会社アオキスーパー
S100O40A,2022-05-26,2022-05-26 15:15,27470,2021-03-01,2022-02-28,北雄ラッキー株式会社
S100O4K4,2022-05-26,2022-05-26 15:21,96610,2021-03-01,2022-02-28,株式会社歌舞伎座
S100O4LI,2022-05-26,2022-05-26 15:26,47450,2021-03-01,2022-02-28,株式会社東京個別指導学院
S100O4HK,2022-05-26,2022-05-26 15:28,33530,2021-03-01,2022-02-28,株式会社メディカル一光グループ
S100O4LL,2022-05-26,2022-05-26 15:32,99930,2021-03-01,2022-02-28,株式会社ヤマザワ
S100O4NS,2022-05-26,2022-05-26 15:33,35430,2021-03-01,2022-02-28,株式会社コメダホールディングス
S100O4NY,2022-05-26,2022-05-26 15:46,34790,2021-03-01,2022-02-28,株式会社ティーケーピー
S100O33J,2022-05-26,2022-05-26 15:49,31980,2021-03-01,2022-02-28,ＳＦＰホールディングス株式会社
S100O46H,2022-05-26,2022-05-26 15:52,44130,2021-03-01,2022-02-28,株式会社ボードルア
S100O4IB,2022-05-26,2022-05-26 15:54,39670,2021-03-01,2022-02-28,株式会社エルテス
S100O3B2,2022-05-26,2022-05-26 16:00,96020,2021-03-01,2022-02-28,東宝株式会社
S100O4CQ,2022-05-26,2022-05-26 16:06,97160,2021-03-01,2022-02-28,株式会社乃村工藝社
S100O4KF,2022-05-26,2022-05-26 16:12,30870,2021-03-01,2022-02-28,株式会社ドトール・日レスホールディングス
S100O4CH,2022-05-26,2022-05-26 16:34,65430,2021-03-01,2022-02-28,株式会社日宣
S100O4KM,2022-05-26,2022-05-26 16:42,68140,2021-03-01,2022-02-28,古野電気株式会社
S100O4OF,2022-05-26,2022-05-26 16:43,82440,2021-03-01,2022-02-28,株式会社近鉄百貨店
S100O3HQ,2022-05-26,2022-05-26 16:47,82670,2021-03-01,2022-02-28,イオン株式会社
S100O3O8,2022-05-27,2022-05-27 09:00,75200,2021-03-01,2022-02-28,株式会社エコス
S100O47A,2022-05-27,2022-05-27 09:01,30940,2021-03-01,2022-02-28,株式会社スーパーバリュー
S100O43M,2022-05-27,2022-05-27 09:02,97780,2021-03-01,2022-02-28,株式会社昴
S100O49D,2022-05-27,2022-05-27 09:03,30650,2021-03-01,2022-02-28,株式会社ライフフーズ
S100O4IF,2022-05-27,2022-05-27 09:07,23050,2021-03-01,2022-02-28,株式会社スタジオアリス
S100O41C,2022-05-27,2022-05-27 09:12,79750,2021-03-01,2022-02-28,株式会社リヒトラブ
S100O4M7,2022-05-27,2022-05-27 09:14,30500,2021-03-01,2022-02-28,ＤＣＭホールディングス株式会社
S100O4DB,2022-05-27,2022-05-27 09:21,23410,2021-03-01,2022-02-28,株式会社アルバイトタイムス
S100O3TC,2022-05-27,2022-05-27 09:38,97930,2021-03-01,2022-02-28,株式会社ダイセキ
S100O4SN,2022-05-27,2022-05-27 09:45,76300,2021-03-01,2022-02-28,株式会社壱番屋
S100O4E5,2022-05-27,2022-05-27 09:45,29180,2021-03-01,2022-02-28,わらべや日洋ホールディングス株式会社
S100O4NR,2022-05-27,2022-05-27 09:46,80080,2021-03-01,2022-02-28,株式会社ヨンドシーホールディングス
S100O4SR,2022-05-27,2022-05-27 09:48,27890,2021-03-01,2022-02-28,株式会社カルラ
S100O3W2,2022-05-27,2022-05-27 09:53,81940,2021-03-01,2022-02-28,株式会社ライフコーポレーション
S100O4LW,2022-05-27,2022-05-27 10:00,98610,2021-03-01,2022-02-28,株式会社吉野家ホールディングス
S100O4SW,2022-05-27,2022-05-27 10:02,27420,2021-03-01,2022-02-28,株式会社ハローズ
S100O4P2,2022-05-27,2022-05-27 10:03,89180,2021-03-01,2022-02-28,株式会社ランド
S100O4ST,2022-05-27,2022-05-27 10:11,26830,2021-03-01,2022-02-28,株式会社魚喜
S100O4C8,2022-05-27,2022-05-27 10:23,26850,2021-03-01,2022-02-28,株式会社アダストリア
S100O4MK,2022-05-27,2022-05-27 10:29,30800,2021-03-01,2022-02-28,株式会社ジェーソン
S100O4NZ,2022-05-27,2022-05-27 10:36,81810,2021-03-01,2022-02-28,株式会社東天紅
S100O4U1,2022-05-27,2022-05-27 10:39,65060,2021-03-01,2022-02-28,株式会社安川電機
S100O4KJ,2022-05-27,2022-05-27 11:01,14180,2021-03-01,2022-02-28,インターライフホールディングス株式会社
S100O4QV,2022-05-27,2022-05-27 11:05,82600,2021-03-01,2022-02-28,株式会社井筒屋
S100O4V1,2022-05-27,2022-05-27 11:07,75160,2021-03-01,2022-02-28,コーナン商事株式会社
S100O4G9,2022-05-27,2022-05-27 11:11,77190,2021-03-01,2022-02-28,株式会社東京衡機
S100NZ2L,2022-05-27,2022-05-27 11:13,33840,2021-03-01,2022-02-28,株式会社アークコア
S100O4O4,2022-05-27,2022-05-27 11:14,59820,2021-03-01,2022-02-28,株式会社マルゼン
S100O4Q0,2022-05-27,2022-05-27 11:14,82370,2021-03-01,2022-02-28,株式会社松屋
S100O4T9,2022-05-27,2022-05-27 11:52,47630,2021-03-01,2022-02-28,株式会社クリーク・アンド・リバー社
S100O4MY,2022-05-27,2022-05-27 11:54,60930,2021-03-01,2022-02-28,株式会社エスクロー・エージェント・ジャパン
S100O4QU,2022-05-27,2022-05-27 11:57,78290,2021-03-01,2022-02-28,株式会社サマンサタバサジャパンリミテッド
S100O4PI,2022-05-27,2022-05-27 12:02,82890,2021-03-01,2022-02-28,株式会社Ｏｌｙｍｐｉｃグループ
S100O3KT,2022-05-27,2022-05-27 12:04,98460,2021-03-01,2022-02-28,株式会社天満屋ストア
S100O4XG,2022-05-27,2022-05-27 12:22,26590,2021-03-01,2022-02-28,株式会社サンエー
S100O4YE,2022-05-27,2022-05-27 13:04,80110,2021-03-01,2022-02-28,株式会社三陽商会
S100O4U2,2022-05-27,2022-05-27 13:19,76100,2021-03-01,2022-02-28,株式会社テイツー
S100O4WX,2022-05-27,2022-05-27 13:23,30860,2021-03-01,2022-02-28,Ｊ．フロント　リテイリング株式会社
S100O4RC,2022-05-27,2022-05-27 13:45,33820,2021-03-01,2022-02-28,株式会社セブン＆アイ・ホールディングス
S100O3SC,2022-05-27,2022-05-27 13:49,99030,2021-03-01,2022-02-28,株式会社カンセキ
S100NYL0,2022-05-27,2022-05-27 14:00,31810,2021-03-01,2022-02-28,株式会社買取王国
S100O4YU,2022-05-27,2022-05-27 14:01,81660,2021-03-01,2022-02-28,株式会社タカキュー
S100O482,2022-05-27,2022-05-27 14:03,74850,2021-03-01,2022-02-28,岡谷鋼機株式会社
S100O4I5,2022-05-27,2022-05-27 14:17,30830,2021-03-01,2022-02-28,株式会社シーズメン
S100O4Q1,2022-05-27,2022-05-27 14:20,81850,2021-03-01,2022-02-28,株式会社チヨダ
S100O4BB,2022-05-27,2022-05-27 14:28,45300,2021-03-01,2022-02-28,久光製薬株式会社
S100O514,2022-05-27,2022-05-27 14:50,32230,2021-03-01,2022-02-28,株式会社エスエルディー
S100O4JK,2022-05-27,2022-05-27 15:00,80160,2021-03-01,2022-02-28,株式会社オンワードホールディングス
S100O4C6,2022-05-27,2022-05-27 15:00,36780,2021-03-01,2022-02-28,株式会社メディアドゥ
S100O4YK,2022-05-27,2022-05-27 15:00,42700,2021-03-01,2022-02-28,株式会社ＢｅｅＸ
S100O50P,2022-05-27,2022-05-27 15:00,40170,2021-03-01,2022-02-28,株式会社クリーマ
S100O4FZ,2022-05-27,2022-05-27 15:00,21780,2021-03-01,2022-02-28,株式会社トライステージ
S100O512,2022-05-27,2022-05-27 15:00,60580,2021-03-01,2022-02-28,株式会社ベクトル
S100O4XF,2022-05-27,2022-05-27 15:01,61820,2021-03-01,2022-02-28,株式会社メタリアル
S100O4OJ,2022-05-27,2022-05-27 15:01,35480,2021-03-01,2022-02-28,株式会社バロックジャパンリミテッド
S100O4TO,2022-05-27,2022-05-27 15:02,78070,2021-03-01,2022-02-28,株式会社幸和製作所
S100O42Q,2022-05-27,2022-05-27 15:02,64690,2021-03-01,2022-02-28,株式会社　放電精密加工研究所
S100O4YV,2022-05-27,2022-05-27 15:03,76790,2021-03-01,2022-02-28,株式会社薬王堂ホールディングス
S100O4J4,2022-05-27,2022-05-27 15:08,61830,2021-03-01,2022-02-28,株式会社ベルシステム２４ホールディングス
S100O48N,2022-05-27,2022-05-27 15:13,36080,2021-03-01,2022-02-28,株式会社ＴＳＩホールディングス
S100O50U,2022-05-27,2022-05-27 15:18,30630,2021-03-01,2022-02-28,株式会社ジェイグループホールディングス
S100O4D3,2022-05-27,2022-05-27 15:28,44340,2021-03-01,2022-02-28,株式会社サーバーワークス
S100O3S0,2022-05-27,2022-05-27 15:30,75150,2021-03-01,2022-02-28,株式会社マルヨシセンター
S100O4T1,2022-05-27,2022-05-27 15:37,81670,2021-03-01,2022-02-28,株式会社リテールパートナーズ
S100O4R5,2022-05-27,2022-05-27 15:40,60860,2021-03-01,2022-02-28,シンメンテホールディングス株式会社
S100O51O,2022-05-27,2022-05-27 15:41,65210,2021-03-01,2022-02-28,株式会社オキサイド
S100O50Z,2022-05-27,2022-05-27 15:44,28720,2021-03-01,2022-02-28,株式会社セイヒョー
S100O4W6,2022-05-27,2022-05-27 15:47,81430,2021-03-01,2022-02-28,株式会社ラピーヌ
S100O52Z,2022-05-27,2022-05-27 15:48,28840,2021-03-01,2022-02-28,株式会社ヨシムラ・フード・ホールディングス
S100O4GM,2022-05-27,2022-05-27 15:57,50180,2021-03-01,2022-02-28,株式会社ＭＯＲＥＳＣＯ
S100O534,2022-05-27,2022-05-27 16:01,97400,2021-03-01,2022-02-28,セントラル警備保障株式会社
S100O4ZY,2022-05-27,2022-05-27 16:02,35580,2021-03-01,2022-02-28,株式会社ロコンド
S100O540,2022-05-27,2022-05-27 16:31,65720,2021-03-01,2022-02-28,ＲＰＡホールディングス株式会社
S100O4WO,2022-05-27,2022-05-27 17:01,65550,2021-03-01,2022-02-28,株式会社ＭＳ＆Ｃｏｎｓｕｌｔｉｎｇ
S100O54G,2022-05-30,2022-05-30 09:01,32800,2021-03-01,2022-02-28,株式会社エストラスト
S100O4L2,2022-05-30,2022-05-30 09:03,26700,2021-03-01,2022-02-28,株式会社エービーシー・マート
S100O4SO,2022-05-30,2022-05-30 09:09,81250,2021-03-01,2022-02-28,株式会社ワキタ
S100O44V,2022-05-30,2022-05-30 09:12,98350,2021-03-01,2022-02-28,株式会社ジュンテンドー
S100O55J,2022-05-30,2022-05-30 09:15,89310,2021-03-01,2022-02-28,和田興産株式会社
S100O4B3,2022-05-30,2022-05-30 09:15,78470,2021-03-01,2022-02-28,株式会社グラファイトデザイン
S100O58G,2022-05-30,2022-05-30 09:16,92530,2021-03-01,2022-02-28,スローガン株式会社
S100O55Z,2022-05-30,2022-05-30 09:58,76890,2021-04-01,2022-02-28,株式会社コパ・コーポレーション
S100O59U,2022-05-30,2022-05-30 10:18,43170,2021-03-01,2022-02-28,株式会社レイ
S100O54K,2022-05-30,2022-05-30 10:42,93260,2021-03-01,2022-02-28,株式会社関通
S100O4WM,2022-05-30,2022-05-30 10:55,79080,2021-04-01,2022-03-31,株式会社きもと
S100O53J,2022-05-30,2022-05-30 10:59,28820,2021-03-01,2022-02-28,株式会社イートアンドホールディングス
S100O529,2022-05-30,2022-05-30 11:25,39770,2021-03-01,2022-02-28,フュージョン株式会社
S100O4DF,2022-05-30,2022-05-30 11:39,75440,2021-03-01,2022-02-28,株式会社スリーエフ
S100O4YW,2022-05-30,2022-05-30 12:02,59930,2021-03-01,2022-02-28,知多鋼業株式会社
S100O57V,2022-05-30,2022-05-30 12:29,82470,2021-03-01,2022-02-28,株式会社大和
S100O56I,2022-05-30,2022-05-30 12:55,36270,2021-03-01,2022-02-28,ＪＮＳホールディングス株式会社
S100O4Z8,2022-05-30,2022-05-30 13:00,47140,2021-03-01,2022-02-28,株式会社　リソー教育
S100O5DN,2022-05-30,2022-05-30 13:06,76080,2021-03-01,2022-02-28,株式会社エスケイジャパン
S100O5EJ,2022-05-30,2022-05-30 13:40,31770,2021-03-01,2022-02-28,株式会社ありがとうサービス
S100O5CA,2022-05-30,2022-05-30 13:53,32600,2021-03-01,2022-02-28,株式会社エスポア
S100O5F1,2022-05-30,2022-05-30 14:08,68970,2021-03-01,2022-02-28,ツインバード工業株式会社
S100O55B,2022-05-30,2022-05-30 14:44,78940,2021-03-01,2022-02-28,丸東産業株式会社
S100O550,2022-05-30,2022-05-30 15:00,39150,2021-03-01,2022-02-28,株式会社テラスカイ
S100O5GO,2022-05-30,2022-05-30 15:00,35620,2021-03-01,2022-02-28,株式会社Ｎｏ．１
S100O49V,2022-05-30,2022-05-30 15:04,31920,2021-03-01,2022-02-28,株式会社白鳩
S100O59A,2022-05-30,2022-05-30 15:05,70490,2021-03-01,2022-02-28,株式会社識学
S100NXKY,2022-05-30,2022-05-30 15:05,65320,2021-03-01,2022-02-28,株式会社ベイカレント・コンサルティング
S100O5GW,2022-05-30,2022-05-30 15:06,27060,2021-03-01,2022-02-28,株式会社ブロッコリー
S100O4YD,2022-05-30,2022-05-30 15:10,30730,2021-03-01,2022-02-28,株式会社ＤＤホールディングス
S100O4DV,2022-05-30,2022-05-30 15:10,33870,2021-03-01,2022-02-28,株式会社クリエイト・レストランツ・ホールディングス
S100O52Q,2022-05-30,2022-05-30 15:12,50250,2021-03-01,2022-02-28,株式会社マーキュリーリアルテックイノベーター
S100O570,2022-05-30,2022-05-30 15:14,23370,2021-03-01,2022-02-28,いちご株式会社
S100O5HR,2022-05-30,2022-05-30 15:20,50780,2021-03-01,2022-02-28,株式会社セレコーポレーション
S100O5GH,2022-05-30,2022-05-30 15:21,58170,2021-03-01,2022-02-28,ＪＭＡＣＳ株式会社
S100O5HN,2022-05-30,2022-05-30 15:30,34900,2021-03-01,2022-02-28,株式会社アズ企画設計
S100O53A,2022-05-30,2022-05-30 15:30,29300,2021-03-01,2022-02-28,株式会社北の達人コーポレーション
S100O51Y,2022-05-30,2022-05-30 15:43,99820,2021-03-01,2022-02-28,タキヒヨー株式会社
S100O548,2022-05-30,2022-05-30 15:49,35460,2021-03-01,2022-02-28,アレンザホールディングス株式会社
S100O51L,2022-05-30,2022-05-30 16:00,39190,2021-03-01,2022-02-28,パイプドＨＤ株式会社
S100O5IN,2022-05-30,2022-05-30 16:11,63120,2021-03-01,2022-02-28,フロイント産業株式会社
S100O5E0,2022-05-30,2022-05-30 16:24,75990,2021-03-01,2022-02-28,株式会社ＩＤＯＭ
S100O56Z,2022-05-30,2022-05-30 16:28,39960,2021-03-01,2022-02-28,サインポスト株式会社
S100O55X,2022-05-30,2022-05-30 16:36,27980,2021-03-01,2022-02-28,株式会社ワイズテーブルコーポレーション
S100O4XZ,2022-05-31,2022-05-31 09:51,65780,2021-03-01,2022-02-28,株式会社エヌリンクス
S100O5P2,2022-05-31,2022-05-31 09:54,63230,2021-03-01,2022-02-28,ローツェ株式会社
S100O55J,2022-05-31,2022-05-30 09:15,89310,2021-03-01,2022-02-28,和田興産株式会社
S100O5O0,2022-05-31,2022-05-31 11:15,93880,2021-03-01,2022-02-28,株式会社パパネッツ
S100O5IH,2022-05-31,2022-05-31 12:38,61730,2021-03-01,2022-02-28,株式会社アクアライン
S100O3SR,2022-05-31,2022-05-31 13:09,59000,2021-03-01,2022-02-28,株式会社ダイケン
S100O5JB,2022-05-31,2022-05-31 14:00,26870,2021-03-01,2022-02-28,株式会社シー・ヴイ・エス・ベイエリア
S100O5N7,2022-05-31,2022-05-31 14:23,35570,2021-03-01,2022-02-28,ユナイテッド＆コレクティブ株式会社
S100O5DI,2022-05-31,2022-05-31 14:37,23000,2021-03-01,2022-02-28,株式会社きょくとう
S100O54H,2022-05-31,2022-05-31 14:46,80050,2021-04-01,2022-03-31,株式会社スクロール
S100O5SZ,2022-05-31,2022-05-31 15:10,44900,2021-03-01,2022-02-28,株式会社ビザスク
S100O5V6,2022-05-31,2022-05-31 15:40,41730,2021-03-01,2022-02-28,株式会社ＷＡＣＵＬ
S100O5VV,2022-05-31,2022-05-31 16:21,35500,2021-03-01,2022-02-28,株式会社スタジオアタオ
S100O5L3,2022-06-01,2022-06-01 15:04,92570,2021-03-05,2021-12-31,ＹＣＰホールディングス（グローバル）リミテッド
S100O6IV,2022-06-03,2022-06-03 12:03,77410,2021-04-01,2022-03-31,ＨＯＹＡ株式会社
S100O6YR,2022-06-09,2022-06-09 09:01,83660,2021-04-01,2022-03-31,株式会社滋賀銀行
S100O7N7,2022-06-09,2022-06-09 10:09,86970,2021-04-01,2022-03-31,株式会社日本取引所グループ
S100O7K2,2022-06-10,2022-06-10 12:03,59900,2021-03-16,2022-03-15,株式会社スーパーツール
S100O7U4,2022-06-10,2022-06-10 16:54,48750,2021-01-01,2021-12-31,メディシノバ・インク
S100O7ZX,2022-06-13,2022-06-13 10:47,82850,2021-04-01,2022-03-31,三谷産業株式会社
S100O80N,2022-06-13,2022-06-13 15:01,68610,2021-03-21,2022-03-20,株式会社キーエンス
S100O7ZD,2022-06-14,2022-06-14 13:01,97260,2021-04-01,2022-03-31,ＫＮＴ－ＣＴホールディングス株式会社
S100O8J0,2022-06-14,2022-06-14 14:51,72830,2021-04-01,2022-03-31,愛三工業株式会社
S100O8SO,2022-06-14,2022-06-14 15:00,29800,2021-04-01,2022-03-31,ＳＲＥホールディングス株式会社
S100O8QE,2022-06-14,2022-06-14 15:02,22200,2021-04-01,2022-03-31,亀田製菓株式会社
S100O8T2,2022-06-14,2022-06-14 15:08,30920,2021-04-01,2022-03-31,株式会社ＺＯＺＯ
S100O8CW,2022-06-14,2022-06-14 15:13,59060,2021-03-21,2022-03-20,エムケー精工株式会社
S100O8JJ,2022-06-14,2022-06-14 15:17,90370,2021-04-01,2022-03-31,株式会社ハマキョウレックス
S100O8T3,2022-06-14,2022-06-14 15:57,69950,2021-04-01,2022-03-31,株式会社東海理化電機製作所
S100O8T1,2022-06-15,2022-06-15 09:49,73810,2021-04-01,2022-03-31,株式会社北國フィナンシャルホールディングス
S100O8XW,2022-06-15,2022-06-15 10:00,26640,2021-03-16,2022-03-15,株式会社カワチ薬品
S100O8TA,2022-06-15,2022-06-15 10:30,58570,2021-04-01,2022-03-31,アサヒホールディングス株式会社
S100O8LI,2022-06-15,2022-06-15 11:00,43480,2021-04-01,2022-03-31,インフォコム株式会社
S100O8DU,2022-06-15,2022-06-15 11:28,65160,2021-04-01,2022-03-31,山洋電気株式会社
S100O90S,2022-06-15,2022-06-15 12:00,14170,2021-04-01,2022-03-31,株式会社ミライト・ホールディングス
S100O939,2022-06-15,2022-06-15 13:13,49990,2021-04-01,2022-03-31,セメダイン株式会社
S100O8UW,2022-06-15,2022-06-15 14:39,38500,2021-04-01,2022-03-31,株式会社エヌ・ティ・ティ・データ・イントラマート
S100O8PJ,2022-06-15,2022-06-15 15:00,37780,2021-04-01,2022-03-31,さくらインターネット株式会社
S100O991,2022-06-15,2022-06-15 16:20,90460,2021-04-01,2022-03-31,神戸電鉄株式会社
S100O9A8,2022-06-15,2022-06-15 16:59,34840,2021-04-01,2022-03-31,株式会社テンポイノベーション
S100O9AH,2022-06-16,2022-06-16 09:00,38410,2021-04-01,2022-03-31,株式会社ジーダット
S100O921,2022-06-16,2022-06-16 09:02,79310,2021-03-21,2022-03-20,未来工業株式会社
S100O9AM,2022-06-16,2022-06-16 09:50,81900,2021-03-21,2022-03-20,株式会社ヤマナカ
S100O92P,2022-06-16,2022-06-16 10:12,93750,2021-04-01,2022-03-31,株式会社近鉄エクスプレス
S100O8OA,2022-06-16,2022-06-16 10:12,60320,2021-04-01,2022-03-31,株式会社インターワークス
S100O977,2022-06-16,2022-06-16 10:43,90400,2021-03-21,2022-03-20,大宝運輸株式会社
S100O98Q,2022-06-16,2022-06-16 10:58,77740,2021-04-01,2022-03-31,株式会社ジャパン・ティッシュ・エンジニアリング
S100O8IJ,2022-06-16,2022-06-16 11:39,23710,2021-04-01,2022-03-31,株式会社カカクコム
S100O9A5,2022-06-16,2022-06-16 11:41,33160,2021-04-01,2022-03-31,東京日産コンピュータシステム株式会社
S100O91S,2022-06-16,2022-06-16 13:03,99500,2021-03-21,2022-03-20,株式会社ハチバン
S100O9B4,2022-06-16,2022-06-16 13:10,42490,2021-04-01,2022-03-31,森六ホールディングス株式会社
S100O99F,2022-06-16,2022-06-16 13:11,90420,2021-04-01,2022-03-31,阪急阪神ホールディングス株式会社
S100O8O7,2022-06-16,2022-06-16 13:18,49290,2021-03-21,2022-03-20,株式会社アジュバンホールディングス
S100O9IL,2022-06-16,2022-06-16 14:13,39690,2021-04-01,2022-03-31,株式会社エイトレッド
S100O969,2022-06-16,2022-06-16 15:11,82490,2021-04-01,2022-03-31,株式会社テクノアソシエ
S100O9AL,2022-06-16,2022-06-16 15:12,94360,2021-04-01,2022-03-31,沖縄セルラー電話株式会社
S100O9L1,2022-06-16,2022-06-16 15:47,19670,2021-03-21,2022-03-20,株式会社ヤマト
S100O9AN,2022-06-16,2022-06-16 16:00,87950,2021-04-01,2022-03-31,株式会社Ｔ＆Ｄホールディングス
S100O94C,2022-06-16,2022-06-16 16:05,46890,2021-04-01,2022-03-31,Ｚホールディングス株式会社
S100O9CA,2022-06-16,2022-06-16 16:39,81140,2021-04-01,2022-03-31,株式会社デサント
S100O9OB,2022-06-17,2022-06-17 09:01,94130,2021-04-01,2022-03-31,株式会社テレビ東京ホールディングス
S100O7XR,2022-06-17,2022-06-17 09:25,80140,2021-04-01,2022-03-31,蝶理株式会社
S100O99M,2022-06-17,2022-06-17 10:00,90580,2021-04-01,2022-03-31,トランコム株式会社
S100O90Q,2022-06-17,2022-06-17 10:00,90640,2021-04-01,2022-03-31,ヤマトホールディングス株式会社
S100O8JI,2022-06-17,2022-06-17 10:09,78570,2021-04-01,2022-03-31,セキ株式会社
S100O9KP,2022-06-17,2022-06-17 10:10,96130,2021-04-01,2022-03-31,株式会社エヌ・ティ・ティ・データ
S100O8IC,2022-06-17,2022-06-17 10:24,47390,2021-04-01,2022-03-31,伊藤忠テクノソリューションズ株式会社
S100O9N6,2022-06-17,2022-06-17 10:41,96190,2021-04-01,2022-03-31,株式会社イチネンホールディングス
S100O9GQ,2022-06-17,2022-06-17 11:24,36350,2021-04-01,2022-03-31,株式会社コーエーテクモホールディングス
S100O9WK,2022-06-17,2022-06-17 11:47,42620,2021-04-01,2022-03-31,ニフティライフスタイル株式会社
S100O9XQ,2022-06-17,2022-06-17 11:59,28830,2021-04-01,2022-03-31,株式会社大冷
S100O8NN,2022-06-17,2022-06-17 12:00,15180,2021-04-01,2022-03-31,三井松島ホールディングス株式会社
S100O9NP,2022-06-17,2022-06-17 12:02,83820,2021-04-01,2022-03-31,株式会社中国銀行
S100O9XN,2022-06-17,2022-06-17 12:07,62940,2021-04-01,2022-03-31,オカダアイヨン株式会社
S100O9RA,2022-06-17,2022-06-17 12:11,97280,2021-04-01,2022-03-31,日本管財株式会社
S100O9DM,2022-06-17,2022-06-17 13:04,52040,2021-03-21,2022-03-20,石塚硝子株式会社
S100O9DA,2022-06-17,2022-06-17 13:04,47520,2021-04-01,2022-03-31,株式会社　昭和システムエンジニアリング
S100O9YY,2022-06-17,2022-06-17 13:09,49570,2021-04-01,2022-03-31,ヤスハラケミカル株式会社
S100O9Z4,2022-06-17,2022-06-17 13:12,33710,2021-04-01,2022-03-31,株式会社ソフトクリエイトホールディングス
S100O9K8,2022-06-17,2022-06-17 13:27,67370,2021-04-01,2022-03-31,ＥＩＺＯ株式会社
S100O9IA,2022-06-17,2022-06-17 13:28,94280,2021-04-01,2022-03-31,株式会社クロップス
S100O9HU,2022-06-17,2022-06-17 13:31,66410,2021-04-01,2022-03-31,日新電機株式会社
S100O9XT,2022-06-17,2022-06-17 13:32,81310,2021-04-01,2022-03-31,株式会社ミツウロコグループホールディングス
S100O9EQ,2022-06-17,2022-06-17 13:56,43450,2021-04-01,2022-03-31,株式会社シーティーエス
S100O9SP,2022-06-17,2022-06-17 13:57,45560,2021-04-01,2022-03-31,株式会社カイノス
S100O999,2022-06-17,2022-06-17 14:00,49680,2021-04-01,2022-03-31,荒川化学工業株式会社
S100O9PM,2022-06-17,2022-06-17 14:00,51910,2021-04-01,2022-03-31,住友理工株式会社
S100O9PL,2022-06-17,2022-06-17 14:01,59920,2021-04-01,2022-03-31,中央発條株式会社
S100O9H2,2022-06-17,2022-06-17 14:15,73800,2021-04-01,2022-03-31,株式会社十六フィナンシャルグループ
S100O6U4,2022-06-17,2022-06-17 14:35,27680,2021-04-01,2022-03-31,双日株式会社
S100O9MP,2022-06-17,2022-06-17 15:00,95190,2021-04-01,2022-03-31,株式会社レノバ
S100O9ET,2022-06-17,2022-06-17 15:00,41850,2021-04-01,2022-03-31,ＪＳＲ株式会社
S100O9DZ,2022-06-17,2022-06-17 15:00,32750,2021-04-01,2022-03-31,ハウスコム株式会社
S100O9U7,2022-06-17,2022-06-17 15:02,45230,2021-04-01,2022-03-31,エーザイ株式会社
S100O9Q6,2022-06-17,2022-06-17 15:09,49800,2021-04-01,2022-03-31,デクセリアルズ株式会社
S100O902,2022-06-17,2022-06-17 15:14,42200,2021-04-01,2022-03-31,リケンテクノス株式会社
S100O8P1,2022-06-17,2022-06-17 15:17,74720,2021-04-01,2022-03-31,株式会社鳥羽洋行
S100O9Q2,2022-06-17,2022-06-17 15:20,62010,2021-04-01,2022-03-31,株式会社豊田自動織機
S100O8IL,2022-06-17,2022-06-17 15:21,58090,2021-04-01,2022-03-31,タツタ電線株式会社
S100OA30,2022-06-17,2022-06-17 15:22,72820,2021-04-01,2022-03-31,豊田合成株式会社
S100O9RC,2022-06-17,2022-06-17 15:22,49730,2021-04-01,2022-03-31,日本高純度化学株式会社
S100OA2E,2022-06-17,2022-06-17 15:22,61610,2021-03-21,2022-03-20,株式会社エスティック
S100O9RF,2022-06-17,2022-06-17 15:30,24970,2021-04-01,2022-03-31,ユナイテッド株式会社
S100OA31,2022-06-17,2022-06-17 15:31,70890,2021-04-01,2022-03-31,フォースタートアップス株式会社
S100OA1T,2022-06-17,2022-06-17 15:45,80650,2021-04-01,2022-03-31,佐藤商事株式会社
S100O9G4,2022-06-17,2022-06-17 15:58,47430,2021-04-01,2022-03-31,株式会社アイティフォー
S100O9RH,2022-06-17,2022-06-17 16:00,42460,2021-04-01,2022-03-31,ダイキョーニシカワ株式会社
S100O9TS,2022-06-17,2022-06-17 16:01,79170,2021-04-01,2022-03-31,藤森工業株式会社
S100O9FM,2022-06-17,2022-06-17 16:04,69880,2021-04-01,2022-03-31,日東電工株式会社
S100O90I,2022-06-17,2022-06-17 16:04,68030,2021-04-01,2022-03-31,ティアック株式会社
S100OA37,2022-06-17,2022-06-17 16:04,71800,2021-04-01,2022-03-31,株式会社九州フィナンシャルグループ
S100OA4U,2022-06-17,2022-06-17 16:14,79610,2021-04-01,2022-03-31,兼松サステック株式会社
S100O9DE,2022-06-17,2022-06-17 16:30,40620,2021-04-01,2022-03-31,イビデン株式会社
S100OA5R,2022-06-17,2022-06-17 16:56,82560,2021-03-21,2022-03-20,株式会社プロルート丸光
S100OA3M,2022-06-17,2022-06-17 16:58,43100,2021-04-01,2022-03-31,株式会社ドリームインキュベータ
S100OA1F,2022-06-20,2022-06-20 09:00,44710,2021-04-01,2022-03-31,三洋化成工業株式会社
S100O86D,2022-06-20,2022-06-20 09:00,90410,2021-04-01,2022-03-31,近鉄グループホールディングス株式会社
S100O95S,2022-06-20,2022-06-20 09:02,96860,2021-04-01,2022-03-31,東洋テック株式会社
S100O9HR,2022-06-20,2022-06-20 09:03,17260,2021-04-01,2022-03-31,株式会社ビーアールホールディングス
S100OA1W,2022-06-20,2022-06-20 09:10,99140,2021-03-21,2022-03-20,株式会社　植松商会
S100O82K,2022-06-20,2022-06-20 09:16,53670,2021-04-01,2022-03-31,株式会社ニッカトー
S100OA2J,2022-06-20,2022-06-20 09:40,47090,2021-04-01,2022-03-31,株式会社ＩＤホールディングス
S100O8VX,2022-06-20,2022-06-20 10:03,49250,2021-04-01,2022-03-31,株式会社ハーバー研究所
S100O9EA,2022-06-20,2022-06-20 10:10,17380,2021-04-01,2022-03-31,株式会社ニットー
S100OA7K,2022-06-20,2022-06-20 10:15,21300,2021-04-01,2022-03-31,株式会社メンバーズ
S100O96T,2022-06-20,2022-06-20 10:15,49230,2021-04-01,2022-03-31,コタ株式会社
S100O9XP,2022-06-20,2022-06-20 10:26,72590,2021-04-01,2022-03-31,株式会社アイシン
S100OA4B,2022-06-20,2022-06-20 10:27,94780,2021-04-01,2022-03-31,ＳＥホールディングス・アンド・インキュベーションズ株式会社
S100OAEX,2022-06-20,2022-06-20 10:33,34200,2021-04-01,2022-03-31,株式会社ケー・エフ・シー
S100OAF3,2022-06-20,2022-06-20 10:39,42990,2021-04-01,2022-03-31,株式会社ハイマックス
S100OAHC,2022-06-20,2022-06-20 10:48,72180,2021-04-01,2022-03-31,田中精密工業株式会社
S100O9JG,2022-06-20,2022-06-20 11:04,94740,2021-04-01,2022-03-31,株式会社ゼンリン
S100O9RP,2022-06-20,2022-06-20 11:12,49020,2021-04-01,2022-03-31,コニカミノルタ株式会社
S100OAIR,2022-06-20,2022-06-20 11:15,59330,2021-03-21,2022-03-20,アルインコ株式会社
S100OADQ,2022-06-20,2022-06-20 11:22,39290,2021-04-01,2022-03-31,ソーシャルワイヤー株式会社
S100OACJ,2022-06-20,2022-06-20 11:25,40910,2021-04-01,2022-03-31,日本酸素ホールディングス株式会社
S100O9DJ,2022-06-20,2022-06-20 11:30,46740,2021-04-01,2022-03-31,株式会社クレスコ
S100OAJ2,2022-06-20,2022-06-20 11:30,99320,2021-04-01,2022-03-31,杉本商事株式会社
S100O9ZQ,2022-06-20,2022-06-20 11:31,63010,2021-04-01,2022-03-31,株式会社小松製作所
S100OA78,2022-06-20,2022-06-20 11:39,33520,2021-04-01,2022-03-31,株式会社バッファロー
S100O9UA,2022-06-20,2022-06-20 12:40,78320,2021-04-01,2022-03-31,株式会社バンダイナムコホールディングス
S100O9ZP,2022-06-20,2022-06-20 12:55,66520,2021-04-01,2022-03-31,ＩＤＥＣ株式会社
S100O98X,2022-06-20,2022-06-20 12:56,83550,2021-04-01,2022-03-31,株式会社静岡銀行
S100OA7S,2022-06-20,2022-06-20 13:07,47260,2021-04-01,2022-03-31,ＳＢテクノロジー株式会社
S100OAM3,2022-06-20,2022-06-20 13:14,90520,2021-04-01,2022-03-31,山陽電気鉄道株式会社
S100OABZ,2022-06-20,2022-06-20 13:58,72500,2021-04-01,2022-03-31,太平洋工業株式会社
S100O9QQ,2022-06-20,2022-06-20 14:29,64700,2021-04-01,2022-03-31,大豊工業株式会社
S100OA6M,2022-06-20,2022-06-20 14:37,63450,2021-04-01,2022-03-31,株式会社アイチコーポレーション
S100OA84,2022-06-20,2022-06-20 14:56,22090,2021-04-01,2022-03-31,井村屋グループ株式会社
S100OA1O,2022-06-20,2022-06-20 15:00,71810,2021-04-01,2022-03-31,株式会社かんぽ生命保険
S100OA3H,2022-06-20,2022-06-20 15:00,38470,2021-04-01,2022-03-31,パシフィックシステム株式会社
S100O7RP,2022-06-20,2022-06-20 15:00,71820,2021-04-01,2022-03-31,株式会社ゆうちょ銀行
S100OADX,2022-06-20,2022-06-20 15:00,37960,2021-04-01,2022-03-31,株式会社いい生活
S100OA6P,2022-06-20,2022-06-20 15:00,61780,2021-04-01,2022-03-31,日本郵政株式会社
S100OAED,2022-06-20,2022-06-20 15:00,62870,2021-04-01,2022-03-31,サトーホールディングス株式会社
S100OA6Q,2022-06-20,2022-06-20 15:02,65940,2021-04-01,2022-03-31,日本電産株式会社
S100OAK3,2022-06-20,2022-06-20 15:03,79400,2021-04-01,2022-03-31,ウェーブロックホールディングス株式会社
S100OATK,2022-06-20,2022-06-20 15:14,43370,2021-04-01,2022-03-31,ぴあ株式会社
S100O9US,2022-06-20,2022-06-20 15:30,46260,2021-04-01,2022-03-31,太陽ホールディングス株式会社
S100OA71,2022-06-20,2022-06-20 15:38,87320,2021-04-01,2022-03-31,株式会社マネーパートナーズグループ
S100OA8I,2022-06-20,2022-06-20 16:10,86280,2021-04-01,2022-03-31,松井証券株式会社
S100OAU9,2022-06-20,2022-06-20 16:16,36860,2021-04-01,2022-03-31,株式会社ディー・エル・イー
S100OAU4,2022-06-20,2022-06-20 16:21,90390,2021-04-01,2022-03-31,株式会社サカイ引越センター
S100OAXP,2022-06-20,2022-06-20 16:39,38440,2021-04-01,2022-03-31,コムチュア株式会社
S100O9T7,2022-06-20,2022-06-20 16:42,45030,2021-04-01,2022-03-31,アステラス製薬株式会社
S100OAXL,2022-06-20,2022-06-20 16:49,98780,2021-03-21,2022-03-20,株式会社　セキド
S100O9KU,2022-06-21,2022-06-21 09:07,87500,2021-04-01,2022-03-31,第一生命ホールディングス株式会社
S100OB2V,2022-06-21,2022-06-21 09:18,62050,2021-04-01,2022-03-31,ＯＫＫ株式会社
S100OAXN,2022-06-21,2022-06-21 09:55,87140,2021-04-01,2022-03-31,株式会社池田泉州ホールディングス
S100OAHX,2022-06-21,2022-06-21 10:12,64480,2021-04-01,2022-03-31,ブラザー工業株式会社
S100OAUW,2022-06-21,2022-06-21 10:24,71640,2021-04-01,2022-03-31,全国保証株式会社
S100OARA,2022-06-21,2022-06-21 10:44,71830,2021-04-01,2022-03-31,あんしん保証株式会社
S100OA3D,2022-06-21,2022-06-21 11:02,98880,2021-04-01,2022-03-31,株式会社ＵＥＸ
S100OA03,2022-06-21,2022-06-21 11:08,82790,2021-04-01,2022-03-31,株式会社ヤオコー
S100OA0F,2022-06-21,2022-06-21 11:38,72990,2021-04-01,2022-03-31,フジオーゼックス株式会社
S100OACE,2022-06-21,2022-06-21 11:39,31160,2021-04-01,2022-03-31,トヨタ紡織株式会社
S100OBFM,2022-06-21,2022-06-21 11:44,39360,2021-04-01,2022-03-31,株式会社グローバルウェイ
S100OBGB,2022-06-21,2022-06-21 12:08,80120,2021-04-01,2022-03-31,長瀬産業株式会社
S100OAN4,2022-06-21,2022-06-21 12:35,73260,2021-04-01,2022-03-31,ＳＢＩインシュアランスグループ株式会社
S100OB0N,2022-06-21,2022-06-21 12:42,96400,2021-04-01,2022-03-31,株式会社セゾン情報システムズ
S100OAKU,2022-06-21,2022-06-21 12:53,82280,2021-04-01,2022-03-31,株式会社マルイチ産商
S100O9ZI,2022-06-21,2022-06-21 13:00,84100,2021-04-01,2022-03-31,株式会社セブン銀行
S100OARN,2022-06-21,2022-06-21 13:02,75060,2021-04-01,2022-03-31,株式会社　ハウス　オブ　ローゼ
S100OAOJ,2022-06-21,2022-06-21 13:03,21140,2021-04-01,2022-03-31,フジ日本精糖株式会社
S100OB32,2022-06-21,2022-06-21 13:06,54510,2021-04-01,2022-03-31,株式会社淀川製鋼所
S100OAYI,2022-06-21,2022-06-21 13:08,81330,2021-04-01,2022-03-31,伊藤忠エネクス株式会社
S100OAM8,2022-06-21,2022-06-21 13:13,21090,2021-04-01,2022-03-31,ＤＭ三井製糖ホールディングス株式会社
S100OAXX,2022-06-21,2022-06-21 13:21,93050,2021-04-01,2022-03-31,株式会社ヤマタネ
S100OAZZ,2022-06-21,2022-06-21 13:23,74860,2021-04-01,2022-03-31,サンリン株式会社
S100OAEI,2022-06-21,2022-06-21 13:25,36700,2021-03-01,2022-03-31,協立情報通信株式会社
S100OA2F,2022-06-21,2022-06-21 13:26,63390,2021-04-01,2022-03-31,新東工業株式会社
S100OBET,2022-06-21,2022-06-21 13:28,39100,2021-04-01,2022-03-31,株式会社エムケイシステム
S100OAQE,2022-06-21,2022-06-21 13:31,49510,2021-04-01,2022-03-31,エステー株式会社
S100OAZI,2022-06-21,2022-06-21 13:38,59300,2021-04-01,2022-03-31,文化シヤッター株式会社
S100OBJU,2022-06-21,2022-06-21 13:49,54860,2021-04-01,2022-03-31,日立金属株式会社
S100OBJK,2022-06-21,2022-06-21 13:53,43070,2021-04-01,2022-03-31,株式会社野村総合研究所
S100OBJI,2022-06-21,2022-06-21 13:55,28150,2021-04-01,2022-03-31,アリアケジャパン株式会社
S100OBHC,2022-06-21,2022-06-21 14:01,51620,2021-04-01,2022-03-31,株式会社朝日ラバー
S100O98N,2022-06-21,2022-06-21 14:06,69020,2021-04-01,2022-03-31,株式会社デンソー
S100OA0V,2022-06-21,2022-06-21 14:15,57570,2021-04-01,2022-03-31,株式会社ＣＫサンエツ
S100OB0O,2022-06-21,2022-06-21 14:15,28010,2021-04-01,2022-03-31,キッコーマン株式会社
S100OBL9,2022-06-21,2022-06-21 14:21,80810,2021-04-01,2022-03-31,株式会社カナデン
S100OBMA,2022-06-21,2022-06-21 14:26,70220,2021-04-01,2022-03-31,サノヤスホールディングス株式会社
S100OBMW,2022-06-21,2022-06-21 14:42,92020,2021-04-01,2022-03-31,ＡＮＡホールディングス株式会社
S100OB1R,2022-06-21,2022-06-21 14:47,43440,2021-04-01,2022-03-31,ソースネクスト株式会社
S100OAID,2022-06-21,2022-06-21 14:52,96630,2021-04-01,2022-03-31,株式会社ナガワ
S100OAA2,2022-06-21,2022-06-21 15:00,95510,2021-04-01,2022-03-31,メタウォーター株式会社
S100OAEC,2022-06-21,2022-06-21 15:00,90450,2021-04-01,2022-03-31,京阪ホールディングス株式会社
S100OAYD,2022-06-21,2022-06-21 15:01,60890,2021-04-01,2022-03-31,株式会社ウィルグループ
S100OARS,2022-06-21,2022-06-21 15:01,77750,2021-04-01,2022-03-31,大研医器株式会社
S100OAVY,2022-06-21,2022-06-21 15:02,57270,2021-04-01,2022-03-31,東邦チタニウム株式会社
S100O9FO,2022-06-21,2022-06-21 15:06,41140,2021-04-01,2022-03-31,株式会社日本触媒
S100OAA8,2022-06-21,2022-06-21 15:09,91040,2021-04-01,2022-03-31,株式会社商船三井
S100OB2D,2022-06-21,2022-06-21 15:09,93770,2021-04-01,2022-03-31,株式会社　エージーピー
S100OA3X,2022-06-21,2022-06-21 15:10,80350,2021-04-01,2022-03-31,東京エレクトロン株式会社
S100OBK4,2022-06-21,2022-06-21 15:14,99190,2021-04-01,2022-03-31,株式会社関西フードマーケット
S100OB2F,2022-06-21,2022-06-21 15:21,80960,2021-04-01,2022-03-31,兼松エレクトロニクス株式会社
S100OALR,2022-06-21,2022-06-21 15:22,58010,2021-04-01,2022-03-31,古河電気工業株式会社
S100OAU6,2022-06-21,2022-06-21 15:29,72980,2021-04-01,2022-03-31,八千代工業株式会社
S100OBPK,2022-06-21,2022-06-21 15:30,26070,2021-04-01,2022-03-31,不二製油グループ本社株式会社
S100O9YD,2022-06-21,2022-06-21 15:30,31780,2021-04-01,2022-03-31,チムニー株式会社
S100OB98,2022-06-21,2022-06-21 15:31,63550,2021-04-01,2022-03-31,住友精密工業株式会社
S100OAYB,2022-06-21,2022-06-21 15:38,19690,2021-04-01,2022-03-31,高砂熱学工業株式会社
S100OBP8,2022-06-21,2022-06-21 15:42,83610,2021-04-01,2022-03-31,株式会社　大垣共立銀行
S100OBPR,2022-06-21,2022-06-21 15:44,61580,2021-04-01,2022-03-31,株式会社和井田製作所
S100OBQJ,2022-06-21,2022-06-21 15:45,45640,2021-04-01,2022-03-31,オンコセラピー・サイエンス株式会社
S100OBQW,2022-06-21,2022-06-21 15:50,70460,2021-04-01,2022-03-31,ＴＤＳＥ株式会社
S100OAUH,2022-06-21,2022-06-21 15:52,27150,2021-04-01,2022-03-31,エレマテック株式会社
S100OBLJ,2022-06-21,2022-06-21 16:00,76700,2021-04-01,2022-03-31,オーウエル株式会社
S100OB0T,2022-06-21,2022-06-21 16:00,77290,2021-04-01,2022-03-31,株式会社東京精密
S100OBAY,2022-06-21,2022-06-21 16:06,77330,2021-04-01,2022-03-31,オリンパス株式会社
S100OBI7,2022-06-21,2022-06-21 16:08,41770,2021-04-01,2022-03-31,株式会社ｉ－ｐｌｕｇ
S100NXYB,2022-06-21,2022-06-21 16:09,36340,2021-04-01,2022-03-31,株式会社ソケッツ
S100OB1E,2022-06-21,2022-06-21 16:20,78440,2021-04-01,2022-03-31,株式会社マーベラス
S100OAD9,2022-06-21,2022-06-21 16:27,79250,2021-04-01,2022-03-31,前澤化成工業株式会社
S100OAY5,2022-06-21,2022-06-21 16:35,63490,2021-04-01,2022-03-31,株式会社小森コーポレーション
S100OB3H,2022-06-21,2022-06-21 16:52,71570,2021-04-01,2022-03-31,ライフネット生命保険株式会社
S100OAYJ,2022-06-21,2022-06-21 16:54,49560,2021-04-01,2022-03-31,コニシ株式会社
S100OAOK,2022-06-22,2022-06-22 09:08,74170,2021-04-01,2022-03-31,株式会社南陽
S100OBU6,2022-06-22,2022-06-22 09:11,72680,2021-04-01,2022-03-31,株式会社タツミ
S100O9PE,2022-06-22,2022-06-22 09:19,47610,2021-04-01,2022-03-31,株式会社さくらケーシーエス
S100O83K,2022-06-22,2022-06-22 09:21,42310,2021-04-01,2022-03-31,タイガースポリマー株式会社
S100OBWX,2022-06-22,2022-06-22 09:23,71860,2021-04-01,2022-03-31,株式会社コンコルディア・フィナンシャルグループ
S100OBYF,2022-06-22,2022-06-22 09:24,90750,2021-04-01,2022-03-31,福山通運株式会社
S100OA1N,2022-06-22,2022-06-22 09:29,72130,2021-04-01,2022-03-31,レシップホールディングス株式会社
S100OAGX,2022-06-22,2022-06-22 09:30,85620,2021-04-01,2022-03-31,株式会社　福島銀行
S100OA6G,2022-06-22,2022-06-22 09:38,46790,2021-04-01,2022-03-31,株式会社　田　谷
S100OBHM,2022-06-22,2022-06-22 10:00,45490,2021-04-01,2022-03-31,栄研化学株式会社
S100OATL,2022-06-22,2022-06-22 10:00,45440,2021-04-01,2022-03-31,Ｈ．Ｕ．グループホールディングス株式会社
S100OA5S,2022-06-22,2022-06-22 10:05,22260,2021-07-01,2022-03-31,株式会社湖池屋
S100OBW1,2022-06-22,2022-06-22 10:07,85150,2021-04-01,2022-03-31,アイフル株式会社
S100OBI9,2022-06-22,2022-06-22 10:18,45500,2021-04-01,2022-03-31,日水製薬株式会社
S100OBXX,2022-06-22,2022-06-22 10:20,35690,2021-04-01,2022-03-31,セーレン株式会社
S100OART,2022-06-22,2022-06-22 10:23,25940,2021-04-01,2022-03-31,キーコーヒー株式会社
S100OBMK,2022-06-22,2022-06-22 10:29,52790,2021-04-01,2022-03-31,日本興業株式会社
S100OBPZ,2022-06-22,2022-06-22 10:30,97440,2021-04-01,2022-03-31,株式会社メイテック
S100OBXY,2022-06-22,2022-06-22 10:31,64090,2021-04-01,2022-03-31,株式会社キトー
S100OBX0,2022-06-22,2022-06-22 10:44,23270,2021-04-01,2022-03-31,日鉄ソリューションズ株式会社
S100OBWN,2022-06-22,2022-06-22 11:00,97390,2021-04-01,2022-03-31,日本システムウエア株式会社
S100OB5T,2022-06-22,2022-06-22 11:22,36480,2021-04-01,2022-03-31,ＡＧＳ株式会社
S100OC5V,2022-06-22,2022-06-22 11:30,80380,2021-04-01,2022-03-31,東都水産株式会社
S100OBX2,2022-06-22,2022-06-22 11:47,64020,2021-04-01,2022-03-31,兼松エンジニアリング株式会社
S100OAF8,2022-06-22,2022-06-22 11:47,46190,2021-04-01,2022-03-31,日本特殊塗料株式会社
S100OAWF,2022-06-22,2022-06-22 11:59,43880,2021-04-01,2022-03-31,株式会社エーアイ
S100O9FP,2022-06-22,2022-06-22 11:59,29020,2021-04-01,2022-03-31,太陽化学株式会社
S100OABU,2022-06-22,2022-06-22 12:00,60730,2021-04-01,2022-03-31,株式会社アサンテ
S100OC0V,2022-06-22,2022-06-22 12:01,97090,2021-04-01,2022-03-31,ＮＣＳ＆Ａ株式会社
S100OB7X,2022-06-22,2022-06-22 12:09,83490,2021-04-01,2022-03-31,株式会社　東北銀行
S100OCIU,2022-06-22,2022-06-22 12:18,47320,2021-04-01,2022-03-31,株式会社ユー・エス・エス
S100OBXN,2022-06-22,2022-06-22 12:21,44160,2021-04-01,2022-03-31,株式会社Ｔｒｕｅ　Ｄａｔａ
S100OBXF,2022-06-22,2022-06-22 12:25,85950,2021-04-01,2022-03-31,ジャフコ　グループ株式会社
S100OC21,2022-06-22,2022-06-22 12:27,80220,2021-04-01,2022-03-31,美津濃株式会社
S100OCJD,2022-06-22,2022-06-22 12:33,56120,2021-04-01,2022-03-31,日本鋳鉄管株式会社
S100OCJT,2022-06-22,2022-06-22 12:39,43730,2021-04-01,2022-03-31,シンプレクス・ホールディングス株式会社
S100OCJX,2022-06-22,2022-06-22 12:47,37630,2021-04-01,2022-03-31,株式会社プロシップ
S100OBUO,2022-06-22,2022-06-22 12:51,91010,2021-04-01,2022-03-31,日本郵船株式会社
S100O7A8,2022-06-22,2022-06-22 12:57,98730,2021-04-01,2022-03-31,日本ＫＦＣホールディングス株式会社
S100OC19,2022-06-22,2022-06-22 13:00,61010,2021-04-01,2022-03-31,株式会社ツガミ
S100OBWB,2022-06-22,2022-06-22 13:01,35710,2021-04-01,2022-03-31,株式会社ソトー
S100OAJT,2022-06-22,2022-06-22 13:05,45520,2021-04-01,2022-03-31,ＪＣＲファーマ株式会社
S100OBK8,2022-06-22,2022-06-22 13:08,56090,2021-04-01,2022-03-31,日本鋳造株式会社
S100OBVL,2022-06-22,2022-06-22 13:15,67980,2021-04-01,2022-03-31,ＳＭＫ株式会社
S100OCKS,2022-06-22,2022-06-22 13:16,94230,2021-04-01,2022-03-31,株式会社フォーバル・リアルストレート
S100OAZS,2022-06-22,2022-06-22 13:19,38480,2021-04-01,2022-03-31,株式会社データ・アプリケーション
S100OC2H,2022-06-22,2022-06-22 13:24,40610,2021-04-01,2022-03-31,デンカ株式会社
S100O6N1,2022-06-22,2022-06-22 13:25,81300,2021-04-01,2022-03-31,株式会社サンゲツ
S100OCHA,2022-06-22,2022-06-22 13:26,52170,2021-04-01,2022-03-31,テクノクオーツ株式会社
S100OBQ4,2022-06-22,2022-06-22 13:29,79950,2021-04-01,2022-03-31,株式会社バルカー
S100OBUB,2022-06-22,2022-06-22 13:30,90240,2021-04-01,2022-03-31,株式会社西武ホールディングス
S100OBPX,2022-06-22,2022-06-22 13:31,35530,2021-04-01,2022-03-31,共和レザー株式会社
S100OC5J,2022-06-22,2022-06-22 13:35,77690,2021-04-01,2022-03-31,リズム株式会社
S100OBZ5,2022-06-22,2022-06-22 13:36,98890,2021-04-01,2022-03-31,ＪＢＣＣホールディングス株式会社
S100OB80,2022-06-22,2022-06-22 13:41,33920,2021-04-01,2022-03-31,デリカフーズホールディングス株式会社
S100OBG1,2022-06-22,2022-06-22 13:44,69080,2021-04-01,2022-03-31,イリソ電子工業株式会社
S100O9QS,2022-06-22,2022-06-22 13:44,79660,2021-04-01,2022-03-31,リンテック株式会社
S100OCNV,2022-06-22,2022-06-22 13:47,84110,2021-04-01,2022-03-31,株式会社みずほフィナンシャルグループ
S100OCOD,2022-06-22,2022-06-22 13:48,65840,2021-04-01,2022-03-31,三櫻工業株式会社
S100OCLM,2022-06-22,2022-06-22 13:55,21810,2021-04-01,2022-03-31,パーソルホールディングス株式会社
S100OC0Q,2022-06-22,2022-06-22 14:00,83450,2021-04-01,2022-03-31,株式会社岩手銀行
S100OAYL,2022-06-22,2022-06-22 14:04,37380,2021-04-01,2022-03-31,株式会社ティーガイア
S100OB34,2022-06-22,2022-06-22 14:09,65010,2021-04-01,2022-03-31,株式会社日立製作所
S100OCPB,2022-06-22,2022-06-22 14:09,46150,2021-04-01,2022-03-31,神東塗料株式会社
S100OCPP,2022-06-22,2022-06-22 14:12,76870,2021-04-01,2022-03-31,株式会社ミクリード
S100OCQ3,2022-06-22,2022-06-22 14:14,89340,2021-04-01,2022-03-31,サンフロンティア不動産株式会社
S100OAPQ,2022-06-22,2022-06-22 14:17,94220,2021-04-01,2022-03-31,コネクシオ株式会社
S100OAOM,2022-06-22,2022-06-22 14:17,54060,2021-04-01,2022-03-31,株式会社　神戸製鋼所
S100OBEJ,2022-06-22,2022-06-22 14:22,72670,2021-04-01,2022-03-31,本田技研工業株式会社
S100OCQR,2022-06-22,2022-06-22 14:26,81740,2021-04-01,2022-03-31,日本瓦斯株式会社
S100OBGN,2022-06-22,2022-06-22 14:30,42040,2021-04-01,2022-03-31,積水化学工業株式会社
S100OC81,2022-06-22,2022-06-22 14:39,72660,2021-04-01,2022-03-31,株式会社今仙電機製作所
S100OBHI,2022-06-22,2022-06-22 14:42,82830,2021-04-01,2022-03-31,株式会社ＰＡＬＴＡＣ
S100OBXC,2022-06-22,2022-06-22 14:45,96250,2021-04-01,2022-03-31,株式会社セレスポ
S100OB6V,2022-06-22,2022-06-22 14:49,59380,2021-04-01,2022-03-31,株式会社ＬＩＸＩＬ
S100OC32,2022-06-22,2022-06-22 15:00,31370,2021-04-01,2022-03-31,株式会社ファンデリー
S100O9QT,2022-06-22,2022-06-22 15:00,60980,2021-04-01,2022-03-31,株式会社リクルートホールディングス
S100OBZH,2022-06-22,2022-06-22 15:00,92010,2021-04-01,2022-03-31,日本航空株式会社
S100OBNL,2022-06-22,2022-06-22 15:01,18710,2021-04-01,2022-03-31,株式会社ピーエス三菱
S100O718,2022-06-22,2022-06-22 15:01,98820,2021-04-01,2022-03-31,株式会社イエローハット
S100OBQO,2022-06-22,2022-06-22 15:02,48000,2021-04-01,2022-03-31,オリコン株式会社
S100OCMF,2022-06-22,2022-06-22 15:03,81320,2021-04-01,2022-03-31,シナネンホールディングス株式会社
S100OBQI,2022-06-22,2022-06-22 15:03,92320,2021-04-01,2022-03-31,株式会社パスコ
S100OBVH,2022-06-22,2022-06-22 15:04,23260,2021-04-01,2022-03-31,デジタルアーツ株式会社
S100OBDU,2022-06-22,2022-06-22 15:07,80310,2021-04-01,2022-03-31,三井物産株式会社
S100O8HR,2022-06-22,2022-06-22 15:09,82420,2021-04-01,2022-03-31,エイチ・ツー・オー　リテイリング株式会社
S100OCA9,2022-06-22,2022-06-22 15:09,67550,2021-04-01,2022-03-31,株式会社富士通ゼネラル
S100OBWA,2022-06-22,2022-06-22 15:13,39080,2021-04-01,2022-03-31,株式会社コラボス
S100OC23,2022-06-22,2022-06-22 15:13,97150,2021-04-01,2022-03-31,トランス・コスモス株式会社
S100OA6A,2022-06-22,2022-06-22 15:15,90290,2021-04-01,2022-03-31,株式会社ヒガシトゥエンティワン
S100OC8M,2022-06-22,2022-06-22 15:15,37660,2021-04-01,2022-03-31,システムズ・デザイン株式会社
S100OCN8,2022-06-22,2022-06-22 15:18,24680,2021-04-01,2022-03-31,株式会社フュートレック
S100OBY8,2022-06-22,2022-06-22 15:18,27670,2021-04-01,2022-03-31,フィールズ株式会社
S100OCBZ,2022-06-22,2022-06-22 15:20,43180,2021-04-01,2022-03-31,株式会社クイック
S100OB5M,2022-06-22,2022-06-22 15:21,48190,2021-04-01,2022-03-31,株式会社デジタルガレージ
S100OAXF,2022-06-22,2022-06-22 15:22,96910,2021-04-01,2022-03-31,株式会社両毛システムズ
S100OCWZ,2022-06-22,2022-06-22 15:23,68570,2021-04-01,2022-03-31,株式会社アドバンテスト
S100OBTL,2022-06-22,2022-06-22 15:24,94670,2021-04-01,2022-03-31,株式会社アルファポリス
S100OCL9,2022-06-22,2022-06-22 15:24,82530,2021-04-01,2022-03-31,株式会社クレディセゾン
S100OBZE,2022-06-22,2022-06-22 15:31,64720,2021-04-01,2022-03-31,ＮＴＮ株式会社
S100OBOC,2022-06-22,2022-06-22 15:32,21960,2021-04-01,2022-03-31,株式会社エスクリ
S100OCV6,2022-06-22,2022-06-22 15:34,48330,2021-04-01,2022-03-31,株式会社Ｓｕｃｃｅｓｓ　Ｈｏｌｄｅｒｓ
S100O7MY,2022-06-22,2022-06-22 15:35,68410,2021-04-01,2022-03-31,横河電機株式会社
S100OCH0,2022-06-22,2022-06-22 15:36,74120,2021-04-01,2022-03-31,株式会社アトム
S100OC1Q,2022-06-22,2022-06-22 15:51,30580,2021-04-01,2022-03-31,株式会社三洋堂ホールディングス
S100OCJ8,2022-06-22,2022-06-22 15:56,83160,2021-04-01,2022-03-31,株式会社三井住友フィナンシャルグループ
S100OC1J,2022-06-22,2022-06-22 16:00,71730,2021-04-01,2022-03-31,株式会社東京きらぼしフィナンシャルグループ
S100OBYV,2022-06-22,2022-06-22 16:00,60960,2021-04-01,2022-03-31,株式会社レアジョブ
S100OB7L,2022-06-22,2022-06-22 16:02,21620,2021-04-01,2022-03-31,ｎｍｓホールディングス株式会社
S100OAPM,2022-06-22,2022-06-22 16:06,67010,2021-04-01,2022-03-31,日本電気株式会社
S100OA8T,2022-06-22,2022-06-22 16:11,90200,2021-04-01,2022-03-31,東日本旅客鉄道株式会社
S100OCZP,2022-06-22,2022-06-22 16:13,46710,2021-04-01,2022-03-31,株式会社ファルコホールディングス
S100OANQ,2022-06-22,2022-06-22 16:14,93080,2021-04-01,2022-03-31,乾汽船株式会社
S100OCIO,2022-06-22,2022-06-22 16:18,74210,2021-04-01,2022-03-31,カッパ・クリエイト株式会社
S100OD16,2022-06-22,2022-06-22 16:20,44830,2021-04-01,2022-03-31,株式会社ＪＭＤＣ
S100OBYG,2022-06-22,2022-06-22 16:21,88980,2021-04-01,2022-03-31,株式会社センチュリー２１・ジャパン
S100OCIF,2022-06-22,2022-06-22 16:22,45310,2021-04-01,2022-03-31,有機合成薬品工業株式会社
S100OC00,2022-06-22,2022-06-22 16:24,90550,2021-04-01,2022-03-31,株式会社アルプス物流
S100O9JF,2022-06-22,2022-06-22 16:25,34010,2021-04-01,2022-03-31,帝人株式会社
S100OC1M,2022-06-22,2022-06-22 16:30,32370,2021-04-01,2022-03-31,株式会社イントランス
S100OCTV,2022-06-22,2022-06-22 16:34,74660,2021-04-01,2022-03-31,ＳＰＫ株式会社
S100OCSY,2022-06-22,2022-06-22 16:36,69460,2021-04-01,2022-03-31,日本アビオニクス株式会社
S100OCM6,2022-06-22,2022-06-22 16:46,21520,2021-04-01,2022-03-31,幼児活動研究会株式会社
S100OBRS,2022-06-22,2022-06-22 16:46,38570,2021-04-01,2022-03-31,株式会社ラック
S100OC1U,2022-06-22,2022-06-22 17:02,99590,2021-04-01,2022-03-31,アシードホールディングス株式会社
S100OD41,2022-06-22,2022-06-22 17:12,67880,2021-04-01,2022-03-31,株式会社日本トリム
S100OD89,2022-06-23,2022-06-23 09:00,87060,2021-04-01,2022-03-31,極東証券株式会社
S100OCJK,2022-06-23,2022-06-23 09:01,90570,2021-04-01,2022-03-31,遠州トラック株式会社
S100OCU3,2022-06-23,2022-06-23 09:02,43500,2021-04-01,2022-03-31,株式会社　メディカルシステムネットワーク
S100OD9Y,2022-06-23,2022-06-23 09:03,26560,2021-04-01,2022-03-31,株式会社ベクター
S100OBZY,2022-06-23,2022-06-23 09:04,28060,2021-04-01,2022-03-31,ユタカフーズ株式会社
S100OD3U,2022-06-23,2022-06-23 09:06,83040,2021-04-01,2022-03-31,株式会社あおぞら銀行
S100OD8H,2022-06-23,2022-06-23 09:10,24400,2021-04-01,2022-03-31,株式会社ぐるなび
S100OB5X,2022-06-23,2022-06-23 09:13,96430,2021-04-01,2022-03-31,中日本興業株式会社
S100OCBT,2022-06-23,2022-06-23 09:22,81580,2021-04-01,2022-03-31,ソーダニッカ株式会社
S100ODJG,2022-06-23,2022-06-23 09:30,17620,2021-04-01,2022-03-31,株式会社髙松コンストラクショングループ
S100OBX5,2022-06-23,2022-06-23 09:31,38910,2021-04-01,2022-03-31,ニッポン高度紙工業株式会社
S100OCKT,2022-06-23,2022-06-23 09:37,88600,2021-04-01,2022-03-31,フジ住宅株式会社
S100OCYA,2022-06-23,2022-06-23 09:40,24640,2021-04-01,2022-03-31,株式会社ビジネス・ブレークスルー
S100OD67,2022-06-23,2022-06-23 09:42,78970,2021-04-01,2022-03-31,ホクシン株式会社
S100OCZV,2022-06-23,2022-06-23 09:42,93680,2021-04-01,2022-03-31,キムラユニティー株式会社
S100OD4X,2022-06-23,2022-06-23 09:43,57260,2021-04-01,2022-03-31,株式会社大阪チタニウムテクノロジーズ
S100OD92,2022-06-23,2022-06-23 09:50,26740,2021-04-01,2022-03-31,株式会社ハードオフコーポレーション
S100OCCJ,2022-06-23,2022-06-23 09:54,99670,2021-04-01,2022-03-31,堺商事株式会社
S100OB0D,2022-06-23,2022-06-23 10:00,80880,2021-04-01,2022-03-31,岩谷産業株式会社
S100ODLZ,2022-06-23,2022-06-23 10:01,61570,2021-04-01,2022-03-31,日進工具株式会社
S100OBH8,2022-06-23,2022-06-23 10:05,22670,2021-04-01,2022-03-31,株式会社ヤクルト本社
S100O91L,2022-06-23,2022-06-23 10:09,30360,2021-04-01,2022-03-31,アルコニックス株式会社
S100OD4T,2022-06-23,2022-06-23 10:10,48390,2021-04-01,2022-03-31,株式会社ＷＯＷＯＷ
S100OCIH,2022-06-23,2022-06-23 10:15,80980,2021-04-01,2022-03-31,稲畑産業株式会社
S100OB4U,2022-06-23,2022-06-23 10:16,18520,2021-04-01,2022-03-31,株式会社淺沼組
S100ODK5,2022-06-23,2022-06-23 10:37,18480,2021-04-01,2022-03-31,株式会社富士ピー・エス
S100ODD8,2022-06-23,2022-06-23 10:38,75180,2021-04-01,2022-03-31,ネットワンシステムズ株式会社
S100OAC7,2022-06-23,2022-06-23 10:41,86130,2021-04-01,2022-03-31,丸三証券株式会社
S100OCXN,2022-06-23,2022-06-23 10:44,95370,2021-04-01,2022-03-31,北陸瓦斯株式会社
S100OCR7,2022-06-23,2022-06-23 10:48,41200,2021-04-01,2022-03-31,スガイ化学工業株式会社
S100OBYU,2022-06-23,2022-06-23 10:50,89350,2021-04-01,2022-03-31,株式会社ＦＪネクストホールディングス
S100OCH5,2022-06-23,2022-06-23 10:54,81110,2021-04-01,2022-03-31,株式会社ゴールドウイン
S100OC60,2022-06-23,2022-06-23 10:59,28750,2021-04-01,2022-03-31,東洋水産株式会社
S100ODLW,2022-06-23,2022-06-23 11:04,72120,2021-04-01,2022-03-31,株式会社エフテック
S100OAZ5,2022-06-23,2022-06-23 11:05,57020,2021-04-01,2022-03-31,株式会社大紀アルミニウム工業所
S100OCZZ,2022-06-23,2022-06-23 11:09,46170,2021-04-01,2022-03-31,中国塗料株式会社
S100OCJI,2022-06-23,2022-06-23 11:11,83030,2021-04-01,2022-03-31,株式会社新生銀行
S100OD9N,2022-06-23,2022-06-23 11:16,94080,2021-04-01,2022-03-31,株式会社　新潟放送
S100OAR8,2022-06-23,2022-06-23 11:17,45430,2021-04-01,2022-03-31,テルモ株式会社
S100OCK9,2022-06-23,2022-06-23 11:23,64860,2021-04-01,2022-03-31,イーグル工業株式会社
S100OCSQ,2022-06-23,2022-06-23 11:24,81820,2021-04-01,2022-03-31,株式会社いなげや
S100O9LC,2022-06-23,2022-06-23 11:27,49940,2021-04-01,2022-03-31,大成ラミック株式会社
S100OD4O,2022-06-23,2022-06-23 11:28,59360,2021-04-01,2022-03-31,東洋シヤッター株式会社
S100OC8U,2022-06-23,2022-06-23 11:31,64880,2021-04-01,2022-03-31,株式会社ヨシタケ
S100ODB5,2022-06-23,2022-06-23 11:33,77020,2021-04-01,2022-03-31,株式会社ジェイ・エム・エス（称号　株式会社　ＪＭＳ）
S100OCOM,2022-06-23,2022-06-23 11:41,72220,2021-04-01,2022-03-31,日産車体株式会社
S100OBA4,2022-06-23,2022-06-23 11:50,83640,2021-04-01,2022-03-31,株式会社清水銀行
S100OCZU,2022-06-23,2022-06-23 11:53,24690,2021-04-01,2022-03-31,ヒビノ株式会社
S100OD1M,2022-06-23,2022-06-23 11:59,27820,2021-04-01,2022-03-31,株式会社セリア
S100ODUU,2022-06-23,2022-06-23 12:10,37790,2021-04-01,2022-03-31,ジェイ・エスコムホールディングス株式会社
S100ODTM,2022-06-23,2022-06-23 12:15,41120,2021-04-01,2022-03-31,保土谷化学工業株式会社
S100ODB0,2022-06-23,2022-06-23 12:17,99940,2021-04-01,2022-03-31,株式会社やまや
S100OC96,2022-06-23,2022-06-23 12:46,79700,2021-04-01,2022-03-31,信越ポリマー株式会社
S100OD98,2022-06-23,2022-06-23 12:49,43810,2021-04-01,2022-03-31,ビープラッツ株式会社
S100OCLP,2022-06-23,2022-06-23 12:50,48820,2021-04-01,2022-03-31,株式会社ペルセウスプロテオミクス
S100ODL7,2022-06-23,2022-06-23 12:57,59860,2021-04-01,2022-03-31,モリテックスチール株式会社
S100OAJD,2022-06-23,2022-06-23 13:01,68090,2021-04-01,2022-03-31,ＴＯＡ株式会社
S100OCL1,2022-06-23,2022-06-23 13:02,24350,2021-04-01,2022-03-31,株式会社シダー
S100OCRI,2022-06-23,2022-06-23 13:04,24450,2021-04-01,2022-03-31,株式会社タカミヤ
S100ODM4,2022-06-23,2022-06-23 13:05,63560,2021-04-01,2022-03-31,日本ギア工業株式会社
S100OBD6,2022-06-23,2022-06-23 13:05,69180,2021-04-01,2022-03-31,株式会社アバールデータ
S100OCDQ,2022-06-23,2022-06-23 13:06,68060,2021-04-01,2022-03-31,ヒロセ電機株式会社
S100OD5Q,2022-06-23,2022-06-23 13:08,14510,2021-04-01,2022-03-31,株式会社ＫＨＣ
S100OD8G,2022-06-23,2022-06-23 13:08,90100,2021-04-01,2022-03-31,富士急行株式会社
S100OD8B,2022-06-23,2022-06-23 13:09,70130,2021-04-01,2022-03-31,株式会社ＩＨＩ
S100OD8W,2022-06-23,2022-06-23 13:10,90490,2021-04-01,2022-03-31,京福電気鉄道株式会社
S100OCLK,2022-06-23,2022-06-23 13:10,97530,2021-04-01,2022-03-31,アイエックス・ナレッジ株式会社
S100OCYP,2022-06-23,2022-06-23 13:13,97630,2021-04-01,2022-03-31,丸紅建材リース株式会社
S100OD4N,2022-06-23,2022-06-23 13:16,72420,2021-04-01,2022-03-31,ＫＹＢ株式会社
S100OA23,2022-06-23,2022-06-23 13:16,18500,2021-04-01,2022-03-31,南海辰村建設株式会社
S100OAPN,2022-06-23,2022-06-23 13:17,79490,2021-04-01,2022-03-31,小松ウオール工業株式会社
S100OA0T,2022-06-23,2022-06-23 13:17,36120,2021-04-01,2022-03-31,株式会社ワールド
S100OC8C,2022-06-23,2022-06-23 13:19,21070,2021-04-01,2022-03-31,東洋精糖株式会社
S100OBWF,2022-06-23,2022-06-23 13:20,90010,2021-04-01,2022-03-31,東武鉄道株式会社
S100OCIA,2022-06-23,2022-06-23 13:21,31320,2021-04-01,2022-03-31,マクニカ・富士エレ　ホールディングス株式会社
S100ODKK,2022-06-23,2022-06-23 13:22,24800,2021-04-01,2022-03-31,システム・ロケーション株式会社
S100ODU6,2022-06-23,2022-06-23 13:24,42020,2021-04-01,2022-03-31,株式会社ダイセル
S100ODMQ,2022-06-23,2022-06-23 13:25,28020,2021-04-01,2022-03-31,味の素株式会社
S100ODIS,2022-06-23,2022-06-23 13:30,98160,2021-04-01,2022-03-31,株式会社　ストライダーズ
S100ODUS,2022-06-23,2022-06-23 13:31,78670,2021-04-01,2022-03-31,株式会社タカラトミー
S100OC2F,2022-06-23,2022-06-23 13:33,90220,2021-04-01,2022-03-31,東海旅客鉄道株式会社
S100ODYL,2022-06-23,2022-06-23 13:34,70040,2021-04-01,2022-03-31,日立造船株式会社
S100OD4D,2022-06-23,2022-06-23 13:36,39520,2021-04-01,2022-03-31,中央紙器工業株式会社
S100OD13,2022-06-23,2022-06-23 13:36,23170,2021-04-01,2022-03-31,株式会社システナ
S100OD7Y,2022-06-23,2022-06-23 13:36,49970,2021-04-01,2022-03-31,日本農薬株式会社
S100OAYU,2022-06-23,2022-06-23 13:36,23780,2021-04-01,2022-03-31,株式会社ルネサンス
S100OCBS,2022-06-23,2022-06-23 13:43,61030,2021-04-01,2022-03-31,オークマ株式会社
S100OAD8,2022-06-23,2022-06-23 13:45,17860,2021-04-01,2022-03-31,オリエンタル白石株式会社
S100OD4F,2022-06-23,2022-06-23 13:46,93620,2021-04-01,2022-03-31,兵機海運株式会社
S100OD7U,2022-06-23,2022-06-23 13:48,79710,2021-04-01,2022-03-31,東リ株式会社
S100OC04,2022-06-23,2022-06-23 13:50,64900,2021-04-01,2022-03-31,日本ピラー工業株式会社
S100OC7S,2022-06-23,2022-06-23 13:52,44090,2021-04-01,2022-03-31,東邦化学工業株式会社
S100OA1I,2022-06-23,2022-06-23 14:00,42030,2021-04-01,2022-03-31,住友ベークライト株式会社
S100ODU2,2022-06-23,2022-06-23 14:02,98850,2021-04-01,2022-03-31,株式会社　シャルレ
S100OD69,2022-06-23,2022-06-23 14:02,59700,2021-04-01,2022-03-31,株式会社ジーテクト
S100OANP,2022-06-23,2022-06-23 14:09,29080,2021-04-01,2022-03-31,フジッコ株式会社
S100OC6Y,2022-06-23,2022-06-23 14:10,61860,2021-04-01,2022-03-31,株式会社一蔵
S100OCZC,2022-06-23,2022-06-23 14:11,93020,2021-04-01,2022-03-31,三井倉庫ホールディングス株式会社
S100ODB1,2022-06-23,2022-06-23 14:11,82910,2021-04-01,2022-03-31,日産東京販売ホールディングス株式会社
S100ODJF,2022-06-23,2022-06-23 14:13,83930,2021-04-01,2022-03-31,株式会社宮崎銀行
S100ODEX,2022-06-23,2022-06-23 14:13,45940,2021-04-01,2022-03-31,ブライトパス・バイオ株式会社
S100OB75,2022-06-23,2022-06-23 14:18,90440,2021-04-01,2022-03-31,南海電気鉄道株式会社
S100OD2H,2022-06-23,2022-06-23 14:19,28120,2021-04-01,2022-03-31,焼津水産化学工業株式会社
S100OE2B,2022-06-23,2022-06-23 14:19,79880,2021-04-01,2022-03-31,株式会社ニフコ
S100ODCY,2022-06-23,2022-06-23 14:26,68450,2021-04-01,2022-03-31,アズビル株式会社
S100OBV9,2022-06-23,2022-06-23 14:32,91270,2021-04-01,2022-03-31,玉井商船株式会社
S100ODIK,2022-06-23,2022-06-23 14:33,72410,2021-04-01,2022-03-31,フタバ産業株式会社
S100OE1M,2022-06-23,2022-06-23 14:35,63030,2021-04-01,2022-03-31,株式会社ササクラ
S100OBO5,2022-06-23,2022-06-23 14:36,50760,2021-10-01,2022-03-31,インフロニア・ホールディングス株式会社
S100OE1G,2022-06-23,2022-06-23 14:40,67150,2021-04-01,2022-03-31,株式会社ナカヨ
S100O8Q8,2022-06-23,2022-06-23 14:43,91070,2021-04-01,2022-03-31,川崎汽船株式会社
S100ODYQ,2022-06-23,2022-06-23 14:44,80930,2021-04-01,2022-03-31,極東貿易株式会社
S100OE48,2022-06-23,2022-06-23 14:45,78640,2021-04-01,2022-03-31,株式会社フジシールインターナショナル
S100OCCA,2022-06-23,2022-06-23 14:50,25990,2021-04-01,2022-03-31,ジャパンフーズ株式会社
S100OE5N,2022-06-23,2022-06-23 14:53,30960,2021-04-01,2022-03-31,株式会社オーシャンシステム
S100OCKQ,2022-06-23,2022-06-23 14:55,54010,2021-04-01,2022-03-31,日本製鉄株式会社
S100OD6Q,2022-06-23,2022-06-23 14:55,65900,2021-04-01,2022-03-31,芝浦メカトロニクス株式会社
S100OCAT,2022-06-23,2022-06-23 14:55,67970,2021-04-01,2022-03-31,名古屋電機工業株式会社
S100OC5W,2022-06-23,2022-06-23 14:55,78960,2021-04-01,2022-03-31,セブン工業株式会社
S100OCXP,2022-06-23,2022-06-23 14:55,38170,2021-04-01,2022-03-31,株式会社ＳＲＡホールディングス
S100ODSH,2022-06-23,2022-06-23 14:56,83810,2021-04-01,2022-03-31,株式会社山陰合同銀行
S100OA0S,2022-06-23,2022-06-23 14:57,19490,2021-04-01,2022-03-31,住友電設株式会社
S100OB9B,2022-06-23,2022-06-23 14:57,45470,2021-04-01,2022-03-31,キッセイ薬品工業株式会社
S100OE5V,2022-06-23,2022-06-23 14:58,63790,2021-04-01,2022-03-31,レイズネクスト株式会社
S100OCMX,2022-06-23,2022-06-23 14:58,79270,2021-04-01,2022-03-31,ムトー精工株式会社
S100OCEU,2022-06-23,2022-06-23 14:59,22290,2021-04-01,2022-03-31,カルビー株式会社
S100OBGP,2022-06-23,2022-06-23 15:00,91420,2021-04-01,2022-03-31,九州旅客鉄道株式会社
S100OC94,2022-06-23,2022-06-23 15:00,94330,2021-04-01,2022-03-31,ＫＤＤＩ株式会社
S100OD9A,2022-06-23,2022-06-23 15:00,62400,2021-04-01,2022-03-31,ヤマシンフィルタ株式会社
S100O9VG,2022-06-23,2022-06-23 15:00,79510,2021-04-01,2022-03-31,ヤマハ株式会社
S100OCUI,2022-06-23,2022-06-23 15:00,50210,2021-04-01,2022-03-31,コスモエネルギーホールディングス株式会社
S100OD9W,2022-06-23,2022-06-23 15:01,67700,2021-04-01,2022-03-31,アルプスアルパイン株式会社
S100OCZD,2022-06-23,2022-06-23 15:01,97190,2021-04-01,2022-03-31,ＳＣＳＫ株式会社
S100OCYL,2022-06-23,2022-06-23 15:01,71610,2021-04-01,2022-03-31,株式会社じもとホールディングス
S100ODWJ,2022-06-23,2022-06-23 15:02,42220,2021-04-01,2022-03-31,児玉化学工業株式会社
S100OC0T,2022-06-23,2022-06-23 15:02,44190,2021-04-01,2022-03-31,株式会社Ｆｉｎａｔｅｘｔホールディングス
S100OBTR,2022-06-23,2022-06-23 15:02,32320,2021-04-01,2022-03-31,三重交通グループホールディングス株式会社
S100OD8L,2022-06-23,2022-06-23 15:02,29190,2021-04-01,2022-03-31,株式会社　マルタイ
S100OBZ3,2022-06-23,2022-06-23 15:02,33930,2021-04-01,2022-03-31,スターティアホールディングス株式会社
S100ODQY,2022-06-23,2022-06-23 15:02,66590,2021-04-01,2022-03-31,株式会社メディアリンクス
S100ODN8,2022-06-23,2022-06-23 15:02,61850,2021-04-01,2022-03-31,ＳＭＮ株式会社
S100O5E2,2022-06-23,2022-06-23 15:03,65080,2021-04-01,2022-03-31,株式会社明電舎
S100OD19,2022-06-23,2022-06-23 15:03,72050,2021-04-01,2022-03-31,日野自動車株式会社
S100OCXY,2022-06-23,2022-06-23 15:03,71910,2021-04-01,2022-03-31,株式会社イントラスト
S100OCFF,2022-06-23,2022-06-23 15:04,50290,2021-04-01,2022-03-31,サークレイス株式会社
S100O97P,2022-06-23,2022-06-23 15:04,80840,2021-04-01,2022-03-31,菱電商事株式会社
S100OE2Y,2022-06-23,2022-06-23 15:04,19820,2021-04-01,2022-03-31,日比谷総合設備株式会社
S100ODOJ,2022-06-23,2022-06-23 15:04,96290,2021-04-01,2022-03-31,ピー・シー・エー株式会社
S100OB73,2022-06-23,2022-06-23 15:06,65990,2021-04-01,2022-03-31,エブレン株式会社
S100OCR5,2022-06-23,2022-06-23 15:07,50190,2021-04-01,2022-03-31,出光興産株式会社
S100OCLF,2022-06-23,2022-06-23 15:09,19610,2021-04-01,2022-03-31,三機工業株式会社
S100OC85,2022-06-23,2022-06-23 15:10,27600,2021-04-01,2022-03-31,東京エレクトロンデバイス株式会社
S100OC13,2022-06-23,2022-06-23 15:10,72030,2021-04-01,2022-03-31,トヨタ自動車株式会社
S100OD82,2022-06-23,2022-06-23 15:11,78200,2021-04-01,2022-03-31,ニホンフラッシュ株式会社
S100OD2N,2022-06-23,2022-06-23 15:14,72080,2021-04-01,2022-03-31,株式会社カネミツ
S100ODE1,2022-06-23,2022-06-23 15:15,87150,2021-04-01,2022-03-31,アニコム　ホールディングス株式会社
S100OA74,2022-06-23,2022-06-23 15:19,31840,2021-04-01,2022-03-31,ＩＣＤＡホールディングス株式会社
S100OC9W,2022-06-23,2022-06-23 15:19,62970,2021-04-01,2022-03-31,鉱研工業株式会社
S100OC16,2022-06-23,2022-06-23 15:20,68070,2021-04-01,2022-03-31,日本航空電子工業株式会社
S100OE10,2022-06-23,2022-06-23 15:22,72200,2021-04-01,2022-03-31,武蔵精密工業株式会社
S100OE3R,2022-06-23,2022-06-23 15:24,64600,2021-04-01,2022-03-31,セガサミーホールディングス株式会社
S100O9HK,2022-06-23,2022-06-23 15:30,40050,2021-04-01,2022-03-31,住友化学株式会社
S100OE0V,2022-06-23,2022-06-23 15:32,62620,2021-04-01,2022-03-31,ペガサスミシン製造株式会社
S100OCAM,2022-06-23,2022-06-23 15:37,66160,2021-04-01,2022-03-31,トレックス・セミコンダクター株式会社
S100OB9K,2022-06-23,2022-06-23 15:38,72700,2021-04-01,2022-03-31,株式会社ＳＵＢＡＲＵ
S100OBS0,2022-06-23,2022-06-23 15:39,75040,2021-04-01,2022-03-31,株式会社高速
S100OEC3,2022-06-23,2022-06-23 15:42,23590,2021-04-01,2022-03-31,株式会社コア
S100OEC7,2022-06-23,2022-06-23 15:45,37500,2021-04-01,2022-03-31,ＦＲＡＣＴＡＬＥ株式会社
S100OD93,2022-06-23,2022-06-23 15:45,31530,2021-04-01,2022-03-31,八洲電機株式会社
S100OE18,2022-06-23,2022-06-23 15:52,80300,2021-04-01,2022-03-31,中央魚類株式会社
S100OCWY,2022-06-23,2022-06-23 15:52,83460,2021-04-01,2022-03-31,株式会社東邦銀行
S100ODAQ,2022-06-23,2022-06-23 15:55,63660,2021-04-01,2022-03-31,千代田化工建設株式会社
S100OECB,2022-06-23,2022-06-23 16:00,44350,2021-04-01,2022-03-31,株式会社カオナビ
S100O9PO,2022-06-23,2022-06-23 16:00,45060,2021-04-01,2022-03-31,住友ファーマ株式会社
S100OEDX,2022-06-23,2022-06-23 16:02,99000,2021-04-01,2022-03-31,株式会社サガミホールディングス
S100ODS8,2022-06-23,2022-06-23 16:02,63240,2021-04-01,2022-03-31,株式会社ハーモニック・ドライブ・システムズ
S100OD6I,2022-06-23,2022-06-23 16:06,18530,2021-04-01,2022-03-31,株式会社　森組
S100OEFJ,2022-06-23,2022-06-23 16:19,33560,2021-04-01,2022-03-31,株式会社テリロジー
S100OB2Q,2022-06-23,2022-06-23 16:21,18980,2021-04-01,2022-03-31,世紀東急工業株式会社
S100OCUC,2022-06-23,2022-06-23 16:21,34020,2021-04-01,2022-03-31,東レ株式会社
S100OBF4,2022-06-23,2022-06-23 16:23,72800,2021-04-01,2022-03-31,株式会社ミツバ
S100OEG3,2022-06-23,2022-06-23 16:23,72310,2021-04-01,2022-03-31,トピー工業株式会社
S100OEAB,2022-06-23,2022-06-23 16:25,44170,2021-04-01,2022-03-31,グローバルセキュリティエキスパート株式会社
S100OD06,2022-06-23,2022-06-23 16:30,75610,2021-04-01,2022-03-31,株式会社ハークスレイ
S100OCAN,2022-06-23,2022-06-23 16:30,99910,2021-04-01,2022-03-31,ジェコス株式会社
S100OEH7,2022-06-23,2022-06-23 16:32,71980,2021-04-01,2022-03-31,アルヒ株式会社
S100OC63,2022-06-23,2022-06-23 16:33,75590,2021-04-01,2022-03-31,ジーエフシー株式会社
S100OEDT,2022-06-23,2022-06-23 16:34,37680,2021-04-01,2022-03-31,リスクモンスター株式会社
S100OEE3,2022-06-23,2022-06-23 16:45,80590,2021-04-01,2022-03-31,第一実業株式会社
S100OE1D,2022-06-23,2022-06-23 16:46,40820,2021-04-01,2022-03-31,第一稀元素化学工業株式会社
S100ODQW,2022-06-23,2022-06-23 16:47,88030,2021-04-01,2022-03-31,平和不動産株式会社
S100OC2Y,2022-06-23,2022-06-23 16:47,25880,2021-04-01,2022-03-31,株式会社プレミアムウォーターホールディングス
S100OEDJ,2022-06-23,2022-06-23 16:50,72640,2021-04-01,2022-03-31,株式会社ムロコーポレーション
S100OEK8,2022-06-23,2022-06-23 16:53,36040,2021-04-01,2022-03-31,川本産業株式会社
S100OE8J,2022-06-23,2022-06-23 17:01,72960,2021-04-01,2022-03-31,株式会社エフ・シー・シー
S100OCEB,2022-06-23,2022-06-23 17:07,37990,2021-04-01,2022-03-31,キーウェアソリューションズ株式会社
S100OBG0,2022-06-24,2022-06-24 09:00,75250,2021-04-01,2022-03-31,リックス株式会社
S100ODX9,2022-06-24,2022-06-24 09:00,59730,2021-04-01,2022-03-31,株式会社トーアミ
S100OCFR,2022-06-24,2022-06-24 09:00,31310,2021-04-01,2022-03-31,シンデン・ハイテックス株式会社
S100OBYA,2022-06-24,2022-06-24 09:00,45280,2021-04-01,2022-03-31,小野薬品工業株式会社
S100OE2J,2022-06-24,2022-06-24 09:00,53550,2021-04-01,2022-03-31,日本坩堝株式会社
S100O9T8,2022-06-24,2022-06-24 09:01,43230,2021-04-01,2022-03-31,日本システム技術株式会社
S100OBQN,2022-06-24,2022-06-24 09:01,96820,2021-04-01,2022-03-31,株式会社ＤＴＳ
S100OEN9,2022-06-24,2022-06-24 09:01,67720,2021-04-01,2022-03-31,東京コスモス電機株式会社
S100ODYU,2022-06-24,2022-06-24 09:01,31130,2021-04-01,2022-03-31,Ｏａｋキャピタル株式会社
S100OAWD,2022-06-24,2022-06-24 09:03,62480,2021-04-01,2022-03-31,株式会社横田製作所
S100O7F6,2022-06-24,2022-06-24 09:04,82550,2021-04-01,2022-03-31,アクシアル　リテイリング株式会社
S100OEQ0,2022-06-24,2022-06-24 09:06,31850,2021-04-01,2022-03-31,夢展望株式会社
S100OE0E,2022-06-24,2022-06-24 09:06,65570,2021-01-01,2022-03-31,ＡＩＡＩグループ株式会社
S100OBIU,2022-06-24,2022-06-24 09:07,33170,2021-04-01,2022-03-31,株式会社フライングガーデン
S100OA1Y,2022-06-24,2022-06-24 09:07,88180,2021-04-01,2022-03-31,京阪神ビルディング株式会社
S100OD8Y,2022-06-24,2022-06-24 09:08,44100,2021-04-01,2022-03-31,ハリマ化成グループ株式会社
S100OCZH,2022-06-24,2022-06-24 09:08,42740,2021-04-01,2022-03-31,細谷火工株式会社
S100OCNM,2022-06-24,2022-06-24 09:09,43620,2021-04-01,2022-03-31,日本精化株式会社
S100OC70,2022-06-24,2022-06-24 09:12,27370,2021-04-01,2022-03-31,株式会社トーメンデバイス
S100OAI9,2022-06-24,2022-06-24 09:13,68810,2021-04-01,2022-03-31,株式会社キョウデン
S100OE2M,2022-06-24,2022-06-24 09:15,42900,2021-04-01,2022-03-31,株式会社プレステージ・インターナショナル
S100OBKD,2022-06-24,2022-06-24 09:16,47050,2021-04-01,2022-03-31,株式会社クリップコーポレーション
S100O93D,2022-06-24,2022-06-24 09:18,23340,2021-04-01,2022-03-31,株式会社イオレ
S100OEQ2,2022-06-24,2022-06-24 09:18,79470,2021-04-01,2022-03-31,株式会社エフピコ
S100O90G,2022-06-24,2022-06-24 09:18,43600,2021-04-01,2022-03-31,株式会社マナック・ケミカル・パートナーズ
S100O94W,2022-06-24,2022-06-24 09:19,97990,2021-04-01,2022-03-31,旭情報サービス株式会社
S100OCGO,2022-06-24,2022-06-24 09:21,42880,2021-04-01,2022-03-31,株式会社アズジェント
S100OE0I,2022-06-24,2022-06-24 09:23,66550,2021-04-01,2022-03-31,東洋電機株式会社
S100OC76,2022-06-24,2022-06-24 09:25,99550,2021-04-01,2022-03-31,株式会社ヨンキュウ
S100OERG,2022-06-24,2022-06-24 09:26,74820,2021-04-01,2022-03-31,株式会社シモジマ
S100OD4M,2022-06-24,2022-06-24 09:26,31430,2021-04-01,2022-03-31,オーウイル株式会社
S100OE64,2022-06-24,2022-06-24 09:29,18020,2021-04-01,2022-03-31,株式会社大林組
S100OETB,2022-06-24,2022-06-24 09:29,47650,2021-04-01,2022-03-31,モーニングスター株式会社
S100OBV6,2022-06-24,2022-06-24 09:30,39460,2021-04-01,2022-03-31,株式会社トーモク
S100OEKT,2022-06-24,2022-06-24 09:31,22910,2021-04-01,2022-03-31,福留ハム株式会社
S100ODTA,2022-06-24,2022-06-24 09:32,92680,2021-04-01,2022-03-31,株式会社オプティマスグループ
S100OES2,2022-06-24,2022-06-24 09:33,62540,2021-04-01,2022-03-31,野村マイクロ・サイエンス株式会社
S100OAH3,2022-06-24,2022-06-24 09:33,64840,2021-04-01,2022-03-31,株式会社ＫＶＫ
S100OAON,2022-06-24,2022-06-24 09:34,83680,2021-04-01,2022-03-31,株式会社　百五銀行
S100ODCI,2022-06-24,2022-06-24 09:35,59690,2021-04-01,2022-03-31,株式会社ロブテックス
S100OEJO,2022-06-24,2022-06-24 09:36,33950,2021-04-01,2022-03-31,株式会社サンマルクホールディングス
S100OECU,2022-06-24,2022-06-24 09:37,60590,2021-04-01,2022-03-31,株式会社ウチヤマホールディングス
S100ODZP,2022-06-24,2022-06-24 09:45,96840,2021-04-01,2022-03-31,株式会社スクウェア・エニックス・ホールディングス
S100OEVE,2022-06-24,2022-06-24 09:46,59490,2021-04-01,2022-03-31,ユニプレス株式会社
S100OCLH,2022-06-24,2022-06-24 09:49,53860,2021-04-01,2022-03-31,株式会社鶴弥
S100OAP9,2022-06-24,2022-06-24 09:51,64670,2021-04-01,2022-03-31,株式会社ニチダイ
S100OB77,2022-06-24,2022-06-24 09:51,65180,2021-04-01,2022-03-31,三相電機株式会社
S100OF5G,2022-06-24,2022-06-24 09:51,53570,2021-04-01,2022-03-31,株式会社　ヨータイ
S100OE5G,2022-06-24,2022-06-24 10:00,42280,2021-04-01,2022-03-31,積水化成品工業株式会社
S100OF4T,2022-06-24,2022-06-24 10:04,75950,2021-04-01,2022-03-31,株式会社アルゴグラフィックス
S100OET8,2022-06-24,2022-06-24 10:05,43330,2021-04-01,2022-03-31,株式会社東邦システムサイエンス
S100O9U5,2022-06-24,2022-06-24 10:07,83090,2021-04-01,2022-03-31,三井住友トラスト・ホールディングス株式会社
S100OEHU,2022-06-24,2022-06-24 10:09,78230,2021-04-01,2022-03-31,株式会社アートネイチャー
S100OEJJ,2022-06-24,2022-06-24 10:12,78370,2021-04-01,2022-03-31,株式会社アールシーコア
S100OAPZ,2022-06-24,2022-06-24 10:12,77710,2021-04-01,2022-03-31,日本精密株式会社
S100OE2X,2022-06-24,2022-06-24 10:15,94050,2021-04-01,2022-03-31,朝日放送グループホールディングス株式会社
S100OF6P,2022-06-24,2022-06-24 10:16,85600,2021-04-01,2022-03-31,株式会社　宮崎太陽銀行
S100OF7V,2022-06-24,2022-06-24 10:16,92560,2021-04-01,2022-03-31,株式会社サクシード
S100OEJS,2022-06-24,2022-06-24 10:19,79060,2021-04-01,2022-03-31,ヨネックス株式会社
S100OF88,2022-06-24,2022-06-24 10:25,59290,2021-04-01,2022-03-31,三和ホールディングス株式会社
S100OF3O,2022-06-24,2022-06-24 10:26,38510,2021-04-01,2022-03-31,株式会社日本一ソフトウェア
S100OF9F,2022-06-24,2022-06-24 10:29,76020,2021-04-01,2022-03-31,株式会社カーチスホールディングス
S100OF7O,2022-06-24,2022-06-24 10:32,83920,2021-04-01,2022-03-31,株式会社大分銀行
S100OEHH,2022-06-24,2022-06-24 10:33,52800,2021-04-01,2022-03-31,ヨシコン株式会社
S100OE1P,2022-06-24,2022-06-24 10:35,96580,2021-04-01,2022-03-31,株式会社ビジネスブレイン太田昭和
S100OECF,2022-06-24,2022-06-24 10:46,19760,2021-04-01,2022-03-31,明星工業株式会社
S100NYHC,2022-06-24,2022-06-24 10:47,90350,2021-04-01,2022-03-31,第一交通産業株式会社
S100ODOC,2022-06-24,2022-06-24 10:49,28760,2021-04-01,2022-03-31,株式会社デルソーレ
S100OEBA,2022-06-24,2022-06-24 10:53,78220,2021-04-01,2022-03-31,永大産業株式会社
S100OEVP,2022-06-24,2022-06-24 10:54,97230,2021-04-01,2022-03-31,株式会社京都ホテル
S100OF9X,2022-06-24,2022-06-24 10:55,39320,2021-04-01,2022-03-31,株式会社アカツキ
S100OEPA,2022-06-24,2022-06-24 10:57,87000,2021-04-01,2022-03-31,丸八証券株式会社
S100O3G6,2022-06-24,2022-06-24 11:00,64580,2021-04-01,2022-03-31,新晃工業株式会社
S100OF62,2022-06-24,2022-06-24 11:01,69990,2021-04-01,2022-03-31,ＫＯＡ株式会社
S100ODNS,2022-06-24,2022-06-24 11:03,33410,2021-04-01,2022-03-31,日本調剤株式会社
S100OD1U,2022-06-24,2022-06-24 11:04,74760,2021-04-01,2022-03-31,アズワン株式会社
S100OCE2,2022-06-24,2022-06-24 11:06,45120,2021-04-01,2022-03-31,わかもと製薬株式会社
S100OD6T,2022-06-24,2022-06-24 11:08,77050,2021-04-01,2022-03-31,ジーエルサイエンス株式会社
S100OEIO,2022-06-24,2022-06-24 11:08,78630,2021-04-01,2022-03-31,株式会社平賀
S100OE9U,2022-06-24,2022-06-24 11:09,75090,2021-04-01,2022-03-31,アイエーグループ株式会社
S100OEAX,2022-06-24,2022-06-24 11:09,23970,2021-04-01,2022-03-31,株式会社ＤＮＡチップ研究所
S100OE0D,2022-06-24,2022-06-24 11:11,45070,2021-04-01,2022-03-31,塩野義製薬株式会社
S100OF5F,2022-06-24,2022-06-24 11:12,68590,2021-04-01,2022-03-31,エスペック株式会社
S100OF4K,2022-06-24,2022-06-24 11:13,52770,2021-04-01,2022-03-31,株式会社スパンクリートコーポレーション
S100OD5G,2022-06-24,2022-06-24 11:13,51950,2021-04-01,2022-03-31,バンドー化学株式会社
S100ODKY,2022-06-24,2022-06-24 11:15,80230,2021-04-01,2022-03-31,大興電子通信株式会社
S100OEFV,2022-06-24,2022-06-24 11:19,98320,2021-04-01,2022-03-31,株式会社オートバックスセブン
S100OCJ2,2022-06-24,2022-06-24 11:19,36220,2021-04-01,2022-03-31,ネットイヤーグループ株式会社
S100OEPZ,2022-06-24,2022-06-24 11:20,67300,2021-04-01,2022-03-31,株式会社アクセル
S100ODUC,2022-06-24,2022-06-24 11:25,19480,2021-04-01,2022-03-31,株式会社弘電社
S100OCDH,2022-06-24,2022-06-24 11:26,72400,2021-04-01,2022-03-31,ＮＯＫ株式会社
S100OFDJ,2022-06-24,2022-06-24 11:27,72150,2021-04-01,2022-03-31,株式会社ファルテック
S100OEQK,2022-06-24,2022-06-24 11:27,89030,2021-04-01,2022-03-31,株式会社サンウッド
S100ODS7,2022-06-24,2022-06-24 11:29,46780,2021-04-01,2022-03-31,株式会社　秀英予備校
S100OE62,2022-06-24,2022-06-24 11:30,21480,2021-04-01,2022-03-31,アイティメディア株式会社
S100OBEL,2022-06-24,2022-06-24 11:34,54610,2021-04-01,2022-03-31,中部鋼鈑株式会社
S100OFE9,2022-06-24,2022-06-24 11:34,60390,2021-04-01,2022-03-31,株式会社日本動物高度医療センター
S100OF4Q,2022-06-24,2022-06-24 11:36,61510,2021-04-01,2022-03-31,日東工器株式会社
S100OATT,2022-06-24,2022-06-24 11:38,61210,2021-04-01,2022-03-31,株式会社滝澤鉄工所
S100OF9W,2022-06-24,2022-06-24 11:40,96970,2021-04-01,2022-03-31,株式会社カプコン
S100OENM,2022-06-24,2022-06-24 11:40,76470,2021-04-01,2022-03-31,株式会社音通
S100OFB9,2022-06-24,2022-06-24 11:41,41670,2021-04-01,2022-03-31,株式会社ココペリ
S100OAWU,2022-06-24,2022-06-24 11:42,17680,2021-04-01,2022-03-31,株式会社ソネック
S100ODNG,2022-06-24,2022-06-24 11:42,63320,2021-04-01,2022-03-31,月島機械株式会社
S100OBNN,2022-06-24,2022-06-24 11:44,24870,2021-04-01,2022-03-31,株式会社ＣＤＧ
S100O8NP,2022-06-24,2022-06-24 11:44,54100,2021-04-01,2022-03-31,合同製鐵株式会社
S100OE36,2022-06-24,2022-06-24 11:52,65700,2021-04-01,2022-03-31,株式会社共和コーポレーション
S100OEW1,2022-06-24,2022-06-24 11:52,53680,2021-04-01,2022-03-31,日本インシュレーション株式会社
S100OFFU,2022-06-24,2022-06-24 11:54,34340,2021-04-01,2022-03-31,株式会社アルファ
S100ODLJ,2022-06-24,2022-06-24 11:58,40420,2021-04-01,2022-03-31,東ソー株式会社
S100OAVO,2022-06-24,2022-06-24 12:02,19500,2021-04-01,2022-03-31,日本電設工業株式会社
S100OEXE,2022-06-24,2022-06-24 12:03,87070,2021-04-01,2022-03-31,岩井コスモホールディングス株式会社
S100OFCY,2022-06-24,2022-06-24 12:05,81360,2021-04-01,2022-03-31,株式会社サンリオ
S100ODM9,2022-06-24,2022-06-24 12:06,69010,2021-04-01,2022-03-31,澤藤電機株式会社
S100ODLQ,2022-06-24,2022-06-24 12:06,28040,2021-04-01,2022-03-31,ブルドックソース株式会社
S100O8PY,2022-06-24,2022-06-24 12:08,80450,2021-04-01,2022-03-31,横浜丸魚株式会社
S100OEWF,2022-06-24,2022-06-24 12:10,79870,2021-04-01,2022-03-31,ナカバヤシ株式会社
S100OF65,2022-06-24,2022-06-24 12:11,59940,2021-04-01,2022-03-31,株式会社ファインシンター
S100OFG8,2022-06-24,2022-06-24 12:12,26660,2021-04-01,2022-03-31,株式会社　オートウェーブ
S100OF3Q,2022-06-24,2022-06-24 12:15,71050,2021-04-01,2022-03-31,三菱ロジスネクスト株式会社
S100OEZM,2022-06-24,2022-06-24 12:20,94790,2021-04-01,2022-03-31,株式会社インプレスホールディングス
S100OC53,2022-06-24,2022-06-24 12:20,96960,2021-04-01,2022-03-31,株式会社ウィザス
S100ODSS,2022-06-24,2022-06-24 12:24,67520,2021-04-01,2022-03-31,パナソニックホールディングス株式会社
S100OEIJ,2022-06-24,2022-06-24 12:24,62930,2021-04-01,2022-03-31,日精樹脂工業株式会社
S100OEZU,2022-06-24,2022-06-24 12:26,88970,2021-04-01,2022-03-31,株式会社タカラレーベン
S100OD0L,2022-06-24,2022-06-24 12:28,22930,2021-04-01,2022-03-31,滝沢ハム株式会社
S100OAQU,2022-06-24,2022-06-24 12:29,75520,2021-04-01,2022-03-31,株式会社ハピネット
S100OCRF,2022-06-24,2022-06-24 12:36,55410,2021-04-01,2022-03-31,大平洋金属株式会社
S100ODWS,2022-06-24,2022-06-24 12:45,34420,2021-04-01,2022-03-31,株式会社ＭＩＥコーポレーション
S100OC8A,2022-06-24,2022-06-24 12:46,67420,2021-04-01,2022-03-31,株式会社京三製作所
S100OEF8,2022-06-24,2022-06-24 12:47,54580,2021-04-01,2022-03-31,高砂鐵工株式会社
S100OD7G,2022-06-24,2022-06-24 12:49,54710,2021-04-01,2022-03-31,大同特殊鋼株式会社
S100O9NQ,2022-06-24,2022-06-24 12:50,97590,2021-04-01,2022-03-31,株式会社ＮＳＤ
S100OE1B,2022-06-24,2022-06-24 12:50,43080,2021-04-01,2022-03-31,株式会社Ｊストリーム
S100OB6X,2022-06-24,2022-06-24 12:51,80760,2021-04-01,2022-03-31,株式会社カノークス
S100ODMS,2022-06-24,2022-06-24 12:53,35830,2021-04-01,2022-03-31,オーベクス株式会社
S100OCKZ,2022-06-24,2022-06-24 12:54,80910,2021-04-01,2022-03-31,ニチモウ株式会社
S100OFCS,2022-06-24,2022-06-24 12:55,62860,2021-04-01,2022-03-31,靜甲株式会社
S100ODNT,2022-06-24,2022-06-24 12:55,93660,2021-04-01,2022-03-31,株式会社サンリツ
S100OASF,2022-06-24,2022-06-24 12:56,85270,2021-04-01,2022-03-31,株式会社愛知銀行
S100ODNL,2022-06-24,2022-06-24 12:59,46850,2021-04-01,2022-03-31,株式会社菱友システムズ
S100OFBI,2022-06-24,2022-06-24 13:00,71300,2021-04-01,2022-03-31,ヤマエグループホールディングス株式会社
S100ODXY,2022-06-24,2022-06-24 13:01,62380,2021-04-01,2022-03-31,フリュー株式会社
S100OEBM,2022-06-24,2022-06-24 13:03,22960,2021-04-01,2022-03-31,伊藤ハム米久ホールディングス株式会社
S100OACU,2022-06-24,2022-06-24 13:03,79790,2021-04-01,2022-03-31,株式会社松風
S100OF36,2022-06-24,2022-06-24 13:05,99600,2021-04-01,2022-03-31,東テク株式会社
S100OEPJ,2022-06-24,2022-06-24 13:05,74330,2021-04-01,2022-03-31,伯東株式会社
S100OD08,2022-06-24,2022-06-24 13:05,80150,2021-04-01,2022-03-31,豊田通商株式会社
S100OFIF,2022-06-24,2022-06-24 13:05,79500,2021-04-01,2022-03-31,日本デコラックス株式会社
S100ODTY,2022-06-24,2022-06-24 13:07,97420,2021-04-01,2022-03-31,株式会社アイネス
S100OCBL,2022-06-24,2022-06-24 13:07,20600,2021-04-01,2022-03-31,フィード・ワン株式会社
S100ODTR,2022-06-24,2022-06-24 13:07,61650,2021-04-01,2022-03-31,パンチ工業株式会社
S100ODYT,2022-06-24,2022-06-24 13:09,44140,2021-04-01,2022-03-31,株式会社フレクト
S100ODK2,2022-06-24,2022-06-24 13:09,80740,2021-04-01,2022-03-31,ユアサ商事株式会社
S100OESW,2022-06-24,2022-06-24 13:10,64930,2021-04-01,2022-03-31,株式会社ＮＩＴＴＡＮ
S100ODZ5,2022-06-24,2022-06-24 13:12,56950,2021-04-01,2022-03-31,パウダーテック株式会社
S100OEH1,2022-06-24,2022-06-24 13:12,72290,2021-04-01,2022-03-31,株式会社ユタカ技研
S100OCP7,2022-06-24,2022-06-24 13:13,67410,2021-04-01,2022-03-31,日本信号株式会社
S100OEYV,2022-06-24,2022-06-24 13:15,95350,2021-04-01,2022-03-31,広島ガス株式会社
S100OEBV,2022-06-24,2022-06-24 13:16,31010,2021-04-01,2022-03-31,東洋紡株式会社
S100OEUN,2022-06-24,2022-06-24 13:18,81030,2021-04-01,2022-03-31,明和産業株式会社
S100ODZJ,2022-06-24,2022-06-24 13:18,44010,2021-04-01,2022-03-31,株式会社ＡＤＥＫＡ
S100ODZN,2022-06-24,2022-06-24 13:19,40230,2021-04-01,2022-03-31,株式会社クレハ
S100ODWQ,2022-06-24,2022-06-24 13:19,28770,2021-04-01,2022-03-31,日東ベスト株式会社
S100ODEO,2022-06-24,2022-06-24 13:20,40970,2021-04-01,2022-03-31,高圧ガス工業株式会社
S100ODRD,2022-06-24,2022-06-24 13:20,18840,2021-04-01,2022-03-31,日本道路株式会社
S100OBS1,2022-06-24,2022-06-24 13:22,90650,2021-04-01,2022-03-31,山九株式会社
S100OFDA,2022-06-24,2022-06-24 13:25,65440,2021-04-01,2022-03-31,ジャパンエレベーターサービスホールディングス株式会社
S100ODQ8,2022-06-24,2022-06-24 13:26,56320,2021-04-01,2022-03-31,三菱製鋼株式会社
S100OBOM,2022-06-24,2022-06-24 13:29,68380,2021-04-01,2022-03-31,株式会社多摩川ホールディングス
S100OEQC,2022-06-24,2022-06-24 13:29,20040,2021-04-01,2022-03-31,昭和産業株式会社
S100OCDN,2022-06-24,2022-06-24 13:29,26020,2021-04-01,2022-03-31,日清オイリオグループ株式会社
S100OE94,2022-06-24,2022-06-24 13:30,74590,2021-04-01,2022-03-31,株式会社メディパルホールディングス
S100OB0Z,2022-06-24,2022-06-24 13:32,86300,2021-04-01,2022-03-31,ＳＯＭＰＯホールディングス株式会社
S100ODDQ,2022-06-24,2022-06-24 13:32,37710,2021-04-01,2022-03-31,株式会社システムリサーチ
S100OELX,2022-06-24,2022-06-24 13:32,83600,2021-04-01,2022-03-31,株式会社　山梨中央銀行
S100OBSX,2022-06-24,2022-06-24 13:33,79450,2021-04-01,2022-03-31,コマニー株式会社
S100OE9A,2022-06-24,2022-06-24 13:33,81370,2021-04-01,2022-03-31,サンワテクノス株式会社
S100OAQ6,2022-06-24,2022-06-24 13:35,20530,2021-04-01,2022-03-31,中部飼料株式会社
S100OAL5,2022-06-24,2022-06-24 13:36,72540,2021-04-01,2022-03-31,株式会社ユニバンス
S100O9JR,2022-06-24,2022-06-24 13:37,39700,2021-04-01,2022-03-31,株式会社イノベーション
S100OA49,2022-06-24,2022-06-24 13:38,48320,2021-04-01,2022-03-31,ＪＦＥシステムズ株式会社
S100OEUH,2022-06-24,2022-06-24 13:40,51860,2021-04-01,2022-03-31,ニッタ株式会社
S100OFKH,2022-06-24,2022-06-24 13:44,47920,2021-04-01,2022-03-31,山田コンサルティンググループ株式会社
S100OEJ3,2022-06-24,2022-06-24 13:48,27640,2021-04-01,2022-03-31,株式会社ひらまつ
S100OES6,2022-06-24,2022-06-24 13:50,68550,2021-04-01,2022-03-31,日本電子材料株式会社
S100OEDN,2022-06-24,2022-06-24 13:52,31790,2021-04-01,2022-03-31,シュッピン株式会社
S100OENK,2022-06-24,2022-06-24 13:53,94120,2021-04-01,2022-03-31,株式会社スカパーＪＳＡＴホールディングス
S100ODSQ,2022-06-24,2022-06-24 13:54,47700,2021-04-01,2022-03-31,図研エルミック株式会社
S100OD5V,2022-06-24,2022-06-24 13:54,80750,2021-04-01,2022-03-31,神鋼商事株式会社
S100OCV5,2022-06-24,2022-06-24 13:54,21270,2021-04-01,2022-03-31,株式会社日本Ｍ＆Ａセンターホールディングス
S100OF3Y,2022-06-24,2022-06-24 13:55,62080,2021-04-01,2022-03-31,株式会社石川製作所
S100OEP5,2022-06-24,2022-06-24 13:56,93550,2021-04-01,2022-03-31,株式会社リンコーコーポレーション
S100OA5T,2022-06-24,2022-06-24 13:56,57530,2021-04-01,2022-03-31,日本伸銅株式会社
S100OCU5,2022-06-24,2022-06-24 13:56,63420,2021-04-01,2022-03-31,株式会社太平製作所
S100OE7U,2022-06-24,2022-06-24 13:59,40920,2021-04-01,2022-03-31,日本化学工業株式会社
S100OD03,2022-06-24,2022-06-24 13:59,80010,2021-04-01,2022-03-31,伊藤忠商事株式会社
S100OEH2,2022-06-24,2022-06-24 14:00,80200,2021-04-01,2022-03-31,兼松株式会社
S100OBSY,2022-06-24,2022-06-24 14:00,77800,2021-04-01,2022-03-31,株式会社メニコン
S100OE28,2022-06-24,2022-06-24 14:00,80530,2021-04-01,2022-03-31,住友商事株式会社
S100OB5Z,2022-06-24,2022-06-24 14:00,96000,2021-04-01,2022-03-31,株式会社アイネット
S100OE2I,2022-06-24,2022-06-24 14:01,56070,2021-04-01,2022-03-31,中央可鍛工業株式会社
S100OEW9,2022-06-24,2022-06-24 14:01,40310,2021-04-01,2022-03-31,片倉コープアグリ株式会社
S100OBTY,2022-06-24,2022-06-24 14:02,94710,2021-04-01,2022-03-31,株式会社文溪堂
S100OF8C,2022-06-24,2022-06-24 14:02,97060,2021-04-01,2022-03-31,日本空港ビルデング株式会社
S100OBR9,2022-06-24,2022-06-24 14:04,69370,2021-04-01,2022-03-31,古河電池株式会社
S100OEK9,2022-06-24,2022-06-24 14:05,87660,2021-04-01,2022-03-31,東京海上ホールディングス株式会社
S100O67T,2022-06-24,2022-06-24 14:06,66700,2021-04-01,2022-03-31,株式会社ＭＣＪ
S100OF8G,2022-06-24,2022-06-24 14:08,70590,2021-04-01,2022-03-31,株式会社コプロ・ホールディングス
S100ODR5,2022-06-24,2022-06-24 14:08,70600,2021-04-01,2022-03-31,ギークス株式会社
S100OEAZ,2022-06-24,2022-06-24 14:08,48370,2021-04-01,2022-03-31,シダックス株式会社
S100ODVL,2022-06-24,2022-06-24 14:10,64070,2021-04-01,2022-03-31,ＣＫＤ株式会社
S100OFJR,2022-06-24,2022-06-24 14:11,63820,2021-04-01,2022-03-31,トリニティ工業株式会社
S100OFGP,2022-06-24,2022-06-24 14:11,85300,2021-04-01,2022-03-31,株式会社中京銀行
S100OFNS,2022-06-24,2022-06-24 14:11,73270,2021-04-01,2022-03-31,株式会社第四北越フィナンシャルグループ
S100ODSU,2022-06-24,2022-06-24 14:13,68690,2021-04-01,2022-03-31,シスメックス株式会社
S100OAP7,2022-06-24,2022-06-24 14:14,75380,2021-04-01,2022-03-31,株式会社大水
S100OAR4,2022-06-24,2022-06-24 14:14,85720,2021-04-01,2022-03-31,アコム株式会社
S100OE7X,2022-06-24,2022-06-24 14:14,43890,2021-04-01,2022-03-31,プロパティデータバンク株式会社
S100OFPG,2022-06-24,2022-06-24 14:14,33880,2021-04-01,2022-03-31,明治電機工業株式会社
S100OBRY,2022-06-24,2022-06-24 14:15,72170,2021-04-01,2022-03-31,株式会社テイン
S100ODIU,2022-06-24,2022-06-24 14:15,80070,2021-04-01,2022-03-31,高島株式会社
S100ODW2,2022-06-24,2022-06-24 14:16,67040,2021-04-01,2022-03-31,岩崎通信機株式会社
S100OEL9,2022-06-24,2022-06-24 14:17,49140,2021-04-01,2022-03-31,高砂香料工業株式会社
S100ODOF,2022-06-24,2022-06-24 14:17,63810,2021-04-01,2022-03-31,アネスト岩田株式会社
S100OEEF,2022-06-24,2022-06-24 14:20,68460,2021-04-01,2022-03-31,株式会社中央製作所
S100OEBU,2022-06-24,2022-06-24 14:20,52730,2021-04-01,2022-03-31,三谷セキサン株式会社
S100OCR3,2022-06-24,2022-06-24 14:21,34070,2021-04-01,2022-03-31,旭化成株式会社
S100OFN6,2022-06-24,2022-06-24 14:21,85630,2021-04-01,2022-03-31,株式会社大東銀行
S100OFS3,2022-06-24,2022-06-24 14:21,99040,2021-04-01,2022-03-31,株式会社ベリテ
S100OD47,2022-06-24,2022-06-24 14:22,82180,2021-04-01,2022-03-31,株式会社コメリ
S100OC6K,2022-06-24,2022-06-24 14:22,73150,2021-04-01,2022-03-31,株式会社ＩＪＴＴ
S100ODQV,2022-06-24,2022-06-24 14:22,67620,2021-04-01,2022-03-31,ＴＤＫ株式会社
S100OCUV,2022-06-24,2022-06-24 14:26,99840,2021-04-01,2022-03-31,ソフトバンクグループ株式会社
S100ODZS,2022-06-24,2022-06-24 14:27,66140,2021-04-01,2022-03-31,株式会社シキノハイテック
S100OC0E,2022-06-24,2022-06-24 14:27,83440,2021-04-01,2022-03-31,株式会社山形銀行
S100OCGE,2022-06-24,2022-06-24 14:29,99870,2021-04-01,2022-03-31,株式会社スズケン
S100O9OH,2022-06-24,2022-06-24 14:30,68750,2021-04-01,2022-03-31,株式会社メガチップス
S100O8KZ,2022-06-24,2022-06-24 14:30,53340,2021-04-01,2022-03-31,日本特殊陶業株式会社
S100OED4,2022-06-24,2022-06-24 14:33,13010,2021-04-01,2022-03-31,株式会社　極洋
S100OEUK,2022-06-24,2022-06-24 14:35,23420,2021-04-01,2022-03-31,株式会社トランスジェニック
S100OFQU,2022-06-24,2022-06-24 14:36,93850,2021-04-01,2022-03-31,株式会社ショーエイコーポレーション
S100OENE,2022-06-24,2022-06-24 14:36,17750,2021-04-01,2022-03-31,富士古河Ｅ＆Ｃ株式会社
S100OETJ,2022-06-24,2022-06-24 14:36,68230,2021-04-01,2022-03-31,リオン株式会社
S100OE5O,2022-06-24,2022-06-24 14:37,80020,2021-04-01,2022-03-31,丸紅株式会社
S100OE8Q,2022-06-24,2022-06-24 14:37,69940,2021-04-01,2022-03-31,株式会社指月電機製作所
S100ODVE,2022-06-24,2022-06-24 14:37,23350,2021-04-01,2022-03-31,株式会社キューブシステム
S100OEDQ,2022-06-24,2022-06-24 14:38,26920,2021-04-01,2022-03-31,伊藤忠食品株式会社
S100OFS9,2022-06-24,2022-06-24 14:38,85850,2021-04-01,2022-03-31,株式会社オリエントコーポレーション
S100OE4T,2022-06-24,2022-06-24 14:39,76280,2021-04-01,2022-03-31,株式会社オーハシテクニカ
S100OEAC,2022-06-24,2022-06-24 14:39,46650,2021-04-01,2022-03-31,株式会社ダスキン
S100OBH9,2022-06-24,2022-06-24 14:39,19380,2021-04-01,2022-03-31,日本リーテック株式会社
S100OFHJ,2022-06-24,2022-06-24 14:40,43490,2021-04-01,2022-03-31,株式会社テスク
S100OEWN,2022-06-24,2022-06-24 14:42,82300,2021-04-01,2022-03-31,株式会社はせがわ
S100OE3W,2022-06-24,2022-06-24 14:45,28710,2021-04-01,2022-03-31,株式会社ニチレイ
S100OD70,2022-06-24,2022-06-24 14:47,67870,2021-04-01,2022-03-31,株式会社メイコー
S100OEFS,2022-06-24,2022-06-24 14:47,60720,2021-04-01,2022-03-31,地盤ネットホールディングス株式会社
S100OE6D,2022-06-24,2022-06-24 14:48,59230,2021-04-01,2022-03-31,高田機工株式会社
S100OD22,2022-06-24,2022-06-24 14:48,72240,2021-04-01,2022-03-31,新明和工業株式会社
S100OFT1,2022-06-24,2022-06-24 14:48,47180,2021-04-01,2022-03-31,株式会社早稲田アカデミー
S100OEOC,2022-06-24,2022-06-24 14:49,85540,2021-04-01,2022-03-31,株式会社南日本銀行
S100OBJ8,2022-06-24,2022-06-24 14:50,83340,2021-04-01,2022-03-31,株式会社　群馬銀行
S100OBAQ,2022-06-24,2022-06-24 14:52,42290,2021-04-01,2022-03-31,群栄化学工業株式会社
S100OEGA,2022-06-24,2022-06-24 14:55,62100,2021-04-01,2022-03-31,東洋機械金属株式会社
S100OET5,2022-06-24,2022-06-24 14:55,54230,2021-04-01,2022-03-31,東京製鐵株式会社
S100OFPA,2022-06-24,2022-06-24 14:55,73130,2021-04-01,2022-03-31,テイ・エス　テック株式会社
S100OFO7,2022-06-24,2022-06-24 14:56,36820,2021-04-01,2022-03-31,エンカレッジ・テクノロジ株式会社
S100OCXZ,2022-06-24,2022-06-24 14:59,29760,2021-04-01,2022-03-31,日本グランデ株式会社
S100OE7Q,2022-06-24,2022-06-24 14:59,56440,2021-04-01,2022-03-31,株式会社メタルアート
S100OE3X,2022-06-24,2022-06-24 15:00,70180,2021-04-01,2022-03-31,内海造船株式会社
S100OC77,2022-06-24,2022-06-24 15:00,66980,2021-04-01,2022-03-31,ヴィスコ・テクノロジーズ株式会社
S100OE2F,2022-06-24,2022-06-24 15:00,44910,2021-04-01,2022-03-31,コンピューターマネージメント株式会社
S100ODZE,2022-06-24,2022-06-24 15:00,56310,2021-04-01,2022-03-31,株式会社日本製鋼所
S100OFLP,2022-06-24,2022-06-24 15:00,90210,2021-04-01,2022-03-31,西日本旅客鉄道株式会社
S100OFHP,2022-06-24,2022-06-24 15:00,60820,2021-04-01,2022-03-31,株式会社ライドオンエクスプレスホールディングス
S100OEZA,2022-06-24,2022-06-24 15:00,35780,2021-04-01,2022-03-31,倉庫精練株式会社
S100OD5U,2022-06-24,2022-06-24 15:00,47360,2021-04-01,2022-03-31,日本ラッド株式会社
S100O66A,2022-06-24,2022-06-24 15:00,65680,2021-04-01,2022-03-31,神戸天然物化学株式会社
S100O831,2022-06-24,2022-06-24 15:00,40990,2021-04-01,2022-03-31,四国化成工業株式会社
S100OC1D,2022-06-24,2022-06-24 15:00,19510,2021-04-01,2022-03-31,エクシオグループ株式会社
S100OD9B,2022-06-24,2022-06-24 15:00,50280,2021-04-01,2022-03-31,セカンドサイトアナリティカ株式会社
S100OFR0,2022-06-24,2022-06-24 15:00,19710,2021-04-01,2022-03-31,中央ビルト工業株式会社
S100OESR,2022-06-24,2022-06-24 15:01,51990,2021-04-01,2022-03-31,不二ラテックス株式会社
S100OEI8,2022-06-24,2022-06-24 15:01,98100,2021-04-01,2022-03-31,日鉄物産株式会社
S100ODAW,2022-06-24,2022-06-24 15:01,79580,2021-04-01,2022-03-31,天馬株式会社
S100OEL7,2022-06-24,2022-06-24 15:01,94340,2021-04-01,2022-03-31,ソフトバンク株式会社
S100OFGB,2022-06-24,2022-06-24 15:01,21750,2021-04-01,2022-03-31,株式会社エス・エム・エス
S100OC6V,2022-06-24,2022-06-24 15:01,41130,2021-04-01,2022-03-31,田岡化学工業株式会社
S100OFEN,2022-06-24,2022-06-24 15:01,34670,2021-04-01,2022-03-31,アグレ都市デザイン株式会社
S100OFQT,2022-06-24,2022-06-24 15:02,75230,2021-04-01,2022-03-31,アールビバン株式会社
S100OF8W,2022-06-24,2022-06-24 15:02,14200,2021-04-01,2022-03-31,サンヨーホームズ株式会社
S100ODYH,2022-06-24,2022-06-24 15:02,58020,2021-04-01,2022-03-31,住友電気工業株式会社
S100ODKU,2022-06-24,2022-06-24 15:04,71870,2021-04-01,2022-03-31,ジェイリース株式会社
S100OEF5,2022-06-24,2022-06-24 15:04,56600,2021-04-01,2022-03-31,神鋼鋼線工業株式会社
S100OEYY,2022-06-24,2022-06-24 15:04,58050,2021-04-01,2022-03-31,昭和電線ホールディングス株式会社
S100OE3D,2022-06-24,2022-06-24 15:04,78150,2021-04-01,2022-03-31,東京ボード工業株式会社
S100OFWD,2022-06-24,2022-06-24 15:04,33750,2021-04-01,2022-03-31,株式会社ＺＯＡ
S100ODD3,2022-06-24,2022-06-24 15:04,53320,2021-04-01,2022-03-31,ＴＯＴＯ株式会社
S100OD0F,2022-06-24,2022-06-24 15:05,61670,2021-04-01,2022-03-31,冨士ダイス株式会社
S100OE2H,2022-06-24,2022-06-24 15:06,17300,2021-04-01,2022-03-31,麻生フオームクリート株式会社
S100OCVJ,2022-06-24,2022-06-24 15:06,45690,2021-04-01,2022-03-31,キョーリン製薬ホールディングス株式会社
S100OF47,2022-06-24,2022-06-24 15:07,70140,2021-04-01,2022-03-31,株式会社名村造船所
S100OE79,2022-06-24,2022-06-24 15:08,63930,2021-04-01,2022-03-31,油研工業株式会社
S100OEI0,2022-06-24,2022-06-24 15:08,66450,2021-04-01,2022-03-31,オムロン株式会社
S100OEOF,2022-06-24,2022-06-24 15:08,23310,2021-04-01,2022-03-31,綜合警備保障株式会社
S100OBLQ,2022-06-24,2022-06-24 15:08,67940,2021-04-01,2022-03-31,フォスター電機株式会社
S100OEK1,2022-06-24,2022-06-24 15:08,45360,2021-04-01,2022-03-31,参天製薬株式会社
S100OFP1,2022-06-24,2022-06-24 15:11,59010,2021-04-01,2022-03-31,東洋製罐グループホールディングス株式会社
S100OEF4,2022-06-24,2022-06-24 15:11,39260,2021-04-01,2022-03-31,株式会社オープンドア
S100OAU3,2022-06-24,2022-06-24 15:12,37080,2021-04-01,2022-03-31,特種東海製紙株式会社
S100OEPB,2022-06-24,2022-06-24 15:13,59850,2021-04-01,2022-03-31,サンコール株式会社
S100OBTW,2022-06-24,2022-06-24 15:15,74380,2021-04-01,2022-03-31,コンドーテック株式会社
S100OF9S,2022-06-24,2022-06-24 15:15,84250,2021-04-01,2022-03-31,みずほリース株式会社
S100OEL3,2022-06-24,2022-06-24 15:16,80720,2021-04-01,2022-03-31,日本出版貿易株式会社
S100OB3P,2022-06-24,2022-06-24 15:16,90860,2021-04-01,2022-03-31,株式会社日立物流
S100OCGM,2022-06-24,2022-06-24 15:16,85370,2021-04-01,2022-03-31,株式会社大光銀行
S100OASY,2022-06-24,2022-06-24 15:18,68340,2021-04-01,2022-03-31,株式会社　精工技研
S100OFZ7,2022-06-24,2022-06-24 15:19,41830,2021-04-01,2022-03-31,三井化学株式会社
S100OFYC,2022-06-24,2022-06-24 15:20,37390,2021-04-01,2022-03-31,コムシード株式会社
S100OFBV,2022-06-24,2022-06-24 15:21,70470,2021-04-01,2022-03-31,ポート株式会社
S100OE5Z,2022-06-24,2022-06-24 15:22,46360,2021-04-01,2022-03-31,株式会社Ｔ＆Ｋ　ＴＯＫＡ
S100OFXY,2022-06-24,2022-06-24 15:22,33470,2021-04-01,2022-03-31,株式会社トラスト
S100OE8P,2022-06-24,2022-06-24 15:23,57030,2021-04-01,2022-03-31,日本軽金属ホールディングス株式会社
S100OFVK,2022-06-24,2022-06-24 15:23,83380,2021-04-01,2022-03-31,株式会社筑波銀行
S100OCVC,2022-06-24,2022-06-24 15:25,19730,2021-04-01,2022-03-31,ＮＥＣネッツエスアイ株式会社
S100OFG2,2022-06-24,2022-06-24 15:27,53440,2021-04-01,2022-03-31,株式会社ＭＡＲＵＷＡ
S100OD1C,2022-06-24,2022-06-24 15:27,70840,2021-04-01,2022-03-31,株式会社Ｋｉｄｓ　Ｓｍｉｌｅ　Ｈｏｌｄｉｎｇｓ
S100OEW3,2022-06-24,2022-06-24 15:29,41250,2021-04-01,2022-03-31,三和油化工業株式会社
S100OE5S,2022-06-24,2022-06-24 15:30,69270,2021-04-01,2022-03-31,ヘリオス　テクノ　ホールディング株式会社
S100OFJC,2022-06-24,2022-06-24 15:30,71270,2021-04-01,2022-03-31,株式会社一家ホールディングス
S100OEYJ,2022-06-24,2022-06-24 15:30,67530,2021-04-01,2022-03-31,シャープ株式会社
S100OEA6,2022-06-24,2022-06-24 15:30,87130,2021-04-01,2022-03-31,フィデアホールディングス株式会社
S100ODXE,2022-06-24,2022-06-24 15:31,34470,2021-04-01,2022-03-31,信和株式会社
S100OCWV,2022-06-24,2022-06-24 15:33,37870,2021-04-01,2022-03-31,株式会社テクノマセマティカル
S100O7UZ,2022-06-24,2022-06-24 15:33,86040,2021-04-01,2022-03-31,野村ホールディングス株式会社
S100OEYR,2022-06-24,2022-06-24 15:33,90660,2021-04-01,2022-03-31,株式会社日新
S100OETT,2022-06-24,2022-06-24 15:34,54810,2021-04-01,2022-03-31,山陽特殊製鋼株式会社
S100OFYV,2022-06-24,2022-06-24 15:35,44360,2021-04-01,2022-03-31,株式会社ミンカブ・ジ・インフォノイド
S100OAYS,2022-06-24,2022-06-24 15:36,61350,2021-04-01,2022-03-31,株式会社　牧野フライス製作所
S100O7VN,2022-06-24,2022-06-24 15:38,70120,2021-04-01,2022-03-31,川崎重工業株式会社
S100OE7P,2022-06-24,2022-06-24 15:41,34220,2021-04-01,2022-03-31,株式会社　丸順
S100OFV7,2022-06-24,2022-06-24 15:41,43470,2021-04-01,2022-03-31,ブロードメディア株式会社
S100OEBK,2022-06-24,2022-06-24 15:45,49870,2021-04-01,2022-03-31,株式会社寺岡製作所
S100OEBO,2022-06-24,2022-06-24 15:46,83370,2021-04-01,2022-03-31,株式会社千葉興業銀行
S100OD0Y,2022-06-24,2022-06-24 15:46,70960,2021-04-01,2022-03-31,株式会社ステムセル研究所
S100OEH4,2022-06-24,2022-06-24 15:47,78710,2021-04-01,2022-03-31,フクビ化学工業株式会社
S100ODYP,2022-06-24,2022-06-24 15:48,90250,2021-04-01,2022-03-31,鴻池運輸株式会社
S100OCV4,2022-06-24,2022-06-24 15:49,72920,2021-04-01,2022-03-31,株式会社村上開明堂
S100OFBB,2022-06-24,2022-06-24 15:55,21370,2021-04-01,2022-03-31,株式会社光ハイツ・ヴェラス
S100OEIA,2022-06-24,2022-06-24 15:55,57140,2021-04-01,2022-03-31,ＤＯＷＡホールディングス株式会社
S100OEWA,2022-06-24,2022-06-24 15:57,27050,2021-04-01,2022-03-31,株式会社大戸屋ホールディングス
S100OBH6,2022-06-24,2022-06-24 15:57,60130,2021-04-01,2022-03-31,株式会社タクマ
S100OG2P,2022-06-24,2022-06-24 15:58,85110,2021-04-01,2022-03-31,日本証券金融株式会社
S100O6ZR,2022-06-24,2022-06-24 15:59,80580,2021-04-01,2022-03-31,三菱商事株式会社
S100OD8O,2022-06-24,2022-06-24 16:00,78400,2021-04-01,2022-03-31,フランスベッドホールディングス株式会社
S100OE5Y,2022-06-24,2022-06-24 16:00,35260,2021-04-01,2022-03-31,芦森工業株式会社
S100OCAU,2022-06-24,2022-06-24 16:01,44610,2021-04-01,2022-03-31,第一工業製薬株式会社
S100OG1T,2022-06-24,2022-06-24 16:01,90830,2021-04-01,2022-03-31,神姫バス株式会社
S100ODJU,2022-06-24,2022-06-24 16:01,63780,2021-04-01,2022-03-31,木村化工機株式会社
S100OCE0,2022-06-24,2022-06-24 16:02,18140,2021-04-01,2022-03-31,大末建設株式会社
S100ODLX,2022-06-24,2022-06-24 16:02,72560,2021-04-01,2022-03-31,河西工業株式会社
S100OFW0,2022-06-24,2022-06-24 16:03,70900,2021-04-01,2022-03-31,株式会社リグア
S100OG2S,2022-06-24,2022-06-24 16:04,36520,2021-04-01,2022-03-31,株式会社ディジタルメディアプロフェッショナル
S100OFZ2,2022-06-24,2022-06-24 16:04,36790,2021-04-01,2022-03-31,株式会社じげん
S100OCVZ,2022-06-24,2022-06-24 16:06,35930,2021-04-01,2022-03-31,株式会社ホギメディカル
S100OG4J,2022-06-24,2022-06-24 16:07,72110,2021-04-01,2022-03-31,三菱自動車工業株式会社
S100ODWA,2022-06-24,2022-06-24 16:07,48870,2021-04-01,2022-03-31,サワイグループホールディングス株式会社
S100OEB5,2022-06-24,2022-06-24 16:08,98200,2021-04-01,2022-03-31,エムティジェネックス株式会社
S100OE8Y,2022-06-24,2022-06-24 16:08,35370,2021-04-01,2022-03-31,昭栄薬品株式会社
S100OEEK,2022-06-24,2022-06-24 16:09,99620,2021-04-01,2022-03-31,株式会社　ミスミグループ本社
S100OF6N,2022-06-24,2022-06-24 16:12,83770,2021-04-01,2022-03-31,株式会社ほくほくフィナンシャルグループ
S100OE9F,2022-06-24,2022-06-24 16:12,32310,2021-04-01,2022-03-31,野村不動産ホールディングス株式会社
S100OFNG,2022-06-24,2022-06-24 16:12,66320,2021-04-01,2022-03-31,株式会社ＪＶＣケンウッド
S100OG4X,2022-06-24,2022-06-24 16:15,57130,2021-04-01,2022-03-31,住友金属鉱山株式会社
S100OE2P,2022-06-24,2022-06-24 16:16,69630,2021-04-01,2022-03-31,ローム株式会社
S100OBYW,2022-06-24,2022-06-24 16:17,81410,2021-04-01,2022-03-31,新光商事株式会社
S100OG2R,2022-06-24,2022-06-24 16:17,19090,2021-04-01,2022-03-31,日本ドライケミカル株式会社
S100OG50,2022-06-24,2022-06-24 16:18,37930,2021-04-01,2022-03-31,株式会社ドリコム
S100OG52,2022-06-24,2022-06-24 16:19,41880,2021-04-01,2022-03-31,株式会社三菱ケミカルホールディングス
S100OEJZ,2022-06-24,2022-06-24 16:20,81450,2021-04-01,2022-03-31,中部水産株式会社
S100OETS,2022-06-24,2022-06-24 16:24,18930,2021-04-01,2022-03-31,五洋建設株式会社
S100ODCK,2022-06-24,2022-06-24 16:26,31990,2021-04-01,2022-03-31,綿半ホールディングス株式会社
S100OG6Q,2022-06-24,2022-06-24 16:29,17170,2021-04-01,2022-03-31,明豊ファシリティワークス株式会社
S100OCG5,2022-06-24,2022-06-24 16:29,54110,2021-04-01,2022-03-31,ＪＦＥホールディングス株式会社
S100OG77,2022-06-24,2022-06-24 16:33,21830,2021-04-01,2022-03-31,株式会社リニカル
S100OG3M,2022-06-24,2022-06-24 16:34,87390,2021-04-01,2022-03-31,スパークス・グループ株式会社
S100OEGO,2022-06-24,2022-06-24 16:35,44880,2021-04-01,2022-03-31,ＡＩ　ｉｎｓｉｄｅ株式会社
S100OFFW,2022-06-24,2022-06-24 16:38,60700,2021-03-01,2022-03-31,キャリアリンク株式会社
S100OG8F,2022-06-24,2022-06-24 16:39,74190,2021-04-01,2022-03-31,株式会社ノジマ
S100OFUN,2022-06-24,2022-06-24 16:42,39370,2021-04-01,2022-03-31,株式会社Ｕｂｉｃｏｍホールディングス
S100OAG1,2022-06-24,2022-06-24 16:45,23320,2021-04-01,2022-03-31,株式会社クエスト
S100OETC,2022-06-24,2022-06-24 16:46,23230,2021-04-01,2022-03-31,株式会社ｆｏｎｆｕｎ
S100OBML,2022-06-24,2022-06-24 16:47,68630,2021-04-01,2022-03-31,株式会社ニレコ
S100OEMM,2022-06-24,2022-06-24 16:48,93190,2021-04-01,2022-03-31,株式会社中央倉庫
S100OAT9,2022-06-24,2022-06-24 16:49,67070,2021-04-01,2022-03-31,サンケン電気株式会社
S100OG7S,2022-06-24,2022-06-24 16:50,30420,2021-04-01,2022-03-31,株式会社セキュアヴェイル
S100OBZO,2022-06-24,2022-06-24 17:00,78590,2021-04-01,2022-03-31,株式会社アルメディオ
S100OGBB,2022-06-24,2022-06-24 17:04,72390,2021-04-01,2022-03-31,株式会社タチエス
S100OG9R,2022-06-24,2022-06-24 17:06,38000,2021-04-01,2022-03-31,株式会社ユニリタ
S100OFIO,2022-06-27,2022-06-27 09:00,71750,2021-04-01,2022-03-31,今村証券株式会社
S100OFMO,2022-06-27,2022-06-27 09:00,34370,2021-04-01,2022-03-31,特殊電極株式会社
S100OGGI,2022-06-27,2022-06-27 09:00,46580,2021-04-01,2022-03-31,日本空調サービス株式会社
S100OGLJ,2022-06-27,2022-06-27 09:01,75550,2021-04-01,2022-03-31,株式会社大田花き
S100OG8K,2022-06-27,2022-06-27 09:02,88760,2021-04-01,2022-03-31,株式会社リログループ
S100OF3R,2022-06-27,2022-06-27 09:02,81400,2021-04-01,2022-03-31,株式会社リョーサン
S100OELK,2022-06-27,2022-06-27 09:02,84240,2021-04-01,2022-03-31,芙蓉総合リース株式会社
S100OFXX,2022-06-27,2022-06-27 09:03,48160,2021-04-01,2022-03-31,東映アニメーション株式会社
S100OFPL,2022-06-27,2022-06-27 09:03,75500,2021-04-01,2022-03-31,株式会社ゼンショーホールディングス
S100OFJU,2022-06-27,2022-06-27 09:04,45530,2021-04-01,2022-03-31,東和薬品株式会社
S100OE4Y,2022-06-27,2022-06-27 09:05,22880,2021-04-01,2022-03-31,丸大食品株式会社
S100OGAM,2022-06-27,2022-06-27 09:05,19600,2021-04-01,2022-03-31,株式会社サンテック
S100ODXK,2022-06-27,2022-06-27 09:06,63060,2021-04-01,2022-03-31,日工株式会社
S100OFZU,2022-06-27,2022-06-27 09:06,83830,2021-04-01,2022-03-31,株式会社　鳥取銀行
S100OGIK,2022-06-27,2022-06-27 09:06,19410,2021-04-01,2022-03-31,株式会社中電工
S100OFLU,2022-06-27,2022-06-27 09:07,51040,2021-04-01,2022-03-31,日東化工株式会社
S100ODWK,2022-06-27,2022-06-27 09:10,85210,2021-04-01,2022-03-31,株式会社長野銀行
S100OE8O,2022-06-27,2022-06-27 09:11,59660,2021-04-01,2022-03-31,京都機械工具株式会社
S100ODXJ,2022-06-27,2022-06-27 09:11,97900,2021-04-01,2022-03-31,福井コンピュータホールディングス株式会社
S100OA73,2022-06-27,2022-06-27 09:12,72610,2021-04-01,2022-03-31,マツダ株式会社
S100OEL0,2022-06-27,2022-06-27 09:12,42060,2021-04-01,2022-03-31,アイカ工業株式会社
S100O9A6,2022-06-27,2022-06-27 09:13,63950,2021-04-01,2022-03-31,株式会社タダノ
S100OE2N,2022-06-27,2022-06-27 09:13,36410,2021-04-01,2022-03-31,株式会社パピレス
S100OFZ1,2022-06-27,2022-06-27 09:16,78980,2021-04-01,2022-03-31,株式会社ウッドワン
S100OGGE,2022-06-27,2022-06-27 09:17,74140,2021-04-01,2022-03-31,小野建株式会社
S100OF59,2022-06-27,2022-06-27 09:17,13800,2021-04-01,2022-03-31,株式会社秋川牧園
S100OGOE,2022-06-27,2022-06-27 09:18,54490,2021-04-01,2022-03-31,大阪製鐵株式会社
S100OD3S,2022-06-27,2022-06-27 09:18,63170,2021-04-01,2022-03-31,株式会社北川鉄工所
S100O826,2022-06-27,2022-06-27 09:21,66380,2021-04-01,2022-03-31,株式会社ミマキエンジニアリング
S100O86S,2022-06-27,2022-06-27 09:21,77090,2021-04-01,2022-03-31,クボテック株式会社
S100OGU3,2022-06-27,2022-06-27 09:23,43660,2021-04-01,2022-03-31,ダイトーケミックス株式会社
S100OFZG,2022-06-27,2022-06-27 09:24,18130,2021-04-01,2022-03-31,株式会社不動テトラ
S100OFFH,2022-06-27,2022-06-27 09:24,67500,2021-04-01,2022-03-31,エレコム株式会社
S100OFRR,2022-06-27,2022-06-27 09:25,93650,2021-04-01,2022-03-31,トレーディア株式会社
S100ODYD,2022-06-27,2022-06-27 09:26,79050,2021-04-01,2022-03-31,大建工業株式会社
S100OGCJ,2022-06-27,2022-06-27 09:31,47080,2021-04-01,2022-03-31,りらいあコミュニケーションズ株式会社
S100OGV2,2022-06-27,2022-06-27 09:33,62490,2021-04-01,2022-03-31,株式会社ゲームカード・ジョイコホールディングス
S100OFGO,2022-06-27,2022-06-27 09:34,73220,2021-04-01,2022-03-31,株式会社三十三フィナンシャルグループ
S100O9YG,2022-06-27,2022-06-27 09:34,64570,2021-04-01,2022-03-31,グローリー株式会社
S100OBUG,2022-06-27,2022-06-27 09:35,83590,2021-04-01,2022-03-31,株式会社八十二銀行
S100OG84,2022-06-27,2022-06-27 09:36,77230,2021-04-01,2022-03-31,愛知時計電機株式会社
S100OG5J,2022-06-27,2022-06-27 09:36,64620,2021-04-01,2022-03-31,株式会社リケン
S100OEV0,2022-06-27,2022-06-27 09:38,44850,2021-04-01,2022-03-31,株式会社ＪＴＯＷＥＲ
S100OFMY,2022-06-27,2022-06-27 09:38,43310,2021-04-01,2022-03-31,株式会社テイクアンドギヴ・ニーズ
S100OFV2,2022-06-27,2022-06-27 09:40,54630,2021-04-01,2022-03-31,丸一鋼管株式会社
S100OFWK,2022-06-27,2022-06-27 09:42,38020,2021-04-01,2022-03-31,株式会社エコミック
S100OETK,2022-06-27,2022-06-27 09:44,22220,2021-04-01,2022-03-31,寿スピリッツ株式会社
S100OG4G,2022-06-27,2022-06-27 09:44,64050,2021-04-01,2022-03-31,鈴茂器工株式会社
S100OGWP,2022-06-27,2022-06-27 09:50,64950,2021-04-01,2022-03-31,株式会社宮入バルブ製作所
S100OG7R,2022-06-27,2022-06-27 09:50,99080,2021-04-01,2022-03-31,日本電計株式会社
S100OFKG,2022-06-27,2022-06-27 09:52,74770,2021-04-01,2022-03-31,ムラキ株式会社
S100OFOB,2022-06-27,2022-06-27 09:54,38420,2021-04-01,2022-03-31,株式会社ネクストジェン
S100OG4S,2022-06-27,2022-06-27 09:55,97080,2021-04-01,2022-03-31,株式会社帝国ホテル
S100OF41,2022-06-27,2022-06-27 09:56,40800,2021-04-01,2022-03-31,株式会社田中化学研究所
S100OGJ0,2022-06-27,2022-06-27 09:56,59880,2021-04-01,2022-03-31,株式会社パイオラックス
S100OGEC,2022-06-27,2022-06-27 09:57,63510,2021-04-01,2022-03-31,株式会社鶴見製作所
S100OG3O,2022-06-27,2022-06-27 09:58,23490,2021-04-01,2022-03-31,株式会社エヌアイデイ
S100OGVZ,2022-06-27,2022-06-27 10:00,28180,2021-04-01,2022-03-31,株式会社ピエトロ
S100O8GJ,2022-06-27,2022-06-27 10:00,82090,2021-04-01,2022-03-31,株式会社フレンドリー
S100OFGE,2022-06-27,2022-06-27 10:00,71670,2021-04-01,2022-03-31,株式会社めぶきフィナンシャルグループ
S100OG9K,2022-06-27,2022-06-27 10:00,38950,2021-04-01,2022-03-31,ハビックス株式会社
S100OFX0,2022-06-27,2022-06-27 10:00,17980,2021-04-01,2022-03-31,株式会社守谷商会
S100OFRU,2022-06-27,2022-06-27 10:00,17990,2021-04-01,2022-03-31,第一建設工業株式会社
S100OEC9,2022-06-27,2022-06-27 10:01,78750,2021-04-01,2022-03-31,竹田印刷株式会社
S100O9FG,2022-06-27,2022-06-27 10:02,80780,2021-04-01,2022-03-31,阪和興業株式会社
S100OBNM,2022-06-27,2022-06-27 10:03,46900,2021-04-01,2022-03-31,日本パレットプール株式会社
S100OGVJ,2022-06-27,2022-06-27 10:04,20580,2021-04-01,2022-03-31,株式会社ヒガシマル
S100OCRO,2022-06-27,2022-06-27 10:05,22820,2021-04-01,2022-03-31,日本ハム株式会社
S100OF8V,2022-06-27,2022-06-27 10:06,49170,2021-04-01,2022-03-31,株式会社マンダム
S100OB5C,2022-06-27,2022-06-27 10:06,30690,2021-04-01,2022-03-31,株式会社　ＪＦＬＡホールディングス
S100OEJL,2022-06-27,2022-06-27 10:07,61400,2021-04-01,2022-03-31,旭ダイヤモンド工業株式会社
S100OEAW,2022-06-27,2022-06-27 10:08,18260,2021-04-01,2022-03-31,佐田建設株式会社
S100OFNT,2022-06-27,2022-06-27 10:09,54400,2021-04-01,2022-03-31,共英製鋼株式会社
S100OGQA,2022-06-27,2022-06-27 10:12,81730,2021-04-01,2022-03-31,上新電機株式会社
S100OGUS,2022-06-27,2022-06-27 10:12,99860,2021-04-01,2022-03-31,蔵王産業株式会社
S100OFBO,2022-06-27,2022-06-27 10:13,40430,2021-04-01,2022-03-31,株式会社トクヤマ
S100OGA2,2022-06-27,2022-06-27 10:13,62570,2021-04-01,2022-03-31,株式会社藤商事
S100OFGE,2022-06-27,2022-06-27 10:00,71670,2021-04-01,2022-03-31,株式会社めぶきフィナンシャルグループ
S100OFTB,2022-06-27,2022-06-27 10:15,49700,2021-04-01,2022-03-31,東洋合成工業株式会社
S100OGFY,2022-06-27,2022-06-27 10:15,27080,2021-04-01,2022-03-31,株式会社久世
S100OG7U,2022-06-27,2022-06-27 10:16,49720,2021-04-01,2022-03-31,綜研化学株式会社
S100OGZC,2022-06-27,2022-06-27 10:22,38770,2021-04-01,2022-03-31,中越パルプ工業株式会社
S100OE2L,2022-06-27,2022-06-27 10:26,30020,2021-04-01,2022-03-31,グンゼ株式会社
S100OGT3,2022-06-27,2022-06-27 10:28,96280,2021-04-01,2022-03-31,燦ホールディングス株式会社
S100OBPY,2022-06-27,2022-06-27 10:29,45390,2021-04-01,2022-03-31,日本ケミファ株式会社
S100OG45,2022-06-27,2022-06-27 10:36,64450,2021-04-01,2022-03-31,株式会社ジャノメ
S100OD5I,2022-06-27,2022-06-27 10:37,97830,2021-04-01,2022-03-31,株式会社ベネッセホールディングス
S100ODLE,2022-06-27,2022-06-27 10:37,19520,2021-04-01,2022-03-31,新日本空調株式会社
S100OF40,2022-06-27,2022-06-27 10:38,90670,2021-04-01,2022-03-31,株式会社丸運
S100OG2Y,2022-06-27,2022-06-27 10:40,71290,2021-10-01,2022-03-31,ミアヘルサホールディングス株式会社
S100OFTG,2022-06-27,2022-06-27 10:41,76180,2021-04-01,2022-03-31,株式会社ピーシーデポコーポレーション
S100OH17,2022-06-27,2022-06-27 10:42,24750,2021-04-01,2022-03-31,ＷＤＢホールディングス株式会社
S100OGTY,2022-06-27,2022-06-27 10:43,28940,2021-04-01,2022-03-31,石井食品株式会社
S100OFNH,2022-06-27,2022-06-27 10:44,99020,2021-04-01,2022-03-31,株式会社日伝
S100OF37,2022-06-27,2022-06-27 10:47,79430,2021-04-01,2022-03-31,ニチハ株式会社
S100OGIT,2022-06-27,2022-06-27 10:51,98800,2021-04-01,2022-03-31,イノテック株式会社
S100OH3N,2022-06-27,2022-06-27 10:51,70790,2021-04-01,2022-03-31,ＷＤＢココ株式会社
S100OFLQ,2022-06-27,2022-06-27 10:55,17200,2021-04-01,2022-03-31,東急建設株式会社
S100OH33,2022-06-27,2022-06-27 10:56,64820,2021-04-01,2022-03-31,株式会社ユーシン精機
S100OD8K,2022-06-27,2022-06-27 10:57,42950,2021-04-01,2022-03-31,株式会社フェイス
S100OFPH,2022-06-27,2022-06-27 10:57,62580,2021-04-01,2022-03-31,平田機工株式会社
S100OG70,2022-06-27,2022-06-27 11:00,46800,2021-04-01,2022-03-31,株式会社ラウンドワン
S100OFV5,2022-06-27,2022-06-27 11:00,77220,2021-04-01,2022-03-31,国際計測器株式会社
S100ODR1,2022-06-27,2022-06-27 11:01,31660,2021-04-01,2022-03-31,ＯＣＨＩホールディングス株式会社
S100OBR3,2022-06-27,2022-06-27 11:03,63840,2021-04-01,2022-03-31,株式会社昭和真空
S100OGON,2022-06-27,2022-06-27 11:03,86980,2021-04-01,2022-03-31,マネックスグループ株式会社
S100OH3P,2022-06-27,2022-06-27 11:06,76780,2021-04-01,2022-03-31,株式会社あさくま
S100OCA6,2022-06-27,2022-06-27 11:07,49210,2021-04-01,2022-03-31,株式会社ファンケル
S100OBUT,2022-06-27,2022-06-27 11:08,74410,2021-04-01,2022-03-31,株式会社Ｍｉｓｕｍｉ
S100OGAD,2022-06-27,2022-06-27 11:10,38960,2021-04-01,2022-03-31,阿波製紙株式会社
S100OH4W,2022-06-27,2022-06-27 11:11,72140,2021-04-01,2022-03-31,ＧＭＢ株式会社
S100OG4C,2022-06-27,2022-06-27 11:11,73050,2021-04-01,2022-03-31,新家工業株式会社
S100OGVV,2022-06-27,2022-06-27 11:14,65390,2021-04-01,2022-03-31,株式会社ＭＳ－Ｊａｐａｎ
S100OCWL,2022-06-27,2022-06-27 11:14,77350,2021-04-01,2022-03-31,株式会社ＳＣＲＥＥＮホールディングス
S100OFGK,2022-06-27,2022-06-27 11:17,21760,2021-04-01,2022-03-31,株式会社イナリサーチ
S100OE41,2022-06-27,2022-06-27 11:25,74430,2021-04-01,2022-03-31,横浜魚類株式会社
S100OGGK,2022-06-27,2022-06-27 11:30,99130,2021-04-01,2022-03-31,日邦産業株式会社
S100OH8H,2022-06-27,2022-06-27 11:30,68990,2021-04-01,2022-03-31,ＡＳＴＩ株式会社
S100OH2J,2022-06-27,2022-06-27 11:33,53430,2021-04-01,2022-03-31,ニッコー株式会社
S100OH8E,2022-06-27,2022-06-27 11:39,93670,2021-04-01,2022-03-31,大東港運株式会社
S100OH4Y,2022-06-27,2022-06-27 11:42,96980,2021-04-01,2022-03-31,株式会社クレオ
S100OH4I,2022-06-27,2022-06-27 11:43,34350,2021-04-01,2022-03-31,サンコーテクノ株式会社
S100OGIO,2022-06-27,2022-06-27 11:45,34330,2021-04-01,2022-03-31,トーカロ株式会社
S100OCEJ,2022-06-27,2022-06-27 11:45,27950,2021-04-01,2022-03-31,日本プリメックス株式会社
S100OFE6,2022-06-27,2022-06-27 11:49,61180,2021-04-01,2022-03-31,アイダエンジニアリング株式会社
S100OF96,2022-06-27,2022-06-27 11:55,80320,2021-04-01,2022-03-31,日本紙パルプ商事株式会社
S100OE0X,2022-06-27,2022-06-27 11:56,63220,2021-04-01,2022-03-31,株式会社タクミナ
S100OFTR,2022-06-27,2022-06-27 12:00,94680,2021-04-01,2022-03-31,株式会社ＫＡＤＯＫＡＷＡ
S100OABD,2022-06-27,2022-06-27 12:07,23440,2021-04-01,2022-03-31,平安レイサービス株式会社
S100OHCB,2022-06-27,2022-06-27 12:18,26120,2021-04-01,2022-03-31,かどや製油株式会社
S100OH6L,2022-06-27,2022-06-27 12:18,99890,2021-04-01,2022-03-31,株式会社サンドラッグ
S100OEGJ,2022-06-27,2022-06-27 12:20,31900,2021-04-01,2022-03-31,株式会社ホットマン
S100OH5X,2022-06-27,2022-06-27 12:24,30320,2021-04-01,2022-03-31,株式会社ゴルフ・ドゥ
S100OFDZ,2022-06-27,2022-06-27 12:34,65800,2021-04-01,2022-03-31,株式会社ライトアップ
S100OG7A,2022-06-27,2022-06-27 12:45,36260,2021-04-01,2022-03-31,ＴＩＳ株式会社
S100OAYZ,2022-06-27,2022-06-27 12:48,63730,2021-04-01,2022-03-31,大同工業株式会社
S100OEAN,2022-06-27,2022-06-27 12:59,85220,2021-04-01,2022-03-31,株式会社　名古屋銀行
S100OH1V,2022-06-27,2022-06-27 13:00,21460,2021-04-01,2022-03-31,ＵＴグループ株式会社
S100OFMP,2022-06-27,2022-06-27 13:01,19040,2021-04-01,2022-03-31,大成温調株式会社
S100OE35,2022-06-27,2022-06-27 13:03,39430,2021-04-01,2022-03-31,大石産業株式会社
S100OE0P,2022-06-27,2022-06-27 13:03,50130,2021-04-01,2022-03-31,ユシロ化学工業株式会社
S100OH95,2022-06-27,2022-06-27 13:04,88910,2021-04-01,2022-03-31,ＡＭＧホールディングス株式会社
S100O96S,2022-06-27,2022-06-27 13:07,67760,2021-04-01,2022-03-31,天昇電気工業株式会社
S100OHDW,2022-06-27,2022-06-27 13:07,69380,2021-04-01,2022-03-31,双信電機株式会社
S100OH8S,2022-06-27,2022-06-27 13:12,29110,2021-04-01,2022-03-31,旭松食品株式会社
S100ODQF,2022-06-27,2022-06-27 13:13,64800,2021-04-01,2022-03-31,日本トムソン株式会社
S100OH4J,2022-06-27,2022-06-27 13:13,53330,2021-04-01,2022-03-31,日本碍子株式会社
S100OBKG,2022-06-27,2022-06-27 13:18,17800,2021-04-01,2022-03-31,株式会社　ヤマウラ
S100OHD6,2022-06-27,2022-06-27 13:19,70880,2021-04-01,2022-03-31,株式会社フォーラムエンジニアリング
S100OH9R,2022-06-27,2022-06-27 13:26,64940,2021-04-01,2022-03-31,株式会社ＮＦＫホールディングス
S100OH3G,2022-06-27,2022-06-27 13:30,41090,2021-04-01,2022-03-31,ステラケミファ株式会社
S100OGZ0,2022-06-27,2022-06-27 13:30,38530,2021-04-01,2022-03-31,アステリア株式会社
S100OHDU,2022-06-27,2022-06-27 13:32,32210,2021-04-01,2022-03-31,株式会社ヨシックスホールディングス
S100OH3F,2022-06-27,2022-06-27 13:32,63910,2021-04-01,2022-03-31,株式会社加地テック
S100OEEZ,2022-06-27,2022-06-27 13:38,24250,2021-04-01,2022-03-31,株式会社ケアサービス
S100OGWY,2022-06-27,2022-06-27 13:39,19340,2021-04-01,2022-03-31,株式会社ユアテック
S100OHH5,2022-06-27,2022-06-27 13:48,59990,2021-04-01,2022-03-31,イハラサイエンス株式会社
S100OFO6,2022-06-27,2022-06-27 13:50,75540,2021-04-01,2022-03-31,株式会社幸楽苑ホールディングス
S100OEPN,2022-06-27,2022-06-27 13:58,22860,2021-04-01,2022-03-31,林兼産業株式会社
S100OHIR,2022-06-27,2022-06-27 13:58,76150,2021-04-01,2022-03-31,株式会社ＹＵ－ＷＡ　Ｃｒｅａｔｉｏｎ　Ｈｏｌｄｉｎｇｓ
S100OGIH,2022-06-27,2022-06-27 14:00,60880,2021-04-01,2022-03-31,株式会社シグマクシス・ホールディングス
S100OH5U,2022-06-27,2022-06-27 14:00,23070,2021-04-01,2022-03-31,株式会社クロスキャット
S100OH26,2022-06-27,2022-06-27 14:02,58200,2021-04-01,2022-03-31,株式会社三ッ星
S100OGCB,2022-06-27,2022-06-27 14:02,46440,2021-04-01,2022-03-31,イマジニア株式会社
S100OHBE,2022-06-27,2022-06-27 14:06,23510,2021-04-01,2022-03-31,株式会社ＡＳＪ
S100OGWT,2022-06-27,2022-06-27 14:09,65450,2021-04-01,2022-03-31,株式会社インターネットインフィニティー
S100OH92,2022-06-27,2022-06-27 14:13,70400,2021-04-01,2022-03-31,株式会社サン・ライフホールディング
S100OHM1,2022-06-27,2022-06-27 14:21,88810,2021-04-01,2022-03-31,株式会社日神グループホールディングス
S100OHM2,2022-06-27,2022-06-27 14:26,29160,2021-04-01,2022-03-31,仙波糖化工業株式会社
S100OHJL,2022-06-27,2022-06-27 14:26,64200,2021-04-01,2022-03-31,フクシマガリレイ株式会社
S100OHL5,2022-06-27,2022-06-27 14:34,71500,2021-04-01,2022-03-31,株式会社島根銀行
S100OFDN,2022-06-27,2022-06-27 14:35,60270,2021-04-01,2022-03-31,弁護士ドットコム株式会社
S100OHNL,2022-06-27,2022-06-27 14:38,75240,2021-04-01,2022-03-31,マルシェ株式会社
S100OHCI,2022-06-27,2022-06-27 14:38,73370,2021-04-01,2022-03-31,株式会社ひろぎんホールディングス
S100OD53,2022-06-27,2022-06-27 14:47,87250,2021-04-01,2022-03-31,ＭＳ＆ＡＤインシュアランスグループホールディングス株式会社
S100OH2H,2022-06-27,2022-06-27 14:48,72940,2021-04-01,2022-03-31,株式会社ヨロズ
S100OGYO,2022-06-27,2022-06-27 14:51,69610,2021-04-01,2022-03-31,株式会社エンプラス
S100OHCJ,2022-06-27,2022-06-27 14:53,86220,2021-04-01,2022-03-31,水戸証券株式会社
S100OHPH,2022-06-27,2022-06-27 14:56,42160,2021-04-01,2022-03-31,旭有機材株式会社
S100OHG6,2022-06-27,2022-06-27 14:58,35800,2021-04-01,2022-03-31,小松マテーレ株式会社
S100OF5Q,2022-06-27,2022-06-27 14:59,29810,2021-04-01,2022-03-31,株式会社ランディックス
S100OHME,2022-06-27,2022-06-27 15:00,93250,2021-04-01,2022-03-31,ファイズホールディングス株式会社
S100OHL0,2022-06-27,2022-06-27 15:00,94320,2021-04-01,2022-03-31,日本電信電話株式会社
S100OHPV,2022-06-27,2022-06-27 15:00,95170,2021-04-01,2022-03-31,イーレックス株式会社
S100OG3Y,2022-06-27,2022-06-27 15:00,75220,2021-04-01,2022-03-31,ワタミ株式会社
S100OBTP,2022-06-27,2022-06-27 15:00,21560,2021-04-01,2022-03-31,セーラー広告株式会社
S100OHIF,2022-06-27,2022-06-27 15:00,73680,2021-04-01,2022-03-31,表示灯株式会社
S100OH0S,2022-06-27,2022-06-27 15:00,19660,2021-04-01,2022-03-31,株式会社　高田工業所
S100OHKL,2022-06-27,2022-06-27 15:00,67020,2021-04-01,2022-03-31,富士通株式会社
S100OHGW,2022-06-27,2022-06-27 15:01,51030,2021-04-01,2022-03-31,昭和ホールディングス株式会社
S100OGBP,2022-06-27,2022-06-27 15:01,23930,2021-04-01,2022-03-31,株式会社日本ケアサプライ
S100OHFR,2022-06-27,2022-06-27 15:02,76980,2021-04-01,2022-03-31,株式会社アイスコ
S100OE46,2022-06-27,2022-06-27 15:02,94450,2021-04-01,2022-03-31,株式会社フォーバルテレコム
S100OGKJ,2022-06-27,2022-06-27 15:04,90900,2021-04-01,2022-03-31,株式会社丸和運輸機関
S100OH6B,2022-06-27,2022-06-27 15:05,82750,2021-04-01,2022-03-31,株式会社フォーバル
S100OGGU,2022-06-27,2022-06-27 15:05,68620,2021-04-01,2022-03-31,ミナトホールディングス株式会社
S100OHQ4,2022-06-27,2022-06-27 15:06,43680,2021-04-01,2022-03-31,扶桑化学工業株式会社
S100OGGY,2022-06-27,2022-06-27 15:06,44420,2021-04-01,2022-03-31,バルテス株式会社
S100OHR4,2022-06-27,2022-06-27 15:07,47770,2021-04-01,2022-03-31,株式会社ガーラ
S100OFJ0,2022-06-27,2022-06-27 15:08,93110,2021-04-01,2022-03-31,アサガミ株式会社
S100OH1W,2022-06-27,2022-06-27 15:09,68370,2021-04-01,2022-03-31,株式会社京写
S100OH64,2022-06-27,2022-06-27 15:09,42120,2021-04-01,2022-03-31,積水樹脂株式会社
S100OFKJ,2022-06-27,2022-06-27 15:10,63430,2021-04-01,2022-03-31,フリージア・マクロス株式会社
S100OGCK,2022-06-27,2022-06-27 15:11,27540,2021-04-01,2022-03-31,株式会社東葛ホールディングス
S100OGEE,2022-06-27,2022-06-27 15:11,24320,2021-04-01,2022-03-31,株式会社ディー・エヌ・エー
S100OGQX,2022-06-27,2022-06-27 15:14,65880,2021-04-01,2022-03-31,東芝テック株式会社
S100OGCT,2022-06-27,2022-06-27 15:14,26730,2021-04-01,2022-03-31,夢みつけ隊株式会社
S100ODRB,2022-06-27,2022-06-27 15:18,45680,2021-04-01,2022-03-31,第一三共株式会社
S100OHSY,2022-06-27,2022-06-27 15:21,42470,2021-04-01,2022-03-31,ポバール興業株式会社
S100OH10,2022-06-27,2022-06-27 15:22,31730,2021-04-01,2022-03-31,株式会社Ｃｏｍｉｎｉｘ
S100OG5T,2022-06-27,2022-06-27 15:22,84180,2021-04-01,2022-03-31,株式会社山口フィナンシャルグループ
S100OFKY,2022-06-27,2022-06-27 15:25,42420,2021-04-01,2022-03-31,株式会社タカギセイコー
S100OHQO,2022-06-27,2022-06-27 15:27,62460,2021-04-01,2022-03-31,株式会社テクノスマート
S100OHBV,2022-06-27,2022-06-27 15:27,39230,2021-04-01,2022-03-31,株式会社ラクス
S100OG0O,2022-06-27,2022-06-27 15:28,54840,2021-04-01,2022-03-31,東北特殊鋼株式会社
S100OHAG,2022-06-27,2022-06-27 15:29,69260,2021-04-01,2022-03-31,岡谷電機産業株式会社
S100OH43,2022-06-27,2022-06-27 15:30,13750,2021-04-01,2022-03-31,株式会社雪国まいたけ
S100OFVS,2022-06-27,2022-06-27 15:30,66260,2021-04-01,2022-03-31,ＳＥＭＩＴＥＣ株式会社
S100OHTH,2022-06-27,2022-06-27 15:31,62310,2021-04-01,2022-03-31,木村工機株式会社
S100OCGF,2022-06-27,2022-06-27 15:31,65660,2021-04-01,2022-03-31,株式会社要興業
S100OH5D,2022-06-27,2022-06-27 15:31,43870,2021-04-01,2022-03-31,株式会社ＺＵＵ
S100OHD2,2022-06-27,2022-06-27 15:32,76950,2021-04-01,2022-03-31,株式会社交換できるくん
S100OCOI,2022-06-27,2022-06-27 15:33,61660,2021-04-01,2022-03-31,株式会社中村超硬
S100OGGS,2022-06-27,2022-06-27 15:38,32380,2021-04-01,2022-03-31,セントラル総合開発株式会社
S100OG00,2022-06-27,2022-06-27 15:38,43010,2021-04-01,2022-03-31,株式会社アミューズ
S100OBX4,2022-06-27,2022-06-27 15:38,21390,2021-04-01,2022-03-31,株式会社中広
S100OHW8,2022-06-27,2022-06-27 15:43,50710,2021-04-01,2022-03-31,株式会社ヴィス
S100OHTS,2022-06-27,2022-06-27 15:45,66480,2021-04-01,2022-03-31,株式会社かわでん
S100OGBL,2022-06-27,2022-06-27 15:45,77460,2021-04-01,2022-03-31,岡本硝子株式会社
S100OF7C,2022-06-27,2022-06-27 15:46,95340,2021-04-01,2022-03-31,北海道瓦斯株式会社
S100OHMV,2022-06-27,2022-06-27 15:47,36110,2021-04-01,2022-03-31,株式会社マツオカコーポレーション
S100OG6F,2022-06-27,2022-06-27 15:48,83060,2021-04-01,2022-03-31,株式会社三菱ＵＦＪフィナンシャル・グループ
S100OHVD,2022-06-27,2022-06-27 15:49,68940,2021-04-01,2022-03-31,パルステック工業株式会社
S100OHUH,2022-06-27,2022-06-27 15:49,34650,2021-04-01,2022-03-31,ケイアイスター不動産株式会社
S100OGNJ,2022-06-27,2022-06-27 15:50,39620,2021-10-01,2022-03-31,株式会社チェンジ
S100OHWM,2022-06-27,2022-06-27 15:51,66250,2021-04-01,2022-03-31,ＪＡＬＣＯホールディングス株式会社
S100OHTA,2022-06-27,2022-06-27 15:52,44890,2021-04-01,2022-03-31,株式会社ペイロール
S100OHWL,2022-06-27,2022-06-27 15:55,67400,2021-04-01,2022-03-31,株式会社ジャパンディスプレイ
S100OGGO,2022-06-27,2022-06-27 15:59,74750,2021-04-01,2022-03-31,アルビス株式会社
S100OE3Q,2022-06-27,2022-06-27 16:00,77520,2021-04-01,2022-03-31,株式会社リコー
S100OGF8,2022-06-27,2022-06-27 16:00,66990,2021-04-01,2022-03-31,ダイヤモンドエレクトリックホールディングス株式会社
S100OG5K,2022-06-27,2022-06-27 16:00,46860,2021-04-01,2022-03-31,株式会社ジャストシステム
S100OG6G,2022-06-27,2022-06-27 16:00,32840,2021-04-01,2022-03-31,株式会社フージャースホールディングス
S100OGHJ,2022-06-27,2022-06-27 16:02,63830,2021-04-01,2022-03-31,株式会社ダイフク
S100OGUF,2022-06-27,2022-06-27 16:05,19440,2021-04-01,2022-03-31,株式会社きんでん
S100OGXN,2022-06-27,2022-06-27 16:05,76210,2021-04-01,2022-03-31,株式会社うかい
S100OFZD,2022-06-27,2022-06-27 16:06,39270,2021-04-01,2022-03-31,株式会社フーバーブレイン
S100OH0V,2022-06-27,2022-06-27 16:12,30990,2021-04-01,2022-03-31,株式会社三越伊勢丹ホールディングス
S100OHZD,2022-06-27,2022-06-27 16:14,19290,2021-04-01,2022-03-31,日特建設株式会社
S100O6SO,2022-06-27,2022-06-27 16:14,34770,2021-04-01,2022-03-31,フォーライフ株式会社
S100OGC3,2022-06-27,2022-06-27 16:14,92720,2021-04-01,2022-03-31,ブティックス株式会社
S100OGR5,2022-06-27,2022-06-27 16:14,27330,2021-04-01,2022-03-31,株式会社あらた
S100OG4H,2022-06-27,2022-06-27 16:17,60920,2021-04-01,2022-03-31,株式会社エンバイオ・ホールディングス
S100OHSE,2022-06-27,2022-06-27 16:18,64130,2021-04-01,2022-03-31,理想科学工業株式会社
S100OHZX,2022-06-27,2022-06-27 16:19,65020,2021-04-01,2022-03-31,株式会社　東芝
S100OHQ3,2022-06-27,2022-06-27 16:20,14430,2021-04-01,2022-03-31,技研ホールディングス株式会社
S100OI0B,2022-06-27,2022-06-27 16:21,77430,2021-04-01,2022-03-31,株式会社シード
S100OGRP,2022-06-27,2022-06-27 16:23,36660,2021-04-01,2022-03-31,株式会社テクノスジャパン
S100OGZJ,2022-06-27,2022-06-27 16:24,38030,2021-04-01,2022-03-31,イメージ情報開発株式会社
S100OGRQ,2022-06-27,2022-06-27 16:28,49980,2021-04-01,2022-03-31,フマキラー株式会社
S100OHYM,2022-06-27,2022-06-27 16:30,26130,2021-04-01,2022-03-31,株式会社Ｊ－オイルミルズ
S100OF24,2022-06-27,2022-06-27 16:31,75780,2021-04-01,2022-03-31,株式会社ニチリョク
S100OFRN,2022-06-27,2022-06-27 16:31,84390,2021-04-01,2022-03-31,東京センチュリー株式会社
S100OGKK,2022-06-27,2022-06-27 16:33,76190,2021-04-01,2022-03-31,田中商事株式会社
S100OHXO,2022-06-27,2022-06-27 16:35,72380,2021-04-01,2022-03-31,曙ブレーキ工業株式会社
S100OHRE,2022-06-27,2022-06-27 16:35,83620,2021-04-01,2022-03-31,株式会社福井銀行
S100OC4W,2022-06-27,2022-06-27 16:38,48280,2021-04-01,2022-03-31,ビジネスエンジニアリング株式会社
S100OHD5,2022-06-27,2022-06-27 16:38,77450,2021-04-01,2022-03-31,株式会社Ａ＆Ｄホロンホールディングス
S100OCW0,2022-06-27,2022-06-27 16:39,32020,2021-04-01,2022-03-31,ダイトウボウ株式会社
S100OGSP,2022-06-27,2022-06-27 16:39,28130,2021-04-01,2022-03-31,和弘食品株式会社
S100OI0O,2022-06-27,2022-06-27 16:40,87080,2021-04-01,2022-03-31,アイザワ証券グループ株式会社
S100OI18,2022-06-27,2022-06-27 16:40,61930,2021-04-01,2022-03-31,バーチャレクス・ホールディングス株式会社
S100OGBK,2022-06-27,2022-06-27 16:44,42410,2021-04-01,2022-03-31,株式会社アテクト
S100OI10,2022-06-27,2022-06-27 16:47,67360,2021-04-01,2022-03-31,サン電子株式会社
S100OI2P,2022-06-27,2022-06-27 16:54,79460,2021-04-01,2022-03-31,株式会社光陽社
S100OHNP,2022-06-27,2022-06-27 16:56,32910,2021-04-01,2022-03-31,飯田グループホールディングス株式会社
S100OHUG,2022-06-27,2022-06-27 17:03,78600,2021-04-01,2022-03-31,エイベックス株式会社
S100OHS5,2022-06-27,2022-06-27 17:04,60350,2021-04-01,2022-03-31,株式会社アイ・アールジャパンホールディングス
S100OHIA,2022-06-27,2022-06-27 17:06,46910,2021-04-01,2022-03-31,ワシントンホテル株式会社
S100OIGK,2022-06-28,2022-06-28 09:00,44840,2021-04-01,2022-03-31,ランサーズ株式会社
S100O9OQ,2022-06-28,2022-06-28 09:03,57420,2021-04-01,2022-03-31,エヌアイシ・オートテック株式会社
S100OF8Q,2022-06-28,2022-06-28 09:14,59550,2021-04-01,2022-03-31,株式会社ヤマシナ
S100OFI0,2022-06-28,2022-06-28 09:18,86240,2021-04-01,2022-03-31,いちよし証券株式会社
S100OI3F,2022-06-28,2022-06-28 09:22,47330,2021-04-01,2022-03-31,株式会社オービックビジネスコンサルタント
S100OHKG,2022-06-28,2022-06-28 09:30,62360,2021-04-01,2022-03-31,ＮＣホールディングス株式会社
S100OILF,2022-06-28,2022-06-28 09:32,70570,2021-04-01,2022-03-31,株式会社エヌ・シー・エヌ
S100OIG3,2022-06-28,2022-06-28 09:35,78930,2021-04-01,2022-03-31,株式会社プロネクサス
S100OIN0,2022-06-28,2022-06-28 09:35,98870,2021-04-01,2022-03-31,株式会社松屋フーズホールディングス
S100OHXH,2022-06-28,2022-06-28 09:36,61970,2021-04-01,2022-03-31,株式会社ソラスト
S100OF2S,2022-06-28,2022-06-28 09:52,52850,2021-04-01,2022-03-31,株式会社ヤマックス
S100OEJM,2022-06-28,2022-06-28 10:03,83080,2021-04-01,2022-03-31,株式会社　りそなホールディングス
S100OIQA,2022-06-28,2022-06-28 10:10,76060,2021-04-01,2022-03-31,株式会社ユナイテッドアローズ
S100OG1X,2022-06-28,2022-06-28 10:12,43190,2021-04-01,2022-03-31,ＴＡＣ株式会社
S100OFES,2022-06-28,2022-06-28 10:14,45270,2021-04-01,2022-03-31,ロート製薬株式会社
S100OHBL,2022-06-28,2022-06-28 10:17,74580,2021-04-01,2022-03-31,株式会社第一興商
S100OIPE,2022-06-28,2022-06-28 10:22,62450,2021-04-01,2022-03-31,株式会社ヒラノテクシード
S100OHPF,2022-06-28,2022-06-28 10:24,72870,2021-04-01,2022-03-31,日本精機株式会社
S100OIL0,2022-06-28,2022-06-28 10:42,39170,2021-04-01,2022-03-31,株式会社アイリッジ
S100OFVR,2022-06-28,2022-06-28 10:45,53870,2021-04-01,2022-03-31,チヨダウーテ株式会社
S100OEQV,2022-06-28,2022-06-28 10:47,21080,2021-04-01,2022-03-31,日本甜菜製糖株式会社
S100OGJ8,2022-06-28,2022-06-28 10:47,68400,2021-04-01,2022-03-31,株式会社ＡＫＩＢＡホールディングス
S100OIFP,2022-06-28,2022-06-28 10:50,63150,2021-04-01,2022-03-31,ＴＯＷＡ株式会社
S100OF39,2022-06-28,2022-06-28 10:51,72550,2021-04-01,2022-03-31,株式会社　桜井製作所
S100OI8J,2022-06-28,2022-06-28 10:53,79390,2021-04-01,2022-03-31,株式会社研創
S100OFB6,2022-06-28,2022-06-28 10:56,93630,2021-04-01,2022-03-31,株式会社大運
S100OHS6,2022-06-28,2022-06-28 10:57,24110,2021-04-01,2022-03-31,ゲンダイエージェンシー株式会社
S100OHKC,2022-06-28,2022-06-28 10:59,38780,2021-04-01,2022-03-31,株式会社巴川製紙所
S100OF2O,2022-06-28,2022-06-28 10:59,28100,2021-04-01,2022-03-31,ハウス食品グループ本社株式会社
S100OHF1,2022-06-28,2022-06-28 11:00,43670,2021-04-01,2022-03-31,広栄化学株式会社
S100OI0W,2022-06-28,2022-06-28 11:01,67440,2021-04-01,2022-03-31,能美防災株式会社
S100O8P9,2022-06-28,2022-06-28 11:02,93060,2021-04-01,2022-03-31,東陽倉庫株式会社
S100OHYZ,2022-06-28,2022-06-28 11:02,69550,2021-04-01,2022-03-31,ＦＤＫ株式会社
S100OFDD,2022-06-28,2022-06-28 11:02,50170,2021-04-01,2022-03-31,富士石油株式会社
S100O728,2022-06-28,2022-06-28 11:03,85510,2021-04-01,2022-03-31,株式会社　北日本銀行
S100OHN5,2022-06-28,2022-06-28 11:04,98960,2021-04-01,2022-03-31,ＪＫホールディングス株式会社
S100OILV,2022-06-28,2022-06-28 11:08,98450,2021-04-01,2022-03-31,株式会社パーカーコーポレーション
S100OCPM,2022-06-28,2022-06-28 11:09,21790,2021-04-01,2022-03-31,株式会社成学社
S100OGXA,2022-06-28,2022-06-28 11:12,59510,2021-04-01,2022-03-31,ダイニチ工業株式会社
S100OGYK,2022-06-28,2022-06-28 11:14,63250,2021-04-01,2022-03-31,株式会社タカキタ
S100OFG0,2022-06-28,2022-06-28 11:14,79380,2021-04-01,2022-03-31,株式会社リーガルコーポレーション
S100OI7K,2022-06-28,2022-06-28 11:18,59830,2021-04-01,2022-03-31,イワブチ株式会社
S100OGU5,2022-06-28,2022-06-28 11:21,34230,2021-04-01,2022-03-31,株式会社エスイー
S100OI0Z,2022-06-28,2022-06-28 11:24,81600,2021-04-01,2022-03-31,株式会社　木曽路
S100OH2Y,2022-06-28,2022-06-28 11:25,30230,2021-04-01,2022-03-31,ラサ商事株式会社
S100OI25,2022-06-28,2022-06-28 11:30,89950,2021-04-01,2022-03-31,株式会社誠建設工業
S100OH15,2022-06-28,2022-06-28 11:34,63690,2021-04-01,2022-03-31,トーヨーカネツ株式会社
S100OFUA,2022-06-28,2022-06-28 11:36,68200,2021-04-01,2022-03-31,アイコム株式会社
S100OGUJ,2022-06-28,2022-06-28 11:37,54080,2021-04-01,2022-03-31,株式会社中山製鋼所
S100OGZD,2022-06-28,2022-06-28 11:37,95360,2021-04-01,2022-03-31,西部ガスホールディングス株式会社
S100OGDM,2022-06-28,2022-06-28 11:38,85240,2021-04-01,2022-03-31,株式会社北洋銀行
S100OHC9,2022-06-28,2022-06-28 11:40,59790,2021-04-01,2022-03-31,カネソウ株式会社
S100OFOM,2022-06-28,2022-06-28 11:45,69190,2021-04-01,2022-03-31,ケル株式会社
S100OIYG,2022-06-28,2022-06-28 11:48,68820,2021-04-01,2022-03-31,株式会社三社電機製作所
S100OH7P,2022-06-28,2022-06-28 11:49,93510,2021-04-01,2022-03-31,東洋埠頭株式会社
S100OIYA,2022-06-28,2022-06-28 11:51,82150,2021-04-01,2022-03-31,株式会社銀座山形屋
S100OHJI,2022-06-28,2022-06-28 11:53,76000,2021-04-01,2022-03-31,株式会社　日本エム・ディ・エム
S100OIXY,2022-06-28,2022-06-28 11:54,51940,2021-04-01,2022-03-31,相模ゴム工業株式会社
S100OI8B,2022-06-28,2022-06-28 11:59,21170,2021-04-01,2022-03-31,日新製糖株式会社
S100ODAR,2022-06-28,2022-06-28 12:00,31830,2021-04-01,2022-03-31,ウイン・パートナーズ株式会社
S100OHP5,2022-06-28,2022-06-28 12:01,17570,2021-04-01,2022-03-31,中小企業ホールディングス株式会社
S100OIAX,2022-06-28,2022-06-28 12:05,85440,2021-04-01,2022-03-31,株式会社　京葉銀行
S100OIFE,2022-06-28,2022-06-28 12:08,83990,2021-04-01,2022-03-31,株式会社琉球銀行
S100OEQM,2022-06-28,2022-06-28 12:11,64710,2021-04-01,2022-03-31,日本精工株式会社
S100OFL4,2022-06-28,2022-06-28 12:16,78850,2021-04-01,2022-03-31,タカノ株式会社
S100OG3U,2022-06-28,2022-06-28 12:17,74810,2021-04-01,2022-03-31,尾家産業株式会社
S100OIKK,2022-06-28,2022-06-28 12:17,42340,2021-04-01,2022-03-31,株式会社サンエー化研
S100OHVE,2022-06-28,2022-06-28 12:23,28970,2021-04-01,2022-03-31,日清食品ホールディングス株式会社
S100OGTA,2022-06-28,2022-06-28 12:23,67680,2021-04-01,2022-03-31,株式会社タムラ製作所
S100OBJF,2022-06-28,2022-06-28 12:24,87040,2021-04-01,2022-03-31,トレイダーズホールディングス株式会社
S100OD0T,2022-06-28,2022-06-28 12:51,68240,2021-04-01,2022-03-31,新コスモス電機株式会社
S100OIKL,2022-06-28,2022-06-28 12:51,56030,2021-04-01,2022-03-31,虹技株式会社
S100OHJ1,2022-06-28,2022-06-28 12:53,64550,2021-04-01,2022-03-31,株式会社モリタホールディングス
S100OI5F,2022-06-28,2022-06-28 12:57,98560,2021-04-01,2022-03-31,株式会社ケーユーホールディングス
S100OID4,2022-06-28,2022-06-28 12:57,45480,2021-04-01,2022-03-31,生化学工業株式会社
S100OI80,2022-06-28,2022-06-28 13:00,22810,2021-04-01,2022-03-31,プリマハム株式会社
S100OHPZ,2022-06-28,2022-06-28 13:00,90690,2021-04-01,2022-03-31,センコーグループホールディングス株式会社
S100OFMQ,2022-06-28,2022-06-28 13:05,69280,2021-04-01,2022-03-31,株式会社エノモト
S100OCHM,2022-06-28,2022-06-28 13:05,18690,2021-04-01,2022-03-31,名工建設株式会社
S100OI9P,2022-06-28,2022-06-28 13:05,66780,2021-04-01,2022-03-31,株式会社テクノメディカ
S100OH6Y,2022-06-28,2022-06-28 13:05,69730,2021-04-01,2022-03-31,協栄産業株式会社
S100NG2U,2022-06-28,2022-06-28 13:06,81520,2021-04-01,2022-03-31,ソマール株式会社
S100OI0N,2022-06-28,2022-06-28 13:06,22700,2021-04-01,2022-03-31,雪印メグミルク株式会社
S100OH5Z,2022-06-28,2022-06-28 13:07,77270,2021-04-01,2022-03-31,株式会社オーバル
S100OFIK,2022-06-28,2022-06-28 13:07,63640,2021-04-01,2022-03-31,北越工業株式会社
S100OJ1Q,2022-06-28,2022-06-28 13:07,90140,2021-04-01,2022-03-31,新京成電鉄株式会社
S100OHK9,2022-06-28,2022-06-28 13:07,97350,2021-04-01,2022-03-31,セコム株式会社
S100OG8P,2022-06-28,2022-06-28 13:08,44030,2021-04-01,2022-03-31,日油株式会社
S100OEC1,2022-06-28,2022-06-28 13:08,20020,2021-04-01,2022-03-31,株式会社日清製粉グループ本社
S100OFJW,2022-06-28,2022-06-28 13:08,66220,2021-04-01,2022-03-31,株式会社ダイヘン
S100OGY1,2022-06-28,2022-06-28 13:08,40780,2021-04-01,2022-03-31,堺化学工業株式会社
S100OJ2C,2022-06-28,2022-06-28 13:09,41820,2021-04-01,2022-03-31,三菱瓦斯化学株式会社
S100OI8F,2022-06-28,2022-06-28 13:09,46810,2021-04-01,2022-03-31,リゾートトラスト株式会社
S100OGU0,2022-06-28,2022-06-28 13:09,36400,2021-04-01,2022-03-31,株式会社電算
S100OIN5,2022-06-28,2022-06-28 13:12,75370,2021-04-01,2022-03-31,丸文株式会社
S100OH9H,2022-06-28,2022-06-28 13:12,69410,2021-04-01,2022-03-31,山一電機株式会社
S100OGLZ,2022-06-28,2022-06-28 13:13,61130,2021-04-01,2022-03-31,株式会社アマダ
S100OHWI,2022-06-28,2022-06-28 13:17,97130,2021-04-01,2022-03-31,株式会社ロイヤルホテル
S100OI1U,2022-06-28,2022-06-28 13:17,90360,2021-04-01,2022-03-31,東部ネットワーク株式会社
S100ODLI,2022-06-28,2022-06-28 13:18,49600,2021-04-01,2022-03-31,ケミプロ化成株式会社
S100OGZW,2022-06-28,2022-06-28 13:18,78870,2021-04-01,2022-03-31,南海プライウッド株式会社
S100O7HG,2022-06-28,2022-06-28 13:20,30040,2021-04-01,2022-03-31,神栄株式会社
S100OJ1J,2022-06-28,2022-06-28 13:22,99060,2021-04-01,2022-03-31,藤井産業株式会社
S100O9NU,2022-06-28,2022-06-28 13:25,99340,2021-04-01,2022-03-31,因幡電機産業株式会社
S100OBQG,2022-06-28,2022-06-28 13:25,62030,2021-04-01,2022-03-31,豊和工業株式会社
S100OJ4W,2022-06-28,2022-06-28 13:25,81010,2021-04-01,2022-03-31,株式会社ＧＳＩクレオス
S100OIHB,2022-06-28,2022-06-28 13:25,18110,2021-04-01,2022-03-31,株式会社錢高組
S100OGUH,2022-06-28,2022-06-28 13:27,31100,2021-04-01,2022-03-31,日東紡績株式会社
S100OHKI,2022-06-28,2022-06-28 13:28,42150,2021-04-01,2022-03-31,タキロンシーアイ株式会社
S100OI8Z,2022-06-28,2022-06-28 13:28,77340,2021-04-01,2022-03-31,理研計器株式会社
S100OHUD,2022-06-28,2022-06-28 13:30,47830,2021-04-01,2022-03-31,日本コンピュータ・ダイナミクス株式会社
S100OHBW,2022-06-28,2022-06-28 13:30,79550,2021-04-01,2022-03-31,クリナップ株式会社
S100OD1O,2022-06-28,2022-06-28 13:32,13330,2021-04-01,2022-03-31,マルハニチロ株式会社
S100OIIH,2022-06-28,2022-06-28 13:32,18470,2021-04-01,2022-03-31,株式会社イチケン
S100OH0Q,2022-06-28,2022-06-28 13:33,13320,2021-04-01,2022-03-31,日本水産株式会社
S100OFLL,2022-06-28,2022-06-28 13:35,18070,2021-04-01,2022-03-31,株式会社佐藤渡辺
S100OJ2R,2022-06-28,2022-06-28 13:35,65560,2021-04-01,2022-03-31,ウェルビー株式会社
S100OFZX,2022-06-28,2022-06-28 13:38,73380,2021-04-01,2022-03-31,インヴァスト株式会社
S100OF1X,2022-06-28,2022-06-28 13:39,68000,2021-04-01,2022-03-31,株式会社ヨコオ
S100OHOW,2022-06-28,2022-06-28 13:42,30770,2021-04-01,2022-03-31,ホリイフードサービス株式会社
S100OHLA,2022-06-28,2022-06-28 13:42,41790,2021-04-01,2022-03-31,株式会社ジーネクスト
S100OHZR,2022-06-28,2022-06-28 13:43,32890,2021-04-01,2022-03-31,東急不動産ホールディングス株式会社
S100OHRI,2022-06-28,2022-06-28 13:43,90870,2021-04-01,2022-03-31,タカセ株式会社
S100OFA1,2022-06-28,2022-06-28 13:45,66750,2021-04-01,2022-03-31,サクサホールディングス株式会社
S100OHEM,2022-06-28,2022-06-28 13:45,27840,2021-04-01,2022-03-31,アルフレッサホールディングス株式会社
S100OFY4,2022-06-28,2022-06-28 13:48,67450,2021-04-01,2022-03-31,ホーチキ株式会社
S100OHGI,2022-06-28,2022-06-28 13:53,61380,2021-04-01,2022-03-31,ダイジェット工業株式会社
S100OHOR,2022-06-28,2022-06-28 13:53,97820,2021-04-01,2022-03-31,株式会社ディーエムエス
S100OI2N,2022-06-28,2022-06-28 13:53,85660,2021-04-01,2022-03-31,リコーリース株式会社
S100OCR2,2022-06-28,2022-06-28 13:56,46760,2021-04-01,2022-03-31,株式会社フジ・メディア・ホールディングス
S100OI3P,2022-06-28,2022-06-28 13:56,74420,2021-04-01,2022-03-31,中山福株式会社
S100OJ6I,2022-06-28,2022-06-28 13:59,59390,2021-04-01,2022-03-31,株式会社大谷工業
S100OIVX,2022-06-28,2022-06-28 14:02,29150,2021-04-01,2022-03-31,ケンコーマヨネーズ株式会社
S100OIXP,2022-06-28,2022-06-28 14:03,73500,2021-04-01,2022-03-31,株式会社おきなわフィナンシャルグループ
S100OJ9A,2022-06-28,2022-06-28 14:04,38250,2021-04-01,2022-03-31,株式会社リミックスポイント
S100OFLY,2022-06-28,2022-06-28 14:04,93240,2021-04-01,2022-03-31,安田倉庫株式会社
S100OJ8N,2022-06-28,2022-06-28 14:04,70700,2021-04-01,2022-03-31,ＳＩホールディングス株式会社
S100OHV6,2022-06-28,2022-06-28 14:05,78950,2021-04-01,2022-03-31,中央化学株式会社
S100OHRT,2022-06-28,2022-06-28 14:06,54760,2021-04-01,2022-03-31,日本高周波鋼業株式会社
S100OGDI,2022-06-28,2022-06-28 14:07,38340,2021-04-01,2022-03-31,株式会社朝日ネット
S100OI8L,2022-06-28,2022-06-28 14:11,13790,2021-04-01,2022-03-31,ホクト株式会社
S100OFMS,2022-06-28,2022-06-28 14:12,59840,2021-04-01,2022-03-31,兼房株式会社
S100OIWH,2022-06-28,2022-06-28 14:14,74080,2021-04-01,2022-03-31,株式会社ジャムコ
S100OHS3,2022-06-28,2022-06-28 14:14,67790,2021-04-01,2022-03-31,日本電波工業株式会社
S100OISU,2022-06-28,2022-06-28 14:14,42650,2021-04-01,2022-03-31,Ｉｎｓｔｉｔｕｔｉｏｎ　ｆｏｒ　ａ　Ｇｌｏｂａｌ　Ｓｏｃｉｅｔｙ株式会社
S100OFMR,2022-06-28,2022-06-28 14:17,22210,2021-04-01,2022-03-31,岩塚製菓株式会社
S100OJB8,2022-06-28,2022-06-28 14:17,91190,2021-04-01,2022-03-31,飯野海運株式会社
S100OFXD,2022-06-28,2022-06-28 14:18,30680,2021-04-01,2022-03-31,株式会社ＷＤＩ
S100OHYQ,2022-06-28,2022-06-28 14:21,69320,2021-04-01,2022-03-31,株式会社遠藤照明
S100OHUF,2022-06-28,2022-06-28 14:24,63960,2021-04-01,2022-03-31,株式会社宇野澤組鐵工所
S100OGP5,2022-06-28,2022-06-28 14:26,96640,2021-04-01,2022-03-31,株式会社御園座
S100OI1W,2022-06-28,2022-06-28 14:26,74560,2021-04-01,2022-03-31,松田産業株式会社
S100OHH0,2022-06-28,2022-06-28 14:28,46590,2021-04-01,2022-03-31,株式会社エイジス
S100OJBW,2022-06-28,2022-06-28 14:28,80860,2021-04-01,2022-03-31,ニプロ株式会社
S100OH8G,2022-06-28,2022-06-28 14:28,50200,2021-04-01,2022-03-31,ＥＮＥＯＳホールディングス株式会社
S100OHIX,2022-06-28,2022-06-28 14:30,75510,2021-04-01,2022-03-31,株式会社ウェッズ
S100OJAM,2022-06-28,2022-06-28 14:31,65620,2021-04-01,2022-03-31,株式会社ジーニー
S100OHH9,2022-06-28,2022-06-28 14:32,59110,2021-04-01,2022-03-31,株式会社横河ブリッジホールディングス
S100OI4F,2022-06-28,2022-06-28 14:34,38350,2021-04-01,2022-03-31,ｅＢＡＳＥ株式会社
S100OI86,2022-06-28,2022-06-28 14:35,51850,2021-04-01,2022-03-31,株式会社フコク
S100OHHG,2022-06-28,2022-06-28 14:36,96850,2021-04-01,2022-03-31,ＫＹＣＯＭホールディングス株式会社
S100OHRN,2022-06-28,2022-06-28 14:40,57810,2021-04-01,2022-03-31,東邦金属株式会社
S100OIJW,2022-06-28,2022-06-28 14:40,42180,2021-04-01,2022-03-31,ニチバン株式会社
S100OGFE,2022-06-28,2022-06-28 14:42,83430,2021-04-01,2022-03-31,株式会社秋田銀行
S100OH5W,2022-06-28,2022-06-28 14:42,68480,2021-04-01,2022-03-31,東亜ディーケーケー株式会社
S100OIEC,2022-06-28,2022-06-28 14:45,96160,2021-04-01,2022-03-31,株式会社共立メンテナンス
S100OGRH,2022-06-28,2022-06-28 14:50,70620,2021-04-01,2022-03-31,株式会社フレアス
S100OJBM,2022-06-28,2022-06-28 14:53,47620,2021-04-01,2022-03-31,株式会社エックスネット
S100OH1C,2022-06-28,2022-06-28 14:55,72360,2021-04-01,2022-03-31,株式会社ティラド
S100OIFW,2022-06-28,2022-06-28 14:55,30240,2021-04-01,2022-03-31,クリエイト株式会社
S100OGWS,2022-06-28,2022-06-28 14:56,99950,2021-04-01,2022-03-31,株式会社グローセル
S100OH9B,2022-06-28,2022-06-28 14:57,85930,2021-04-01,2022-03-31,三菱ＨＣキャピタル株式会社
S100OHFQ,2022-06-28,2022-06-28 14:57,41020,2021-04-01,2022-03-31,丸尾カルシウム株式会社
S100O763,2022-06-28,2022-06-28 14:58,72780,2021-04-01,2022-03-31,株式会社エクセディ
S100OJ17,2022-06-28,2022-06-28 14:58,34310,2021-04-01,2022-03-31,宮地エンジニアリンググループ株式会社
S100OI5N,2022-06-28,2022-06-28 15:00,69580,2021-04-01,2022-03-31,日本シイエムケイ株式会社
S100OHLJ,2022-06-28,2022-06-28 15:00,42000,2021-04-01,2022-03-31,株式会社ＨＣＳホールディングス
S100OIGM,2022-06-28,2022-06-28 15:00,89190,2021-04-01,2022-03-31,株式会社カチタス
S100OFBC,2022-06-28,2022-06-28 15:02,49770,2021-04-01,2022-03-31,新田ゼラチン株式会社
S100OITB,2022-06-28,2022-06-28 15:02,45840,2021-04-01,2022-03-31,キッズウェル・バイオ株式会社
S100OI33,2022-06-28,2022-06-28 15:02,79020,2021-04-01,2022-03-31,株式会社ソノコム
S100OIP4,2022-06-28,2022-06-28 15:02,45710,2021-04-01,2022-03-31,ナノキャリア株式会社
S100OGUN,2022-06-28,2022-06-28 15:04,64730,2021-04-01,2022-03-31,株式会社ジェイテクト
S100OGX0,2022-06-28,2022-06-28 15:04,34890,2021-04-01,2022-03-31,株式会社フェイスネットワーク
S100OI9B,2022-06-28,2022-06-28 15:04,27800,2021-04-01,2022-03-31,株式会社コメ兵ホールディングス
S100OB3D,2022-06-28,2022-06-28 15:05,69230,2021-04-01,2022-03-31,スタンレー電気株式会社
S100OJ0K,2022-06-28,2022-06-28 15:05,67580,2021-04-01,2022-03-31,ソニーグループ株式会社
S100ODCJ,2022-06-28,2022-06-28 15:05,52320,2021-04-01,2022-03-31,住友大阪セメント株式会社
S100OHVN,2022-06-28,2022-06-28 15:05,48860,2021-04-01,2022-03-31,あすか製薬ホールディングス株式会社
S100OI3H,2022-06-28,2022-06-28 15:05,80390,2021-04-01,2022-03-31,築地魚市場株式会社
S100OGJZ,2022-06-28,2022-06-28 15:05,64610,2021-04-01,2022-03-31,日本ピストンリング株式会社
S100OE6E,2022-06-28,2022-06-28 15:06,95050,2021-04-01,2022-03-31,北陸電力株式会社
S100OHN7,2022-06-28,2022-06-28 15:06,62920,2021-04-01,2022-03-31,株式会社カワタ
S100OI7U,2022-06-28,2022-06-28 15:07,65040,2021-04-01,2022-03-31,富士電機株式会社
S100OHGM,2022-06-28,2022-06-28 15:10,38640,2021-04-01,2022-03-31,三菱製紙株式会社
S100OI34,2022-06-28,2022-06-28 15:11,31670,2021-04-01,2022-03-31,株式会社ＴＯＫＡＩホールディングス
S100OD5H,2022-06-28,2022-06-28 15:11,86000,2021-04-01,2022-03-31,トモニホールディングス株式会社
S100OJIN,2022-06-28,2022-06-28 15:11,32940,2021-04-01,2022-03-31,株式会社イーグランド
S100OJDX,2022-06-28,2022-06-28 15:12,74510,2021-04-01,2022-03-31,三菱食品株式会社
S100OIWX,2022-06-28,2022-06-28 15:12,75750,2021-04-01,2022-03-31,日本ライフライン株式会社
S100OJFO,2022-06-28,2022-06-28 15:12,92470,2021-04-01,2022-03-31,ＴＲＥホールディングス株式会社
S100OJIK,2022-06-28,2022-06-28 15:13,91100,2021-04-01,2022-03-31,ＮＳユナイテッド海運株式会社
S100OJ4S,2022-06-28,2022-06-28 15:14,68100,2021-04-01,2022-03-31,マクセル株式会社
S100OI88,2022-06-28,2022-06-28 15:14,83360,2021-04-01,2022-03-31,株式会社武蔵野銀行
S100OFFL,2022-06-28,2022-06-28 15:15,64180,2021-04-01,2022-03-31,日本金銭機械株式会社
S100OJ0H,2022-06-28,2022-06-28 15:15,33740,2021-04-01,2022-03-31,内外テック株式会社
S100OHML,2022-06-28,2022-06-28 15:15,72020,2021-04-01,2022-03-31,いすゞ自動車株式会社
S100OH5T,2022-06-28,2022-06-28 15:16,69710,2021-04-01,2022-03-31,京セラ株式会社
S100O9QA,2022-06-28,2022-06-28 15:17,54800,2021-04-01,2022-03-31,日本冶金工業株式会社
S100OIE9,2022-06-28,2022-06-28 15:19,95320,2021-04-01,2022-03-31,大阪瓦斯株式会社
S100OHNR,2022-06-28,2022-06-28 15:20,37620,2021-04-01,2022-03-31,テクマトリックス株式会社
S100OJEQ,2022-06-28,2022-06-28 15:20,81570,2021-04-01,2022-03-31,都築電気株式会社
S100OJIT,2022-06-28,2022-06-28 15:20,42370,2021-04-01,2022-03-31,フジプレアム株式会社
S100OH9I,2022-06-28,2022-06-28 15:20,66130,2021-04-01,2022-03-31,株式会社ＱＤレーザ
S100OIEE,2022-06-28,2022-06-28 15:26,95060,2021-04-01,2022-03-31,東北電力株式会社
S100OJ1K,2022-06-28,2022-06-28 15:27,70910,2021-04-01,2022-03-31,株式会社リビングプラットフォーム
S100OJCO,2022-06-28,2022-06-28 15:29,18670,2021-04-01,2022-03-31,株式会社植木組
S100OJKU,2022-06-28,2022-06-28 15:30,44980,2021-04-01,2022-03-31,サイバートラスト株式会社
S100O6KQ,2022-06-28,2022-06-28 15:31,77320,2021-04-01,2022-03-31,株式会社　トプコン
S100OJJT,2022-06-28,2022-06-28 15:32,61550,2021-04-01,2022-03-31,高松機械工業株式会社
S100OJJH,2022-06-28,2022-06-28 15:34,89380,2021-04-01,2022-03-31,グローム・ホールディングス株式会社
S100OIY6,2022-06-28,2022-06-28 15:34,36460,2021-04-01,2022-03-31,株式会社駅探
S100OJKY,2022-06-28,2022-06-28 15:36,73450,2021-04-01,2022-03-31,株式会社アイ・パートナーズフィナンシャル
S100OHH4,2022-06-28,2022-06-28 15:37,53310,2021-04-01,2022-03-31,株式会社ノリタケカンパニーリミテド
S100OGB7,2022-06-28,2022-06-28 15:37,16620,2021-04-01,2022-03-31,石油資源開発株式会社
S100OJ41,2022-06-28,2022-06-28 15:37,58520,2021-04-01,2022-03-31,株式会社アーレスティ
S100OFCB,2022-06-28,2022-06-28 15:38,37730,2021-04-01,2022-03-31,株式会社アドバンスト・メディア
S100OI8E,2022-06-28,2022-06-28 15:38,70920,2021-04-01,2022-03-31,株式会社Ｆａｓｔ　Ｆｉｔｎｅｓｓ　Ｊａｐａｎ
S100OIHF,2022-06-28,2022-06-28 15:38,40210,2021-04-01,2022-03-31,日産化学株式会社
S100OHO9,2022-06-28,2022-06-28 15:39,38390,2021-04-01,2022-03-31,株式会社ＯＤＫソリューションズ
S100OJ3S,2022-06-28,2022-06-28 15:43,61370,2021-04-01,2022-03-31,小池酸素工業株式会社
S100OJJE,2022-06-28,2022-06-28 15:47,33720,2021-04-01,2022-03-31,株式会社関門海
S100OCDD,2022-06-28,2022-06-28 15:48,37720,2021-04-01,2022-03-31,ウェルス・マネジメント株式会社
S100OHAF,2022-06-28,2022-06-28 15:50,63630,2021-04-01,2022-03-31,株式会社酉島製作所
S100OIDG,2022-06-28,2022-06-28 15:53,88440,2021-04-01,2022-03-31,株式会社コスモスイニシア
S100OJFF,2022-06-28,2022-06-28 15:55,68260,2021-04-01,2022-03-31,本多通信工業株式会社
S100OJ4M,2022-06-28,2022-06-28 16:00,70030,2021-04-01,2022-03-31,株式会社三井Ｅ＆Ｓホールディングス
S100ODM3,2022-06-28,2022-06-28 16:00,42720,2021-04-01,2022-03-31,日本化薬株式会社
S100OES8,2022-06-28,2022-06-28 16:00,57110,2021-04-01,2022-03-31,三菱マテリアル株式会社
S100OE2A,2022-06-28,2022-06-28 16:00,30880,2021-04-01,2022-03-31,株式会社マツキヨココカラ＆カンパニー
S100OIVD,2022-06-28,2022-06-28 16:00,72470,2021-04-01,2022-03-31,株式会社ミクニ
S100OJKK,2022-06-28,2022-06-28 16:00,29330,2021-04-01,2022-03-31,株式会社紀文食品
S100OGIJ,2022-06-28,2022-06-28 16:00,30660,2021-04-01,2022-03-31,株式会社ＪＢイレブン
S100OFC5,2022-06-28,2022-06-28 16:02,67540,2021-04-01,2022-03-31,アンリツ株式会社
S100OI9Q,2022-06-28,2022-06-28 16:02,63050,2021-04-01,2022-03-31,日立建機株式会社
S100OGZX,2022-06-28,2022-06-28 16:02,45260,2021-04-01,2022-03-31,理研ビタミン株式会社
S100OJNU,2022-06-28,2022-06-28 16:03,87690,2021-04-01,2022-03-31,株式会社アドバンテッジリスクマネジメント
S100OISG,2022-06-28,2022-06-28 16:04,69510,2021-04-01,2022-03-31,日本電子株式会社
S100OIFT,2022-06-28,2022-06-28 16:07,40880,2021-04-01,2022-03-31,エア・ウォーター株式会社
S100OIS0,2022-06-28,2022-06-28 16:08,93220,2021-04-01,2022-03-31,川西倉庫株式会社
S100OE8B,2022-06-28,2022-06-28 16:08,28920,2021-04-01,2022-03-31,日本食品化工株式会社
S100OJJX,2022-06-28,2022-06-28 16:09,73180,2021-04-01,2022-03-31,セレンディップ・ホールディングス株式会社
S100OI8V,2022-06-28,2022-06-28 16:09,86160,2021-04-01,2022-03-31,東海東京フィナンシャル・ホールディングス株式会社
S100OIAM,2022-06-28,2022-06-28 16:15,31570,2021-04-01,2022-03-31,ジューテックホールディングス株式会社
S100OHJ2,2022-06-28,2022-06-28 16:17,59810,2021-04-01,2022-03-31,東京製綱株式会社
S100OJL4,2022-06-28,2022-06-28 16:17,99690,2021-04-01,2022-03-31,株式会社ショクブン
S100OI9K,2022-06-28,2022-06-28 16:23,68790,2021-04-01,2022-03-31,株式会社ＩＭＡＧＩＣＡ　ＧＲＯＵＰ
S100OJ7S,2022-06-28,2022-06-28 16:23,69240,2021-04-01,2022-03-31,岩崎電気株式会社
S100OEFU,2022-06-28,2022-06-28 16:26,78830,2021-04-01,2022-03-31,サンメッセ株式会社
S100OHVA,2022-06-28,2022-06-28 16:27,66580,2021-04-01,2022-03-31,シライ電子工業株式会社
S100OH77,2022-06-28,2022-06-28 16:30,60600,2021-04-01,2022-03-31,こころネット株式会社
S100OIH7,2022-06-28,2022-06-28 16:35,96440,2021-04-01,2022-03-31,株式会社タナベ経営
S100OJ4A,2022-06-28,2022-06-28 16:36,78740,2021-04-01,2022-03-31,レック株式会社
S100OJ5H,2022-06-28,2022-06-28 16:38,87720,2021-04-01,2022-03-31,株式会社アサックス
S100OIUJ,2022-06-28,2022-06-28 16:40,18900,2021-04-01,2022-03-31,東洋建設株式会社
S100OEQ8,2022-06-28,2022-06-28 16:41,23720,2021-04-01,2022-03-31,株式会社アイロムグループ
S100OJT7,2022-06-28,2022-06-28 16:42,72350,2021-04-01,2022-03-31,東京ラヂエーター製造株式会社
S100OJT4,2022-06-28,2022-06-28 16:45,86140,2021-04-01,2022-03-31,東洋証券株式会社
S100OEX1,2022-06-28,2022-06-28 16:46,99360,2021-04-01,2022-03-31,株式会社王将フードサービス
S100OJUP,2022-06-28,2022-06-28 16:52,70780,2021-04-01,2022-03-31,ＩＮＣＬＵＳＩＶＥ株式会社
S100OJKQ,2022-06-28,2022-06-28 16:59,41930,2021-04-01,2022-03-31,株式会社ファブリカコミュニケーションズ
S100OJ0V,2022-06-28,2022-06-28 17:00,34640,2021-04-01,2022-03-31,プロパティエージェント株式会社
S100OJTP,2022-06-28,2022-06-28 17:02,72730,2021-04-01,2022-03-31,株式会社イクヨ
S100OIXA,2022-06-29,2022-06-29 09:00,48270,2021-04-01,2022-03-31,ビジネス・ワンホールディングス株式会社
S100OF6Z,2022-06-29,2022-06-29 09:00,33060,2021-04-01,2022-03-31,日本製麻株式会社
S100OI89,2022-06-29,2022-06-29 09:01,87930,2021-04-01,2022-03-31,ＮＥＣキャピタルソリューション株式会社
S100OCN7,2022-06-29,2022-06-29 09:03,54640,2021-04-01,2022-03-31,モリ工業株式会社
S100OJY1,2022-06-29,2022-06-29 09:03,44620,2021-04-01,2022-03-31,石原ケミカル株式会社
S100OJ2B,2022-06-29,2022-06-29 09:03,83980,2021-04-01,2022-03-31,株式会社筑邦銀行
S100OE3I,2022-06-29,2022-06-29 09:03,94240,2021-04-01,2022-03-31,日本通信株式会社
S100OE11,2022-06-29,2022-06-29 09:03,81500,2021-04-01,2022-03-31,三信電気株式会社
S100OIMC,2022-06-29,2022-06-29 09:03,29050,2021-04-01,2022-03-31,オーケー食品工業株式会社
S100OJ8G,2022-06-29,2022-06-29 09:04,17930,2021-04-01,2022-03-31,株式会社大本組
S100OHAZ,2022-06-29,2022-06-29 09:05,59760,2021-04-01,2022-03-31,高周波熱錬株式会社
S100O7LH,2022-06-29,2022-06-29 09:05,29240,2021-04-01,2022-03-31,イフジ産業株式会社
S100OAP3,2022-06-29,2022-06-29 09:07,49750,2021-04-01,2022-03-31,株式会社ＪＣＵ
S100OBL4,2022-06-29,2022-06-29 09:08,52820,2021-04-01,2022-03-31,ジオスター株式会社
S100OG62,2022-06-29,2022-06-29 09:08,31330,2021-04-01,2022-03-31,株式会社海帆
S100OIMV,2022-06-29,2022-06-29 09:09,63470,2021-04-01,2022-03-31,株式会社プラコー
S100OK5K,2022-06-29,2022-06-29 09:09,23950,2021-04-01,2022-03-31,株式会社新日本科学
S100OGQ4,2022-06-29,2022-06-29 09:13,82520,2021-04-01,2022-03-31,株式会社　丸井グループ
S100OK8T,2022-06-29,2022-06-29 09:17,90170,2021-04-01,2022-03-31,新潟交通株式会社
S100OIM4,2022-06-29,2022-06-29 09:18,80510,2021-04-01,2022-03-31,株式会社山善
S100OKB1,2022-06-29,2022-06-29 09:20,95010,2021-04-01,2022-03-31,東京電力ホールディングス株式会社
S100OIKZ,2022-06-29,2022-06-29 09:25,95070,2021-04-01,2022-03-31,四国電力株式会社
S100OJFP,2022-06-29,2022-06-29 09:25,22070,2021-04-01,2022-03-31,名糖産業株式会社
S100OJYW,2022-06-29,2022-06-29 09:27,68500,2021-04-01,2022-03-31,株式会社チノー
S100OHED,2022-06-29,2022-06-29 09:28,77620,2021-04-01,2022-03-31,シチズン時計株式会社
S100OK4B,2022-06-29,2022-06-29 09:31,62220,2021-04-01,2022-03-31,株式会社島精機製作所
S100OJJY,2022-06-29,2022-06-29 09:32,83310,2021-04-01,2022-03-31,株式会社千葉銀行
S100OKFE,2022-06-29,2022-06-29 09:33,59070,2021-04-01,2022-03-31,ＪＦＥコンテイナー株式会社
S100OKFO,2022-06-29,2022-06-29 09:34,98530,2021-04-01,2022-03-31,株式会社銀座ルノアール
S100OJCD,2022-06-29,2022-06-29 09:34,24130,2021-04-01,2022-03-31,エムスリー株式会社
S100OJLR,2022-06-29,2022-06-29 09:37,27490,2021-04-01,2022-03-31,株式会社ＪＰホールディングス
S100OJQE,2022-06-29,2022-06-29 09:37,59090,2021-04-01,2022-03-31,株式会社　コロナ
S100OG7M,2022-06-29,2022-06-29 09:38,75960,2021-04-01,2022-03-31,株式会社魚力
S100OKEA,2022-06-29,2022-06-29 09:39,69640,2021-04-01,2022-03-31,株式会社サンコー
S100OG39,2022-06-29,2022-06-29 09:40,23520,2021-04-01,2022-03-31,株式会社ＷＯＷ　ＷＯＲＬＤ
S100OGB0,2022-06-29,2022-06-29 09:42,17230,2021-04-01,2022-03-31,日本電技株式会社
S100ODPW,2022-06-29,2022-06-29 09:48,95090,2021-04-01,2022-03-31,北海道電力株式会社
S100OFDB,2022-06-29,2022-06-29 09:49,88710,2021-04-01,2022-03-31,株式会社ゴールドクレスト
S100OKGX,2022-06-29,2022-06-29 09:51,39340,2021-04-01,2022-03-31,株式会社ベネフィットジャパン
S100OJMR,2022-06-29,2022-06-29 09:51,81050,2021-04-01,2022-03-31,堀田丸正株式会社
S100OJT9,2022-06-29,2022-06-29 09:54,25860,2021-04-01,2022-03-31,株式会社フルッタフルッタ
S100OJPT,2022-06-29,2022-06-29 09:57,59980,2021-04-01,2022-03-31,株式会社　アドバネクス
S100O6A1,2022-06-29,2022-06-29 09:57,21210,2021-04-01,2022-03-31,株式会社ミクシィ
S100OJBQ,2022-06-29,2022-06-29 09:58,31510,2021-04-01,2022-03-31,株式会社バイタルケーエスケー・ホールディングス
S100OJ6A,2022-06-29,2022-06-29 10:00,44960,2021-04-01,2022-03-31,株式会社コマースＯｎｅホールディングス
S100OKI8,2022-06-29,2022-06-29 10:00,85910,2021-04-01,2022-03-31,オリックス株式会社
S100OJGN,2022-06-29,2022-06-29 10:02,72260,2021-04-01,2022-03-31,極東開発工業株式会社
S100OJIS,2022-06-29,2022-06-29 10:03,90590,2021-04-01,2022-03-31,カンダホールディングス株式会社
S100OKFG,2022-06-29,2022-06-29 10:03,18660,2021-04-01,2022-03-31,北野建設株式会社
S100OJJC,2022-06-29,2022-06-29 10:04,24830,2021-04-01,2022-03-31,株式会社翻訳センター
S100OBLA,2022-06-29,2022-06-29 10:04,18120,2021-04-01,2022-03-31,鹿島建設株式会社
S100OJU6,2022-06-29,2022-06-29 10:04,43410,2021-04-01,2022-03-31,西菱電機株式会社
S100OKEJ,2022-06-29,2022-06-29 10:05,74800,2021-04-01,2022-03-31,スズデン株式会社
S100OJUA,2022-06-29,2022-06-29 10:05,68040,2021-04-01,2022-03-31,ホシデン株式会社
S100OKHT,2022-06-29,2022-06-29 10:06,67240,2021-04-01,2022-03-31,セイコーエプソン株式会社
S100OJO3,2022-06-29,2022-06-29 10:10,23740,2021-04-01,2022-03-31,セントケア・ホールディング株式会社
S100OIF6,2022-06-29,2022-06-29 10:10,59520,2021-04-01,2022-03-31,アマテイ株式会社
S100OKEV,2022-06-29,2022-06-29 10:11,68320,2021-04-01,2022-03-31,アオイ電子株式会社
S100OKJ6,2022-06-29,2022-06-29 10:11,76860,2021-04-01,2022-03-31,株式会社カクヤスグループ
S100OF2X,2022-06-29,2022-06-29 10:12,66440,2021-04-01,2022-03-31,大崎電気工業株式会社
S100OKA2,2022-06-29,2022-06-29 10:14,24120,2021-04-01,2022-03-31,株式会社ベネフィット・ワン
S100OIXF,2022-06-29,2022-06-29 10:15,67270,2021-04-01,2022-03-31,株式会社ワコム
S100OCC6,2022-06-29,2022-06-29 10:15,90120,2021-04-01,2022-03-31,秩父鉄道株式会社
S100O8D8,2022-06-29,2022-06-29 10:18,56020,2021-04-01,2022-03-31,株式会社栗本鐵工所
S100OKHD,2022-06-29,2022-06-29 10:18,51610,2021-04-01,2022-03-31,西川ゴム工業株式会社
S100OJVW,2022-06-29,2022-06-29 10:20,76770,2021-04-01,2022-03-31,株式会社ヤシマキザイ
S100OHU7,2022-06-29,2022-06-29 10:20,19640,2021-04-01,2022-03-31,中外炉工業株式会社
S100OJTM,2022-06-29,2022-06-29 10:21,67860,2021-04-01,2022-03-31,株式会社ＲＶＨ
S100OKKB,2022-06-29,2022-06-29 10:25,28140,2021-04-01,2022-03-31,佐藤食品工業株式会社
S100OJ73,2022-06-29,2022-06-29 10:28,79520,2021-04-01,2022-03-31,株式会社河合楽器製作所
S100OK2D,2022-06-29,2022-06-29 10:30,59530,2021-04-01,2022-03-31,昭和鉄工株式会社
S100OJ5P,2022-06-29,2022-06-29 10:32,60420,2021-04-01,2022-03-31,株式会社ニッキ
S100OKLC,2022-06-29,2022-06-29 10:32,71400,2021-04-01,2022-03-31,ペットゴー株式会社
S100OKK1,2022-06-29,2022-06-29 10:35,87830,2021-04-01,2022-03-31,ＧＦＡ株式会社
S100OGM6,2022-06-29,2022-06-29 10:35,39530,2021-04-01,2022-03-31,大村紙業株式会社
S100OHA6,2022-06-29,2022-06-29 10:40,85420,2021-04-01,2022-03-31,株式会社トマト銀行
S100OH7E,2022-06-29,2022-06-29 10:41,38370,2021-04-01,2022-03-31,アドソル日進株式会社
S100OHR6,2022-06-29,2022-06-29 10:43,40980,2021-04-01,2022-03-31,チタン工業株式会社
S100OKKL,2022-06-29,2022-06-29 10:43,37410,2021-04-01,2022-03-31,株式会社セック
S100OKM6,2022-06-29,2022-06-29 10:43,71340,2021-04-01,2022-03-31,株式会社クルーバー
S100OJTL,2022-06-29,2022-06-29 10:46,19460,2021-04-01,2022-03-31,株式会社トーエネック
S100OK7R,2022-06-29,2022-06-29 10:50,99960,2021-04-01,2022-03-31,株式会社サトー商会
S100OBYI,2022-06-29,2022-06-29 10:53,80520,2021-04-01,2022-03-31,椿本興業株式会社
S100OJ4N,2022-06-29,2022-06-29 10:55,72460,2021-04-01,2022-03-31,プレス工業株式会社
S100OKLN,2022-06-29,2022-06-29 10:57,66660,2021-04-01,2022-03-31,リバーエレテック株式会社
S100OHLD,2022-06-29,2022-06-29 10:58,31070,2021-04-01,2022-03-31,ダイワボウホールディングス株式会社
S100OKN2,2022-06-29,2022-06-29 11:00,72710,2021-04-01,2022-03-31,株式会社安永
S100OJ87,2022-06-29,2022-06-29 11:00,88930,2021-04-01,2022-03-31,株式会社新日本建物
S100OC6I,2022-06-29,2022-06-29 11:01,64160,2021-04-01,2022-03-31,桂川電機株式会社
S100OKNM,2022-06-29,2022-06-29 11:01,76160,2021-04-01,2022-03-31,株式会社　コロワイド
S100OJDE,2022-06-29,2022-06-29 11:03,17770,2021-04-01,2022-03-31,川崎設備工業株式会社
S100OIC9,2022-06-29,2022-06-29 11:05,59280,2021-04-01,2022-03-31,アルメタックス株式会社
S100OHJT,2022-06-29,2022-06-29 11:05,90990,2021-04-01,2022-03-31,株式会社Ｃ＆Ｆロジホールディングス
S100OKLX,2022-06-29,2022-06-29 11:05,99800,2021-04-01,2022-03-31,ＭＲＫホールディングス株式会社
S100OK3D,2022-06-29,2022-06-29 11:06,53630,2021-04-01,2022-03-31,東京窯業株式会社
S100OKH7,2022-06-29,2022-06-29 11:06,47710,2021-04-01,2022-03-31,株式会社エフアンドエム
S100OK26,2022-06-29,2022-06-29 11:07,46230,2021-04-01,2022-03-31,株式会社アサヒペン
S100OIVQ,2022-06-29,2022-06-29 11:08,29010,2021-04-01,2022-03-31,石垣食品株式会社
S100OEU3,2022-06-29,2022-06-29 11:09,18820,2021-04-01,2022-03-31,東亜道路工業株式会社
S100OKJM,2022-06-29,2022-06-29 11:10,19590,2021-04-01,2022-03-31,株式会社九電工
S100OJAK,2022-06-29,2022-06-29 11:11,54910,2021-04-01,2022-03-31,日本金属株式会社
S100OI9E,2022-06-29,2022-06-29 11:12,95040,2021-04-01,2022-03-31,中国電力株式会社
S100OIF8,2022-06-29,2022-06-29 11:15,29070,2021-04-01,2022-03-31,株式会社あじかん
S100OKD8,2022-06-29,2022-06-29 11:15,52880,2021-04-01,2022-03-31,アジアパイルホールディングス株式会社
S100OJVB,2022-06-29,2022-06-29 11:17,92230,2021-04-01,2022-03-31,株式会社ＡＳＮＯＶＡ
S100OEQU,2022-06-29,2022-06-29 11:17,65170,2021-04-01,2022-03-31,デンヨー株式会社
S100OKDJ,2022-06-29,2022-06-29 11:19,81380,2021-04-01,2022-03-31,三京化成株式会社
S100OHGQ,2022-06-29,2022-06-29 11:19,27900,2021-04-01,2022-03-31,株式会社ナフコ
S100OK22,2022-06-29,2022-06-29 11:19,97670,2021-04-01,2022-03-31,日建工学株式会社
S100OKFR,2022-06-29,2022-06-29 11:20,85400,2021-04-01,2022-03-31,株式会社福岡中央銀行
S100OJ0B,2022-06-29,2022-06-29 11:21,60220,2021-04-01,2022-03-31,株式会社　赤阪鐵工所
S100OITH,2022-06-29,2022-06-29 11:23,46200,2021-04-01,2022-03-31,藤倉化成株式会社
S100OIO8,2022-06-29,2022-06-29 11:23,71840,2021-04-01,2022-03-31,株式会社　富山第一銀行
S100OH5O,2022-06-29,2022-06-29 11:24,88360,2021-04-01,2022-03-31,株式会社ＲＩＳＥ
S100OK97,2022-06-29,2022-06-29 11:25,94070,2021-04-01,2022-03-31,株式会社ＲＫＢ毎日ホールディングス
S100OJ00,2022-06-29,2022-06-29 11:26,90730,2021-04-01,2022-03-31,京極運輸商事株式会社
S100OKQH,2022-06-29,2022-06-29 11:27,73390,2021-04-01,2022-03-31,アイペットホールディングス株式会社
S100OF7G,2022-06-29,2022-06-29 11:28,61110,2021-04-01,2022-03-31,旭精機工業株式会社
S100OKPM,2022-06-29,2022-06-29 11:29,74260,2021-04-01,2022-03-31,株式会社　山大
S100OIYH,2022-06-29,2022-06-29 11:30,40440,2021-04-01,2022-03-31,セントラル硝子株式会社
S100OI0Q,2022-06-29,2022-06-29 11:32,34170,2021-04-01,2022-03-31,大木ヘルスケアホールディングス株式会社
S100O5PH,2022-06-29,2022-06-29 11:34,79370,2021-04-01,2022-03-31,株式会社ツツミ
S100OJUG,2022-06-29,2022-06-29 11:35,64630,2021-04-01,2022-03-31,ＴＰＲ株式会社
S100OJLK,2022-06-29,2022-06-29 11:36,43160,2021-04-01,2022-03-31,株式会社ビーマップ
S100OG7N,2022-06-29,2022-06-29 11:40,56580,2021-04-01,2022-03-31,日亜鋼業株式会社
S100OJOS,2022-06-29,2022-06-29 11:40,63020,2021-04-01,2022-03-31,住友重機械工業株式会社
S100OKNF,2022-06-29,2022-06-29 11:41,45580,2021-04-01,2022-03-31,株式会社中京医薬品
S100OIMW,2022-06-29,2022-06-29 11:42,66470,2021-04-01,2022-03-31,森尾電機株式会社
S100OHF8,2022-06-29,2022-06-29 11:43,68360,2021-04-01,2022-03-31,ぷらっとホーム株式会社
S100OK85,2022-06-29,2022-06-29 11:44,39790,2021-04-01,2022-03-31,株式会社うるる
S100OIN6,2022-06-29,2022-06-29 11:45,78170,2021-04-01,2022-03-31,パラマウントベッドホールディングス株式会社
S100OKOI,2022-06-29,2022-06-29 11:46,61900,2021-04-01,2022-03-31,株式会社フェニックスバイオ
S100OCPU,2022-06-29,2022-06-29 11:46,93800,2021-04-01,2022-03-31,東海運株式会社
S100OKQ0,2022-06-29,2022-06-29 11:47,40270,2021-04-01,2022-03-31,テイカ株式会社
S100OJVD,2022-06-29,2022-06-29 11:47,19210,2021-04-01,2022-03-31,株式会社　巴コーポレーション
S100OINY,2022-06-29,2022-06-29 11:49,79190,2021-04-01,2022-03-31,野崎印刷紙業株式会社
S100OKOU,2022-06-29,2022-06-29 11:51,66430,2021-04-01,2022-03-31,株式会社戸上電機製作所
S100OG29,2022-06-29,2022-06-29 11:52,61470,2021-04-01,2022-03-31,株式会社ヤマザキ
S100OK30,2022-06-29,2022-06-29 11:52,63310,2021-04-01,2022-03-31,三菱化工機株式会社
S100OJIF,2022-06-29,2022-06-29 11:53,31030,2021-04-01,2022-03-31,ユニチカ株式会社
S100OEGI,2022-06-29,2022-06-29 11:54,19790,2021-04-01,2022-03-31,株式会社大気社
S100OIHE,2022-06-29,2022-06-29 11:54,53840,2021-04-01,2022-03-31,株式会社フジミインコーポレーテッド
S100OKQ3,2022-06-29,2022-06-29 11:55,31750,2021-04-01,2022-03-31,株式会社エー・ピーホールディングス
S100OGXG,2022-06-29,2022-06-29 11:56,79420,2021-04-01,2022-03-31,株式会社ジェイエスピー
S100OKFN,2022-06-29,2022-06-29 11:56,90270,2021-04-01,2022-03-31,株式会社ロジネットジャパン
S100OJ76,2022-06-29,2022-06-29 11:57,95030,2021-04-01,2022-03-31,関西電力株式会社
S100OJDQ,2022-06-29,2022-06-29 11:58,99900,2021-04-01,2022-03-31,株式会社サックスバーホールディングス
S100OJ7R,2022-06-29,2022-06-29 12:02,61460,2021-04-01,2022-03-31,株式会社ディスコ
S100OITG,2022-06-29,2022-06-29 12:02,79320,2021-04-01,2022-03-31,株式会社ニッピ
S100OHYU,2022-06-29,2022-06-29 12:05,35910,2021-04-01,2022-03-31,株式会社ワコールホールディングス
S100OF48,2022-06-29,2022-06-29 12:05,97800,2021-04-01,2022-03-31,株式会社ハリマビステム
S100OJVX,2022-06-29,2022-06-29 12:10,75700,2021-04-01,2022-03-31,橋本総業ホールディングス株式会社
S100O97D,2022-06-29,2022-06-29 12:12,68190,2021-04-01,2022-03-31,伊豆シャボテンリゾート株式会社
S100OKV5,2022-06-29,2022-06-29 12:16,33220,2021-04-01,2022-03-31,アルファグループ株式会社
S100OJJZ,2022-06-29,2022-06-29 12:24,86170,2021-04-01,2022-03-31,光世証券株式会社
S100OGEM,2022-06-29,2022-06-29 12:25,74130,2021-04-01,2022-03-31,株式会社創健社
S100OJXV,2022-06-29,2022-06-29 12:26,97760,2021-04-01,2022-03-31,札幌臨床検査センター株式会社
S100OIGO,2022-06-29,2022-06-29 12:27,82260,2021-04-01,2022-03-31,株式会社　理経
S100OI2F,2022-06-29,2022-06-29 12:28,83870,2021-04-01,2022-03-31,株式会社四国銀行
S100OILB,2022-06-29,2022-06-29 12:32,35280,2021-04-01,2022-03-31,株式会社ミライノベート
S100OJ23,2022-06-29,2022-06-29 12:35,93270,2021-04-01,2022-03-31,株式会社イー・ロジット
S100OI93,2022-06-29,2022-06-29 12:35,89200,2021-04-01,2022-03-31,株式会社　東　祥
S100ODEM,2022-06-29,2022-06-29 12:36,94020,2021-04-01,2022-03-31,中部日本放送株式会社
S100OJPE,2022-06-29,2022-06-29 12:36,64790,2021-04-01,2022-03-31,ミネベアミツミ株式会社
S100OKUM,2022-06-29,2022-06-29 12:43,90510,2021-04-01,2022-03-31,センコン物流株式会社
S100OKJW,2022-06-29,2022-06-29 12:43,46110,2021-04-01,2022-03-31,大日本塗料株式会社
S100OI3K,2022-06-29,2022-06-29 12:46,69520,2021-04-01,2022-03-31,カシオ計算機株式会社
S100OJ9R,2022-06-29,2022-06-29 12:48,85590,2021-04-01,2022-03-31,株式会社豊和銀行
S100OGXQ,2022-06-29,2022-06-29 12:50,60230,2021-04-01,2022-03-31,ダイハツディーゼル株式会社
S100OKEM,2022-06-29,2022-06-29 12:51,84160,2021-04-01,2022-03-31,株式会社高知銀行
S100OHSP,2022-06-29,2022-06-29 12:52,65650,2021-04-01,2022-03-31,ＡＢホテル株式会社
S100OIRC,2022-06-29,2022-06-29 12:52,51220,2021-04-01,2022-03-31,オカモト株式会社
S100ODBL,2022-06-29,2022-06-29 12:53,91150,2021-04-01,2022-03-31,明治海運株式会社
S100OI3S,2022-06-29,2022-06-29 12:54,59450,2021-04-01,2022-03-31,天龍製鋸株式会社
S100OI5D,2022-06-29,2022-06-29 12:54,35210,2021-04-01,2022-03-31,エコナックホールディングス株式会社
S100OI51,2022-06-29,2022-06-29 12:54,80710,2021-04-01,2022-03-31,東海エレクトロニクス株式会社
S100OKW9,2022-06-29,2022-06-29 12:55,35590,2021-04-01,2022-03-31,株式会社ピーバンドットコム
S100OFJO,2022-06-29,2022-06-29 12:56,69890,2021-04-01,2022-03-31,北陸電気工業株式会社
S100OHHU,2022-06-29,2022-06-29 12:57,35980,2021-04-01,2022-03-31,山喜株式会社
S100OKGZ,2022-06-29,2022-06-29 12:58,62290,2021-04-01,2022-03-31,株式会社オーケーエム
S100OIOY,2022-06-29,2022-06-29 12:58,46870,2021-04-01,2022-03-31,ＴＤＣソフト株式会社
S100OFBH,2022-06-29,2022-06-29 12:58,59560,2021-04-01,2022-03-31,トーソー株式会社
S100OFM3,2022-06-29,2022-06-29 12:58,67630,2021-04-01,2022-03-31,帝国通信工業株式会社
S100OJ8K,2022-06-29,2022-06-29 12:59,92270,2021-04-01,2022-03-31,マイクロ波化学株式会社
S100OKD9,2022-06-29,2022-06-29 12:59,97660,2021-04-01,2022-03-31,コナミホールディングス株式会社
S100OKDA,2022-06-29,2022-06-29 13:00,81470,2021-04-01,2022-03-31,株式会社トミタ
S100OE0W,2022-06-29,2022-06-29 13:00,18350,2021-04-01,2022-03-31,東鉄工業株式会社
S100OBSR,2022-06-29,2022-06-29 13:00,59470,2021-04-01,2022-03-31,リンナイ株式会社
S100OKH0,2022-06-29,2022-06-29 13:00,71380,2021-04-01,2022-03-31,株式会社ＴＯＲＩＣＯ
S100OJV9,2022-06-29,2022-06-29 13:00,40410,2021-04-01,2022-03-31,日本曹達株式会社
S100OJ9K,2022-06-29,2022-06-29 13:01,99300,2021-04-01,2022-03-31,北沢産業株式会社
S100OH85,2022-06-29,2022-06-29 13:01,63920,2021-04-01,2022-03-31,株式会社　ヤマダコーポレーション
S100OIWN,2022-06-29,2022-06-29 13:02,52620,2021-04-01,2022-03-31,日本ヒューム株式会社
S100OIDE,2022-06-29,2022-06-29 13:02,79810,2021-04-01,2022-03-31,タカラスタンダード株式会社
S100OJZH,2022-06-29,2022-06-29 13:03,77260,2021-04-01,2022-03-31,黒田精工株式会社
S100OINI,2022-06-29,2022-06-29 13:04,19260,2021-04-01,2022-03-31,ライト工業株式会社
S100OIWU,2022-06-29,2022-06-29 13:04,63370,2021-04-01,2022-03-31,株式会社テセック
S100OK56,2022-06-29,2022-06-29 13:05,46280,2021-04-01,2022-03-31,エスケー化研株式会社
S100OGY5,2022-06-29,2022-06-29 13:05,90480,2021-04-01,2022-03-31,名古屋鉄道株式会社
S100OK18,2022-06-29,2022-06-29 13:05,81390,2021-04-01,2022-03-31,株式会社ナガホリ
S100OD0M,2022-06-29,2022-06-29 13:06,93010,2021-04-01,2022-03-31,三菱倉庫株式会社
S100OKNK,2022-06-29,2022-06-29 13:06,67710,2021-04-01,2022-03-31,池上通信機株式会社
S100OFOI,2022-06-29,2022-06-29 13:06,41190,2021-04-01,2022-03-31,日本ピグメント株式会社
S100OGXT,2022-06-29,2022-06-29 13:06,98950,2021-04-01,2022-03-31,株式会社コンセック
S100OI6J,2022-06-29,2022-06-29 13:06,26760,2021-04-01,2022-03-31,高千穂交易株式会社
S100OIO0,2022-06-29,2022-06-29 13:07,31110,2021-04-01,2022-03-31,オーミケンシ株式会社
S100OI8A,2022-06-29,2022-06-29 13:07,74600,2021-04-01,2022-03-31,株式会社ヤギ
S100OJGU,2022-06-29,2022-06-29 13:09,59400,2021-04-01,2022-03-31,不二サッシ株式会社
S100OFPF,2022-06-29,2022-06-29 13:10,24330,2021-04-01,2022-03-31,株式会社博報堂ＤＹホールディングス
S100OKX2,2022-06-29,2022-06-29 13:10,19720,2021-04-01,2022-03-31,三晃金属工業株式会社
S100OJ9I,2022-06-29,2022-06-29 13:11,42240,2021-04-01,2022-03-31,ロンシール工業株式会社
S100OH6Z,2022-06-29,2022-06-29 13:11,49740,2021-04-01,2022-03-31,タカラバイオ株式会社
S100OIL8,2022-06-29,2022-06-29 13:11,39510,2021-04-01,2022-03-31,朝日印刷株式会社
S100OHEJ,2022-06-29,2022-06-29 13:12,25310,2021-04-01,2022-03-31,宝ホールディングス株式会社
S100OHY7,2022-06-29,2022-06-29 13:12,19050,2021-04-01,2022-03-31,株式会社テノックス
S100OJ1S,2022-06-29,2022-06-29 13:12,53880,2021-04-01,2022-03-31,クニミネ工業株式会社
S100OKGJ,2022-06-29,2022-06-29 13:12,15140,2021-04-01,2022-03-31,住石ホールディングス株式会社
S100OK1N,2022-06-29,2022-06-29 13:13,69960,2021-04-01,2022-03-31,ニチコン株式会社
S100OFS8,2022-06-29,2022-06-29 13:13,42050,2021-04-01,2022-03-31,日本ゼオン株式会社
S100OFWZ,2022-06-29,2022-06-29 13:14,31090,2021-04-01,2022-03-31,シキボウ株式会社
S100OHVH,2022-06-29,2022-06-29 13:14,79530,2021-04-01,2022-03-31,菊水化学工業株式会社
S100OI6E,2022-06-29,2022-06-29 13:15,58070,2021-04-01,2022-03-31,東京特殊電線株式会社
S100OKWT,2022-06-29,2022-06-29 13:16,82070,2021-04-01,2022-03-31,テンアライド株式会社
S100OJVM,2022-06-29,2022-06-29 13:17,53930,2021-04-01,2022-03-31,ニチアス株式会社
S100OJLQ,2022-06-29,2022-06-29 13:17,77010,2021-04-01,2022-03-31,株式会社　島津製作所
S100OJJ8,2022-06-29,2022-06-29 13:17,85500,2021-04-01,2022-03-31,株式会社　栃木銀行
S100OGUY,2022-06-29,2022-06-29 13:18,93070,2021-04-01,2022-03-31,株式会社杉村倉庫
S100OHNZ,2022-06-29,2022-06-29 13:18,17210,2021-04-01,2022-03-31,コムシスホールディングス株式会社
S100OK5U,2022-06-29,2022-06-29 13:18,88690,2021-04-01,2022-03-31,明和地所株式会社
S100OJZO,2022-06-29,2022-06-29 13:19,22690,2021-04-01,2022-03-31,明治ホールディングス株式会社
S100OHV9,2022-06-29,2022-06-29 13:20,59620,2021-04-01,2022-03-31,浅香工業株式会社
S100OKKA,2022-06-29,2022-06-29 13:20,18410,2021-04-01,2022-03-31,サンユー建設株式会社
S100OK2Y,2022-06-29,2022-06-29 13:21,62730,2021-04-01,2022-03-31,ＳＭＣ株式会社
S100OK7S,2022-06-29,2022-06-29 13:22,72910,2021-04-01,2022-03-31,日本プラスト株式会社
S100OIXX,2022-06-29,2022-06-29 13:22,77170,2021-04-01,2022-03-31,株式会社ブイ・テクノロジー
S100OH3D,2022-06-29,2022-06-29 13:22,74550,2021-04-01,2022-03-31,株式会社パリミキホールディングス
S100OKZ6,2022-06-29,2022-06-29 13:23,42590,2021-04-01,2022-03-31,株式会社エクサウィザーズ
S100OKLK,2022-06-29,2022-06-29 13:23,90760,2021-04-01,2022-03-31,セイノーホールディングス株式会社
S100OJC4,2022-06-29,2022-06-29 13:23,33150,2021-04-01,2022-03-31,日本コークス工業株式会社
S100OJFR,2022-06-29,2022-06-29 13:23,53040,2021-04-01,2022-03-31,ＳＥＣカーボン株式会社
S100OKWE,2022-06-29,2022-06-29 13:24,81170,2021-04-01,2022-03-31,中央自動車工業株式会社
S100OEUP,2022-06-29,2022-06-29 13:26,98500,2021-04-01,2022-03-31,株式会社グルメ杵屋
S100OKT2,2022-06-29,2022-06-29 13:27,40280,2021-04-01,2022-03-31,石原産業株式会社
S100OKYP,2022-06-29,2022-06-29 13:27,85180,2021-04-01,2022-03-31,日本アジア投資株式会社
S100OKC3,2022-06-29,2022-06-29 13:28,64030,2021-04-01,2022-03-31,水道機工株式会社
S100OJ3B,2022-06-29,2022-06-29 13:28,69600,2021-04-01,2022-03-31,フクダ電子株式会社
S100OJWR,2022-06-29,2022-06-29 13:28,31500,2021-04-01,2022-03-31,株式会社グリムス
S100OKZV,2022-06-29,2022-06-29 13:29,63190,2021-04-01,2022-03-31,株式会社シンニッタン
S100OJ56,2022-06-29,2022-06-29 13:29,94010,2021-04-01,2022-03-31,株式会社ＴＢＳホールディングス
S100OJ8F,2022-06-29,2022-06-29 13:29,61440,2021-04-01,2022-03-31,西部電機株式会社
S100OKHQ,2022-06-29,2022-06-29 13:30,38450,2021-04-01,2022-03-31,株式会社アイフリークモバイル
S100OIPL,2022-06-29,2022-06-29 13:30,60180,2021-04-01,2022-03-31,阪神内燃機工業株式会社
S100OAUS,2022-06-29,2022-06-29 13:30,19420,2021-04-01,2022-03-31,株式会社関電工
S100OFC7,2022-06-29,2022-06-29 13:30,82810,2021-04-01,2022-03-31,ゼビオホールディングス株式会社
S100OL05,2022-06-29,2022-06-29 13:32,65860,2021-04-01,2022-03-31,株式会社マキタ
S100OI40,2022-06-29,2022-06-29 13:34,93040,2021-04-01,2022-03-31,澁澤倉庫株式会社
S100OB6L,2022-06-29,2022-06-29 13:34,18010,2021-04-01,2022-03-31,大成建設株式会社
S100OJGT,2022-06-29,2022-06-29 13:34,93530,2021-04-01,2022-03-31,櫻島埠頭株式会社
S100OKIR,2022-06-29,2022-06-29 13:35,83540,2021-04-01,2022-03-31,株式会社ふくおかフィナンシャルグループ
S100OIX8,2022-06-29,2022-06-29 13:35,93100,2021-04-01,2022-03-31,日本トランスシティ株式会社
S100O7D8,2022-06-29,2022-06-29 13:36,18330,2021-04-01,2022-03-31,株式会社奥村組
S100OJNL,2022-06-29,2022-06-29 13:39,21120,2021-04-01,2022-03-31,塩水港精糖株式会社
S100OGF2,2022-06-29,2022-06-29 13:39,75640,2021-04-01,2022-03-31,株式会社ワークマン
S100OHMR,2022-06-29,2022-06-29 13:39,93590,2021-04-01,2022-03-31,伊勢湾海運株式会社
S100OI5J,2022-06-29,2022-06-29 13:39,45340,2021-04-01,2022-03-31,持田製薬株式会社
S100OG85,2022-06-29,2022-06-29 13:40,63600,2021-04-01,2022-03-31,株式会社　東京自働機械製作所
S100OH46,2022-06-29,2022-06-29 13:40,43650,2021-04-01,2022-03-31,松本油脂製薬株式会社
S100OGHV,2022-06-29,2022-06-29 13:41,28050,2021-04-01,2022-03-31,ヱスビー食品株式会社
S100OJX5,2022-06-29,2022-06-29 13:41,19800,2021-04-01,2022-03-31,ダイダン株式会社
S100OE9V,2022-06-29,2022-06-29 13:41,69070,2021-04-01,2022-03-31,ジオマテック株式会社
S100ODJ9,2022-06-29,2022-06-29 13:42,90700,2021-04-01,2022-03-31,トナミホールディングス株式会社
S100OKUQ,2022-06-29,2022-06-29 13:42,59750,2021-04-01,2022-03-31,東プレ株式会社
S100OA7R,2022-06-29,2022-06-29 13:43,39450,2021-04-01,2022-03-31,スーパーバッグ株式会社
S100OJWN,2022-06-29,2022-06-29 13:44,62470,2021-04-01,2022-03-31,株式会社日阪製作所
S100OFDE,2022-06-29,2022-06-29 13:45,79940,2021-04-01,2022-03-31,株式会社オカムラ
S100OGB8,2022-06-29,2022-06-29 13:45,93120,2021-04-01,2022-03-31,ケイヒン株式会社
S100OL1T,2022-06-29,2022-06-29 13:45,30100,2021-04-01,2022-03-31,ポラリス・ホールディングス株式会社
S100O8G0,2022-06-29,2022-06-29 13:46,27530,2021-04-01,2022-03-31,株式会社　あみやき亭
S100OHRR,2022-06-29,2022-06-29 13:47,83950,2021-04-01,2022-03-31,株式会社佐賀銀行
S100OJQ7,2022-06-29,2022-06-29 13:48,18220,2021-04-01,2022-03-31,大豊建設株式会社
S100OJ89,2022-06-29,2022-06-29 13:48,31230,2021-04-01,2022-03-31,サイボー株式会社
S100OJ9Z,2022-06-29,2022-06-29 13:49,46940,2021-04-01,2022-03-31,株式会社ビー・エム・エル
S100OGJ2,2022-06-29,2022-06-29 13:49,90810,2021-04-01,2022-03-31,神奈川中央交通株式会社
S100OKQC,2022-06-29,2022-06-29 13:49,98310,2021-04-01,2022-03-31,株式会社ヤマダホールディングス
S100OKSH,2022-06-29,2022-06-29 13:49,33700,2021-04-01,2022-03-31,株式会社フジタコーポレーション
S100OL1W,2022-06-29,2022-06-29 13:50,20010,2021-04-01,2022-03-31,株式会社ニップン
S100OJ1L,2022-06-29,2022-06-29 13:50,90070,2021-04-01,2022-03-31,小田急電鉄株式会社
S100OJK1,2022-06-29,2022-06-29 13:52,78770,2021-04-01,2022-03-31,永大化工株式会社
S100OKZI,2022-06-29,2022-06-29 13:52,90680,2021-04-01,2022-03-31,丸全昭和運輸株式会社
S100OL0Z,2022-06-29,2022-06-29 13:52,70310,2021-04-01,2022-03-31,株式会社インバウンドテック
S100OICU,2022-06-29,2022-06-29 13:53,79230,2021-04-01,2022-03-31,トーイン株式会社
S100OG6Z,2022-06-29,2022-06-29 13:53,45400,2021-04-01,2022-03-31,株式会社ツムラ
S100OIEL,2022-06-29,2022-06-29 13:54,53810,2021-04-01,2022-03-31,Ｍｉｐｏｘ株式会社
S100OGTM,2022-06-29,2022-06-29 13:54,31060,2021-04-01,2022-03-31,倉敷紡績株式会社
S100OJWM,2022-06-29,2022-06-29 13:54,69690,2021-04-01,2022-03-31,松尾電機株式会社
S100OK43,2022-06-29,2022-06-29 13:55,44060,2021-04-01,2022-03-31,新日本理化株式会社
S100OK0R,2022-06-29,2022-06-29 13:56,88350,2021-04-01,2022-03-31,太平洋興発株式会社
S100OJ6S,2022-06-29,2022-06-29 13:56,44370,2021-04-01,2022-03-31,ｇｏｏｄｄａｙｓホールディングス株式会社
S100OL0U,2022-06-29,2022-06-29 13:57,92540,2021-04-01,2022-03-31,株式会社ラバブルマーケティンググループ
S100OL34,2022-06-29,2022-06-29 13:58,76350,2021-04-01,2022-03-31,杉田エース株式会社
S100OF6A,2022-06-29,2022-06-29 13:59,90630,2021-04-01,2022-03-31,岡山県貨物運送株式会社
S100OI9N,2022-06-29,2022-06-29 13:59,46240,2021-04-01,2022-03-31,イサム塗料株式会社
S100OI6H,2022-06-29,2022-06-29 14:00,35120,2021-04-01,2022-03-31,日本フエルト株式会社
S100ODJS,2022-06-29,2022-06-29 14:00,57150,2021-04-01,2022-03-31,古河機械金属株式会社
S100OK13,2022-06-29,2022-06-29 14:01,46250,2021-04-01,2022-03-31,アトミクス株式会社
S100OKDO,2022-06-29,2022-06-29 14:02,44640,2021-04-01,2022-03-31,株式会社ソフト９９コーポレーション
S100OK9E,2022-06-29,2022-06-29 14:02,38610,2021-04-01,2022-03-31,王子ホールディングス株式会社
S100OKY9,2022-06-29,2022-06-29 14:02,79160,2021-04-01,2022-03-31,光村印刷株式会社
S100OL3F,2022-06-29,2022-06-29 14:03,80610,2021-04-01,2022-03-31,西華産業株式会社
S100O9BA,2022-06-29,2022-06-29 14:03,19250,2021-04-01,2022-03-31,大和ハウス工業株式会社
S100OJ6V,2022-06-29,2022-06-29 14:04,45240,2021-04-01,2022-03-31,森下仁丹株式会社
S100OIBV,2022-06-29,2022-06-29 14:04,52120,2021-04-01,2022-03-31,不二硝子株式会社
S100OL2U,2022-06-29,2022-06-29 14:06,25400,2021-04-01,2022-03-31,養命酒製造株式会社
S100OKXR,2022-06-29,2022-06-29 14:06,68490,2021-04-01,2022-03-31,日本光電工業株式会社
S100OHND,2022-06-29,2022-06-29 14:06,53420,2021-04-01,2022-03-31,ジャニス工業株式会社
S100OKXJ,2022-06-29,2022-06-29 14:06,97910,2021-04-01,2022-03-31,株式会社ビケンテクノ
S100OJ5Z,2022-06-29,2022-06-29 14:06,78380,2021-04-01,2022-03-31,共立印刷株式会社
S100O9H0,2022-06-29,2022-06-29 14:06,94090,2021-04-01,2022-03-31,株式会社テレビ朝日ホールディングス
S100OL14,2022-06-29,2022-06-29 14:06,88410,2021-04-01,2022-03-31,株式会社テーオーシー
S100OL0W,2022-06-29,2022-06-29 14:06,98490,2021-04-01,2022-03-31,株式会社共同紙販ホールディングス
S100OKI4,2022-06-29,2022-06-29 14:06,80560,2021-04-01,2022-03-31,ＢＩＰＲＯＧＹ株式会社
S100OI7H,2022-06-29,2022-06-29 14:08,42750,2021-04-01,2022-03-31,カーリットホールディングス株式会社
S100OIRN,2022-06-29,2022-06-29 14:08,39540,2021-04-01,2022-03-31,昭和パックス株式会社
S100OJL6,2022-06-29,2022-06-29 14:09,51210,2021-04-01,2022-03-31,藤倉コンポジット株式会社
S100OJLB,2022-06-29,2022-06-29 14:10,50080,2021-04-01,2022-03-31,東亜石油株式会社
S100OIK3,2022-06-29,2022-06-29 14:11,73670,2021-04-01,2022-03-31,株式会社セルム
S100OJF1,2022-06-29,2022-06-29 14:11,22010,2021-04-01,2022-03-31,森永製菓株式会社
S100OCYV,2022-06-29,2022-06-29 14:11,69470,2021-04-01,2022-03-31,株式会社図研
S100OKZD,2022-06-29,2022-06-29 14:12,94750,2021-04-01,2022-03-31,株式会社昭文社ホールディングス
S100OCEW,2022-06-29,2022-06-29 14:12,67430,2021-04-01,2022-03-31,大同信号株式会社
S100OCFK,2022-06-29,2022-06-29 14:13,30110,2021-04-01,2022-03-31,株式会社バナーズ
S100OK2T,2022-06-29,2022-06-29 14:15,49260,2021-04-01,2022-03-31,株式会社シーボン
S100OK44,2022-06-29,2022-06-29 14:15,41180,2021-04-01,2022-03-31,株式会社カネカ
S100OL52,2022-06-29,2022-06-29 14:15,36920,2021-04-01,2022-03-31,株式会社ＦＦＲＩセキュリティ
S100OJXC,2022-06-29,2022-06-29 14:16,98520,2021-04-01,2022-03-31,ＣＢグループマネジメント株式会社
S100OKYN,2022-06-29,2022-06-29 14:19,99640,2021-04-01,2022-03-31,株式会社アイ・テック
S100OKYF,2022-06-29,2022-06-29 14:19,82140,2021-04-01,2022-03-31,株式会社ＡＯＫＩホールディングス
S100OEWH,2022-06-29,2022-06-29 14:20,65030,2021-04-01,2022-03-31,三菱電機株式会社
S100OJAE,2022-06-29,2022-06-29 14:20,91930,2021-04-01,2022-03-31,東京汽船株式会社
S100OKOW,2022-06-29,2022-06-29 14:20,75100,2021-04-01,2022-03-31,株式会社たけびし
S100OL2D,2022-06-29,2022-06-29 14:20,18610,2021-04-01,2022-03-31,株式会社　熊谷組
S100OIAR,2022-06-29,2022-06-29 14:21,90740,2021-04-01,2022-03-31,日本石油輸送株式会社
S100OKLG,2022-06-29,2022-06-29 14:21,66180,2021-04-01,2022-03-31,株式会社大泉製作所
S100OL47,2022-06-29,2022-06-29 14:23,65490,2021-04-01,2022-03-31,ディーエムソリューションズ株式会社
S100OJP3,2022-06-29,2022-06-29 14:23,17110,2021-04-01,2022-03-31,株式会社ＳＤＳホールディングス
S100OL6D,2022-06-29,2022-06-29 14:24,58030,2021-04-01,2022-03-31,株式会社フジクラ
S100OKKD,2022-06-29,2022-06-29 14:24,40220,2021-04-01,2022-03-31,ラサ工業株式会社
S100OGZH,2022-06-29,2022-06-29 14:25,83410,2021-04-01,2022-03-31,株式会社七十七銀行
S100OL57,2022-06-29,2022-06-29 14:25,80850,2021-04-01,2022-03-31,ナラサキ産業株式会社
S100OI7L,2022-06-29,2022-06-29 14:25,41000,2021-04-01,2022-03-31,戸田工業株式会社
S100OKCL,2022-06-29,2022-06-29 14:26,70110,2021-04-01,2022-03-31,三菱重工業株式会社
S100OKQO,2022-06-29,2022-06-29 14:27,88020,2021-04-01,2022-03-31,三菱地所株式会社
S100OL79,2022-06-29,2022-06-29 14:28,91710,2021-04-01,2022-03-31,栗林商船株式会社
S100OI90,2022-06-29,2022-06-29 14:30,53520,2021-04-01,2022-03-31,黒崎播磨株式会社
S100OICO,2022-06-29,2022-06-29 14:30,70580,2021-04-01,2022-03-31,共栄セキュリティーサービス株式会社
S100OJPW,2022-06-29,2022-06-29 14:32,84210,2021-04-01,2022-03-31,信金中央金庫
S100OKYC,2022-06-29,2022-06-29 14:32,66740,2021-04-01,2022-03-31,株式会社　ジーエス・ユアサ　コーポレーション
S100OJP2,2022-06-29,2022-06-29 14:35,46670,2021-04-01,2022-03-31,アイサンテクノロジー株式会社
S100OJA6,2022-06-29,2022-06-29 14:35,38490,2021-04-01,2022-03-31,日本テクノ・ラボ株式会社
S100OINV,2022-06-29,2022-06-29 14:37,90080,2021-04-01,2022-03-31,京王電鉄株式会社
S100OL5B,2022-06-29,2022-06-29 14:39,59580,2021-04-01,2022-03-31,三洋工業株式会社
S100OK9U,2022-06-29,2022-06-29 14:39,54450,2021-04-01,2022-03-31,東京鐵鋼株式会社
S100OIX1,2022-06-29,2022-06-29 14:41,80500,2021-04-01,2022-03-31,セイコーホールディングス株式会社
S100OJGH,2022-06-29,2022-06-29 14:43,52100,2021-04-01,2022-03-31,日本山村硝子株式会社
S100OIC8,2022-06-29,2022-06-29 14:44,66200,2021-04-01,2022-03-31,宮越ホールディングス株式会社
S100OHJE,2022-06-29,2022-06-29 14:45,50090,2021-04-01,2022-03-31,富士興産株式会社
S100OIPY,2022-06-29,2022-06-29 14:46,63580,2021-04-01,2022-03-31,酒井重工業株式会社
S100OL98,2022-06-29,2022-06-29 14:48,45380,2021-04-01,2022-03-31,扶桑薬品工業株式会社
S100OL1S,2022-06-29,2022-06-29 14:48,64390,2021-04-01,2022-03-31,中日本鋳工株式会社
S100OIEP,2022-06-29,2022-06-29 14:48,51420,2021-04-01,2022-03-31,アキレス株式会社
S100OK50,2022-06-29,2022-06-29 14:48,52870,2021-04-01,2022-03-31,株式会社イトーヨーギョー
S100OJDY,2022-06-29,2022-06-29 14:49,66230,2021-04-01,2022-03-31,愛知電機株式会社
S100OKV2,2022-06-29,2022-06-29 14:51,45910,2021-04-01,2022-03-31,株式会社リボミック
S100OL5U,2022-06-29,2022-06-29 14:52,35510,2021-04-01,2022-03-31,ダイニック株式会社
S100OFRB,2022-06-29,2022-06-29 14:54,93030,2021-04-01,2022-03-31,株式会社住友倉庫
S100OGHT,2022-06-29,2022-06-29 14:55,47200,2021-04-01,2022-03-31,株式会社城南進学研究社
S100OKHC,2022-06-29,2022-06-29 14:56,33600,2021-04-01,2022-03-31,シップヘルスケアホールディングス株式会社
S100OKYI,2022-06-29,2022-06-29 14:59,64280,2021-04-01,2022-03-31,株式会社オーイズミ
S100OGAP,2022-06-29,2022-06-29 15:00,77910,2021-04-01,2022-03-31,ドリームベッド株式会社
S100OL02,2022-06-29,2022-06-29 15:00,35420,2021-04-01,2022-03-31,株式会社ベガコーポレーション
S100OJWZ,2022-06-29,2022-06-29 15:00,88480,2021-04-01,2022-03-31,株式会社レオパレス２１
S100OKGI,2022-06-29,2022-06-29 15:00,32930,2021-04-01,2022-03-31,アズマハウス株式会社
S100OGA8,2022-06-29,2022-06-29 15:00,19810,2021-04-01,2022-03-31,株式会社協和日成
S100OI9G,2022-06-29,2022-06-29 15:00,63350,2021-04-01,2022-03-31,株式会社東京機械製作所
S100OKV0,2022-06-29,2022-06-29 15:00,60690,2021-04-01,2022-03-31,トレンダーズ株式会社
S100OJYK,2022-06-29,2022-06-29 15:00,65070,2021-04-01,2022-03-31,シンフォニアテクノロジー株式会社
S100OJ0X,2022-06-29,2022-06-29 15:00,57590,2021-04-01,2022-03-31,日本電解株式会社
S100OL9V,2022-06-29,2022-06-29 15:01,98570,2021-04-01,2022-03-31,英和株式会社
S100OK67,2022-06-29,2022-06-29 15:01,52370,2021-04-01,2022-03-31,株式会社ノザワ
S100OJII,2022-06-29,2022-06-29 15:01,64850,2021-04-01,2022-03-31,前澤給装工業株式会社
S100OIM3,2022-06-29,2022-06-29 15:01,28310,2021-04-01,2022-03-31,はごろもフーズ株式会社
S100OLAJ,2022-06-29,2022-06-29 15:01,20550,2021-04-01,2022-03-31,日和産業株式会社
S100OITA,2022-06-29,2022-06-29 15:01,79110,2021-04-01,2022-03-31,凸版印刷株式会社
S100OINM,2022-06-29,2022-06-29 15:01,60550,2021-04-01,2022-03-31,ジャパンマテリアル株式会社
S100OK1A,2022-06-29,2022-06-29 15:01,36760,2021-04-01,2022-03-31,株式会社デジタルハーツホールディングス
S100OLAQ,2022-06-29,2022-06-29 15:02,91430,2021-04-01,2022-03-31,ＳＧホールディングス株式会社
S100OL6G,2022-06-29,2022-06-29 15:02,68150,2021-04-01,2022-03-31,ユニデンホールディングス株式会社
S100OJYY,2022-06-29,2022-06-29 15:02,49780,2021-04-01,2022-03-31,株式会社リプロセル
S100OFGQ,2022-06-29,2022-06-29 15:02,87470,2021-04-01,2022-03-31,豊トラスティ証券株式会社
S100OJ93,2022-06-29,2022-06-29 15:02,38630,2021-04-01,2022-03-31,日本製紙株式会社
S100OKI9,2022-06-29,2022-06-29 15:03,69860,2021-04-01,2022-03-31,双葉電子工業株式会社
S100OHJB,2022-06-29,2022-06-29 15:03,45810,2021-04-01,2022-03-31,大正製薬ホールディングス株式会社
S100OK3L,2022-06-29,2022-06-29 15:03,63680,2021-04-01,2022-03-31,オルガノ株式会社
S100OI12,2022-06-29,2022-06-29 15:03,46610,2021-04-01,2022-03-31,株式会社オリエンタルランド
S100OJES,2022-06-29,2022-06-29 15:03,18150,2021-04-01,2022-03-31,鉄建建設株式会社
S100OJSA,2022-06-29,2022-06-29 15:04,89990,2021-04-01,2022-03-31,グランディハウス株式会社
S100OLA5,2022-06-29,2022-06-29 15:04,65230,2021-04-01,2022-03-31,ＰＨＣホールディングス株式会社
S100OAL9,2022-06-29,2022-06-29 15:04,62300,2021-04-01,2022-03-31,ＳＡＮＥＩ株式会社
S100OIH8,2022-06-29,2022-06-29 15:04,90050,2021-04-01,2022-03-31,東急株式会社
S100OKVY,2022-06-29,2022-06-29 15:05,64360,2021-04-01,2022-03-31,アマノ株式会社
S100OK3I,2022-06-29,2022-06-29 15:05,18920,2021-04-01,2022-03-31,徳倉建設株式会社
S100O9BW,2022-06-29,2022-06-29 15:06,83580,2021-04-01,2022-03-31,スルガ銀行株式会社
S100OLA4,2022-06-29,2022-06-29 15:06,82080,2021-04-01,2022-03-31,株式会社エンチョー
S100OKWO,2022-06-29,2022-06-29 15:06,73660,2021-04-01,2022-03-31,株式会社ＬＩＴＡＬＩＣＯ
S100NM6F,2022-06-29,2022-06-29 15:06,95020,2021-04-01,2022-03-31,中部電力株式会社
S100ODD2,2022-06-29,2022-06-29 15:07,77310,2021-04-01,2022-03-31,株式会社ニコン
S100OKAN,2022-06-29,2022-06-29 15:09,38800,2021-04-01,2022-03-31,大王製紙株式会社
S100OIW0,2022-06-29,2022-06-29 15:09,95130,2021-04-01,2022-03-31,電源開発株式会社
S100OIF1,2022-06-29,2022-06-29 15:09,88010,2021-04-01,2022-03-31,三井不動産株式会社
S100OKT7,2022-06-29,2022-06-29 15:09,53510,2021-04-01,2022-03-31,品川リフラクトリーズ株式会社
S100ODXX,2022-06-29,2022-06-29 15:11,74830,2021-04-01,2022-03-31,株式会社ドウシシャ
S100OKPJ,2022-06-29,2022-06-29 15:11,62180,2021-04-01,2022-03-31,エンシュウ株式会社
S100OIQR,2022-06-29,2022-06-29 15:11,42080,2021-04-01,2022-03-31,ＵＢＥ株式会社
S100OJ05,2022-06-29,2022-06-29 15:12,59220,2021-04-01,2022-03-31,那須電機鉄工株式会社
S100OI0D,2022-06-29,2022-06-29 15:13,79900,2021-04-01,2022-03-31,グローブライド株式会社
S100OLBR,2022-06-29,2022-06-29 15:13,66170,2021-04-01,2022-03-31,株式会社東光高岳
S100OJWT,2022-06-29,2022-06-29 15:13,15150,2021-04-01,2022-03-31,日鉄鉱業株式会社
S100OIMF,2022-06-29,2022-06-29 15:14,81190,2021-04-01,2022-03-31,株式会社三栄コーポレーション
S100OL53,2022-06-29,2022-06-29 15:15,99970,2021-04-01,2022-03-31,株式会社ベルーナ
S100OK5T,2022-06-29,2022-06-29 15:15,48490,2021-04-01,2022-03-31,エン・ジャパン株式会社
S100OL76,2022-06-29,2022-06-29 15:15,86010,2021-04-01,2022-03-31,株式会社大和証券グループ本社
S100OJDI,2022-06-29,2022-06-29 15:16,54820,2021-04-01,2022-03-31,愛知製鋼株式会社
S100OJV4,2022-06-29,2022-06-29 15:17,40640,2021-04-01,2022-03-31,日本カーバイド工業株式会社
S100OJN9,2022-06-29,2022-06-29 15:17,18700,2021-04-01,2022-03-31,矢作建設工業株式会社
S100OL8D,2022-06-29,2022-06-29 15:18,96330,2021-04-01,2022-03-31,東京テアトル株式会社
S100O8IM,2022-06-29,2022-06-29 15:18,59910,2021-04-01,2022-03-31,日本発條株式会社
S100OLC6,2022-06-29,2022-06-29 15:18,60450,2021-04-01,2022-03-31,株式会社レントラックス
S100OFFE,2022-06-29,2022-06-29 15:19,70940,2021-04-01,2022-03-31,株式会社ＮｅｘＴｏｎｅ
S100OLCN,2022-06-29,2022-06-29 15:19,86990,2021-04-01,2022-03-31,ＨＳホールディングス株式会社
S100OJYP,2022-06-29,2022-06-29 15:19,79850,2021-04-01,2022-03-31,ネポン株式会社
S100OL50,2022-06-29,2022-06-29 15:19,95080,2021-04-01,2022-03-31,九州電力株式会社
S100OLD7,2022-06-29,2022-06-29 15:20,17760,2021-04-01,2022-03-31,三井住建道路株式会社
S100OKGQ,2022-06-29,2022-06-29 15:20,88640,2021-04-01,2022-03-31,空港施設株式会社
S100OI20,2022-06-29,2022-06-29 15:20,40470,2021-04-01,2022-03-31,関東電化工業株式会社
S100OJBE,2022-06-29,2022-06-29 15:21,17700,2021-04-01,2022-03-31,藤田エンジニアリング株式会社
S100OJW8,2022-06-29,2022-06-29 15:21,35290,2021-04-01,2022-03-31,アツギ株式会社
S100OI95,2022-06-29,2022-06-29 15:22,79140,2021-04-01,2022-03-31,共同印刷株式会社
S100OJ80,2022-06-29,2022-06-29 15:22,71620,2021-04-01,2022-03-31,アストマックス株式会社
S100ODSV,2022-06-29,2022-06-29 15:22,79120,2021-04-01,2022-03-31,大日本印刷株式会社
S100OL18,2022-06-29,2022-06-29 15:22,79990,2021-04-01,2022-03-31,ＭＵＴＯＨホールディングス株式会社
S100OHTZ,2022-06-29,2022-06-29 15:22,22080,2021-04-01,2022-03-31,株式会社ブルボン
S100OKBO,2022-06-29,2022-06-29 15:23,74670,2021-04-01,2022-03-31,萩原電気ホールディングス株式会社
S100OJAN,2022-06-29,2022-06-29 15:23,69250,2021-04-01,2022-03-31,ウシオ電機株式会社
S100OJRI,2022-06-29,2022-06-29 15:23,48900,2021-04-01,2022-03-31,株式会社坪田ラボ
S100OIUH,2022-06-29,2022-06-29 15:24,90310,2021-04-01,2022-03-31,西日本鉄道株式会社
S100OHJX,2022-06-29,2022-06-29 15:25,97010,2021-04-01,2022-03-31,株式会社東京會舘
S100OIOP,2022-06-29,2022-06-29 15:27,69120,2021-04-01,2022-03-31,菊水電子工業株式会社
S100OL90,2022-06-29,2022-06-29 15:27,72970,2021-04-01,2022-03-31,株式会社カーメイト
S100OK1E,2022-06-29,2022-06-29 15:28,77940,2021-04-01,2022-03-31,株式会社イーディーピー
S100OK0G,2022-06-29,2022-06-29 15:28,37530,2021-04-01,2022-03-31,株式会社フライトホールディングス
S100OGIC,2022-06-29,2022-06-29 15:29,80890,2021-04-01,2022-03-31,ナイス株式会社
S100OLE6,2022-06-29,2022-06-29 15:29,39050,2021-04-01,2022-03-31,データセクション株式会社
S100OIPG,2022-06-29,2022-06-29 15:29,19450,2021-04-01,2022-03-31,株式会社東京エネシス
S100OJCY,2022-06-29,2022-06-29 15:30,13840,2021-04-01,2022-03-31,株式会社　ホクリヨウ
S100OL70,2022-06-29,2022-06-29 15:30,49660,2021-04-01,2022-03-31,上村工業株式会社
S100OKU2,2022-06-29,2022-06-29 15:30,18210,2021-04-01,2022-03-31,三井住友建設株式会社
S100OGEB,2022-06-29,2022-06-29 15:30,60850,2021-04-01,2022-03-31,アーキテクツ・スタジオ・ジャパン株式会社
S100OL64,2022-06-29,2022-06-29 15:30,58210,2021-04-01,2022-03-31,平河ヒューテック株式会社
S100OJN1,2022-06-29,2022-06-29 15:30,63700,2021-04-01,2022-03-31,栗田工業株式会社
S100OJAX,2022-06-29,2022-06-29 15:31,64120,2021-04-01,2022-03-31,株式会社平和
S100OL46,2022-06-29,2022-06-29 15:33,51920,2021-04-01,2022-03-31,三ツ星ベルト株式会社
S100OHYG,2022-06-29,2022-06-29 15:35,82820,2021-04-01,2022-03-31,株式会社ケーズホールディングス
S100OBS8,2022-06-29,2022-06-29 15:35,70870,2021-04-01,2022-03-31,株式会社ウイルテック
S100OK25,2022-06-29,2022-06-29 15:36,69970,2021-04-01,2022-03-31,日本ケミコン株式会社
S100OJOR,2022-06-29,2022-06-29 15:39,69810,2021-04-01,2022-03-31,株式会社村田製作所
S100OLB2,2022-06-29,2022-06-29 15:40,97690,2021-04-01,2022-03-31,株式会社学究社
S100OJU2,2022-06-29,2022-06-29 15:40,44920,2021-04-01,2022-03-31,株式会社ゼネテック
S100OF4V,2022-06-29,2022-06-29 15:40,72450,2021-04-01,2022-03-31,大同メタル工業株式会社
S100OGSQ,2022-06-29,2022-06-29 15:42,70210,2021-04-01,2022-03-31,株式会社ニッチツ
S100OG68,2022-06-29,2022-06-29 15:43,45210,2021-04-01,2022-03-31,科研製薬株式会社
S100OLGN,2022-06-29,2022-06-29 15:43,69930,2021-04-01,2022-03-31,大黒屋ホールディングス株式会社
S100OATQ,2022-06-29,2022-06-29 15:44,90060,2021-04-01,2022-03-31,京浜急行電鉄株式会社
S100OJVK,2022-06-29,2022-06-29 15:44,93570,2021-04-01,2022-03-31,名港海運株式会社
S100OJKI,2022-06-29,2022-06-29 15:45,95310,2021-04-01,2022-03-31,東京瓦斯株式会社
S100OJG9,2022-06-29,2022-06-29 15:47,46510,2021-04-01,2022-03-31,株式会社サニックス
S100ODOX,2022-06-29,2022-06-29 15:47,35040,2021-04-01,2022-03-31,株式会社丸八ホールディングス
S100OHWE,2022-06-29,2022-06-29 15:48,80970,2021-04-01,2022-03-31,三愛オブリ株式会社
S100OLC3,2022-06-29,2022-06-29 15:48,88500,2021-04-01,2022-03-31,スターツコーポレーション株式会社
S100OG1V,2022-06-29,2022-06-29 15:49,63670,2021-04-01,2022-03-31,ダイキン工業株式会社
S100OLHO,2022-06-29,2022-06-29 15:50,81290,2021-04-01,2022-03-31,東邦ホールディングス株式会社
S100OJZ2,2022-06-29,2022-06-29 15:50,81540,2021-04-01,2022-03-31,加賀電子株式会社
S100OF57,2022-06-29,2022-06-29 15:51,83880,2021-04-01,2022-03-31,株式会社阿波銀行
S100OKMV,2022-06-29,2022-06-29 15:51,30790,2021-04-01,2022-03-31,ディーブイエックス株式会社
S100OJLT,2022-06-29,2022-06-29 15:51,71020,2021-04-01,2022-03-31,日本車輌製造株式会社
S100OB4Y,2022-06-29,2022-06-29 15:51,69980,2021-04-01,2022-03-31,日本タングステン株式会社
S100OJYA,2022-06-29,2022-06-29 15:52,61250,2021-04-01,2022-03-31,株式会社岡本工作機械製作所
S100OELJ,2022-06-29,2022-06-29 15:52,90090,2021-04-01,2022-03-31,京成電鉄株式会社
S100OLIE,2022-06-29,2022-06-29 15:53,63340,2021-04-01,2022-03-31,明治機械株式会社
S100OI1Z,2022-06-29,2022-06-29 15:55,92200,2021-04-01,2022-03-31,エフビー介護サービス株式会社
S100OJEL,2022-06-29,2022-06-29 15:56,47810,2021-04-01,2022-03-31,日本ハウズイング株式会社
S100OJZ3,2022-06-29,2022-06-29 15:56,45590,2021-04-01,2022-03-31,ゼリア新薬工業株式会社
S100OL1D,2022-06-29,2022-06-29 15:59,96750,2021-04-01,2022-03-31,常磐興産株式会社
S100OLFJ,2022-06-29,2022-06-29 16:00,62980,2021-04-01,2022-03-31,ワイエイシイホールディングス株式会社
S100OKA4,2022-06-29,2022-06-29 16:00,25850,2021-04-01,2022-03-31,株式会社ライフドリンク　カンパニー
S100OJM5,2022-06-29,2022-06-29 16:00,38300,2021-04-01,2022-03-31,株式会社ギガプライズ
S100OK4G,2022-06-29,2022-06-29 16:00,92210,2021-04-01,2022-03-31,フルハシＥＰＯ株式会社
S100OJ3U,2022-06-29,2022-06-29 16:00,79180,2021-04-01,2022-03-31,株式会社ヴィア・ホールディングス
S100OJX4,2022-06-29,2022-06-29 16:00,71220,2021-04-01,2022-03-31,近畿車輛株式会社
S100OIWV,2022-06-29,2022-06-29 16:01,93600,2021-04-01,2022-03-31,鈴与シンワート株式会社
S100OHDL,2022-06-29,2022-06-29 16:01,66290,2021-04-01,2022-03-31,テクノホライゾン株式会社
S100OL2K,2022-06-29,2022-06-29 16:04,87710,2021-04-01,2022-03-31,イー・ギャランティ株式会社
S100OK6L,2022-06-29,2022-06-29 16:04,33970,2021-04-01,2022-03-31,株式会社トリドールホールディングス
S100OCQU,2022-06-29,2022-06-29 16:05,80460,2021-04-01,2022-03-31,丸藤シートパイル株式会社
S100OKOF,2022-06-29,2022-06-29 16:06,98180,2021-04-01,2022-03-31,大丸エナウィン株式会社
S100OK9B,2022-06-29,2022-06-29 16:06,36610,2021-04-01,2022-03-31,株式会社エムアップホールディングス
S100OBQE,2022-06-29,2022-06-29 16:06,45020,2021-04-01,2022-03-31,武田薬品工業株式会社
S100OKYM,2022-06-29,2022-06-29 16:06,52080,2021-04-01,2022-03-31,株式会社有沢製作所
S100OHRU,2022-06-29,2022-06-29 16:06,63650,2021-04-01,2022-03-31,株式会社電業社機械製作所
S100OLI7,2022-06-29,2022-06-29 16:06,92290,2021-04-01,2022-03-31,株式会社サンウェルズ
S100OH5A,2022-06-29,2022-06-29 16:06,57060,2021-04-01,2022-03-31,三井金属鉱業株式会社
S100OK08,2022-06-29,2022-06-29 16:07,19750,2021-04-01,2022-03-31,株式会社朝日工業社
S100OLHD,2022-06-29,2022-06-29 16:08,31820,2021-04-01,2022-03-31,オイシックス・ラ・大地株式会社
S100OIFH,2022-06-29,2022-06-29 16:08,59890,2021-04-01,2022-03-31,株式会社エイチワン
S100OLJ8,2022-06-29,2022-06-29 16:08,71920,2021-04-01,2022-03-31,日本モーゲージサービス株式会社
S100OGD7,2022-06-29,2022-06-29 16:09,69040,2021-04-01,2022-03-31,原田工業株式会社
S100OK9O,2022-06-29,2022-06-29 16:10,17190,2021-04-01,2022-03-31,株式会社安藤・間
S100OJVL,2022-06-29,2022-06-29 16:10,40690,2021-04-01,2022-03-31,株式会社ＢｌｕｅＭｅｍｅ
S100OK6S,2022-06-29,2022-06-29 16:10,42400,2021-04-01,2022-03-31,クラスターテクノロジー株式会社
S100OL3C,2022-06-29,2022-06-29 16:12,96100,2021-04-01,2022-03-31,ウィルソン・ラーニング　ワールドワイド株式会社
S100OG8E,2022-06-29,2022-06-29 16:12,67030,2021-04-01,2022-03-31,沖電気工業株式会社
S100OJQ2,2022-06-29,2022-06-29 16:13,18080,2021-04-01,2022-03-31,株式会社　長谷工コーポレーション
S100OLBB,2022-06-29,2022-06-29 16:13,64540,2021-04-01,2022-03-31,マックス株式会社
S100OKSC,2022-06-29,2022-06-29 16:13,92740,2021-04-01,2022-03-31,国際紙パルプ商事株式会社
S100OK1D,2022-06-29,2022-06-29 16:14,41160,2021-04-01,2022-03-31,大日精化工業株式会社
S100OLK5,2022-06-29,2022-06-29 16:14,60740,2021-04-01,2022-03-31,株式会社ジェイエスエス
S100OKSS,2022-06-29,2022-06-29 16:19,19680,2021-04-01,2022-03-31,太平電業株式会社
S100OIFG,2022-06-29,2022-06-29 16:19,61310,2021-04-01,2022-03-31,浜井産業株式会社
S100OITF,2022-06-29,2022-06-29 16:20,90820,2021-04-01,2022-03-31,大和自動車交通株式会社
S100OIB3,2022-06-29,2022-06-29 16:20,76940,2021-04-01,2022-03-31,株式会社いつも
S100OLHS,2022-06-29,2022-06-29 16:21,81180,2021-04-01,2022-03-31,株式会社　キング
S100OLK7,2022-06-29,2022-06-29 16:22,29280,2021-04-01,2022-03-31,ＲＩＺＡＰグループ株式会社
S100OG9M,2022-06-29,2022-06-29 16:24,18030,2021-04-01,2022-03-31,清水建設株式会社
S100OJ2V,2022-06-29,2022-06-29 16:26,97330,2021-04-01,2022-03-31,株式会社ナガセ
S100OI87,2022-06-29,2022-06-29 16:27,36000,2021-04-01,2022-03-31,株式会社フジックス
S100OLLY,2022-06-29,2022-06-29 16:29,35130,2021-04-01,2022-03-31,イチカワ株式会社
S100OL7A,2022-06-29,2022-06-29 16:30,84620,2021-04-01,2022-03-31,フューチャーベンチャーキャピタル株式会社
S100OLH8,2022-06-29,2022-06-29 16:30,69670,2021-04-01,2022-03-31,新光電気工業株式会社
S100OLDK,2022-06-29,2022-06-29 16:30,81230,2021-04-01,2022-03-31,川辺株式会社
S100OK8D,2022-06-29,2022-06-29 16:31,18790,2021-04-01,2022-03-31,新日本建設株式会社
S100OENZ,2022-06-29,2022-06-29 16:31,87370,2021-04-01,2022-03-31,株式会社あかつき本社
S100OLIX,2022-06-29,2022-06-29 16:32,24790,2021-04-01,2022-03-31,株式会社ジェイテック
S100OLAH,2022-06-29,2022-06-29 16:32,19630,2021-04-01,2022-03-31,日揮ホールディングス株式会社
S100OLLE,2022-06-29,2022-06-29 16:32,62260,2021-04-01,2022-03-31,守谷輸送機工業株式会社
S100OGW1,2022-06-29,2022-06-29 16:34,59050,2021-04-01,2022-03-31,日本製罐株式会社
S100OIT6,2022-06-29,2022-06-29 16:37,85410,2021-04-01,2022-03-31,株式会社　愛媛銀行
S100ODRU,2022-06-29,2022-06-29 16:38,38650,2021-04-01,2022-03-31,北越コーポレーション株式会社
S100OH8P,2022-06-29,2022-06-29 16:38,63620,2021-04-01,2022-03-31,株式会社石井鐵工所
S100OJ6Y,2022-06-29,2022-06-29 16:39,40930,2021-04-01,2022-03-31,東邦アセチレン株式会社
S100OJ8V,2022-06-29,2022-06-29 16:40,68640,2021-04-01,2022-03-31,株式会社エヌエフホールディングス
S100OLJN,2022-06-29,2022-06-29 16:40,46500,2021-04-01,2022-03-31,ＳＤエンターテイメント株式会社
S100OKPE,2022-06-29,2022-06-29 16:40,71990,2021-04-01,2022-03-31,プレミアグループ株式会社
S100OJ3H,2022-06-29,2022-06-29 16:41,17360,2021-04-01,2022-03-31,株式会社　オーテック
S100OLHM,2022-06-29,2022-06-29 16:44,24540,2021-04-01,2022-03-31,株式会社オールアバウト
S100OLMX,2022-06-29,2022-06-29 16:45,65130,2021-04-01,2022-03-31,株式会社オリジン
S100OLOQ,2022-06-29,2022-06-29 16:45,61450,2021-04-01,2022-03-31,ＮＩＴＴＯＫＵ株式会社
S100OLEY,2022-06-29,2022-06-29 16:47,57070,2021-04-01,2022-03-31,東邦亜鉛株式会社
S100OJEM,2022-06-29,2022-06-29 16:50,40950,2021-04-01,2022-03-31,日本パーカライジング株式会社
S100OLOH,2022-06-29,2022-06-29 16:54,18280,2021-04-01,2022-03-31,田辺工業株式会社
S100OL5C,2022-06-29,2022-06-29 16:54,34090,2021-04-01,2022-03-31,北日本紡績株式会社
S100OL59,2022-06-29,2022-06-29 16:56,98670,2021-04-01,2022-03-31,ソレキア株式会社
S100OJVY,2022-06-29,2022-06-29 16:57,96870,2021-04-01,2022-03-31,株式会社ＫＳＫ
S100OLA2,2022-06-29,2022-06-29 16:58,54460,2021-04-01,2022-03-31,北越メタル株式会社
S100OJSN,2022-06-29,2022-06-29 17:00,72690,2021-04-01,2022-03-31,スズキ株式会社
S100OLQI,2022-06-29,2022-06-29 17:02,64330,2021-04-01,2022-03-31,ヒーハイスト株式会社
S100OLPL,2022-06-29,2022-06-29 17:03,18850,2021-04-01,2022-03-31,東亜建設工業株式会社
S100OK9O,2022-06-29,2022-06-29 16:10,17190,2021-04-01,2022-03-31,株式会社安藤・間
S100OJUY,2022-06-29,2022-06-29 17:11,74630,2021-04-01,2022-03-31,株式会社アドヴァン
S100OLR9,2022-06-29,2022-06-29 17:13,99270,2021-04-01,2022-03-31,株式会社ワットマン
S100OGZE,2022-06-30,2022-06-30 09:00,34430,2021-04-01,2022-03-31,川田テクノロジーズ株式会社
S100OKTK,2022-06-30,2022-06-30 09:00,72770,2021-04-01,2022-03-31,株式会社ＴＢＫ
S100OLZX,2022-06-30,2022-06-30 09:00,90600,2021-04-01,2022-03-31,日本ロジテム株式会社
S100OK0D,2022-06-30,2022-06-30 09:00,76370,2021-04-01,2022-03-31,白銅株式会社
S100OGFM,2022-06-30,2022-06-30 09:00,67180,2021-04-01,2022-03-31,アイホン株式会社
S100ODZW,2022-06-30,2022-06-30 09:01,81440,2021-04-01,2022-03-31,株式会社電響社
S100OIQD,2022-06-30,2022-06-30 09:02,45700,2021-04-01,2022-03-31,株式会社免疫生物研究所
S100OHJ0,2022-06-30,2022-06-30 09:02,99290,2021-04-01,2022-03-31,平和紙業株式会社
S100OLE2,2022-06-30,2022-06-30 09:03,80060,2021-04-01,2022-03-31,ユアサ・フナショク株式会社
S100OKRM,2022-06-30,2022-06-30 09:03,43900,2021-04-01,2022-03-31,株式会社アイ・ピー・エス
S100OKSO,2022-06-30,2022-06-30 09:03,40940,2021-04-01,2022-03-31,日本化学産業株式会社
S100OH52,2022-06-30,2022-06-30 09:03,18100,2021-04-01,2022-03-31,松井建設株式会社
S100OC7U,2022-06-30,2022-06-30 09:04,75670,2021-04-01,2022-03-31,株式会社栄電子
S100O2ZT,2022-06-30,2022-06-30 09:05,40080,2021-04-01,2022-03-31,住友精化株式会社
S100OGUO,2022-06-30,2022-06-30 09:05,27730,2021-04-01,2022-03-31,株式会社ミューチュアル
S100OGPU,2022-06-30,2022-06-30 09:05,37980,2021-04-01,2022-03-31,ＵＬＳグループ株式会社
S100OKOS,2022-06-30,2022-06-30 09:06,20030,2021-04-01,2022-03-31,日東富士製粉株式会社
S100OIR9,2022-06-30,2022-06-30 09:07,27630,2021-04-01,2022-03-31,株式会社エフティグループ
S100OJ6E,2022-06-30,2022-06-30 09:08,39410,2021-04-01,2022-03-31,レンゴー株式会社
S100O781,2022-06-30,2022-06-30 09:08,18880,2021-04-01,2022-03-31,若築建設株式会社
S100OLZM,2022-06-30,2022-06-30 09:09,22180,2021-04-01,2022-03-31,日糧製パン株式会社
S100OAHB,2022-06-30,2022-06-30 09:09,30550,2021-04-01,2022-03-31,株式会社ほくやく・竹山ホールディングス
S100OLNB,2022-06-30,2022-06-30 09:10,90340,2021-04-01,2022-03-31,南総通運株式会社
S100OKKF,2022-06-30,2022-06-30 09:10,79800,2021-04-01,2022-03-31,株式会社　重松製作所
S100OHIV,2022-06-30,2022-06-30 09:10,81350,2021-04-01,2022-03-31,ゼット株式会社
S100OKDN,2022-06-30,2022-06-30 09:10,78510,2021-04-01,2022-03-31,カワセコンピュータサプライ株式会社
S100OIUA,2022-06-30,2022-06-30 09:10,59410,2021-04-01,2022-03-31,株式会社　中西製作所
S100OFKR,2022-06-30,2022-06-30 09:12,75650,2021-04-01,2022-03-31,萬世電機株式会社
S100OLDJ,2022-06-30,2022-06-30 09:12,80410,2021-04-01,2022-03-31,ＯＵＧホールディングス株式会社
S100OJM7,2022-06-30,2022-06-30 09:13,22240,2021-04-01,2022-03-31,株式会社コモ
S100OK5E,2022-06-30,2022-06-30 09:13,22640,2021-04-01,2022-03-31,森永乳業株式会社
S100OIKW,2022-06-30,2022-06-30 09:13,28160,2021-04-01,2022-03-31,株式会社ダイショー
S100OLTA,2022-06-30,2022-06-30 09:14,88300,2021-04-01,2022-03-31,住友不動産株式会社
S100OK1Z,2022-06-30,2022-06-30 09:15,69300,2021-04-01,2022-03-31,日本アンテナ株式会社
S100OIKV,2022-06-30,2022-06-30 09:16,61340,2021-04-01,2022-03-31,株式会社ＦＵＪＩ
S100OLGH,2022-06-30,2022-06-30 09:16,63330,2021-04-01,2022-03-31,株式会社帝国電機製作所
S100OLP1,2022-06-30,2022-06-30 09:17,30200,2021-04-01,2022-03-31,アプライド株式会社
S100OGVU,2022-06-30,2022-06-30 09:17,63800,2021-04-01,2022-03-31,オリエンタルチエン工業株式会社
S100OEKI,2022-06-30,2022-06-30 09:18,19390,2021-04-01,2022-03-31,株式会社四電工
S100OLNT,2022-06-30,2022-06-30 09:18,87420,2021-04-01,2022-03-31,株式会社小林洋行
S100OLZV,2022-06-30,2022-06-30 09:18,83670,2021-04-01,2022-03-31,株式会社南都銀行
S100OJ1O,2022-06-30,2022-06-30 09:18,56590,2021-04-01,2022-03-31,日本精線株式会社
S100OL86,2022-06-30,2022-06-30 09:19,85580,2021-04-01,2022-03-31,株式会社東和銀行
S100OJ57,2022-06-30,2022-06-30 09:22,81530,2021-04-01,2022-03-31,株式会社モスフードサービス
S100OIZS,2022-06-30,2022-06-30 09:22,63070,2021-04-01,2022-03-31,サンセイ株式会社
S100OFWR,2022-06-30,2022-06-30 09:24,64170,2021-04-01,2022-03-31,株式会社三共
S100OIZ6,2022-06-30,2022-06-30 09:26,66510,2021-04-01,2022-03-31,日東工業株式会社
S100OIWY,2022-06-30,2022-06-30 09:27,59180,2021-04-01,2022-03-31,瀧上工業株式会社
S100OHGK,2022-06-30,2022-06-30 09:27,69570,2021-04-01,2022-03-31,株式会社芝浦電子
S100OF9D,2022-06-30,2022-06-30 09:28,46840,2021-04-01,2022-03-31,株式会社オービック
S100OLD5,2022-06-30,2022-06-30 09:29,85840,2021-04-01,2022-03-31,株式会社ジャックス
S100OL27,2022-06-30,2022-06-30 09:30,81040,2021-04-01,2022-03-31,クワザワホールディングス株式会社
S100OLXB,2022-06-30,2022-06-30 09:30,24880,2021-04-01,2022-03-31,ＪＴＰ株式会社
S100OID1,2022-06-30,2022-06-30 09:32,83700,2021-04-01,2022-03-31,株式会社紀陽銀行
S100OERU,2022-06-30,2022-06-30 09:33,80250,2021-04-01,2022-03-31,株式会社ツカモトコーポレーション
S100OKXO,2022-06-30,2022-06-30 09:33,65380,2021-04-01,2022-03-31,株式会社キャリアインデックス
S100OL44,2022-06-30,2022-06-30 09:35,74610,2021-04-01,2022-03-31,株式会社キムラ
S100OKOO,2022-06-30,2022-06-30 09:35,58560,2021-04-01,2022-03-31,株式会社エルアイイーエイチ
S100OFNA,2022-06-30,2022-06-30 09:35,64240,2021-04-01,2022-03-31,株式会社高見沢サイバネティックス
S100OIVI,2022-06-30,2022-06-30 09:36,46130,2021-04-01,2022-03-31,関西ペイント株式会社
S100OK1K,2022-06-30,2022-06-30 09:36,52840,2021-04-01,2022-03-31,ヤマウホールディングス株式会社
S100OI37,2022-06-30,2022-06-30 09:36,18320,2021-04-01,2022-03-31,北海電気工事株式会社
S100OEDI,2022-06-30,2022-06-30 09:37,81630,2021-04-01,2022-03-31,ＳＲＳホールディングス株式会社
S100OLJZ,2022-06-30,2022-06-30 09:37,90780,2021-04-01,2022-03-31,株式会社エスライン
S100OJ21,2022-06-30,2022-06-30 09:38,46210,2021-04-01,2022-03-31,ロックペイント株式会社
S100OJ5M,2022-06-30,2022-06-30 09:40,17870,2021-04-01,2022-03-31,株式会社ナカボーテック
S100OJU3,2022-06-30,2022-06-30 09:41,93640,2021-04-01,2022-03-31,株式会社上組
S100OLVB,2022-06-30,2022-06-30 09:43,63460,2021-04-01,2022-03-31,キクカワエンタープライズ株式会社
S100OKVZ,2022-06-30,2022-06-30 09:44,74440,2021-04-01,2022-03-31,ハリマ共和物産株式会社
S100OLV5,2022-06-30,2022-06-30 09:45,90330,2021-04-01,2022-03-31,広島電鉄株式会社
S100OJ2N,2022-06-30,2022-06-30 09:46,21340,2021-04-01,2022-03-31,燦キャピタルマネージメント株式会社
S100OIP3,2022-06-30,2022-06-30 09:48,56970,2021-04-01,2022-03-31,株式会社サンユウ
S100OJMZ,2022-06-30,2022-06-30 09:48,74900,2021-04-01,2022-03-31,日新商事株式会社
S100OLDG,2022-06-30,2022-06-30 09:50,62370,2021-04-01,2022-03-31,株式会社イワキ
S100OLQ8,2022-06-30,2022-06-30 09:52,51890,2021-04-01,2022-03-31,櫻護謨株式会社
S100OL1F,2022-06-30,2022-06-30 09:52,47190,2021-04-01,2022-03-31,株式会社アルファシステムズ
S100OM2J,2022-06-30,2022-06-30 09:52,72010,2021-04-01,2022-03-31,日産自動車株式会社
S100OIM2,2022-06-30,2022-06-30 09:53,59150,2021-04-01,2022-03-31,株式会社駒井ハルテック
S100OM26,2022-06-30,2022-06-30 09:53,46350,2021-04-01,2022-03-31,東京インキ株式会社
S100OJO6,2022-06-30,2022-06-30 09:54,75210,2021-04-01,2022-03-31,株式会社ムサシ
S100OL4U,2022-06-30,2022-06-30 09:55,18050,2021-04-01,2022-03-31,飛島建設株式会社
S100OH1J,2022-06-30,2022-06-30 09:59,73990,2021-04-01,2022-03-31,株式会社ナンシン
S100OLL4,2022-06-30,2022-06-30 10:00,42980,2021-04-01,2022-03-31,株式会社プロトコーポレーション
S100OLGJ,2022-06-30,2022-06-30 10:00,35610,2021-04-01,2022-03-31,株式会社力の源ホールディングス
S100OLSH,2022-06-30,2022-06-30 10:00,60050,2021-04-01,2022-03-31,三浦工業株式会社
S100OL2L,2022-06-30,2022-06-30 10:00,46620,2021-04-01,2022-03-31,株式会社フォーカスシステムズ
S100OM10,2022-06-30,2022-06-30 10:00,59640,2021-04-01,2022-03-31,東洋刄物株式会社
S100OM2I,2022-06-30,2022-06-30 10:00,75710,2021-04-01,2022-03-31,株式会社ヤマノホールディングス
S100OLWW,2022-06-30,2022-06-30 10:01,98900,2021-04-01,2022-03-31,株式会社マキヤ
S100OLFC,2022-06-30,2022-06-30 10:02,81590,2021-04-01,2022-03-31,株式会社立花エレテック
S100OLMB,2022-06-30,2022-06-30 10:02,82250,2021-04-01,2022-03-31,株式会社タカチホ
S100OARF,2022-06-30,2022-06-30 10:03,52900,2021-04-01,2022-03-31,株式会社ベルテクスコーポレーション
S100OLMU,2022-06-30,2022-06-30 10:04,24150,2021-04-01,2022-03-31,ヒューマンホールディングス株式会社
S100OJPY,2022-06-30,2022-06-30 10:04,90720,2021-04-01,2022-03-31,ニッコンホールディングス株式会社
S100OL51,2022-06-30,2022-06-30 10:04,30340,2021-04-01,2022-03-31,クオールホールディングス株式会社
S100OLYK,2022-06-30,2022-06-30 10:05,65690,2021-04-01,2022-03-31,日総工産株式会社
S100OLKH,2022-06-30,2022-06-30 10:05,60160,2021-04-01,2022-03-31,株式会社ジャパンエンジンコーポレーション
S100OHTG,2022-06-30,2022-06-30 10:05,50110,2021-04-01,2022-03-31,ニチレキ株式会社
S100OM2V,2022-06-30,2022-06-30 10:05,96390,2021-04-01,2022-03-31,三協フロンテア株式会社
S100OLKL,2022-06-30,2022-06-30 10:06,68440,2021-04-01,2022-03-31,新電元工業株式会社
S100OG4R,2022-06-30,2022-06-30 10:06,27300,2021-04-01,2022-03-31,株式会社エディオン
S100OJN8,2022-06-30,2022-06-30 10:06,43860,2021-04-01,2022-03-31,株式会社ＳＩＧグループ
S100OLKK,2022-06-30,2022-06-30 10:07,49180,2021-04-01,2022-03-31,株式会社アイビー化粧品
S100OG1J,2022-06-30,2022-06-30 10:07,18200,2021-04-01,2022-03-31,西松建設株式会社
S100OLSU,2022-06-30,2022-06-30 10:08,52680,2021-04-01,2022-03-31,旭コンクリート工業株式会社
S100OLCK,2022-06-30,2022-06-30 10:09,98540,2021-04-01,2022-03-31,愛眼株式会社
S100OLTK,2022-06-30,2022-06-30 10:09,63900,2021-04-01,2022-03-31,株式会社加藤製作所
S100OLVL,2022-06-30,2022-06-30 10:13,40630,2021-04-01,2022-03-31,信越化学工業株式会社
S100OHOO,2022-06-30,2022-06-30 10:14,63570,2021-04-01,2022-03-31,三精テクノロジーズ株式会社
S100OJX1,2022-06-30,2022-06-30 10:14,27500,2021-04-01,2022-03-31,石光商事株式会社
S100OM3W,2022-06-30,2022-06-30 10:15,46290,2021-04-01,2022-03-31,大伸化学株式会社
S100ODML,2022-06-30,2022-06-30 10:16,48010,2021-04-01,2022-03-31,セントラルスポーツ株式会社
S100OM49,2022-06-30,2022-06-30 10:17,74640,2021-04-01,2022-03-31,セフテック株式会社
S100OM34,2022-06-30,2022-06-30 10:17,64190,2021-04-01,2022-03-31,株式会社マースグループホールディングス
S100OM4Y,2022-06-30,2022-06-30 10:20,75080,2021-04-01,2022-03-31,株式会社Ｇ‐７ホールディングス
S100OJXF,2022-06-30,2022-06-30 10:20,54440,2021-04-01,2022-03-31,大和工業株式会社
S100ODPO,2022-06-30,2022-06-30 10:21,22040,2021-04-01,2022-03-31,株式会社中村屋
S100OLKS,2022-06-30,2022-06-30 10:23,75620,2021-04-01,2022-03-31,株式会社安楽亭
S100OM4A,2022-06-30,2022-06-30 10:26,69760,2021-04-01,2022-03-31,太陽誘電株式会社
S100OLCH,2022-06-30,2022-06-30 10:27,28190,2021-04-01,2022-03-31,エバラ食品工業株式会社
S100OM3X,2022-06-30,2022-06-30 10:28,49320,2021-04-01,2022-03-31,株式会社アルマード
S100OL8S,2022-06-30,2022-06-30 10:30,46640,2021-04-01,2022-03-31,株式会社アール・エス・シー
S100OBMF,2022-06-30,2022-06-30 10:32,30590,2021-04-01,2022-03-31,ヒラキ株式会社
S100OM54,2022-06-30,2022-06-30 10:34,87050,2021-04-01,2022-03-31,岡藤日産証券ホールディングス株式会社
S100OLQY,2022-06-30,2022-06-30 10:36,92060,2021-04-01,2022-03-31,株式会社スターフライヤー
S100ODJV,2022-06-30,2022-06-30 10:36,59020,2021-04-01,2022-03-31,ホッカンホールディングス株式会社
S100O9SD,2022-06-30,2022-06-30 10:37,69540,2021-04-01,2022-03-31,ファナック株式会社
S100OFU7,2022-06-30,2022-06-30 10:39,37740,2021-04-01,2022-03-31,株式会社インターネットイニシアティブ
S100OL6K,2022-06-30,2022-06-30 10:39,97610,2021-04-01,2022-03-31,東海リース株式会社
S100OM5P,2022-06-30,2022-06-30 10:40,19650,2021-04-01,2022-03-31,株式会社テクノ菱和
S100OLW9,2022-06-30,2022-06-30 10:42,86090,2021-04-01,2022-03-31,株式会社岡三証券グループ
S100OAWM,2022-06-30,2022-06-30 10:45,81150,2021-04-01,2022-03-31,ムーンバット株式会社
S100OAWK,2022-06-30,2022-06-30 10:45,35770,2021-04-01,2022-03-31,東海染工株式会社
S100OLKC,2022-06-30,2022-06-30 10:45,43040,2021-04-01,2022-03-31,株式会社Ｅストアー
S100OM46,2022-06-30,2022-06-30 10:46,88900,2021-04-01,2022-03-31,株式会社レーサム
S100OLIJ,2022-06-30,2022-06-30 10:46,57210,2021-04-01,2022-03-31,株式会社エス・サイエンス
S100OM6M,2022-06-30,2022-06-30 10:47,19140,2021-04-01,2022-03-31,日本基礎技術株式会社
S100OE74,2022-06-30,2022-06-30 10:47,52330,2021-04-01,2022-03-31,太平洋セメント株式会社
S100OLZA,2022-06-30,2022-06-30 10:48,18600,2021-04-01,2022-03-31,戸田建設株式会社
S100OLY3,2022-06-30,2022-06-30 10:48,68220,2021-04-01,2022-03-31,大井電気株式会社
S100OM67,2022-06-30,2022-06-30 10:48,75020,2021-04-01,2022-03-31,株式会社プラザクリエイト本社
S100OLSQ,2022-06-30,2022-06-30 10:49,52610,2021-04-01,2022-03-31,リソルホールディングス株式会社
S100OKB4,2022-06-30,2022-06-30 10:52,19920,2021-04-01,2022-03-31,神田通信機株式会社
S100OGBU,2022-06-30,2022-06-30 10:58,77210,2021-04-01,2022-03-31,東京計器株式会社
S100OLVI,2022-06-30,2022-06-30 11:00,83690,2021-04-01,2022-03-31,株式会社京都銀行
S100OLZ0,2022-06-30,2022-06-30 11:01,65480,2021-04-01,2022-03-31,株式会社旅工房
S100OL77,2022-06-30,2022-06-30 11:02,26810,2021-04-01,2022-03-31,株式会社ゲオホールディングス
S100OL2F,2022-06-30,2022-06-30 11:02,66370,2021-04-01,2022-03-31,寺崎電気産業株式会社
S100OM20,2022-06-30,2022-06-30 11:05,71690,2021-04-01,2022-03-31,株式会社ＮＦＣホールディングス
S100OG71,2022-06-30,2022-06-30 11:05,94040,2021-04-01,2022-03-31,日本テレビホールディングス株式会社
S100OLMV,2022-06-30,2022-06-30 11:08,78360,2021-04-01,2022-03-31,アビックス株式会社
S100OJFV,2022-06-30,2022-06-30 11:09,72760,2021-04-01,2022-03-31,株式会社小糸製作所
S100OLJA,2022-06-30,2022-06-30 11:19,48380,2021-04-01,2022-03-31,株式会社スペースシャワーネットワーク
S100OKO3,2022-06-30,2022-06-30 11:22,71890,2021-04-01,2022-03-31,株式会社西日本フィナンシャルホールディングス
S100OH1I,2022-06-30,2022-06-30 11:22,97290,2021-04-01,2022-03-31,株式会社トーカイ
S100OLMF,2022-06-30,2022-06-30 11:24,83650,2021-04-01,2022-03-31,株式会社　富山銀行
S100OLT5,2022-06-30,2022-06-30 11:32,53560,2021-04-01,2022-03-31,美濃窯業株式会社
S100OM6D,2022-06-30,2022-06-30 11:33,73170,2021-04-01,2022-03-31,株式会社松屋アールアンドディ
S100OKE6,2022-06-30,2022-06-30 11:37,83860,2021-04-01,2022-03-31,株式会社百十四銀行
S100OM9L,2022-06-30,2022-06-30 11:40,59350,2021-04-01,2022-03-31,元旦ビューティ工業株式会社
S100OBY2,2022-06-30,2022-06-30 11:42,78720,2021-04-01,2022-03-31,エステールホールディングス株式会社
S100OBFN,2022-06-30,2022-06-30 11:44,53910,2021-04-01,2022-03-31,株式会社エーアンドエーマテリアル
S100OLEL,2022-06-30,2022-06-30 11:46,88770,2021-04-01,2022-03-31,エスリード株式会社
S100OJ3M,2022-06-30,2022-06-30 11:47,39250,2021-04-01,2022-03-31,株式会社ダブルスタンダード
S100OD9I,2022-06-30,2022-06-30 11:57,32050,2021-04-01,2022-03-31,株式会社ダイドーリミテッド
S100OMBF,2022-06-30,2022-06-30 11:57,99280,2021-04-01,2022-03-31,株式会社ミロク情報サービス
S100OL5T,2022-06-30,2022-06-30 11:57,38580,2021-04-01,2022-03-31,株式会社ユビキタスＡＩコーポレーション
S100OLGZ,2022-06-30,2022-06-30 12:00,73830,2021-04-01,2022-03-31,株式会社ネットプロテクションズホールディングス
S100OM6L,2022-06-30,2022-06-30 12:00,77490,2021-04-01,2022-03-31,メディキット株式会社
S100OL7Y,2022-06-30,2022-06-30 12:10,23290,2021-04-01,2022-03-31,株式会社東北新社
S100OMB4,2022-06-30,2022-06-30 12:12,72840,2021-04-01,2022-03-31,盟和産業株式会社
S100OM6B,2022-06-30,2022-06-30 12:15,93180,2021-04-01,2022-03-31,アジア開発キャピタル株式会社
S100OMC6,2022-06-30,2022-06-30 12:16,60330,2021-04-01,2022-03-31,株式会社エクストリーム
S100OM23,2022-06-30,2022-06-30 12:17,29220,2021-04-01,2022-03-31,株式会社なとり
S100ODJL,2022-06-30,2022-06-30 12:25,44250,2021-04-01,2022-03-31,Ｋｕｄａｎ株式会社
S100OMBJ,2022-06-30,2022-06-30 12:30,61810,2021-04-01,2022-03-31,タメニー株式会社
S100OMD7,2022-06-30,2022-06-30 12:32,96050,2021-04-01,2022-03-31,東映株式会社
S100OLTN,2022-06-30,2022-06-30 12:33,82190,2021-04-01,2022-03-31,青山商事株式会社
S100OM32,2022-06-30,2022-06-30 12:41,45160,2021-04-01,2022-03-31,日本新薬株式会社
S100OLA0,2022-06-30,2022-06-30 12:45,69620,2021-04-01,2022-03-31,株式会社大真空
S100OMDM,2022-06-30,2022-06-30 12:51,73430,2021-04-01,2022-03-31,ブロードマインド株式会社
S100OBM8,2022-06-30,2022-06-30 12:57,78860,2021-04-01,2022-03-31,ヤマト・インダストリー株式会社
S100OJM3,2022-06-30,2022-06-30 13:00,80180,2021-04-01,2022-03-31,三共生興株式会社
S100OMCL,2022-06-30,2022-06-30 13:06,78680,2021-04-01,2022-03-31,株式会社広済堂ホールディングス
S100OM4G,2022-06-30,2022-06-30 13:07,57290,2021-04-01,2022-03-31,日本精鉱株式会社
S100OL8E,2022-06-30,2022-06-30 13:08,28990,2021-04-01,2022-03-31,株式会社永谷園ホールディングス
S100OF9E,2022-06-30,2022-06-30 13:09,62720,2021-04-01,2022-03-31,レオン自動機株式会社
S100OMEQ,2022-06-30,2022-06-30 13:10,48890,2021-04-01,2022-03-31,株式会社レナサイエンス
S100OMF6,2022-06-30,2022-06-30 13:11,49900,2021-04-01,2022-03-31,昭和化学工業株式会社
S100OJ8Y,2022-06-30,2022-06-30 13:11,95330,2021-04-01,2022-03-31,東邦瓦斯株式会社
S100OLR3,2022-06-30,2022-06-30 13:12,79220,2021-04-01,2022-03-31,三光産業株式会社
S100OLS4,2022-06-30,2022-06-30 13:12,91300,2021-04-01,2022-03-31,共栄タンカー株式会社
S100OMEB,2022-06-30,2022-06-30 13:17,85960,2021-04-01,2022-03-31,株式会社九州リースサービス
S100OLEH,2022-06-30,2022-06-30 13:18,49010,2021-04-01,2022-03-31,富士フイルムホールディングス株式会社
S100OL9N,2022-06-30,2022-06-30 13:20,21360,2021-04-01,2022-03-31,株式会社ヒップ
S100OLWP,2022-06-30,2022-06-30 13:23,19300,2021-04-01,2022-03-31,北陸電気工事株式会社
S100OMGA,2022-06-30,2022-06-30 13:25,45980,2021-04-01,2022-03-31,ＤｅｌｔａーＦｌｙ　Ｐｈａｒｍａ株式会社
S100OKWQ,2022-06-30,2022-06-30 13:30,48880,2021-04-01,2022-03-31,ステラファーマ株式会社
S100O9J8,2022-06-30,2022-06-30 13:32,64300,2021-04-01,2022-03-31,ダイコク電機株式会社
S100OKOP,2022-06-30,2022-06-30 13:32,63710,2021-04-01,2022-03-31,株式会社椿本チエイン
S100OMCA,2022-06-30,2022-06-30 13:39,33580,2021-04-01,2022-03-31,ワイエスフード株式会社
S100OLZH,2022-06-30,2022-06-30 13:40,45410,2021-04-01,2022-03-31,日医工株式会社
S100OLV3,2022-06-30,2022-06-30 13:42,67060,2021-04-01,2022-03-31,電気興業株式会社
S100OKF3,2022-06-30,2022-06-30 13:44,73740,2021-04-01,2022-03-31,株式会社コンフィデンス
S100OMHH,2022-06-30,2022-06-30 13:48,80370,2021-04-01,2022-03-31,カメイ株式会社
S100OMDL,2022-06-30,2022-06-30 13:50,29030,2021-04-01,2022-03-31,シノブフーズ株式会社
S100OK0U,2022-06-30,2022-06-30 13:54,57410,2021-04-01,2022-03-31,株式会社ＵＡＣＪ
S100O9PP,2022-06-30,2022-06-30 13:56,79740,2021-04-01,2022-03-31,任天堂株式会社
S100OMEG,2022-06-30,2022-06-30 14:02,36940,2021-04-01,2022-03-31,株式会社オプティム
S100OMES,2022-06-30,2022-06-30 14:02,52690,2021-04-01,2022-03-31,日本コンクリート工業株式会社
S100OMHV,2022-06-30,2022-06-30 14:03,76380,2021-04-01,2022-03-31,株式会社ＮＥＷ　ＡＲＴ　ＨＯＬＤＩＮＧＳ
S100OLUN,2022-06-30,2022-06-30 14:03,68670,2021-04-01,2022-03-31,リーダー電子株式会社
S100OMHI,2022-06-30,2022-06-30 14:05,74620,2021-04-01,2022-03-31,株式会社ＣＡＰＩＴＡ
S100OK4M,2022-06-30,2022-06-30 14:06,69820,2021-04-01,2022-03-31,株式会社リード
S100OLYA,2022-06-30,2022-06-30 14:10,61040,2021-04-01,2022-03-31,芝浦機械株式会社
S100OMFP,2022-06-30,2022-06-30 14:11,65500,2021-04-01,2022-03-31,Ｕｎｉｐｏｓ株式会社
S100OMDK,2022-06-30,2022-06-30 14:11,74160,2021-04-01,2022-03-31,株式会社はるやまホールディングス
S100OM0E,2022-06-30,2022-06-30 14:15,68900,2021-04-01,2022-03-31,株式会社フェローテックホールディングス
S100OKCQ,2022-06-30,2022-06-30 14:22,40460,2021-04-01,2022-03-31,株式会社大阪ソーダ
S100OMHF,2022-06-30,2022-06-30 14:32,64060,2021-04-01,2022-03-31,フジテック株式会社
S100OMK1,2022-06-30,2022-06-30 14:33,76340,2021-04-01,2022-03-31,株式会社星医療酸器
S100OJAL,2022-06-30,2022-06-30 14:34,31040,2021-04-01,2022-03-31,富士紡ホールディングス株式会社
S100OGVM,2022-06-30,2022-06-30 14:35,90030,2021-04-01,2022-03-31,相鉄ホールディングス株式会社
S100OMLA,2022-06-30,2022-06-30 14:37,65790,2021-04-01,2022-03-31,ログリー株式会社
S100OME8,2022-06-30,2022-06-30 14:42,59740,2021-04-01,2022-03-31,中国工業株式会社
S100OM0G,2022-06-30,2022-06-30 14:47,69430,2021-04-01,2022-03-31,ＮＫＫスイッチズ株式会社
S100OM4R,2022-06-30,2022-06-30 14:49,64080,2021-04-01,2022-03-31,小倉クラッチ株式会社
S100OMJY,2022-06-30,2022-06-30 14:52,90850,2021-04-01,2022-03-31,北海道中央バス株式会社
S100OGOL,2022-06-30,2022-06-30 14:52,99560,2021-04-01,2022-03-31,株式会社バローホールディングス
S100OLW4,2022-06-30,2022-06-30 14:58,95110,2021-04-01,2022-03-31,沖縄電力株式会社
S100OLPK,2022-06-30,2022-06-30 15:00,21730,2021-04-01,2022-03-31,株式会社博展
S100OLWO,2022-06-30,2022-06-30 15:00,29840,2021-04-01,2022-03-31,ヤマイチ・ユニハイムエステート株式会社
S100OLY2,2022-06-30,2022-06-30 15:01,65640,2021-04-01,2022-03-31,株式会社ミダックホールディングス
S100OMIQ,2022-06-30,2022-06-30 15:02,23210,2021-04-01,2022-03-31,株式会社ソフトフロントホールディングス
S100OMFO,2022-06-30,2022-06-30 15:04,77150,2021-04-01,2022-03-31,長野計器株式会社
S100OL9Y,2022-06-30,2022-06-30 15:10,62820,2021-04-01,2022-03-31,オイレス工業株式会社
S100OLSG,2022-06-30,2022-06-30 15:12,21380,2021-04-01,2022-03-31,クルーズ株式会社
S100OHOH,2022-06-30,2022-06-30 15:13,32240,2021-04-01,2022-03-31,株式会社ゼネラル・オイスター
S100OL8Z,2022-06-30,2022-06-30 15:13,67770,2021-04-01,2022-03-31,サンテック株式会社
S100OLFE,2022-06-30,2022-06-30 15:15,66760,2021-04-01,2022-03-31,株式会社メルコホールディングス
S100OMMY,2022-06-30,2022-06-30 15:15,26540,2021-04-01,2022-03-31,株式会社アスモ
S100OMM5,2022-06-30,2022-06-30 15:18,67750,2021-04-01,2022-03-31,株式会社ＴＢグループ
S100OLLD,2022-06-30,2022-06-30 15:20,71330,2021-04-01,2022-03-31,ＨＹＵＧＡ　ＰＲＩＭＡＲＹ　ＣＡＲＥ株式会社
S100OKC1,2022-06-30,2022-06-30 15:25,81070,2021-04-01,2022-03-31,株式会社キムラタン
S100OMOD,2022-06-30,2022-06-30 15:25,42560,2021-04-01,2022-03-31,株式会社サインド
S100OL6Y,2022-06-30,2022-06-30 15:26,29930,2021-04-01,2022-03-31,株式会社長栄
S100OHAD,2022-06-30,2022-06-30 15:30,31360,2021-04-01,2022-03-31,株式会社エコノス
S100OMLM,2022-06-30,2022-06-30 15:30,44440,2021-04-01,2022-03-31,株式会社インフォネット
S100OMPW,2022-06-30,2022-06-30 15:31,94660,2021-04-01,2022-03-31,株式会社アイドママーケティングコミュニケーション
S100OMMW,2022-06-30,2022-06-30 15:33,77790,2021-04-01,2022-03-31,ＣＹＢＥＲＤＹＮＥ株式会社
S100OKWP,2022-06-30,2022-06-30 15:35,31210,2021-04-01,2022-03-31,マーチャント・バンカーズ株式会社
S100OLV8,2022-06-30,2022-06-30 15:35,52020,2021-04-01,2022-03-31,日本板硝子株式会社
S100OMGN,2022-06-30,2022-06-30 15:37,14500,2021-04-01,2022-03-31,田中建設工業株式会社
S100OM7O,2022-06-30,2022-06-30 15:38,23760,2021-04-01,2022-03-31,株式会社　サイネックス
S100OJR5,2022-06-30,2022-06-30 15:38,70670,2021-04-01,2022-03-31,ブランディングテクノロジー株式会社
S100OLPA,2022-06-30,2022-06-30 15:39,29980,2021-04-01,2022-03-31,クリアル株式会社
S100OMO2,2022-06-30,2022-06-30 15:42,33460,2021-04-01,2022-03-31,２１ＬＡＤＹ株式会社
S100OMRA,2022-06-30,2022-06-30 15:47,39240,2021-04-01,2022-03-31,株式会社ランドコンピュータ
S100OLT0,2022-06-30,2022-06-30 15:52,39330,2021-04-01,2022-03-31,チエル株式会社
S100OLMR,2022-06-30,2022-06-30 15:53,39630,2021-04-01,2022-03-31,株式会社シンクロ・フード
S100OLYJ,2022-06-30,2022-06-30 15:57,83850,2021-04-01,2022-03-31,株式会社伊予銀行
S100OM4N,2022-06-30,2022-06-30 16:00,97880,2021-04-01,2022-03-31,株式会社ナック
S100OKJZ,2022-06-30,2022-06-30 16:00,61950,2021-07-01,2022-03-31,株式会社ホープ
S100OLRJ,2022-06-30,2022-06-30 16:00,21580,2021-04-01,2022-03-31,株式会社ＦＲＯＮＴＥＯ
S100OL8B,2022-06-30,2022-06-30 16:01,80660,2021-04-01,2022-03-31,三谷商事株式会社
S100OMN5,2022-06-30,2022-06-30 16:05,75930,2021-04-01,2022-03-31,ＶＴホールディングス株式会社
S100OMS4,2022-06-30,2022-06-30 16:07,24670,2021-04-01,2022-03-31,株式会社バルクホールディングス
S100OLG5,2022-06-30,2022-06-30 16:13,87460,2021-04-01,2022-03-31,第一商品株式会社
S100OG5L,2022-06-30,2022-06-30 16:20,48140,2021-04-01,2022-03-31,ネクストウェア株式会社
S100OM9B,2022-06-30,2022-06-30 16:25,14470,2021-04-01,2022-03-31,ＩＴｂｏｏｋホールディングス株式会社
S100OM8Q,2022-06-30,2022-06-30 16:25,80430,2021-04-01,2022-03-31,スターゼン株式会社
S100OMU9,2022-06-30,2022-06-30 16:26,33900,2021-04-01,2022-03-31,ＩＮＥＳＴ株式会社
S100OMA2,2022-06-30,2022-06-30 16:26,97600,2021-04-01,2022-03-31,株式会社　進学会ホールディングス
S100OL9L,2022-06-30,2022-06-30 16:32,71850,2021-04-01,2022-03-31,ヒロセ通商株式会社
S100OLID,2022-06-30,2022-06-30 16:32,26940,2021-04-01,2022-03-31,株式会社焼肉坂井ホールディングス
S100OMNF,2022-06-30,2022-06-30 16:35,66150,2021-04-01,2022-03-31,ユー・エム・シー・エレクトロニクス株式会社
S100OMMB,2022-06-30,2022-06-30 16:41,65740,2021-04-01,2022-03-31,株式会社コンヴァノ
S100OMN8,2022-06-30,2022-06-30 16:43,18780,2021-04-01,2022-03-31,大東建託株式会社
S100OMVP,2022-06-30,2022-06-30 16:48,96350,2021-04-01,2022-03-31,武蔵野興業株式会社
S100OMGQ,2022-06-30,2022-06-30 16:57,17340,2021-04-01,2022-03-31,株式会社北弘電社
S100OMWF,2022-06-30,2022-06-30 16:57,38400,2021-04-01,2022-03-31,パス株式会社
S100OMS7,2022-06-30,2022-06-30 16:58,94350,2021-04-01,2022-03-31,株式会社光通信
S100OMWY,2022-06-30,2022-06-30 17:05,14910,2021-04-01,2022-03-31,中外鉱業株式会社
S100OK0U,2022-06-30,2022-06-30 13:54,57410,2021-04-01,2022-03-31,株式会社ＵＡＣＪ
S100OMWX,2022-07-01,2022-07-01 09:01,79910,2021-04-01,2022-03-31,マミヤ・オーピー株式会社
S100OO5M,2022-07-06,2022-07-06 15:50,47500,2021-04-21,2022-04-20,株式会社ダイサン
S100OP27,2022-07-11,2022-07-11 14:20,18270,2021-04-01,2022-03-31,株式会社ナカノフドー建設
S100OQ03,2022-07-14,2022-07-14 09:43,74880,2021-04-21,2022-04-20,株式会社ヤガミ
S100OPUW,2022-07-15,2022-07-15 16:00,40260,2021-05-01,2022-04-30,神島化学工業株式会社
S100OQYF,2022-07-20,2022-07-20 13:43,29230,2021-05-01,2022-04-30,サトウ食品株式会社
S100ORKG,2022-07-22,2022-07-22 09:25,59710,2021-05-01,2022-04-30,株式会社共和工業所
S100ORLM,2022-07-22,2022-07-22 14:29,35240,2021-05-01,2022-04-30,日東製網株式会社
S100OS30,2022-07-25,2022-07-25 15:31,66560,2021-05-01,2022-04-30,インスペック株式会社
S100OS1X,2022-07-25,2022-07-25 16:23,33290,2021-05-01,2022-04-30,東和フードサービス株式会社
S100OS44,2022-07-26,2022-07-26 14:23,76230,2021-05-01,2022-04-30,株式会社サンオータス
S100OS48,2022-07-27,2022-07-27 10:30,63300,2021-04-01,2022-03-31,東洋エンジニアリング株式会社
S100OSBE,2022-07-27,2022-07-27 11:00,34440,2021-05-01,2022-04-30,株式会社菊池製作所
S100OSC7,2022-07-27,2022-07-27 11:04,79010,2021-05-01,2022-04-30,株式会社マツモト
S100OSES,2022-07-27,2022-07-27 11:30,84730,2021-04-01,2022-03-31,ＳＢＩホールディングス株式会社
S100OSIL,2022-07-27,2022-07-27 12:48,74350,2021-05-01,2022-04-30,株式会社ナ・デックス
S100OSDS,2022-07-27,2022-07-27 15:05,39030,2021-05-01,2022-04-30,株式会社ｇｕｍｉ
S100OSET,2022-07-27,2022-07-27 16:00,31610,2021-05-01,2022-04-30,アゼアス株式会社
S100ORVL,2022-07-27,2022-07-27 16:29,42680,2021-05-01,2022-04-30,エッジテクノロジー株式会社
S100OSEX,2022-07-28,2022-07-28 10:02,94250,2021-05-01,2022-04-30,日本テレホン株式会社
S100OSFM,2022-07-28,2022-07-28 10:05,29100,2021-05-01,2022-04-30,株式会社ロック・フィールド
S100OSIJ,2022-07-28,2022-07-28 10:12,37700,2021-05-01,2022-04-30,株式会社ザッパラス
S100OSQY,2022-07-28,2022-07-28 10:35,76040,2021-05-01,2022-04-30,株式会社　梅の花
S100OSEM,2022-07-28,2022-07-28 11:25,66300,2021-05-01,2022-04-30,ヤーマン株式会社
S100OSKK,2022-07-28,2022-07-28 11:56,30310,2021-05-01,2022-04-30,株式会社ラクーンホールディングス
S100OSNW,2022-07-28,2022-07-28 12:21,21590,2021-05-01,2022-04-30,株式会社フルスピード
S100OSOC,2022-07-28,2022-07-28 14:41,27510,2021-05-01,2022-04-30,株式会社テンポスホールディングス
S100OSNK,2022-07-28,2022-07-28 15:00,70950,2021-05-01,2022-04-30,株式会社Ｍａｃｂｅｅ　Ｐｌａｎｅｔ
S100OS4P,2022-07-28,2022-07-28 15:17,77770,2021-05-01,2022-04-30,株式会社スリー・ディー・マトリックス
S100OSBF,2022-07-29,2022-07-29 09:30,24380,2021-05-01,2022-04-30,株式会社アスカネット
S100OT2E,2022-07-29,2022-07-29 10:01,33610,2021-05-01,2022-04-30,株式会社トーエル
S100OST2,2022-07-29,2022-07-29 10:05,38430,2021-05-01,2022-04-30,フリービット株式会社
S100OT4W,2022-07-29,2022-07-29 10:33,75330,2021-05-01,2022-04-30,株式会社グリーンクロス
S100OT7R,2022-07-29,2022-07-29 11:33,14360,2021-05-01,2022-04-30,株式会社フィット
S100OSHL,2022-07-29,2022-07-29 11:46,50790,2021-05-01,2022-04-30,株式会社ノバック
S100OSP0,2022-07-29,2022-07-29 12:49,31340,2021-05-01,2022-04-30,Ｈａｍｅｅ株式会社
S100OT9L,2022-07-29,2022-07-29 13:24,17660,2021-05-01,2022-04-30,東建コーポレーション株式会社
S100OSM2,2022-07-29,2022-07-29 13:48,25930,2021-05-01,2022-04-30,株式会社伊藤園
S100OT82,2022-07-29,2022-07-29 14:32,31800,2021-05-01,2022-04-30,株式会社ビューティガレージ
S100OTD2,2022-07-29,2022-07-29 14:58,50320,2021-05-01,2022-04-30,ＡＮＹＣＯＬＯＲ株式会社
S100OT3S,2022-07-29,2022-07-29 15:00,26780,2021-05-21,2022-05-20,アスクル株式会社
S100OTBP,2022-07-29,2022-07-29 15:00,77930,2021-05-01,2022-04-30,株式会社イメージ・マジック
S100OTBB,2022-07-29,2022-07-29 15:07,80700,2021-04-01,2022-03-31,東京産業株式会社
S100OSYV,2022-07-29,2022-07-29 15:09,70500,2021-05-01,2022-04-30,株式会社フロンティアインターナショナル
S100OS9R,2022-07-29,2022-07-29 15:19,78990,2021-05-01,2022-04-30,ＭＩＣＳ化学株式会社
S100OTEG,2022-07-29,2022-07-29 15:37,96270,2021-05-01,2022-04-30,株式会社アインホールディングス
S100OT7B,2022-07-29,2022-07-29 15:58,43820,2021-05-01,2022-04-30,ＨＥＲＯＺ株式会社
S100OTFD,2022-07-29,2022-07-29 16:22,94440,2021-05-01,2022-04-30,株式会社トーシンホールディングス
S100OSKN,2022-07-29,2022-07-29 16:37,31560,2021-04-01,2022-03-31,株式会社レスターホールディングス
S100OT19,2022-07-29,2022-07-29 16:50,92630,2021-05-01,2022-04-30,株式会社ビジョナリーホールディングス
S100OTG9,2022-07-29,2022-07-29 17:05,44310,2021-05-01,2022-04-30,株式会社スマレジ
S100OVIU,2022-08-05,2022-08-05 15:16,30750,2021-05-16,2022-05-15,株式会社銚子丸
S100OVUY,2022-08-08,2022-08-08 10:11,27610,2021-05-21,2022-05-20,トシン・グループ株式会社
S100OV34,2022-08-10,2022-08-10 12:00,69050,2021-05-21,2022-05-20,コーセル株式会社
S100OWOG,2022-08-10,2022-08-10 14:00,35440,2021-05-16,2022-05-15,サツドラホールディングス株式会社
S100OZEY,2022-08-10,2022-08-10 16:01,33910,2021-05-16,2022-05-15,株式会社ツルハホールディングス
S100P17M,2022-08-15,2022-08-15 15:15,44230,2021-04-01,2022-03-31,アルテリア・ネットワークス株式会社
S100P15Z,2022-08-15,2022-08-15 15:17,69420,2021-04-01,2022-03-31,株式会社ソフィアホールディングス
S100P1JJ,2022-08-17,2022-08-17 13:50,31600,2021-06-01,2022-05-31,株式会社大光
S100P1U4,2022-08-18,2022-08-18 14:11,35490,2021-05-21,2022-05-20,株式会社クスリのアオキホールディングス
S100P22I,2022-08-19,2022-08-19 13:11,74200,2021-06-01,2022-05-31,佐鳥電機株式会社
S100P28L,2022-08-19,2022-08-19 15:03,27220,2021-06-01,2022-05-31,株式会社アイケイ
S100P22Z,2022-08-22,2022-08-22 15:45,21680,2021-06-01,2022-05-31,株式会社パソナグループ
S100P2OM,2022-08-24,2022-08-24 11:21,27920,2021-06-01,2022-05-31,株式会社ハニーズホールディングス
S100P2RN,2022-08-24,2022-08-24 12:12,24590,2021-06-01,2022-05-31,アウンコンサルティング株式会社
S100P2J9,2022-08-24,2022-08-24 14:38,27910,2021-06-01,2022-05-31,大黒天物産株式会社
S100P2NM,2022-08-24,2022-08-24 16:04,47160,2021-06-01,2022-05-31,日本オラクル株式会社
S100P2SH,2022-08-25,2022-08-25 10:00,65520,2021-06-01,2022-05-31,株式会社ＧａｍｅＷｉｔｈ
S100P2X3,2022-08-25,2022-08-25 11:51,45770,2021-06-01,2022-05-31,ダイト株式会社
S100P2FW,2022-08-25,2022-08-25 12:37,77130,2021-06-01,2022-05-31,シグマ光機株式会社
S100P2T6,2022-08-25,2022-08-25 13:37,13770,2021-06-01,2022-05-31,株式会社　サカタのタネ
S100P31W,2022-08-25,2022-08-25 14:54,88860,2021-06-01,2022-05-31,株式会社ウッドフレンズ
S100P2WB,2022-08-25,2022-08-25 15:00,39900,2021-06-01,2022-05-31,ＵＵＵＭ株式会社
S100P32D,2022-08-25,2022-08-25 15:00,14190,2021-06-01,2022-05-31,タマホーム株式会社
S100P2TU,2022-08-25,2022-08-25 15:01,18870,2021-06-01,2022-05-31,日本国土開発株式会社
S100P31V,2022-08-25,2022-08-25 15:08,48250,2021-06-01,2022-05-31,株式会社ウェザーニューズ
S100P2LT,2022-08-25,2022-08-25 15:34,27690,2021-06-01,2022-05-31,株式会社ヴィレッジヴァンガードコーポレーション
S100P32G,2022-08-25,2022-08-25 15:44,77250,2021-06-01,2022-05-31,株式会社インターアクション
S100P30V,2022-08-26,2022-08-26 09:06,44650,2021-06-01,2022-05-31,株式会社ニイタカ
S100P36I,2022-08-26,2022-08-26 09:16,78880,2021-06-01,2022-05-31,三光合成株式会社
S100P2WK,2022-08-26,2022-08-26 09:30,23030,2021-06-01,2022-05-31,株式会社ドーン
S100P38M,2022-08-26,2022-08-26 09:30,40570,2021-06-01,2022-05-31,株式会社インターファクトリー
S100P37K,2022-08-26,2022-08-26 09:52,65050,2021-06-01,2022-05-31,東洋電機製造株式会社
S100P30O,2022-08-26,2022-08-26 10:44,74340,2021-06-01,2022-05-31,株式会社オータケ
S100P3A5,2022-08-26,2022-08-26 11:01,47350,2021-06-01,2022-05-31,株式会社京進
S100P39V,2022-08-26,2022-08-26 11:17,38240,2021-06-01,2022-05-31,メディアファイブ株式会社
S100P31T,2022-08-26,2022-08-26 11:53,59670,2021-06-01,2022-05-31,ＴＯＮＥ株式会社
S100P35O,2022-08-26,2022-08-26 12:47,81550,2021-06-01,2022-05-31,三益半導体工業株式会社
S100P2VN,2022-08-26,2022-08-26 14:05,48850,2021-06-01,2022-05-31,室町ケミカル株式会社
S100P2SO,2022-08-26,2022-08-26 14:13,96510,2021-06-01,2022-05-31,日本プロセス株式会社
S100P3CU,2022-08-26,2022-08-26 14:20,98120,2021-06-01,2022-05-31,株式会社テーオーホールディングス
S100P3D3,2022-08-26,2022-08-26 15:05,32360,2021-06-01,2022-05-31,株式会社プロパスト
S100P372,2022-08-26,2022-08-26 15:30,92160,2021-06-01,2022-05-31,ビーウィズ株式会社
S100P370,2022-08-26,2022-08-26 15:35,79210,2021-06-01,2022-05-31,株式会社ＴＡＫＡＲＡ　＆　ＣＯＭＰＡＮＹ
S100P3F9,2022-08-26,2022-08-26 15:48,27960,2021-06-01,2022-05-31,ファーマライズホールディングス株式会社
S100P29L,2022-08-26,2022-08-26 15:59,92650,2021-06-01,2022-05-31,ヤマシタヘルスケアホールディングス株式会社
S100P34S,2022-08-26,2022-08-26 16:14,48290,2021-06-01,2022-05-31,日本エンタープライズ株式会社
S100P2RQ,2022-08-26,2022-08-26 16:47,97650,2021-06-01,2022-05-31,株式会社オオバ
S100P3FT,2022-08-29,2022-08-29 09:42,14300,2021-06-01,2022-05-31,ファーストコーポレーション株式会社
S100P3IV,2022-08-29,2022-08-29 09:55,74870,2021-06-01,2022-05-31,小津産業株式会社
S100P3E3,2022-08-29,2022-08-29 09:56,21530,2021-06-01,2022-05-31,Ｅ・Ｊホールディングス株式会社
S100P3DY,2022-08-29,2022-08-29 10:02,31480,2021-06-01,2022-05-31,株式会社クリエイトＳＤホールディングス
S100P3JS,2022-08-29,2022-08-29 10:05,70860,2021-06-01,2022-05-31,株式会社きずなホールディングス
S100P3L0,2022-08-29,2022-08-29 10:24,40760,2021-06-01,2022-05-31,株式会社シイエヌエス
S100P3C1,2022-08-29,2022-08-29 10:30,64960,2021-06-01,2022-05-31,株式会社中北製作所
S100P3CP,2022-08-29,2022-08-29 10:31,60440,2021-06-01,2022-05-31,株式会社三機サービス
S100P3KG,2022-08-29,2022-08-29 10:33,33210,2021-06-01,2022-05-31,ミタチ産業株式会社
S100P3EV,2022-08-29,2022-08-29 10:41,92780,2021-06-01,2022-05-31,ブックオフグループホールディングス株式会社
S100P3HY,2022-08-29,2022-08-29 11:59,38920,2021-06-01,2022-05-31,株式会社岡山製紙
S100P3MI,2022-08-29,2022-08-29 13:06,41980,2021-06-01,2022-05-31,株式会社テンダ
S100P2KJ,2022-08-29,2022-08-29 13:09,13760,2021-06-01,2022-05-31,カネコ種苗株式会社
S100P3DK,2022-08-29,2022-08-29 13:29,89080,2021-06-01,2022-05-31,株式会社毎日コムネット
S100P3ML,2022-08-29,2022-08-29 15:00,60470,2021-06-01,2022-05-31,株式会社Ｇｕｎｏｓｙ
S100P3MK,2022-08-29,2022-08-29 15:01,23400,2021-04-01,2022-03-31,株式会社　極楽湯ホールディングス
S100P3NR,2022-08-29,2022-08-29 15:11,48340,2021-06-01,2022-05-31,キャリアバンク株式会社
S100P3P2,2022-08-29,2022-08-29 15:34,98280,2021-04-01,2022-03-31,元気寿司株式会社
S100P2QJ,2022-08-29,2022-08-29 16:00,65670,2021-06-01,2022-05-31,株式会社ＳＥＲＩＯホールディングス
S100P3HS,2022-08-29,2022-08-29 17:11,73700,2021-06-01,2022-05-31,株式会社Ｅｎｊｉｎ
S100P3J0,2022-08-30,2022-08-30 13:03,24620,2021-06-01,2022-05-31,ライク株式会社
S100P37L,2022-08-30,2022-08-30 13:23,88870,2021-06-01,2022-05-31,リベレステ株式会社
S100P3QQ,2022-08-30,2022-08-30 15:00,60830,2021-06-01,2022-05-31,ＥＲＩホールディングス株式会社
S100P3WG,2022-08-30,2022-08-30 15:00,30210,2021-06-01,2022-05-31,株式会社パシフィックネット
S100P3VU,2022-08-30,2022-08-30 15:00,44300,2021-06-01,2022-05-31,東海ソフト株式会社
S100P3LN,2022-08-30,2022-08-30 15:04,35010,2021-06-01,2022-05-31,住江織物株式会社
S100P3N9,2022-08-30,2022-08-30 15:07,64890,2021-06-01,2022-05-31,前澤工業株式会社
S100P3Q1,2022-08-30,2022-08-30 15:18,14010,2021-06-01,2022-05-31,株式会社エムビーエス
S100P3U5,2022-08-30,2022-08-30 15:30,38100,2021-06-01,2022-05-31,サイバーステップ株式会社
S100P3X5,2022-08-30,2022-08-30 15:30,70680,2021-06-01,2022-05-31,フィードフォースグループ株式会社
S100P3X9,2022-08-30,2022-08-30 15:34,89400,2021-06-01,2022-05-31,株式会社インテリックス
S100P3RR,2022-08-30,2022-08-30 15:46,37600,2021-06-01,2022-05-31,株式会社ケイブ
S100P3YY,2022-08-30,2022-08-30 17:07,24370,2021-06-01,2022-05-31,Ｓｈｉｎｗａ　Ｗｉｓｅ　Ｈｏｌｄｉｎｇｓ株式会社
S100P373,2022-08-30,2022-08-30 17:08,33490,2021-06-01,2022-05-31,株式会社コスモス薬品
S100P3WQ,2022-08-31,2022-08-31 09:37,78080,2021-06-01,2022-05-31,株式会社シー・エス・ランバー
S100P3KW,2022-08-31,2022-08-31 09:45,37910,2021-06-01,2022-05-31,株式会社ＩＧポート
S100P3ZI,2022-08-31,2022-08-31 10:27,32970,2021-06-01,2022-05-31,株式会社東武住販
S100P3Z2,2022-08-31,2022-08-31 12:59,61500,2021-06-01,2022-05-31,タケダ機械株式会社
S100P435,2022-08-31,2022-08-31 13:28,76730,2021-06-01,2022-05-31,ダイコー通産株式会社
S100P43U,2022-08-31,2022-08-31 14:23,36450,2021-06-01,2022-05-31,株式会社メディカルネット
S100P3V8,2022-08-31,2022-08-31 15:00,44430,2021-06-01,2022-05-31,Ｓａｎｓａｎ株式会社
S100P44N,2022-08-31,2022-08-31 15:10,46530,2021-04-01,2022-03-31,株式会社ダイオーズ
S100P44C,2022-08-31,2022-08-31 15:40,29340,2021-06-01,2022-05-31,ジェイフロンティア株式会社
S100P411,2022-08-31,2022-08-31 16:00,59320,2021-06-01,2022-05-31,三協立山株式会社
S100P5RB,2022-09-09,2022-09-09 15:12,47480,2021-07-01,2022-06-30,株式会社　構造計画研究所
S100P5B7,2022-09-12,2022-09-12 10:55,92670,2021-06-21,2022-06-20,Ｇｅｎｋｙ　ＤｒｕｇＳｔｏｒｅｓ株式会社
S100P5UW,2022-09-12,2022-09-12 17:00,99420,2021-07-01,2022-06-30,株式会社ジョイフル
S100P5H1,2022-09-13,2022-09-13 15:05,76990,2021-04-01,2022-03-31,オムニ・プラス・システム・リミテッド
S100P6U2,2022-09-15,2022-09-15 13:49,48260,2021-07-01,2022-06-30,株式会社ＣＩＪ
S100P6S1,2022-09-15,2022-09-15 16:15,79620,2021-06-21,2022-06-20,株式会社キングジム
S100P701,2022-09-16,2022-09-16 15:04,43980,2021-07-01,2022-06-30,株式会社ブロードバンドセキュリティ
S100P6E8,2022-09-20,2022-09-20 10:00,31910,2021-06-21,2022-06-20,株式会社ジョイフル本田
S100P6PH,2022-09-20,2022-09-20 10:56,17390,2021-07-01,2022-06-30,株式会社メルディアＤＣ
S100P7E8,2022-09-22,2022-09-22 11:40,26890,2021-07-01,2022-06-30,オルバヘルスケアホールディングス株式会社
S100P7DE,2022-09-22,2022-09-22 14:35,76710,2021-07-01,2022-06-30,株式会社ＡｍｉｄＡホールディングス
S100P7X7,2022-09-22,2022-09-22 14:48,29040,2021-07-01,2022-06-30,一正蒲鉾株式会社
S100P7UU,2022-09-22,2022-09-22 15:01,24770,2021-07-01,2022-06-30,手間いらず株式会社
S100P86Q,2022-09-22,2022-09-22 15:18,39840,2021-07-01,2022-06-30,株式会社ユーザーローカル
S100P834,2022-09-22,2022-09-22 15:30,24280,2021-07-01,2022-06-30,ウェルネット株式会社
S100P81H,2022-09-22,2022-09-22 15:42,13810,2021-07-01,2022-06-30,株式会社アクシーズ
S100P80N,2022-09-22,2022-09-22 16:15,38360,2021-07-01,2022-06-30,株式会社アバント
S100P872,2022-09-26,2022-09-26 09:07,61560,2021-07-01,2022-06-30,株式会社エーワン精密
S100P80S,2022-09-26,2022-09-26 10:26,47670,2021-07-01,2022-06-30,株式会社テー・オー・ダブリュー
S100P8EQ,2022-09-26,2022-09-26 13:19,17880,2021-07-01,2022-06-30,株式会社三東工業社
S100P8EG,2022-09-26,2022-09-26 13:26,60610,2021-07-01,2022-06-30,株式会社ユニバーサル園芸社
S100P86B,2022-09-26,2022-09-26 15:00,60300,2021-07-01,2022-06-30,株式会社アドベンチャー
S100P8FL,2022-09-26,2022-09-26 15:02,48450,2021-07-01,2022-06-30,株式会社スカラ
S100P815,2022-09-26,2022-09-26 15:04,60900,2021-07-01,2022-06-30,ヒューマン・メタボローム・テクノロジーズ株式会社
S100P8HI,2022-09-26,2022-09-26 16:00,75850,2021-07-01,2022-06-30,株式会社かんなん丸
S100P8GR,2022-09-26,2022-09-26 16:15,89450,2021-07-01,2022-06-30,サンネクスタグループ株式会社
S100P8O5,2022-09-27,2022-09-27 12:03,73200,2021-07-01,2022-06-30,日本リビング保証株式会社
S100P845,2022-09-27,2022-09-27 13:00,78130,2021-07-01,2022-06-30,株式会社プラッツ
S100P89R,2022-09-27,2022-09-27 13:23,30970,2021-07-01,2022-06-30,株式会社物語コーポレーション
S100P8EF,2022-09-27,2022-09-27 15:01,43910,2021-07-01,2022-06-30,ロジザード株式会社
S100P8IV,2022-09-27,2022-09-27 15:02,45750,2021-07-01,2022-06-30,株式会社キャンバス
S100P8JR,2022-09-27,2022-09-27 15:05,95140,2021-07-01,2022-06-30,株式会社エフオン
S100P8IY,2022-09-27,2022-09-27 15:51,36600,2021-07-01,2022-06-30,株式会社アイスタイル
S100P8R1,2022-09-27,2022-09-27 16:30,78030,2021-07-01,2022-06-30,株式会社ブシロード
S100P87T,2022-09-27,2022-09-27 16:58,94210,2021-07-01,2022-06-30,株式会社エヌジェイホールディングス
S100P8OY,2022-09-28,2022-09-28 09:05,89120,2021-07-01,2022-06-30,株式会社エリアクエスト
S100P88Q,2022-09-28,2022-09-28 09:06,68740,2021-07-01,2022-06-30,協立電機株式会社
S100P8Y7,2022-09-28,2022-09-28 09:29,43960,2021-07-01,2022-06-30,株式会社システムサポート
S100P8BM,2022-09-28,2022-09-28 09:49,34260,2021-07-01,2022-06-30,アトムリビンテック株式会社
S100P4KN,2022-09-28,2022-09-28 10:34,19990,2021-07-01,2022-06-30,サイタホールディングス株式会社
S100P8J5,2022-09-28,2022-09-28 10:46,68880,2021-07-01,2022-06-30,アクモス株式会社
S100P88H,2022-09-28,2022-09-28 11:00,53800,2021-07-01,2022-06-30,新東株式会社
S100P908,2022-09-28,2022-09-28 11:19,46570,2021-07-01,2022-06-30,株式会社環境管理センター
S100P8ZR,2022-09-28,2022-09-28 11:21,43350,2021-07-01,2022-06-30,株式会社アイ・ピー・エス
S100P70C,2022-09-28,2022-09-28 11:45,48470,2021-07-01,2022-06-30,株式会社インテリジェント　ウェイブ
S100P8UH,2022-09-28,2022-09-28 13:27,78120,2021-07-01,2022-06-30,株式会社クレステック
S100P95M,2022-09-28,2022-09-28 14:34,32710,2021-07-01,2022-06-30,株式会社　ＴＨＥグローバル社
S100P8UG,2022-09-28,2022-09-28 14:56,78210,2021-09-21,2022-06-30,前田工繊株式会社
S100P88W,2022-09-28,2022-09-28 15:00,73710,2021-07-01,2022-06-30,全研本社株式会社
S100P8KO,2022-09-28,2022-09-28 15:00,43850,2021-07-01,2022-06-30,株式会社メルカリ
S100P8XS,2022-09-28,2022-09-28 15:00,21540,2021-07-01,2022-06-30,株式会社夢真ビーネックスグループ
S100P8SX,2022-09-28,2022-09-28 15:00,78090,2021-07-01,2022-06-30,株式会社壽屋
S100P93I,2022-09-28,2022-09-28 15:01,34570,2021-07-01,2022-06-30,株式会社Ａｎｄ　Ｄｏホールディングス
S100P87A,2022-09-28,2022-09-28 15:01,62390,2021-07-01,2022-06-30,株式会社ナガオカ
S100P8MR,2022-09-28,2022-09-28 15:07,78260,2021-07-01,2022-06-30,株式会社フルヤ金属
S100P930,2022-09-28,2022-09-28 15:30,31400,2021-07-01,2022-06-30,ＢＲＵＮＯ株式会社
S100P8NM,2022-09-28,2022-09-28 15:31,43260,2021-07-01,2022-06-30,株式会社インテージホールディングス
S100P8UB,2022-09-28,2022-09-28 15:34,92730,2021-07-01,2022-06-30,コーア商事ホールディングス株式会社
S100P95R,2022-09-28,2022-09-28 15:34,60360,2021-07-01,2022-06-30,ＫｅｅＰｅｒ技研株式会社
S100P96Z,2022-09-28,2022-09-28 15:42,77810,2021-07-01,2022-06-30,株式会社平山ホールディングス
S100P951,2022-09-28,2022-09-28 15:44,75320,2021-07-01,2022-06-30,株式会社パン・パシフィック・インターナショナルホールディングス
S100P8WK,2022-09-28,2022-09-28 15:51,19540,2021-07-01,2022-06-30,日本工営株式会社
S100P8NW,2022-09-28,2022-09-28 15:56,56980,2021-07-01,2022-06-30,株式会社エンビプロ・ホールディングス
S100P900,2022-09-28,2022-09-28 16:01,66620,2021-07-01,2022-06-30,株式会社ユビテック
S100P93V,2022-09-28,2022-09-28 16:06,60380,2021-07-01,2022-06-30,株式会社イード
S100P97P,2022-09-28,2022-09-28 16:07,70630,2021-07-01,2022-06-30,株式会社Ｂｉｒｄｍａｎ
S100P8XA,2022-09-28,2022-09-28 16:30,44950,2021-07-01,2022-06-30,株式会社アイキューブドシステムズ
S100P8N8,2022-09-28,2022-09-28 16:37,36320,2021-07-01,2022-06-30,グリー株式会社
S100P995,2022-09-28,2022-09-28 17:04,30820,2021-07-01,2022-06-30,株式会社きちりホールディングス
S100P7NP,2022-09-29,2022-09-29 09:04,63270,2021-07-01,2022-06-30,北川精機株式会社
S100P96S,2022-09-29,2022-09-29 09:09,69200,2021-07-01,2022-06-30,レーザーテック株式会社
S100P7IX,2022-09-29,2022-09-29 09:10,73770,2021-07-01,2022-06-30,ＤＮホールディングス株式会社
S100P90V,2022-09-29,2022-09-29 09:11,59030,2021-07-01,2022-06-30,シンポ株式会社
S100P8NH,2022-09-29,2022-09-29 09:14,14140,2021-07-01,2022-06-30,ショーボンドホールディングス株式会社
S100P8UP,2022-09-29,2022-09-29 09:21,90280,2021-07-01,2022-06-30,株式会社ゼロ
S100P98F,2022-09-29,2022-09-29 09:27,76360,2021-07-01,2022-06-30,株式会社ハンズマン
S100P8YZ,2022-09-29,2022-09-29 09:34,23850,2021-07-01,2022-06-30,株式会社総医研ホールディングス
S100P8RJ,2022-09-29,2022-09-29 09:50,24810,2021-07-01,2022-06-30,株式会社タウンニュース社
S100P9E6,2022-09-29,2022-09-29 09:54,94500,2021-07-01,2022-06-30,株式会社ファイバーゲート
S100P8V6,2022-09-29,2022-09-29 09:57,21720,2021-07-01,2022-06-30,株式会社インサイト
S100P7P6,2022-09-29,2022-09-29 10:03,35380,2021-07-01,2022-06-30,株式会社ウイルプラスホールディングス
S100P7MP,2022-09-29,2022-09-29 10:10,63400,2021-07-01,2022-06-30,澁谷工業株式会社
S100P7KG,2022-09-29,2022-09-29 10:17,71350,2021-07-01,2022-06-30,藤久ホールディングス株式会社
S100P9E9,2022-09-29,2022-09-29 10:17,33260,2021-07-01,2022-06-30,株式会社ランシステム
S100P9EZ,2022-09-29,2022-09-29 10:37,65420,2021-07-01,2022-06-30,株式会社ＦＣホールディングス
S100P8BN,2022-09-29,2022-09-29 10:50,30410,2021-07-01,2022-06-30,株式会社ビューティ花壇
S100P8LX,2022-09-29,2022-09-29 11:00,65710,2021-07-01,2022-06-30,キュービーネットホールディングス株式会社
S100P98Q,2022-09-29,2022-09-29 11:06,21800,2021-07-01,2022-06-30,株式会社サニーサイドアップグループ
S100P9D5,2022-09-29,2022-09-29 11:16,36250,2021-07-01,2022-06-30,テックファームホールディングス株式会社
S100P8SM,2022-09-29,2022-09-29 11:49,67850,2021-07-01,2022-06-30,株式会社鈴木
S100P9HN,2022-09-29,2022-09-29 12:29,89280,2021-07-01,2022-06-30,穴吹興産株式会社
S100P9B6,2022-09-29,2022-09-29 12:45,31540,2021-07-01,2022-06-30,メディアスホールディングス株式会社
S100P9H0,2022-09-29,2022-09-29 12:55,17160,2021-07-01,2022-06-30,第一カッター興業株式会社
S100P9D2,2022-09-29,2022-09-29 13:00,13820,2021-07-01,2022-06-30,株式会社ホーブ
S100P9H2,2022-09-29,2022-09-29 13:10,32420,2021-07-01,2022-06-30,株式会社アーバネットコーポレーション
S100P8ZV,2022-09-29,2022-09-29 13:16,34390,2021-07-01,2022-06-30,株式会社三ツ知
S100P91M,2022-09-29,2022-09-29 13:18,49760,2021-07-01,2022-06-30,東洋ドライルーブ株式会社
S100P9HZ,2022-09-29,2022-09-29 13:25,28200,2021-07-01,2022-06-30,株式会社やまみ
S100P9JG,2022-09-29,2022-09-29 13:47,59870,2021-07-01,2022-06-30,株式会社オーネックス
S100P98Y,2022-09-29,2022-09-29 14:18,35970,2021-07-01,2022-06-30,株式会社自重堂
S100P9JW,2022-09-29,2022-09-29 14:26,38560,2021-07-01,2022-06-30,Ａｂａｌａｎｃｅ株式会社
S100P9KO,2022-09-29,2022-09-29 14:30,30760,2021-07-01,2022-06-30,あいホールディングス株式会社
S100P8WW,2022-09-29,2022-09-29 14:31,27620,2021-07-01,2022-06-30,株式会社ＳＡＮＫＯ　ＭＡＲＫＥＴＩＮＧ　ＦＯＯＤＳ
S100P9BK,2022-09-29,2022-09-29 14:49,62270,2021-07-01,2022-06-30,ＡＩメカテック株式会社
S100P9KJ,2022-09-29,2022-09-29 14:57,60620,2021-07-01,2022-06-30,株式会社チャーム・ケア・コーポレーション
S100P99Q,2022-09-29,2022-09-29 14:59,93610,2021-07-01,2022-06-30,伏木海陸運送株式会社
S100P99A,2022-09-29,2022-09-29 15:00,50740,2021-07-01,2022-06-30,テスホールディングス株式会社
S100P9LZ,2022-09-29,2022-09-29 15:00,92190,2021-07-01,2022-06-30,株式会社ギックス
S100P99L,2022-09-29,2022-09-29 15:00,60310,2021-07-01,2022-06-30,サイジニア株式会社
S100P90B,2022-09-29,2022-09-29 15:00,44780,2021-07-01,2022-06-30,フリー株式会社
S100P9KM,2022-09-29,2022-09-29 15:03,39780,2021-07-01,2022-06-30,株式会社マクロミル
S100P1P3,2022-09-29,2022-09-29 15:05,94390,2021-07-01,2022-06-30,株式会社エム・エイチ・グループ
S100P9N4,2022-09-29,2022-09-29 15:17,65970,2021-07-01,2022-06-30,ＨＰＣシステムズ株式会社
S100P9MA,2022-09-29,2022-09-29 15:24,44180,2021-07-01,2022-06-30,株式会社ＪＤＳＣ
S100P94I,2022-09-29,2022-09-29 15:32,65470,2021-07-01,2022-06-30,株式会社グリーンズ
S100P8NY,2022-09-29,2022-09-29 15:33,50340,2021-07-01,2022-06-30,株式会社ｕｎｅｒｒｙ
S100P91N,2022-09-29,2022-09-29 15:38,30280,2021-07-01,2022-06-30,株式会社アルペン
S100P96P,2022-09-29,2022-09-29 15:40,31350,2021-07-01,2022-06-30,株式会社マーケットエンタープライズ
S100P9OE,2022-09-29,2022-09-29 15:42,39160,2021-07-01,2022-06-30,デジタル・インフォメーション・テクノロジー株式会社
S100P9L2,2022-09-29,2022-09-29 15:44,40180,2021-07-01,2022-06-30,株式会社Ｇｅｏｌｏｃａｔｉｏｎ　Ｔｅｃｈｎｏｌｏｇｙ
S100P8SL,2022-09-29,2022-09-29 15:49,36550,2021-07-01,2022-06-30,株式会社ブレインパッド
S100P9EO,2022-09-29,2022-09-29 16:02,36750,2021-07-01,2022-06-30,株式会社クロス・マーケティンググループ
S100P90T,2022-09-29,2022-09-29 16:25,67280,2021-07-01,2022-06-30,株式会社　アルバック
S100P9J4,2022-09-29,2022-09-29 16:59,61750,2021-07-01,2022-06-30,株式会社ネットマーケティング
S100P8TI,2022-09-29,2022-09-29 17:11,73750,2021-07-01,2022-06-30,株式会社リファインバースグループ
S100P9LM,2022-09-30,2022-09-30 09:01,75000,2021-07-01,2022-06-30,西川計測株式会社
S100P9IB,2022-09-30,2022-09-30 09:04,73690,2021-07-01,2022-06-30,株式会社メイホーホールディングス
S100P9Q5,2022-09-30,2022-09-30 09:06,77070,2021-07-01,2022-06-30,プレシジョン・システム・サイエンス株式会社
S100P9MJ,2022-09-30,2022-09-30 09:06,40540,2021-07-01,2022-06-30,日本情報クリエイト株式会社
S100P9RR,2022-09-30,2022-09-30 09:18,52830,2021-07-01,2022-06-30,株式会社高見澤
S100P9T4,2022-09-30,2022-09-30 09:30,60280,2021-07-01,2022-06-30,テクノプロ・ホールディングス株式会社
S100P9OZ,2022-09-30,2022-09-30 09:43,17640,2021-07-01,2022-06-30,工藤建設株式会社
S100P9TE,2022-09-30,2022-09-30 10:00,14310,2021-07-01,2022-06-30,株式会社Ｌｉｂ　Ｗｏｒｋ
S100P9UF,2022-09-30,2022-09-30 10:44,34460,2021-07-01,2022-06-30,株式会社ジェイテックコーポレーション
S100P9UM,2022-09-30,2022-09-30 11:37,32860,2021-07-01,2022-06-30,トラストホールディングス株式会社
S100P9RE,2022-09-30,2022-09-30 11:53,39860,2021-07-01,2022-06-30,株式会社ビーブレイクシステムズ
S100P9W3,2022-09-30,2022-09-30 12:56,36390,2021-07-01,2022-06-30,株式会社ボルテージ
S100P8WF,2022-09-30,2022-09-30 13:26,40730,2021-07-01,2022-06-30,株式会社ジィ・シィ企画
S100P9GU,2022-09-30,2022-09-30 14:04,77470,2021-07-01,2022-06-30,朝日インテック株式会社
S100P9Y7,2022-09-30,2022-09-30 14:36,34690,2021-07-01,2022-06-30,株式会社デュアルタップ
S100P9Y4,2022-09-30,2022-09-30 15:00,40520,2021-07-01,2022-06-30,フィーチャ株式会社
S100P8ZH,2022-09-30,2022-09-30 15:00,33000,2021-07-01,2022-06-30,株式会社アンビションＤＸホールディングス
S100P9Z6,2022-09-30,2022-09-30 15:15,40680,2021-07-01,2022-06-30,ベイシス株式会社
S100P9ZJ,2022-09-30,2022-09-30 15:25,73250,2021-07-01,2022-06-30,株式会社アイリックコーポレーション
S100P9UO,2022-09-30,2022-09-30 15:39,94170,2021-07-01,2022-06-30,株式会社スマートバリュー
S100P9RT,2022-09-30,2022-09-30 15:45,42630,2021-07-01,2022-06-30,サスメド株式会社
S100P9W8,2022-09-30,2022-09-30 15:53,49300,2021-07-01,2022-06-30,株式会社グラフィコ
S100P9X4,2022-09-30,2022-09-30 16:00,36280,2021-07-01,2022-06-30,株式会社データホライゾン
S100P9J7,2022-09-30,2022-09-30 16:03,95570,2021-07-01,2022-06-30,株式会社エアークローゼット
S100PA1O,2022-09-30,2022-09-30 16:26,51250,2021-07-01,2022-06-30,株式会社ファインズ
S100PA2D,2022-09-30,2022-09-30 17:13,38080,2021-07-01,2022-06-30,株式会社オウケイウェイヴ
S100PCRE,2022-10-14,2022-10-14 14:44,29780,2021-08-01,2022-07-31,株式会社ツクルバ
S100PDCX,2022-10-18,2022-10-18 11:02,80570,2021-07-21,2022-07-20,株式会社内田洋行
S100PDNZ,2022-10-20,2022-10-20 16:37,29290,2021-08-01,2022-07-31,株式会社ファーマフーズ
S100PD3Q,2022-10-21,2022-10-21 10:13,48240,2021-08-01,2022-07-31,株式会社メディアシーク
S100PE1F,2022-10-21,2022-10-21 16:30,34210,2021-08-01,2022-07-31,株式会社稲葉製作所
S100PDHV,2022-10-24,2022-10-24 09:04,62670,2021-08-01,2022-07-31,ゼネラルパッカー株式会社
S100PEAQ,2022-10-25,2022-10-25 13:22,63870,2021-08-01,2022-07-31,サムコ　株式会社
S100PEEU,2022-10-25,2022-10-25 13:29,49360,2021-08-01,2022-07-31,株式会社アクシージア
S100PDZL,2022-10-25,2022-10-25 14:04,23910,2021-08-01,2022-07-31,株式会社プラネット
S100PDWA,2022-10-25,2022-10-25 16:00,35390,2021-08-01,2022-07-31,株式会社ＪＭホールディングス
S100PDQW,2022-10-26,2022-10-26 10:47,18440,2021-08-01,2022-07-31,株式会社大盛工業
S100PE2L,2022-10-26,2022-10-26 13:26,31930,2021-08-01,2022-07-31,株式会社鳥貴族ホールディングス
S100PEN1,2022-10-26,2022-10-26 14:36,71260,2021-08-01,2022-07-31,タンゴヤ株式会社
S100PEDM,2022-10-26,2022-10-26 15:00,41940,2021-08-01,2022-07-31,ビジョナル株式会社
S100PBLY,2022-10-26,2022-10-26 15:15,65770,2021-08-01,2022-07-31,株式会社ベストワンドットコム
S100PEJO,2022-10-26,2022-10-26 15:30,14440,2021-08-01,2022-07-31,株式会社ニッソウ
S100PEBW,2022-10-26,2022-10-26 16:37,78500,2021-08-01,2022-07-31,総合商研株式会社
S100PEHP,2022-10-26,2022-10-26 17:00,70970,2021-08-01,2022-07-31,株式会社さくらさくプラス
S100PDAG,2022-10-27,2022-10-27 10:22,92620,2021-08-01,2022-07-31,株式会社シルバーライフ
S100PENN,2022-10-27,2022-10-27 11:00,34580,2021-08-01,2022-07-31,株式会社シーアールイー
S100PEP7,2022-10-27,2022-10-27 13:51,38540,2021-08-01,2022-07-31,株式会社アイル
S100PF0J,2022-10-27,2022-10-27 15:00,36620,2021-08-01,2022-07-31,株式会社エイチーム
S100PEPA,2022-10-27,2022-10-27 15:12,40140,2021-08-01,2022-07-31,株式会社カラダノート
S100PF1T,2022-10-27,2022-10-27 15:18,92400,2021-08-01,2022-07-31,株式会社デリバリーコンサルティング
S100PCQJ,2022-10-27,2022-10-27 15:37,24240,2021-08-01,2022-07-31,株式会社ブラス
S100PEZZ,2022-10-27,2022-10-27 15:58,45990,2021-08-01,2022-07-31,株式会社ステムリム
S100PESS,2022-10-27,2022-10-27 16:01,44220,2021-08-01,2022-07-31,ＶＡＬＵＥＮＥＸ株式会社
S100PF1Z,2022-10-27,2022-10-27 16:14,34180,2021-08-01,2022-07-31,株式会社バルニバービ
S100PETZ,2022-10-27,2022-10-27 16:41,78100,2021-08-01,2022-07-31,株式会社クロスフォー
S100PF38,2022-10-27,2022-10-27 16:47,44460,2021-08-01,2022-07-31,株式会社Ｌｉｎｋ－Ｕ
S100PF3J,2022-10-27,2022-10-27 17:00,73790,2021-08-01,2022-07-31,株式会社サーキュレーション
S100PEII,2022-10-28,2022-10-28 10:16,60910,2021-08-01,2022-07-31,株式会社ウエスコホールディングス
S100PEBZ,2022-10-28,2022-10-28 11:11,31720,2021-08-01,2022-07-31,ティーライフ株式会社
S100PF5F,2022-10-28,2022-10-28 11:35,38160,2021-08-01,2022-07-31,株式会社大和コンピューター
S100PFA0,2022-10-28,2022-10-28 11:56,34410,2021-08-01,2022-07-31,株式会社山王
S100PEQZ,2022-10-28,2022-10-28 12:02,89250,2021-08-01,2022-07-31,株式会社アルデプロ
S100PDDT,2022-10-28,2022-10-28 13:00,95560,2021-08-01,2022-07-31,ＩＮＴＬＯＯＰ株式会社
S100PF1P,2022-10-28,2022-10-28 14:33,60400,2021-08-01,2022-07-31,日本スキー場開発株式会社
S100PFBH,2022-10-28,2022-10-28 15:01,40750,2021-08-01,2022-07-31,ブレインズテクノロジー株式会社
S100PF2T,2022-10-28,2022-10-28 15:01,65350,2021-08-01,2022-07-31,株式会社アイモバイル
S100PEZ1,2022-10-28,2022-10-28 15:01,43840,2021-08-01,2022-07-31,ラクスル株式会社
S100PF8D,2022-10-28,2022-10-28 15:02,39880,2021-08-01,2022-07-31,株式会社ＳＹＳホールディングス
S100PFD2,2022-10-28,2022-10-28 15:06,51310,2021-08-01,2022-07-31,リンカーズ株式会社
S100PF5B,2022-10-28,2022-10-28 15:11,34970,2021-08-01,2022-07-31,株式会社ＬｅＴｅｃｈ
S100PFDL,2022-10-28,2022-10-28 15:14,39300,2021-08-01,2022-07-31,株式会社はてな
S100PFAT,2022-10-28,2022-10-28 15:16,76920,2021-08-01,2022-07-31,株式会社アースインフィニティ
S100PFAH,2022-10-28,2022-10-28 15:36,60370,2021-08-01,2022-07-31,株式会社ファーストロジック
S100PFF0,2022-10-28,2022-10-28 15:58,92420,2021-08-01,2022-07-31,メディア総研株式会社
S100PF4R,2022-10-28,2022-10-28 16:45,67780,2021-08-01,2022-07-31,株式会社アルチザネットワークス
S100PFHA,2022-10-31,2022-10-31 09:37,23530,2021-08-01,2022-07-31,日本駐車場開発株式会社
S100PFFF,2022-10-31,2022-10-31 12:20,71100,2021-08-01,2022-07-31,株式会社クラシコム
S100PFGS,2022-10-31,2022-10-31 13:31,89270,2021-08-01,2022-07-31,株式会社明豊エンタープライズ
S100PFLO,2022-10-31,2022-10-31 15:00,49340,2021-08-01,2022-07-31,プレミアアンチエイジング株式会社
S100PFK7,2022-10-31,2022-10-31 15:55,29910,2021-08-01,2022-07-31,株式会社ランドネット
S100PFNI,2022-10-31,2022-10-31 16:12,76820,2021-08-01,2022-07-31,株式会社浜木綿
S100PI4C,2022-11-09,2022-11-09 13:22,30350,2021-08-21,2022-08-20,ケイティケイ株式会社
S100PNF1,2022-11-17,2022-11-17 09:30,94140,2021-09-01,2022-08-31,日本ＢＳ放送株式会社
S100PN9H,2022-11-18,2022-11-18 09:04,78700,2021-08-21,2022-08-20,福島印刷株式会社
S100PNN2,2022-11-18,2022-11-18 10:02,75130,2021-09-01,2022-08-31,株式会社コジマ
S100PNT4,2022-11-18,2022-11-18 10:43,30480,2021-09-01,2022-08-31,株式会社ビックカメラ
S100PNWI,2022-11-18,2022-11-18 11:41,76070,2021-09-01,2022-08-31,株式会社進和
S100PNSM,2022-11-21,2022-11-21 12:25,46680,2021-09-01,2022-08-31,株式会社明光ネットワークジャパン
S100PO66,2022-11-22,2022-11-22 13:47,19970,2021-09-01,2022-08-31,暁飯島工業株式会社
S100PNMZ,2022-11-24,2022-11-24 09:08,81270,2021-09-01,2022-08-31,ヤマトインターナショナル株式会社
S100POA3,2022-11-24,2022-11-24 09:46,74530,2021-09-01,2022-08-31,株式会社　良品計画
S100POJ0,2022-11-24,2022-11-24 10:00,62890,2021-09-01,2022-08-31,株式会社技研製作所
S100POO2,2022-11-24,2022-11-24 15:01,70850,2021-09-01,2022-08-31,株式会社カーブスホールディングス
S100POHX,2022-11-24,2022-11-24 15:03,29990,2021-09-01,2022-08-31,ホームポジション株式会社
S100PO97,2022-11-25,2022-11-25 11:14,77300,2021-09-01,2022-08-31,マニー株式会社
S100POVO,2022-11-25,2022-11-25 11:29,79280,2021-09-01,2022-08-31,旭化学工業株式会社
S100POWJ,2022-11-25,2022-11-25 11:29,21640,2021-09-01,2022-08-31,株式会社地域新聞社
S100POR9,2022-11-25,2022-11-25 12:00,74470,2021-09-01,2022-08-31,ナガイレーベン株式会社
S100POPP,2022-11-25,2022-11-25 13:00,99830,2021-09-01,2022-08-31,株式会社ファーストリテイリング
S100PP19,2022-11-25,2022-11-25 13:54,74450,2021-09-01,2022-08-31,株式会社ライトオン
S100PP1H,2022-11-25,2022-11-25 14:15,78050,2021-09-01,2022-08-31,プリントネット株式会社
S100PP1E,2022-11-25,2022-11-25 14:33,27360,2021-09-01,2022-08-31,フェスタリアホールディングス株式会社
S100POC3,2022-11-25,2022-11-25 14:46,43970,2021-09-01,2022-08-31,株式会社チームスピリット
S100POPS,2022-11-25,2022-11-25 14:56,27350,2021-09-01,2022-08-31,株式会社ワッツ
S100POUY,2022-11-25,2022-11-25 15:08,92700,2021-09-01,2022-08-31,バリュエンスホールディングス株式会社
S100PON9,2022-11-25,2022-11-25 15:12,14340,2021-09-01,2022-08-31,ＪＥＳＣＯホールディングス株式会社
S100POMC,2022-11-25,2022-11-25 15:22,31680,2021-09-01,2022-08-31,黒谷株式会社
S100PP5R,2022-11-25,2022-11-25 15:27,39910,2021-09-01,2022-08-31,ウォンテッドリー株式会社
S100PN5A,2022-11-25,2022-11-25 15:30,65220,2021-09-01,2022-08-31,株式会社アスタリスク
S100POOI,2022-11-25,2022-11-25 15:35,41990,2021-09-01,2022-08-31,ワンダープラネット株式会社
S100PP0E,2022-11-25,2022-11-25 16:23,61590,2021-09-01,2022-08-31,ミクロン精密株式会社
S100PP7L,2022-11-25,2022-11-25 16:25,38150,2021-09-01,2022-08-31,株式会社メディア工房
S100POTB,2022-11-28,2022-11-28 09:10,47600,2021-09-01,2022-08-31,株式会社アルファ
S100PP79,2022-11-28,2022-11-28 09:25,35360,2021-09-01,2022-08-31,アクサスホールディングス株式会社
S100PPDS,2022-11-28,2022-11-28 11:39,14070,2021-09-01,2022-08-31,株式会社ウエストホールディングス
S100PP0P,2022-11-28,2022-11-28 12:27,34980,2021-09-01,2022-08-31,霞ヶ関キャピタル株式会社
S100PP8M,2022-11-28,2022-11-28 12:52,21570,2021-09-01,2022-08-31,株式会社コシダカホールディングス
S100PP9Z,2022-11-28,2022-11-28 12:56,92520,2021-12-01,2022-08-31,株式会社ラストワンマイル
S100PPFY,2022-11-28,2022-11-28 13:32,62640,2021-09-01,2022-08-31,株式会社マルマエ
S100PPFO,2022-11-28,2022-11-28 14:02,66680,2021-09-01,2022-08-31,株式会社アドテックプラズマテクノロジー
S100PP89,2022-11-28,2022-11-28 14:02,51290,2021-09-01,2022-08-31,株式会社ＦＩＸＥＲ
S100PP7S,2022-11-28,2022-11-28 15:00,73510,2021-09-01,2022-08-31,株式会社グッドパッチ
S100PPHT,2022-11-28,2022-11-28 15:00,70650,2021-09-01,2022-08-31,ユーピーアール株式会社
S100PPCM,2022-11-28,2022-11-28 15:01,82540,2022-03-01,2022-08-31,株式会社さいか屋
S100PPAG,2022-11-28,2022-11-28 15:01,92410,2021-09-01,2022-08-31,株式会社フューチャーリンクネットワーク
S100PPI5,2022-11-28,2022-11-28 15:08,44390,2021-09-01,2022-08-31,株式会社東名
S100PP9X,2022-11-28,2022-11-28 15:29,40150,2021-09-01,2022-08-31,アララ株式会社
S100PNWR,2022-11-28,2022-11-28 15:30,35600,2021-09-01,2022-08-31,株式会社ほぼ日
S100PP8F,2022-11-28,2022-11-28 15:31,73520,2021-09-01,2022-08-31,株式会社Ｂｒａｎｄｉｎｇ　Ｅｎｇｉｎｅｅｒ
S100PPJ3,2022-11-28,2022-11-28 15:35,51270,2021-09-01,2022-08-31,株式会社グッピーズ
S100PPBR,2022-11-28,2022-11-28 15:37,39870,2021-09-01,2022-08-31,エコモット株式会社
S100PPJ7,2022-11-28,2022-11-28 15:40,60250,2021-09-01,2022-08-31,日本ＰＣサービス株式会社
S100PPJJ,2022-11-28,2022-11-28 15:42,38230,2021-09-01,2022-08-31,ＴＨＥ　ＷＨＹ　ＨＯＷ　ＤＯ　ＣＯＭＰＡＮＹ株式会社
S100PP8P,2022-11-28,2022-11-28 15:50,70350,2021-09-01,2022-08-31,ａｎｄ　ｆａｃｔｏｒｙ株式会社
S100PP8V,2022-11-28,2022-11-28 16:02,99790,2021-09-01,2022-08-31,株式会社大庄
S100PPLV,2022-11-29,2022-11-29 12:00,34400,2021-09-01,2022-08-31,日創プロニティ株式会社
S100PPL2,2022-11-29,2022-11-29 12:07,72190,2021-09-01,2022-08-31,株式会社エッチ・ケー・エス
S100POMM,2022-11-29,2022-11-29 13:10,60480,2021-09-01,2022-08-31,株式会社デザインワン・ジャパン
S100PPNZ,2022-11-29,2022-11-29 13:12,61990,2021-09-01,2022-08-31,株式会社セラク
S100PPRS,2022-11-29,2022-11-29 13:56,75140,2021-09-01,2022-08-31,株式会社　ヒマラヤ
S100PPJX,2022-11-29,2022-11-29 13:59,75810,2021-09-01,2022-08-31,株式会社サイゼリヤ
S100PPBS,2022-11-29,2022-11-29 15:00,50260,2021-09-01,2022-08-31,株式会社トリプルアイズ
S100PPEK,2022-11-29,2022-11-29 15:00,44120,2021-09-01,2022-08-31,株式会社サイエンスアーツ
S100POWU,2022-11-29,2022-11-29 15:03,44400,2021-09-01,2022-08-31,株式会社ヴィッツ
S100PP1Z,2022-11-29,2022-11-29 15:05,78180,2021-09-01,2022-08-31,株式会社トランザクション
S100PPTL,2022-11-29,2022-11-29 15:15,31740,2021-09-01,2022-08-31,株式会社ハピネス・アンド・ディ
S100PPDP,2022-11-29,2022-11-29 15:27,92640,2021-09-01,2022-08-31,ポエック株式会社
S100PPOH,2022-11-29,2022-11-29 15:30,24490,2021-09-01,2022-08-31,株式会社プラップジャパン
S100PPPS,2022-11-29,2022-11-29 16:08,30450,2021-09-01,2022-08-31,株式会社カワサキ
S100PPUE,2022-11-29,2022-11-29 16:12,30460,2021-09-01,2022-08-31,株式会社ジンズホールディングス
S100PPMI,2022-11-29,2022-11-29 16:31,36470,2021-09-01,2022-08-31,株式会社ジー・スリーホールディングス
S100PPVI,2022-11-29,2022-11-29 16:51,36970,2021-09-01,2022-08-31,株式会社ＳＨＩＦＴ
S100PPWP,2022-11-29,2022-11-29 17:06,24040,2021-09-01,2022-08-31,株式会社鉄人化計画
S100PPM7,2022-11-30,2022-11-30 09:57,24840,2021-09-01,2022-08-31,株式会社出前館
S100PP7P,2022-11-30,2022-11-30 10:00,31890,2021-09-01,2022-08-31,株式会社ＡＮＡＰ
S100PP7I,2022-11-30,2022-11-30 10:06,62550,2021-09-01,2022-08-31,株式会社エヌ・ピー・シー
S100POTG,2022-11-30,2022-11-30 10:12,47280,2021-09-01,2022-08-31,株式会社トーセ
S100PQ0U,2022-11-30,2022-11-30 10:48,73730,2021-09-01,2022-08-31,株式会社アイドマ・ホールディングス
S100PQ09,2022-11-30,2022-11-30 10:48,99780,2021-09-01,2022-08-31,株式会社文教堂グループホールディングス
S100PPPX,2022-11-30,2022-11-30 11:14,94180,2021-09-01,2022-08-31,株式会社ＵＳＥＮ－ＮＥＸＴ　ＨＯＬＤＩＮＧＳ
S100PPRE,2022-11-30,2022-11-30 11:45,36070,2021-09-01,2022-08-31,株式会社クラウディアホールディングス
S100PPT2,2022-11-30,2022-11-30 13:41,44330,2021-09-01,2022-08-31,株式会社ヒト・コミュニケーションズ・ホールディングス
S100PPR8,2022-11-30,2022-11-30 14:17,43700,2021-09-01,2022-08-31,モビルス株式会社
S100PQ4J,2022-11-30,2022-11-30 15:00,41760,2021-09-01,2022-08-31,株式会社ココナラ
S100PQ05,2022-11-30,2022-11-30 15:00,35410,2021-09-01,2022-08-31,株式会社農業総合研究所
S100PPX6,2022-11-30,2022-11-30 15:00,95600,2021-09-01,2022-08-31,株式会社プログリット
S100PQ00,2022-11-30,2022-11-30 15:03,29270,2021-09-01,2022-08-31,株式会社ＡＦＣ－ＨＤアムスライフサイエンス
S100PPUF,2022-11-30,2022-11-30 15:23,32280,2021-09-01,2022-08-31,株式会社三栄建築設計
S100PPZS,2022-11-30,2022-11-30 15:33,89040,2021-09-01,2022-08-31,株式会社ＡＶＡＮＴＩＡ
S100PRLI,2022-12-08,2022-12-08 16:00,49280,2021-10-01,2022-09-30,株式会社ノエビアホールディングス
S100PS2X,2022-12-09,2022-12-09 15:00,44790,2021-10-01,2022-09-30,株式会社マクアケ
S100PRZU,2022-12-09,2022-12-09 15:04,47510,2021-10-01,2022-09-30,株式会社サイバーエージェント
S100PSIL,2022-12-13,2022-12-13 11:30,61760,2021-10-01,2022-09-30,株式会社ブランジスタ
S100PSOK,2022-12-14,2022-12-14 15:02,39200,2021-10-01,2022-09-30,アイビーシー株式会社
S100PT37,2022-12-15,2022-12-15 10:00,61940,2021-10-01,2022-09-30,株式会社アトラエ
S100PSYF,2022-12-15,2022-12-15 10:07,70690,2021-10-01,2022-09-30,株式会社サイバー・バズ
S100PSBU,2022-12-15,2022-12-15 13:02,25510,2021-09-21,2022-09-20,マルサンアイ株式会社
S100PT3I,2022-12-15,2022-12-15 13:43,43460,2021-10-01,2022-09-30,株式会社ネクシィーズグループ
S100PT0S,2022-12-15,2022-12-15 14:00,23090,2021-10-01,2022-09-30,シミックホールディングス株式会社
S100PT7B,2022-12-15,2022-12-15 15:01,23700,2021-10-01,2022-09-30,株式会社メディネット
S100PSZ7,2022-12-15,2022-12-15 15:24,92330,2021-10-01,2022-09-30,アジア航測株式会社
S100PT7O,2022-12-15,2022-12-15 16:17,60950,2021-10-01,2022-09-30,メドピア株式会社
S100PSVL,2022-12-16,2022-12-16 09:08,37230,2021-10-01,2022-09-30,日本ファルコム株式会社
S100PT2F,2022-12-16,2022-12-16 09:40,62770,2021-10-01,2022-09-30,ホソカワミクロン株式会社
S100PTB5,2022-12-16,2022-12-16 12:27,94760,2021-10-01,2022-09-30,株式会社中央経済社ホールディングス
S100PTFU,2022-12-16,2022-12-16 13:51,60460,2021-10-01,2022-09-30,株式会社リンクバル
S100PT4X,2022-12-16,2022-12-16 14:03,98230,2021-10-01,2022-09-30,株式会社マミーマート
S100PSV6,2022-12-16,2022-12-16 15:00,73610,2021-10-01,2022-09-30,株式会社ヒューマンクリエイションホールディングス
S100PT8Y,2022-12-16,2022-12-16 15:01,40710,2021-10-01,2022-09-30,株式会社プラスアルファ・コンサルティング
S100PTBU,2022-12-16,2022-12-16 15:04,66770,2021-10-01,2022-09-30,株式会社エスケーエレクトロニクス
S100PTBM,2022-12-16,2022-12-16 15:15,69650,2021-10-01,2022-09-30,浜松ホトニクス株式会社
S100PTGE,2022-12-16,2022-12-16 16:16,33280,2021-10-01,2022-09-30,ＢＥＥＮＯＳ株式会社
S100PTHP,2022-12-19,2022-12-19 09:09,47690,2021-10-01,2022-09-30,株式会社ＩＣ
S100PTMW,2022-12-19,2022-12-19 09:33,48090,2021-10-01,2022-09-30,パラカ株式会社
S100PSW1,2022-12-19,2022-12-19 09:49,97950,2021-10-01,2022-09-30,株式会社ステップ
S100PTN6,2022-12-19,2022-12-19 09:51,42430,2021-10-01,2022-09-30,株式会社ニックス
S100PTHR,2022-12-19,2022-12-19 11:12,97460,2021-10-01,2022-09-30,株式会社　ＴＫＣ
S100PT38,2022-12-19,2022-12-19 11:30,76460,2021-09-21,2022-09-20,株式会社ＰＬＡＮＴ
S100PTKM,2022-12-19,2022-12-19 11:39,62000,2021-10-01,2022-09-30,株式会社インソース
S100PTQ4,2022-12-19,2022-12-19 13:18,23040,2021-10-01,2022-09-30,株式会社ＣＳＳホールディングス
S100PTR2,2022-12-19,2022-12-19 13:30,75390,2021-10-01,2022-09-30,株式会社アイナボホールディングス
S100PTGH,2022-12-19,2022-12-19 14:45,62840,2021-10-01,2022-09-30,日精エー・エス・ビー機械株式会社
S100PTSP,2022-12-19,2022-12-19 15:00,87980,2021-10-01,2022-09-30,株式会社アドバンスクリエイト
S100PTMC,2022-12-19,2022-12-19 15:01,24100,2021-10-01,2022-09-30,株式会社キャリアデザインセンター
S100PT0G,2022-12-19,2022-12-19 15:01,32540,2021-10-01,2022-09-30,株式会社プレサンスコーポレーション
S100PTT0,2022-12-19,2022-12-19 15:10,44990,2021-10-01,2022-09-30,株式会社Ｓｐｅｅｅ
S100PTHL,2022-12-19,2022-12-19 16:26,37690,2021-10-01,2022-09-30,ＧＭＯペイメントゲートウェイ株式会社
S100PTU3,2022-12-20,2022-12-20 10:12,78000,2021-10-01,2022-09-30,株式会社アミファ
S100PTUS,2022-12-20,2022-12-20 14:09,75050,2021-10-01,2022-09-30,扶桑電通株式会社
S100PU2H,2022-12-20,2022-12-20 14:18,40510,2021-10-01,2022-09-30,ＧＭＯフィナンシャルゲート株式会社
S100PTUX,2022-12-20,2022-12-20 14:27,89440,2021-10-01,2022-09-30,株式会社ランドビジネス
S100PTO2,2022-12-20,2022-12-20 15:01,43200,2021-10-01,2022-09-30,株式会社ＣＥホールディングス
S100PU3P,2022-12-20,2022-12-20 15:23,95530,2021-10-01,2022-09-30,株式会社マイクロアド
S100PTDU,2022-12-20,2022-12-20 16:28,78190,2021-10-01,2022-09-30,粧美堂株式会社
S100PT63,2022-12-21,2022-12-21 09:00,68770,2021-10-01,2022-09-30,ＯＢＡＲＡ　ＧＲＯＵＰ株式会社
S100PTQF,2022-12-21,2022-12-21 09:05,45540,2021-10-01,2022-09-30,富士製薬工業株式会社
S100PU9I,2022-12-21,2022-12-21 09:25,96990,2021-10-01,2022-09-30,西尾レントオール株式会社
S100PU3L,2022-12-21,2022-12-21 09:34,29170,2021-10-01,2022-09-30,株式会社大森屋
S100PTYB,2022-12-21,2022-12-21 09:38,74460,2021-10-01,2022-09-30,東北化学薬品株式会社
S100PU4V,2022-12-21,2022-12-21 09:47,29260,2021-10-01,2022-09-30,株式会社　篠崎屋
S100PU5E,2022-12-21,2022-12-21 09:59,77110,2021-10-01,2022-09-30,助川電気工業株式会社
S100PSDV,2022-12-21,2022-12-21 10:03,61920,2021-10-01,2022-09-30,ハイアス・アンド・カンパニー株式会社
S100PU8Z,2022-12-21,2022-12-21 11:10,36870,2021-10-01,2022-09-30,株式会社フィックスターズ
S100PU3T,2022-12-21,2022-12-21 13:07,36360,2021-10-01,2022-09-30,株式会社三菱総合研究所
S100PU5B,2022-12-21,2022-12-21 13:26,75270,2021-10-01,2022-09-30,株式会社システムソフト
S100PU6L,2022-12-21,2022-12-21 13:56,17710,2021-10-01,2022-09-30,日本乾溜工業株式会社
S100PUEN,2022-12-21,2022-12-21 14:31,17430,2021-10-01,2022-09-30,コーアツ工業株式会社
S100PTOK,2022-12-21,2022-12-21 15:00,49310,2021-10-01,2022-09-30,新日本製薬株式会社
S100PUCF,2022-12-21,2022-12-21 15:02,36910,2021-10-01,2022-09-30,株式会社デジタルプラス
S100PU45,2022-12-21,2022-12-21 15:08,61890,2021-10-01,2022-09-30,株式会社グローバルキッズＣＯＭＰＡＮＹ
S100PTSQ,2022-12-21,2022-12-21 15:10,73860,2021-10-01,2022-09-30,ジャパンワランティサポート株式会社
S100PUDO,2022-12-21,2022-12-21 15:19,42930,2021-10-01,2022-09-30,株式会社セプテーニ・ホールディングス
S100PUIT,2022-12-21,2022-12-21 15:20,41650,2021-10-01,2022-09-30,株式会社プレイド
S100PU5D,2022-12-21,2022-12-21 15:22,34610,2021-10-01,2022-09-30,株式会社パルマ
S100PUJU,2022-12-21,2022-12-21 16:12,34960,2021-10-01,2022-09-30,株式会社アズーム
S100PUG4,2022-12-21,2022-12-21 16:13,37260,2021-10-01,2022-09-30,株式会社フォーシーズＨＤ
S100PUKN,2022-12-21,2022-12-21 16:34,92440,2021-10-01,2022-09-30,株式会社デジタリフト
S100PUJK,2022-12-21,2022-12-21 17:05,57240,2021-10-01,2022-09-30,株式会社アサカ理研
S100PUNM,2022-12-22,2022-12-22 09:00,95620,2021-10-01,2022-09-30,ビジネスコーチ株式会社
S100PUK1,2022-12-22,2022-12-22 09:24,39390,2021-10-01,2022-09-30,株式会社カナミックネットワーク
S100PUFW,2022-12-22,2022-12-22 09:40,77920,2021-10-01,2022-09-30,株式会社コラントッテ
S100PUIR,2022-12-22,2022-12-22 10:00,70720,2021-10-01,2022-09-30,株式会社インティメート・マージャー
S100PUP7,2022-12-22,2022-12-22 10:31,35560,2021-10-01,2022-09-30,リネットジャパングループ株式会社
S100PU07,2022-12-22,2022-12-22 11:52,74940,2021-10-01,2022-09-30,株式会社コナカ
S100PUML,2022-12-22,2022-12-22 12:48,70410,2021-10-01,2022-09-30,ＣＲＧホールディングス株式会社
S100PU2R,2022-12-22,2022-12-22 13:12,76810,2021-10-01,2022-09-30,株式会社レオクラン
S100PUTD,2022-12-22,2022-12-22 14:00,39990,2021-10-01,2022-09-30,ナレッジスイート株式会社
S100PTFC,2022-12-22,2022-12-22 14:14,59210,2021-10-01,2022-09-30,川岸工業株式会社
S100PUH1,2022-12-22,2022-12-22 14:59,33230,2021-10-01,2022-09-30,レカム株式会社
S100PUK5,2022-12-22,2022-12-22 15:00,92580,2021-10-01,2022-09-30,株式会社ＣＳ－Ｃ
S100PUSR,2022-12-22,2022-12-22 15:01,32450,2021-10-01,2022-09-30,株式会社ディア・ライフ
S100PUL8,2022-12-22,2022-12-22 15:03,63160,2021-10-01,2022-09-30,株式会社丸山製作所
S100PUR8,2022-12-22,2022-12-22 15:16,44210,2021-10-01,2022-09-30,株式会社ディ・アイ・システム
S100PUQD,2022-12-22,2022-12-22 15:30,39890,2021-10-01,2022-09-30,シェアリングテクノロジー株式会社
S100PUM9,2022-12-22,2022-12-22 15:30,32880,2021-10-01,2022-09-30,株式会社オープンハウスグループ
S100PUMS,2022-12-22,2022-12-22 15:37,31760,2021-10-01,2022-09-30,三洋貿易株式会社
S100PUU6,2022-12-22,2022-12-22 15:55,43270,2021-10-01,2022-09-30,日本エス・エイチ・エル株式会社
S100PUM7,2022-12-22,2022-12-22 16:02,36770,2021-10-01,2022-09-30,株式会社システム情報
S100PUTJ,2022-12-22,2022-12-22 16:08,65510,2021-10-01,2022-09-30,株式会社ツナググループ・ホールディングス
S100PTKZ,2022-12-22,2022-12-22 16:10,61980,2021-10-01,2022-09-30,株式会社キャリア
S100PUV5,2022-12-22,2022-12-22 16:15,26520,2021-10-01,2022-09-30,株式会社まんだらけ
S100PUZD,2022-12-22,2022-12-22 16:55,39180,2021-10-01,2022-09-30,ＰＣＩホールディングス株式会社
S100PUV1,2022-12-23,2022-12-23 09:09,49580,2021-10-01,2022-09-30,長谷川香料株式会社
S100PULA,2022-12-23,2022-12-23 09:21,34950,2021-10-01,2022-09-30,香陵住販株式会社
S100PUI1,2022-12-23,2022-12-23 09:45,60500,2021-10-01,2022-09-30,イー・ガーディアン株式会社
S100PUYZ,2022-12-23,2022-12-23 10:00,43760,2021-10-01,2022-09-30,株式会社くふうカンパニー
S100PUF5,2022-12-23,2022-12-23 10:14,81510,2021-10-01,2022-09-30,株式会社東陽テクニカ
S100PUVG,2022-12-23,2022-12-23 10:16,50360,2021-10-01,2022-09-30,日本ビジネスシステムズ株式会社
S100PTU2,2022-12-23,2022-12-23 10:54,34940,2021-10-01,2022-09-30,株式会社マリオン
S100PUS9,2022-12-23,2022-12-23 11:17,36900,2021-10-01,2022-09-30,株式会社イルグルム
S100PUK8,2022-12-23,2022-12-23 11:33,77600,2021-10-01,2022-09-30,ＩＭＶ株式会社
S100PU0X,2022-12-23,2022-12-23 11:43,65540,2021-10-01,2022-09-30,株式会社エスユーエス
S100PV74,2022-12-23,2022-12-23 12:29,29870,2021-10-01,2022-09-30,株式会社タスキ
S100PUFY,2022-12-23,2022-12-23 13:20,64660,2021-10-01,2022-09-30,株式会社ＴＶＥ
S100PUSV,2022-12-23,2022-12-23 13:23,17950,2021-10-01,2022-09-30,株式会社マサル
S100PU8L,2022-12-23,2022-12-23 13:32,24980,2021-10-01,2022-09-30,株式会社オリエンタルコンサルタンツホールディングス
S100PV7V,2022-12-23,2022-12-23 13:38,36720,2021-10-01,2022-09-30,株式会社オルトプラス
S100PV8L,2022-12-23,2022-12-23 13:53,36980,2021-10-01,2022-09-30,株式会社ＣＲＩ・ミドルウェア
S100PV82,2022-12-23,2022-12-23 14:03,41240,2021-10-01,2022-09-30,大阪油化工業株式会社
S100PV4L,2022-12-23,2022-12-23 14:18,37120,2021-10-01,2022-09-30,株式会社情報企画
S100PUQ2,2022-12-23,2022-12-23 14:23,61960,2021-10-01,2022-09-30,株式会社ストライク
S100PV0P,2022-12-23,2022-12-23 14:26,65630,2021-10-01,2022-09-30,株式会社みらいワークス
S100PVA9,2022-12-23,2022-12-23 14:40,24850,2021-10-01,2022-09-30,株式会社ティア
S100PUY0,2022-12-23,2022-12-23 14:43,28740,2021-10-01,2022-09-30,横浜冷凍株式会社
S100PV86,2022-12-23,2022-12-23 14:49,94700,2021-10-01,2022-09-30,株式会社学研ホールディングス
S100PV15,2022-12-23,2022-12-23 14:56,24530,2021-10-01,2022-09-30,ジャパンベストレスキューシステム株式会社
S100PTJK,2022-12-23,2022-12-23 15:00,21850,2021-10-01,2022-09-30,株式会社シイエム・シイ
S100PUSI,2022-12-23,2022-12-23 15:00,60870,2021-10-01,2022-09-30,株式会社アビスト
S100PV48,2022-12-23,2022-12-23 15:00,60940,2021-10-01,2022-09-30,株式会社フリークアウト・ホールディングス
S100PVAP,2022-12-23,2022-12-23 15:00,44270,2021-10-01,2022-09-30,株式会社ＥｄｕＬａｂ
S100PUQN,2022-12-23,2022-12-23 15:00,40590,2021-10-01,2022-09-30,株式会社まぐまぐ
S100PUJL,2022-12-23,2022-12-23 15:00,73760,2021-10-01,2022-09-30,ＢＣＣ株式会社
S100PV84,2022-12-23,2022-12-23 15:00,35630,2021-10-01,2022-09-30,株式会社ＦＯＯＤ　＆　ＬＩＦＥ　ＣＯＭＰＡＮＩＥＳ
S100PUVV,2022-12-23,2022-12-23 15:01,95520,2021-10-01,2022-09-30,株式会社Ｍ＆Ａ総合研究所
S100PVAV,2022-12-23,2022-12-23 15:04,37470,2021-10-01,2022-09-30,株式会社インタートレード
S100PV2C,2022-12-23,2022-12-23 15:09,39650,2021-10-01,2022-09-30,株式会社キャピタル・アセット・プランニング
S100PUSU,2022-12-23,2022-12-23 15:20,62330,2021-10-01,2022-09-30,極東産機株式会社
S100PVB7,2022-12-23,2022-12-23 15:25,36240,2021-10-01,2022-09-30,アクセルマーク株式会社
S100PVBZ,2022-12-23,2022-12-23 15:27,78060,2021-10-01,2022-09-30,株式会社ＭＴＧ
S100PVC5,2022-12-23,2022-12-23 15:31,39920,2021-10-01,2022-09-30,株式会社ニーズウェル
S100PUY7,2022-12-23,2022-12-23 15:32,14460,2021-10-01,2022-09-30,株式会社キャンディル
S100PUKS,2022-12-23,2022-12-23 15:34,44750,2021-10-01,2022-09-30,ＨＥＮＮＧＥ株式会社
S100PV25,2022-12-23,2022-12-23 15:35,39850,2021-10-01,2022-09-30,テモナ株式会社
S100PURU,2022-12-23,2022-12-23 15:35,71480,2021-10-01,2022-09-30,株式会社ＦＰＧ
S100PV2T,2022-12-23,2022-12-23 15:53,96790,2021-10-01,2022-09-30,ホウライ株式会社
S100PV78,2022-12-23,2022-12-23 15:55,87890,2021-10-01,2022-09-30,フィンテック　グローバル株式会社
S100PVCH,2022-12-23,2022-12-23 16:00,73720,2021-10-01,2022-09-30,株式会社デコルテ・ホールディングス
S100PV1K,2022-12-23,2022-12-23 16:01,92120,2021-10-01,2022-09-30,Ｇｒｅｅｎ　Ｅａｒｔｈ　Ｉｎｓｔｉｔｕｔｅ株式会社
S100PVE0,2022-12-23,2022-12-23 16:05,70300,2021-10-01,2022-09-30,株式会社スプリックス
S100PUTL,2022-12-23,2022-12-23 16:13,39000,2021-10-01,2022-09-30,株式会社クラウドワークス
S100PV1X,2022-12-23,2022-12-23 16:15,49370,2021-10-01,2022-09-30,株式会社Ｗａｑｏｏ
S100PVEC,2022-12-23,2022-12-23 16:26,73560,2021-10-01,2022-09-30,Ｒｅｔｔｙ株式会社
S100PV5T,2022-12-23,2022-12-23 16:36,21200,2021-10-01,2022-09-30,株式会社ＬＩＦＵＬＬ
S100PRPO,2022-12-23,2022-12-23 16:56,17890,2021-10-01,2022-09-30,株式会社ＥＴＳホールディングス
S100PV52,2022-12-26,2022-12-26 09:02,67310,2021-10-01,2022-09-30,株式会社ピクセラ
S100PVIT,2022-12-26,2022-12-26 09:48,93760,2021-10-01,2022-09-30,株式会社ユーラシア旅行社
S100PRN0,2022-12-26,2022-12-26 10:04,17730,2021-07-01,2022-06-30,ワイ・ティー・エル・コーポレーション・バーハッド
S100PTJ7,2022-12-26,2022-12-26 10:25,98690,2021-10-01,2022-09-30,加藤産業株式会社
S100PVH4,2022-12-26,2022-12-26 11:00,41720,2021-10-01,2022-09-30,東和ハイシステム株式会社
S100PVFI,2022-12-26,2022-12-26 11:49,51370,2021-10-01,2022-09-30,株式会社スマートドライブ
S100PVK4,2022-12-26,2022-12-26 12:03,44450,2021-10-01,2022-09-30,リビン・テクノロジーズ株式会社
S100PVN5,2022-12-26,2022-12-26 13:15,95540,2021-10-01,2022-09-30,株式会社ＡＶｉＣ
S100PVNM,2022-12-26,2022-12-26 13:33,39930,2021-10-01,2022-09-30,株式会社ＰＫＳＨＡ　Ｔｅｃｈｎｏｌｏｇｙ
S100PVNN,2022-12-26,2022-12-26 13:44,36680,2021-10-01,2022-09-30,株式会社コロプラ
S100PVNI,2022-12-26,2022-12-26 14:05,78390,2021-10-01,2022-09-30,株式会社ＳＨＯＥＩ
S100PVOK,2022-12-26,2022-12-26 14:12,76430,2021-10-01,2022-09-30,株式会社ダイイチ
S100PVOD,2022-12-26,2022-12-26 14:24,92480,2021-10-01,2022-09-30,人・夢・技術グループ株式会社
S100PV0Q,2022-12-26,2022-12-26 14:48,33590,2021-10-01,2022-09-30,株式会社ｃｏｔｔａ
S100PVPW,2022-12-26,2022-12-26 15:00,76760,2021-10-01,2022-09-30,株式会社グッドスピード
S100PVFJ,2022-12-26,2022-12-26 15:00,48840,2021-10-01,2022-09-30,クリングルファーマ株式会社
S100PVCM,2022-12-26,2022-12-26 15:00,60800,2021-10-01,2022-09-30,Ｍ＆Ａキャピタルパートナーズ株式会社
S100PUTQ,2022-12-26,2022-12-26 15:00,29610,2021-10-01,2022-09-30,日本調理機株式会社
S100PUQM,2022-12-26,2022-12-26 15:01,41960,2021-10-01,2022-09-30,株式会社ネオマーケティング
S100PVJR,2022-12-26,2022-12-26 15:02,44240,2021-10-01,2022-09-30,株式会社Ａｍａｚｉａ
S100PVMK,2022-12-26,2022-12-26 15:08,88890,2021-10-01,2022-09-30,ＡＰＡＭＡＮ株式会社
S100PVPM,2022-12-26,2022-12-26 15:30,38140,2021-10-01,2022-09-30,株式会社アルファクス・フード・システム
S100PVIO,2022-12-26,2022-12-26 15:39,63380,2021-10-01,2022-09-30,株式会社タカトリ
S100PVR6,2022-12-26,2022-12-26 15:55,44470,2021-10-01,2022-09-30,株式会社ピー・ビーシステムズ
S100PVPL,2022-12-26,2022-12-26 16:00,70420,2021-10-01,2022-09-30,株式会社アクセスグループ・ホールディングス
S100PVFZ,2022-12-26,2022-12-26 16:16,21220,2021-10-01,2022-09-30,株式会社インタースペース
S100PVN1,2022-12-26,2022-12-26 16:20,70760,2021-10-01,2022-09-30,名南Ｍ＆Ａ株式会社
S100PV9Y,2022-12-26,2022-12-26 16:32,94380,2021-10-01,2022-09-30,株式会社エムティーアイ
S100PVT7,2022-12-26,2022-12-26 17:06,92490,2021-10-01,2022-09-30,日本エコシステム株式会社
S100PVUR,2022-12-27,2022-12-27 09:01,30670,2021-10-01,2022-09-30,株式会社東京一番フーズ
S100PVSG,2022-12-27,2022-12-27 09:15,47540,2021-10-01,2022-09-30,株式会社トスネット
S100PV43,2022-12-27,2022-12-27 09:31,32640,2021-10-01,2022-09-30,株式会社アスコット
S100PVTG,2022-12-27,2022-12-27 12:04,31870,2021-10-01,2022-09-30,株式会社サンワカンパニー
S100PVYU,2022-12-27,2022-12-27 14:00,14380,2021-10-01,2022-09-30,株式会社岐阜造園
S100PVPT,2022-12-27,2022-12-27 15:25,95640,2021-10-01,2022-09-30,株式会社ＦＣＥ　Ｈｏｌｄｉｎｇｓ
S100PW39,2022-12-27,2022-12-27 16:51,42600,2021-10-01,2022-09-30,株式会社ハイブリッドテクノロジーズ
S100PW2N,2022-12-27,2022-12-27 17:04,61910,2021-10-01,2022-09-30,株式会社エアトリ
S100PW3I,2022-12-27,2022-12-27 17:04,29740,2021-10-01,2022-09-30,大英産業株式会社
S100PVRB,2022-12-28,2022-12-28 09:23,26670,2021-10-01,2022-09-30,株式会社イメージワン
S100PW7R,2022-12-28,2022-12-28 11:26,94460,2021-10-01,2022-09-30,株式会社サカイホールディングス
S100PVZ9,2022-12-28,2022-12-28 13:12,23880,2021-10-01,2022-09-30,株式会社ウェッジホールディングス
S100PW7J,2022-12-28,2022-12-28 13:22,43930,2021-10-01,2022-09-30,株式会社バンク・オブ・イノベーション
S100PW1R,2022-12-28,2022-12-28 15:01,92590,2021-10-01,2022-09-30,株式会社タカヨシ
S100PWAW,2022-12-28,2022-12-28 15:58,99410,2021-10-01,2022-09-30,太洋物産株式会社
S100PW6N,2022-12-28,2022-12-28 16:00,70710,2021-10-01,2022-09-30,株式会社アンビスホールディングス
S100PW40,2022-12-28,2022-12-28 16:16,37100,2021-10-01,2022-09-30,ジョルダン株式会社
S100PWCK,2022-12-28,2022-12-28 16:30,70660,2021-10-01,2022-09-30,株式会社ピアズ
S100PWBX,2022-12-28,2022-12-28 17:00,17830,2021-10-01,2022-09-30,株式会社アジアゲートホールディングス
